source_id,category,bug_family,bug_type,confidence,original_statement,buggy_statement,targeted_oracle,expected_failure_mode,line_number,file_name_updated,original_code,buggy_code,_source_file,passed_most_recent_test,test_status,mutation_type,omp_construct,bug_omp_concept,source_dir,openmp_version
tests/4.5/application_kernels/reduction_separated_directives.c,application_kernels,synchronization,REMOVE_ATOMIC,high,#pragma omp atomic,,counts_atomic == N,wrong count due to race,34,reduction_separated_directives_REMOVE_ATOMIC.c," //===---- reduction_separated_directives.c --------------------------------------------===//
 //
 // OpenMP API Version 4.5 Nov 2015
 //
 // This test checks the behavior of a reduction clause with separated target teams
 // parallel for directives by comparing the results to those from atomic-protected
 // writes without a reduction. This test comes from the aomp development repo, see
 // https://github.com/ROCm-Developer-Tools/aomp/issues/51.
 //
 //===----------------------------------------------------------------------------------===//

 #include <omp.h>
 #include ""ompvv.h""

 #define N 1024

 int main()
 {
   OMPVV_TEST_OFFLOADING;

   OMPVV_TEST_SHARED_ENVIRONMENT;

   int errors = 0;
   int counts_atomic = 0;
   int counts_reduction = 0;

 #pragma omp target teams map(from: counts_atomic)
   {
     int counts_team = 0;
 #pragma omp parallel
     {
 #pragma omp for
       for (int i = 0; i < N; ++i)
 #pragma omp atomic
         counts_team += 1;
     }
     if (omp_get_team_num() == 0) {
       counts_atomic = counts_team;
     }
   }

 #pragma omp target teams map(from: counts_reduction)
   {
     int counts_team = 0;
 #pragma omp parallel
     {
 #pragma omp for reduction(+: counts_team)
       for (int i = 0; i < N; ++i)
         counts_team += 1;
     }
     if (omp_get_team_num() == 0) {
       counts_reduction = counts_team;
     }
   }

   OMPVV_TEST_AND_SET_VERBOSE(errors, counts_atomic != N);
   OMPVV_TEST_AND_SET_VERBOSE(errors, counts_reduction != N);

   OMPVV_REPORT_AND_RETURN(errors);
 }
"," //===---- reduction_separated_directives.c --------------------------------------------===//
 //
 // OpenMP API Version 4.5 Nov 2015
 //
 // This test checks the behavior of a reduction clause with separated target teams
 // parallel for directives by comparing the results to those from atomic-protected
 // writes without a reduction. This test comes from the aomp development repo, see
 // https://github.com/ROCm-Developer-Tools/aomp/issues/51.
 //
 //===----------------------------------------------------------------------------------===//

 #include <omp.h>
 #include ""ompvv.h""

 #define N 1024

 int main()
 {
   OMPVV_TEST_OFFLOADING;

   OMPVV_TEST_SHARED_ENVIRONMENT;

   int errors = 0;
   int counts_atomic = 0;
   int counts_reduction = 0;

 #pragma omp target teams map(from: counts_atomic)
   {
     int counts_team = 0;
 #pragma omp parallel
     {
 #pragma omp for
       for (int i = 0; i < N; ++i)
          counts_team += 1;
     }
     if (omp_get_team_num() == 0) {
       counts_atomic = counts_team;
     }
   }

 #pragma omp target teams map(from: counts_reduction)
   {
     int counts_team = 0;
 #pragma omp parallel
     {
 #pragma omp for reduction(+: counts_team)
       for (int i = 0; i < N; ++i)
         counts_team += 1;
     }
     if (omp_get_team_num() == 0) {
       counts_reduction = counts_team;
     }
   }

   OMPVV_TEST_AND_SET_VERBOSE(errors, counts_atomic != N);
   OMPVV_TEST_AND_SET_VERBOSE(errors, counts_reduction != N);

   OMPVV_REPORT_AND_RETURN(errors);
 }
",HPC_BUGFIX_V2_1.xlsx,False,unknown,REMOVE_SYNCHRONIZATION,application_kernels,atomic,tests/4.5/application_kernels,4.5
tests/4.5/application_kernels/reduction_separated_directives.c,application_kernels,reduction_semantics,REDUCTION_PLUS_TO_MULTIPLY,high,#pragma omp for reduction(+: counts_team),#pragma omp for reduction(*: counts_team),counts_reduction == N,wrong reduced value,47,reduction_separated_directives_REDUCTION_PLUS_TO_MULTIPLY.c," //===---- reduction_separated_directives.c --------------------------------------------===//
 //
 // OpenMP API Version 4.5 Nov 2015
 //
 // This test checks the behavior of a reduction clause with separated target teams
 // parallel for directives by comparing the results to those from atomic-protected
 // writes without a reduction. This test comes from the aomp development repo, see
 // https://github.com/ROCm-Developer-Tools/aomp/issues/51.
 //
 //===----------------------------------------------------------------------------------===//

 #include <omp.h>
 #include ""ompvv.h""

 #define N 1024

 int main()
 {
   OMPVV_TEST_OFFLOADING;

   OMPVV_TEST_SHARED_ENVIRONMENT;

   int errors = 0;
   int counts_atomic = 0;
   int counts_reduction = 0;

 #pragma omp target teams map(from: counts_atomic)
   {
     int counts_team = 0;
 #pragma omp parallel
     {
 #pragma omp for
       for (int i = 0; i < N; ++i)
 #pragma omp atomic
         counts_team += 1;
     }
     if (omp_get_team_num() == 0) {
       counts_atomic = counts_team;
     }
   }

 #pragma omp target teams map(from: counts_reduction)
   {
     int counts_team = 0;
 #pragma omp parallel
     {
 #pragma omp for reduction(+: counts_team)
       for (int i = 0; i < N; ++i)
         counts_team += 1;
     }
     if (omp_get_team_num() == 0) {
       counts_reduction = counts_team;
     }
   }

   OMPVV_TEST_AND_SET_VERBOSE(errors, counts_atomic != N);
   OMPVV_TEST_AND_SET_VERBOSE(errors, counts_reduction != N);

   OMPVV_REPORT_AND_RETURN(errors);
 }
"," //===---- reduction_separated_directives.c --------------------------------------------===//
 //
 // OpenMP API Version 4.5 Nov 2015
 //
 // This test checks the behavior of a reduction clause with separated target teams
 // parallel for directives by comparing the results to those from atomic-protected
 // writes without a reduction. This test comes from the aomp development repo, see
 // https://github.com/ROCm-Developer-Tools/aomp/issues/51.
 //
 //===----------------------------------------------------------------------------------===//

 #include <omp.h>
 #include ""ompvv.h""

 #define N 1024

 int main()
 {
   OMPVV_TEST_OFFLOADING;

   OMPVV_TEST_SHARED_ENVIRONMENT;

   int errors = 0;
   int counts_atomic = 0;
   int counts_reduction = 0;

 #pragma omp target teams map(from: counts_atomic)
   {
     int counts_team = 0;
 #pragma omp parallel
     {
 #pragma omp for
       for (int i = 0; i < N; ++i)
 #pragma omp atomic
         counts_team += 1;
     }
     if (omp_get_team_num() == 0) {
       counts_atomic = counts_team;
     }
   }

 #pragma omp target teams map(from: counts_reduction)
   {
     int counts_team = 0;
 #pragma omp parallel
     {
 #pragma omp for reduction(*: counts_team)
       for (int i = 0; i < N; ++i)
         counts_team += 1;
     }
     if (omp_get_team_num() == 0) {
       counts_reduction = counts_team;
     }
   }

   OMPVV_TEST_AND_SET_VERBOSE(errors, counts_atomic != N);
   OMPVV_TEST_AND_SET_VERBOSE(errors, counts_reduction != N);

   OMPVV_REPORT_AND_RETURN(errors);
 }
",HPC_BUGFIX_V2_1.xlsx,False,unknown,CHANGE_OPERATOR,application_kernels,reduction,tests/4.5/application_kernels,4.5
tests/4.5/taskloop/test_taskloop_lastprivate.c,taskloop,data_scoping,LASTPRIVATE_TO_PRIVATE,high,#pragma omp taskloop lastprivate(val),#pragma omp taskloop private(val),task_vals[last_itr] == val,final value not propagated out of taskloop,32,test_taskloop_lastprivate_LASTPRIVATE_TO_PRIVATE.c," //-------------------------------- test_taskloop_lastprivate.c ------------------------------------------------//
 //
 // OpenMP API Version 4.5 November 2015
 //
 // This test checks the 'taskloop' directive with the 'lastprivate' clause specified.
 // The 'taskloop' construct parallelize loops with independent iterations by creating tasks.
 // It allows for efficient parallel execution of loop iterations by distributing them among multiple threads.
 // The 'lastprivate' clause ensures that the last value of variable in a loop is available after loop completion.
 //-------------------------------------------------------------------------------------------------------------//

 #include <omp.h>
 #include <stdio.h>
 #include <stdlib.h>
 #include ""ompvv.h""

 #define NUM_THREADS 1000
 #define NUM_TASKS 1000

 int test_taskloop_lastprivate() {

     int errors = 0;

     int val = 100;
     int task_vals[NUM_TASKS];

     int last_itr = NUM_TASKS - 1;

     #pragma omp parallel num_threads(NUM_THREADS)
     {
         #pragma omp single
         {
             #pragma omp taskloop lastprivate(val)
             for (int i = 0; i < NUM_TASKS; i++) {
                 val = i;
                 task_vals[i] = val;
             }
         }
     }

     //NOTE: lastprivate_var depends on NUM_TASK and not on Input value
     //it is the last task iteration which is kept, not the last operation value.
      OMPVV_TEST_AND_SET_VERBOSE(errors, (task_vals[last_itr] != val));

     return errors;
 }

 int main() {

     int errors = 0;

     OMPVV_TEST_AND_SET_VERBOSE(errors, (test_taskloop_lastprivate() != 0));
     OMPVV_REPORT_AND_RETURN(errors);

     return 0;
 }
"," //-------------------------------- test_taskloop_lastprivate.c ------------------------------------------------//
 //
 // OpenMP API Version 4.5 November 2015
 //
 // This test checks the 'taskloop' directive with the 'lastprivate' clause specified.
 // The 'taskloop' construct parallelize loops with independent iterations by creating tasks.
 // It allows for efficient parallel execution of loop iterations by distributing them among multiple threads.
 // The 'lastprivate' clause ensures that the last value of variable in a loop is available after loop completion.
 //-------------------------------------------------------------------------------------------------------------//

 #include <omp.h>
 #include <stdio.h>
 #include <stdlib.h>
 #include ""ompvv.h""

 #define NUM_THREADS 1000
 #define NUM_TASKS 1000

 int test_taskloop_lastprivate() {

     int errors = 0;

     int val = 100;
     int task_vals[NUM_TASKS];

     int last_itr = NUM_TASKS - 1;

     #pragma omp parallel num_threads(NUM_THREADS)
     {
         #pragma omp single
         {
             #pragma omp taskloop private(val)
             for (int i = 0; i < NUM_TASKS; i++) {
                 val = i;
                 task_vals[i] = val;
             }
         }
     }

     //NOTE: lastprivate_var depends on NUM_TASK and not on Input value
     //it is the last task iteration which is kept, not the last operation value.
      OMPVV_TEST_AND_SET_VERBOSE(errors, (task_vals[last_itr] != val));

     return errors;
 }

 int main() {

     int errors = 0;

     OMPVV_TEST_AND_SET_VERBOSE(errors, (test_taskloop_lastprivate() != 0));
     OMPVV_REPORT_AND_RETURN(errors);

     return 0;
 }
",HPC_BUGFIX_V2_1.xlsx,False,unknown,CHANGE_CLAUSE,taskloop,data_sharing,tests/4.5/taskloop,4.5
tests/4.5/taskloop/test_taskloop_lastprivate.c,taskloop,data_scoping,LASTPRIVATE_TO_FIRSTPRIVATE,high,#pragma omp taskloop lastprivate(val),#pragma omp taskloop firstprivate(val),task_vals[last_itr] == val,final value not propagated out of taskloop,32,test_taskloop_lastprivate_LASTPRIVATE_TO_FIRSTPRIVATE.c," //-------------------------------- test_taskloop_lastprivate.c ------------------------------------------------//
 //
 // OpenMP API Version 4.5 November 2015
 //
 // This test checks the 'taskloop' directive with the 'lastprivate' clause specified.
 // The 'taskloop' construct parallelize loops with independent iterations by creating tasks.
 // It allows for efficient parallel execution of loop iterations by distributing them among multiple threads.
 // The 'lastprivate' clause ensures that the last value of variable in a loop is available after loop completion.
 //-------------------------------------------------------------------------------------------------------------//

 #include <omp.h>
 #include <stdio.h>
 #include <stdlib.h>
 #include ""ompvv.h""

 #define NUM_THREADS 1000
 #define NUM_TASKS 1000

 int test_taskloop_lastprivate() {

     int errors = 0;

     int val = 100;
     int task_vals[NUM_TASKS];

     int last_itr = NUM_TASKS - 1;

     #pragma omp parallel num_threads(NUM_THREADS)
     {
         #pragma omp single
         {
             #pragma omp taskloop lastprivate(val)
             for (int i = 0; i < NUM_TASKS; i++) {
                 val = i;
                 task_vals[i] = val;
             }
         }
     }

     //NOTE: lastprivate_var depends on NUM_TASK and not on Input value
     //it is the last task iteration which is kept, not the last operation value.
      OMPVV_TEST_AND_SET_VERBOSE(errors, (task_vals[last_itr] != val));

     return errors;
 }

 int main() {

     int errors = 0;

     OMPVV_TEST_AND_SET_VERBOSE(errors, (test_taskloop_lastprivate() != 0));
     OMPVV_REPORT_AND_RETURN(errors);

     return 0;
 }
"," //-------------------------------- test_taskloop_lastprivate.c ------------------------------------------------//
 //
 // OpenMP API Version 4.5 November 2015
 //
 // This test checks the 'taskloop' directive with the 'lastprivate' clause specified.
 // The 'taskloop' construct parallelize loops with independent iterations by creating tasks.
 // It allows for efficient parallel execution of loop iterations by distributing them among multiple threads.
 // The 'lastprivate' clause ensures that the last value of variable in a loop is available after loop completion.
 //-------------------------------------------------------------------------------------------------------------//

 #include <omp.h>
 #include <stdio.h>
 #include <stdlib.h>
 #include ""ompvv.h""

 #define NUM_THREADS 1000
 #define NUM_TASKS 1000

 int test_taskloop_lastprivate() {

     int errors = 0;

     int val = 100;
     int task_vals[NUM_TASKS];

     int last_itr = NUM_TASKS - 1;

     #pragma omp parallel num_threads(NUM_THREADS)
     {
         #pragma omp single
         {
             #pragma omp taskloop firstprivate(val)
             for (int i = 0; i < NUM_TASKS; i++) {
                 val = i;
                 task_vals[i] = val;
             }
         }
     }

     //NOTE: lastprivate_var depends on NUM_TASK and not on Input value
     //it is the last task iteration which is kept, not the last operation value.
      OMPVV_TEST_AND_SET_VERBOSE(errors, (task_vals[last_itr] != val));

     return errors;
 }

 int main() {

     int errors = 0;

     OMPVV_TEST_AND_SET_VERBOSE(errors, (test_taskloop_lastprivate() != 0));
     OMPVV_REPORT_AND_RETURN(errors);

     return 0;
 }
",HPC_BUGFIX_V2_1.xlsx,False,unknown,CHANGE_CLAUSE,taskloop,data_sharing,tests/4.5/taskloop,4.5
tests/4.5/taskloop/test_taskloop_if.c,taskloop,condition_semantics,IF_TO_ZERO,high,#pragma omp taskloop if(M == THRESHOLD),#pragma omp taskloop if(0),thread-ID sameness should differ between THRESHOLD=100 and THRESHOLD=110,wrong task creation behavior,45,test_taskloop_if_IF_TO_ZERO.c," //--------------------------------------------- test_taskloop_if.c ----------------------------------------//
 //
 // OpenMP API Version 4.5 November 2015
 //
 // This test checks the taskloop directive with the if clause specified.
 // The 'taskloop' construct parallelize loops with independent iterations by creating tasks.
 // It allows for efficient parallel execution of loop iterations by distributing them among multiple threads.
 // The 'if' clause used to check the condition and taskloop will take into consideration only,
 // if the condition is TRUE.
 //----------------------------------------------------------------------------------------------------------//

 #include <omp.h>
 #include <stdio.h>
 #include <stdlib.h>
 #include ""ompvv.h""

 #define NUM_TASKS 1000
 #define NUM_THREADS 1000

 #define M 100

 //if all thread ids are same, return 1 else return 0
 int thread_ids_are_same(int a[], int len) {

         int first = a[0];

         for(int i = 1; i < len; i++) {
                 if(first != a[i])
                   return 0; //if all the thread ids are not same
         }

         return 1; //if all the thread ids are same
 }

 int test_taskloop_if(int THRESHOLD) {

   int errors = 0;

   int thread_ids[NUM_TASKS];

   #pragma omp parallel num_threads(NUM_THREADS)
   {
         #pragma omp single
         {
                 #pragma omp taskloop if(M == THRESHOLD)
                 for (int i = 0; i < NUM_TASKS; i++) {
                         thread_ids[i] = omp_get_thread_num();
                 }
         }
   }

   if (M ==  THRESHOLD) {
     if (thread_ids_are_same(thread_ids, NUM_TASKS) != 0) {
       errors++;
     }
   } else if (M != THRESHOLD) {
     if (thread_ids_are_same(thread_ids, NUM_TASKS) == 0) {
       errors++;
     }
   }

   return errors;

 }

 int main() {

    int errors = 0;

    int THRESHOLD = 100; //Equal to M
    OMPVV_TEST_AND_SET_VERBOSE(errors, (test_taskloop_if(THRESHOLD) != 0));

    THRESHOLD = 110; // Not equal to M
    OMPVV_TEST_AND_SET_VERBOSE(errors, (test_taskloop_if(THRESHOLD) != 0));

    OMPVV_REPORT_AND_RETURN(errors);

    return 0;
 }
"," //--------------------------------------------- test_taskloop_if.c ----------------------------------------//
 //
 // OpenMP API Version 4.5 November 2015
 //
 // This test checks the taskloop directive with the if clause specified.
 // The 'taskloop' construct parallelize loops with independent iterations by creating tasks.
 // It allows for efficient parallel execution of loop iterations by distributing them among multiple threads.
 // The 'if' clause used to check the condition and taskloop will take into consideration only,
 // if the condition is TRUE.
 //----------------------------------------------------------------------------------------------------------//

 #include <omp.h>
 #include <stdio.h>
 #include <stdlib.h>
 #include ""ompvv.h""

 #define NUM_TASKS 1000
 #define NUM_THREADS 1000

 #define M 100

 //if all thread ids are same, return 1 else return 0
 int thread_ids_are_same(int a[], int len) {

         int first = a[0];

         for(int i = 1; i < len; i++) {
                 if(first != a[i])
                   return 0; //if all the thread ids are not same
         }

         return 1; //if all the thread ids are same
 }

 int test_taskloop_if(int THRESHOLD) {

   int errors = 0;

   int thread_ids[NUM_TASKS];

   #pragma omp parallel num_threads(NUM_THREADS)
   {
         #pragma omp single
         {
                 #pragma omp taskloop if(0)
                 for (int i = 0; i < NUM_TASKS; i++) {
                         thread_ids[i] = omp_get_thread_num();
                 }
         }
   }

   if (M ==  THRESHOLD) {
     if (thread_ids_are_same(thread_ids, NUM_TASKS) != 0) {
       errors++;
     }
   } else if (M != THRESHOLD) {
     if (thread_ids_are_same(thread_ids, NUM_TASKS) == 0) {
       errors++;
     }
   }

   return errors;

 }

 int main() {

    int errors = 0;

    int THRESHOLD = 100; //Equal to M
    OMPVV_TEST_AND_SET_VERBOSE(errors, (test_taskloop_if(THRESHOLD) != 0));

    THRESHOLD = 110; // Not equal to M
    OMPVV_TEST_AND_SET_VERBOSE(errors, (test_taskloop_if(THRESHOLD) != 0));

    OMPVV_REPORT_AND_RETURN(errors);

    return 0;
 }
",HPC_BUGFIX_V2_1.xlsx,False,unknown,CHANGE_CONDITION,taskloop,loop,tests/4.5/taskloop,4.5
tests/4.5/taskloop/test_taskloop_if.c,taskloop,condition_semantics,IF_INVERT,medium,#pragma omp taskloop if(M == THRESHOLD),#pragma omp taskloop if(M != THRESHOLD),thread-ID sameness should differ between THRESHOLD=100 and THRESHOLD=110,wrong task creation behavior,45,test_taskloop_if_IF_INVERT.c," //--------------------------------------------- test_taskloop_if.c ----------------------------------------//
 //
 // OpenMP API Version 4.5 November 2015
 //
 // This test checks the taskloop directive with the if clause specified.
 // The 'taskloop' construct parallelize loops with independent iterations by creating tasks.
 // It allows for efficient parallel execution of loop iterations by distributing them among multiple threads.
 // The 'if' clause used to check the condition and taskloop will take into consideration only,
 // if the condition is TRUE.
 //----------------------------------------------------------------------------------------------------------//

 #include <omp.h>
 #include <stdio.h>
 #include <stdlib.h>
 #include ""ompvv.h""

 #define NUM_TASKS 1000
 #define NUM_THREADS 1000

 #define M 100

 //if all thread ids are same, return 1 else return 0
 int thread_ids_are_same(int a[], int len) {

         int first = a[0];

         for(int i = 1; i < len; i++) {
                 if(first != a[i])
                   return 0; //if all the thread ids are not same
         }

         return 1; //if all the thread ids are same
 }

 int test_taskloop_if(int THRESHOLD) {

   int errors = 0;

   int thread_ids[NUM_TASKS];

   #pragma omp parallel num_threads(NUM_THREADS)
   {
         #pragma omp single
         {
                 #pragma omp taskloop if(M == THRESHOLD)
                 for (int i = 0; i < NUM_TASKS; i++) {
                         thread_ids[i] = omp_get_thread_num();
                 }
         }
   }

   if (M ==  THRESHOLD) {
     if (thread_ids_are_same(thread_ids, NUM_TASKS) != 0) {
       errors++;
     }
   } else if (M != THRESHOLD) {
     if (thread_ids_are_same(thread_ids, NUM_TASKS) == 0) {
       errors++;
     }
   }

   return errors;

 }

 int main() {

    int errors = 0;

    int THRESHOLD = 100; //Equal to M
    OMPVV_TEST_AND_SET_VERBOSE(errors, (test_taskloop_if(THRESHOLD) != 0));

    THRESHOLD = 110; // Not equal to M
    OMPVV_TEST_AND_SET_VERBOSE(errors, (test_taskloop_if(THRESHOLD) != 0));

    OMPVV_REPORT_AND_RETURN(errors);

    return 0;
 }
"," //--------------------------------------------- test_taskloop_if.c ----------------------------------------//
 //
 // OpenMP API Version 4.5 November 2015
 //
 // This test checks the taskloop directive with the if clause specified.
 // The 'taskloop' construct parallelize loops with independent iterations by creating tasks.
 // It allows for efficient parallel execution of loop iterations by distributing them among multiple threads.
 // The 'if' clause used to check the condition and taskloop will take into consideration only,
 // if the condition is TRUE.
 //----------------------------------------------------------------------------------------------------------//

 #include <omp.h>
 #include <stdio.h>
 #include <stdlib.h>
 #include ""ompvv.h""

 #define NUM_TASKS 1000
 #define NUM_THREADS 1000

 #define M 100

 //if all thread ids are same, return 1 else return 0
 int thread_ids_are_same(int a[], int len) {

         int first = a[0];

         for(int i = 1; i < len; i++) {
                 if(first != a[i])
                   return 0; //if all the thread ids are not same
         }

         return 1; //if all the thread ids are same
 }

 int test_taskloop_if(int THRESHOLD) {

   int errors = 0;

   int thread_ids[NUM_TASKS];

   #pragma omp parallel num_threads(NUM_THREADS)
   {
         #pragma omp single
         {
                 #pragma omp taskloop if(M != THRESHOLD)
                 for (int i = 0; i < NUM_TASKS; i++) {
                         thread_ids[i] = omp_get_thread_num();
                 }
         }
   }

   if (M ==  THRESHOLD) {
     if (thread_ids_are_same(thread_ids, NUM_TASKS) != 0) {
       errors++;
     }
   } else if (M != THRESHOLD) {
     if (thread_ids_are_same(thread_ids, NUM_TASKS) == 0) {
       errors++;
     }
   }

   return errors;

 }

 int main() {

    int errors = 0;

    int THRESHOLD = 100; //Equal to M
    OMPVV_TEST_AND_SET_VERBOSE(errors, (test_taskloop_if(THRESHOLD) != 0));

    THRESHOLD = 110; // Not equal to M
    OMPVV_TEST_AND_SET_VERBOSE(errors, (test_taskloop_if(THRESHOLD) != 0));

    OMPVV_REPORT_AND_RETURN(errors);

    return 0;
 }
",HPC_BUGFIX_V2_1.xlsx,False,unknown,CHANGE_OPERATOR,taskloop,loop,tests/4.5/taskloop,4.5
tests/4.5/taskloop/test_taskloop_firstprivate.c,taskloop,data_scoping,FIRSTPRIVATE_TO_PRIVATE,high,#pragma omp taskloop firstprivate(private_var),#pragma omp taskloop private(private_var),all task_vals[i] equal original private_var,tasks see uninitialized/private copies instead of inherited value,41,test_taskloop_firstprivate_FIRSTPRIVATE_TO_PRIVATE.c," //----------------------------------- test_taskloop_firstprivate.c ----------------------------------------//
 //
 // OpenMP API Version 4.5 November 2015
 //
 // This test checks the taskloop directive with the 'firstprivate' clause specified.
 // The 'taskloop' construct parallelize loops with independent iterations by creating tasks.
 // It allows for efficient parallel execution of loop iterations by distributing them among multiple threads.
 // The 'firstprivate' clause ensures that each task should have private copies and initialized                          // private copies with the value from the master thread.
 // -------------------------------------------------------------------------------------------------------//

 #include <stdio.h>
 #include <omp.h>
 #include ""ompvv.h""

 #define NUM_THREADS 500
 #define NUM_TASKS 1000

 int is_task_values_equal_to_firstprivate(int first_priv_value, int a[])
 {
     for(int i = 0; i < NUM_TASKS; i++) {
         if(first_priv_value != a[i])
                 return 0; //if all array values are not same.
     }

     return 1; //if all array values are same
 }

 int test_taskloop_firstprivate() {

     int errors = 0;

     int private_var = 11;
     int var_not_in_openmp = private_var;

     int task_vals[NUM_TASKS];

     #pragma omp parallel num_threads(NUM_THREADS)
     {
         #pragma omp single
         {
             #pragma omp taskloop firstprivate(private_var)
             for (int i = 0; i < NUM_TASKS; i++) {
                 task_vals[i] = private_var;
             }
         }
     }

     //if all the tasks values are same as first private value, get TRUE else FALSE
     OMPVV_TEST_AND_SET_VERBOSE(errors, (is_task_values_equal_to_firstprivate(var_not_in_openmp, task_vals)) != 1);

     return errors;
 }

 int main() {

     int errors = 0;

     OMPVV_TEST_AND_SET_VERBOSE(errors, (test_taskloop_firstprivate()) != 0);
     OMPVV_REPORT_AND_RETURN(errors);

     return 0;
 }
"," //----------------------------------- test_taskloop_firstprivate.c ----------------------------------------//
 //
 // OpenMP API Version 4.5 November 2015
 //
 // This test checks the taskloop directive with the 'firstprivate' clause specified.
 // The 'taskloop' construct parallelize loops with independent iterations by creating tasks.
 // It allows for efficient parallel execution of loop iterations by distributing them among multiple threads.
 // The 'firstprivate' clause ensures that each task should have private copies and initialized                          // private copies with the value from the master thread.
 // -------------------------------------------------------------------------------------------------------//

 #include <stdio.h>
 #include <omp.h>
 #include ""ompvv.h""

 #define NUM_THREADS 500
 #define NUM_TASKS 1000

 int is_task_values_equal_to_firstprivate(int first_priv_value, int a[])
 {
     for(int i = 0; i < NUM_TASKS; i++) {
         if(first_priv_value != a[i])
                 return 0; //if all array values are not same.
     }

     return 1; //if all array values are same
 }

 int test_taskloop_firstprivate() {

     int errors = 0;

     int private_var = 11;
     int var_not_in_openmp = private_var;

     int task_vals[NUM_TASKS];

     #pragma omp parallel num_threads(NUM_THREADS)
     {
         #pragma omp single
         {
             #pragma omp taskloop private(private_var)
             for (int i = 0; i < NUM_TASKS; i++) {
                 task_vals[i] = private_var;
             }
         }
     }

     //if all the tasks values are same as first private value, get TRUE else FALSE
     OMPVV_TEST_AND_SET_VERBOSE(errors, (is_task_values_equal_to_firstprivate(var_not_in_openmp, task_vals)) != 1);

     return errors;
 }

 int main() {

     int errors = 0;

     OMPVV_TEST_AND_SET_VERBOSE(errors, (test_taskloop_firstprivate()) != 0);
     OMPVV_REPORT_AND_RETURN(errors);

     return 0;
 }
",HPC_BUGFIX_V2_1.xlsx,False,unknown,CHANGE_CLAUSE,taskloop,data_sharing,tests/4.5/taskloop,4.5
tests/4.5/taskloop/test_taskloop_collapse.c,taskloop,synchronization,REMOVE_ATOMIC,high,#pragma omp atomic,,sum_with_openmp == sum_without_openmp,wrong sum due to race,46,test_taskloop_collapse_REMOVE_ATOMIC.c," //------------------------------------------- test_taskloop_collapse.c --------------------------------------//
 // OpenMP API Version 4.5 September 2015
 //
 // This test checks the 'taskloop' directive with the 'collapse' clause specified.
 // The 'taskloop' construct parallelizes loops with independent iterations by creating tasks.
 // It allows for efficient parallel execution of loop iterations by distributing them among multiple threads.
 // The 'collapse' clause ensures that multiple nested loops into a single loop.
 //----------------------------------------------------------------------------------------------------------//

 #include <stdio.h>
 #include <omp.h>
 #include ""ompvv.h""

 #define NUM_THREADS 100
 #define NUM_COLLAPSE 2

 int test_taskloop_collapse() {

   int errors = 0;

   int size = 200;
   int a[(size*size)];

   int sum_without_openmp = 0, sum_with_openmp = 0;

   for(int i = 0; i < (size*size); i++) {
         a[i] = i;
    }

    //get valid sum without openmp
    for(int i = 0; i < (size); i++) {
         for(int j = 0; j < size; j++) {
              sum_without_openmp = sum_without_openmp + (a[i]*a[j]);
         }
    }

    #pragma omp parallel num_threads(NUM_THREADS)
    {
       #pragma omp single
       {
         #pragma omp taskloop collapse(NUM_COLLAPSE)
         for(int i = 0; i < size; i++)
         {
             for(int j = 0; j < size; j++)
             {
                     #pragma omp atomic
                     sum_with_openmp = sum_with_openmp + (a[i]*a[j]);
             }
         }
       }
    }

    OMPVV_TEST_AND_SET_VERBOSE(errors, sum_with_openmp != sum_without_openmp);

    return errors;
 }

 int main() {

   int errors = 0;

   OMPVV_TEST_AND_SET_VERBOSE(errors, (test_taskloop_collapse()) != 0);
   OMPVV_REPORT_AND_RETURN(errors);

   return 0;
 }
"," //------------------------------------------- test_taskloop_collapse.c --------------------------------------//
 // OpenMP API Version 4.5 September 2015
 //
 // This test checks the 'taskloop' directive with the 'collapse' clause specified.
 // The 'taskloop' construct parallelizes loops with independent iterations by creating tasks.
 // It allows for efficient parallel execution of loop iterations by distributing them among multiple threads.
 // The 'collapse' clause ensures that multiple nested loops into a single loop.
 //----------------------------------------------------------------------------------------------------------//

 #include <stdio.h>
 #include <omp.h>
 #include ""ompvv.h""

 #define NUM_THREADS 100
 #define NUM_COLLAPSE 2

 int test_taskloop_collapse() {

   int errors = 0;

   int size = 200;
   int a[(size*size)];

   int sum_without_openmp = 0, sum_with_openmp = 0;

   for(int i = 0; i < (size*size); i++) {
         a[i] = i;
    }

    //get valid sum without openmp
    for(int i = 0; i < (size); i++) {
         for(int j = 0; j < size; j++) {
              sum_without_openmp = sum_without_openmp + (a[i]*a[j]);
         }
    }

    #pragma omp parallel num_threads(NUM_THREADS)
    {
       #pragma omp single
       {
         #pragma omp taskloop collapse(NUM_COLLAPSE)
         for(int i = 0; i < size; i++)
         {
             for(int j = 0; j < size; j++)
             {
                                          sum_with_openmp = sum_with_openmp + (a[i]*a[j]);
             }
         }
       }
    }

    OMPVV_TEST_AND_SET_VERBOSE(errors, sum_with_openmp != sum_without_openmp);

    return errors;
 }

 int main() {

   int errors = 0;

   OMPVV_TEST_AND_SET_VERBOSE(errors, (test_taskloop_collapse()) != 0);
   OMPVV_REPORT_AND_RETURN(errors);

   return 0;
 }
",HPC_BUGFIX_V2_1.xlsx,False,unknown,REMOVE_SYNCHRONIZATION,application_kernels,atomic,tests/4.5/taskloop,4.5
tests/4.5/application_kernels/linked_list.c,application_kernels,target_mapping,MAP_EXIT_FROM_TO_TO_HEAD,medium,#pragma omp target exit data map(from:temp[0:1]),#pragma omp target exit data map(to:temp[0:1]),"for every node, temp->data == i+1",updated node value not copied back to host,69,linked_list_MAP_EXIT_FROM_TO_TO_HEAD.c," //===---linked_list.c--- Test that implements a linked list in the device-----===//
 //
 // OpenMP API Version 4.5 Nov 2015
 //
 //
 //  This test creates a linked list, maps it to a device
 //  (if available) and modidifies the data on the device.
 //  The data is mapped back and contents are verified
 //
 //  Last modified by Jose M Monsalve Diaz, December 24, 2019
 //
 ////===----------------------------------------------------------------------===//

 #include <stdlib.h>
 #include <omp.h>
 #include <stdio.h>
 #include ""ompvv.h""

 #define SIZE_LIST 10

 typedef struct node {
   int data;
   struct node *next;
 } node_t;

 void map_ll(node_t * head) {
   OMPVV_INFOMSG(""Entering map_ll"");

   node_t * temp = head;
   if (!temp) {
     OMPVV_ERROR(""Head was null"");
     return;
   }

 #pragma omp target enter data map(to:temp[:1])
 #pragma omp target
   {
     temp->data += 1;
   }
   while(temp->next) {
     //version 1
     // Note: using array dereference syntax, array section on leaf only
     // Attachment is *not* explicitly guaranteed
     //#pragma omp target enter data map(to:head[0].next[:1])
     //version 2
     //user does an explicit attachment, this is unequivocally correct code
     //but rather slower and nastier.
     node_t * cur = temp->next;
 #pragma omp target enter data map(to:cur[:1])
 #pragma omp target
     {
       cur->data += 1;
       temp->next = cur;
     }
     temp=temp->next;
   }
 }

 void unmap_ll(node_t * head) {
   OMPVV_INFOMSG(""Entering unmap_ll"");
   node_t * temp = head, *tempNext;

   if (!temp) {
     OMPVV_ERROR(""Head was null"");
     return;
   }

   tempNext = temp->next;
 #pragma omp target exit data map(from:temp[0:1])
   temp->next = tempNext;
   while(temp->next) {
     // Note: only copies back the data element to avoid overwriting next
     // pointer

     temp = temp->next;
     // Save broken link
     tempNext = temp->next;
 #pragma omp target exit data map(from: temp[0:1])
     // Fix broken link
     temp->next = tempNext;
   }
 }
 void push(node_t * head, int data) {
   node_t * current = head;
   while (current->next != NULL) {
     current = current->next;
   }

   // now we can add a new variable
   current->next = (node_t *) malloc(sizeof(node_t));
   current->next->data = data;
   current->next->next = NULL;
 }

 void display(node_t * head)
 {
   node_t * temp=head;
   while(temp!=NULL)
   {
     printf(""%d\n"",temp->data);
     temp=temp->next;
   }
 }

 int check(node_t * head)
 {
   OMPVV_INFOMSG(""Entering check"");
   int error = 0, i=0;
   node_t * temp=head;
   while(temp!=NULL)
   {
     OMPVV_TEST_AND_SET_VERBOSE(error, temp->data != i+1);
     i++;
     temp=temp->next;
   }
   return error;
 }

 int main() {

   OMPVV_TEST_OFFLOADING;
   int i, error = 0;
   node_t * head = NULL;
   head = (node_t *) malloc(sizeof(node_t));
   if (head == NULL) {
     OMPVV_ERROR(""There was a problem allocating the head node"");
     return 1;
   }

   head->data = 0;
   head->next = NULL;

   for(i=1; i < SIZE_LIST; i++)
     push(head,i);

   map_ll(head);
   unmap_ll(head);

   OMPVV_TEST_AND_SET_VERBOSE(error, check(head));

   while (head) {
     node_t * next = head->next;
     free (head);
     head = next;
   }

   OMPVV_REPORT_AND_RETURN(error);
   return 0;
 }
"," //===---linked_list.c--- Test that implements a linked list in the device-----===//
 //
 // OpenMP API Version 4.5 Nov 2015
 //
 //
 //  This test creates a linked list, maps it to a device
 //  (if available) and modidifies the data on the device.
 //  The data is mapped back and contents are verified
 //
 //  Last modified by Jose M Monsalve Diaz, December 24, 2019
 //
 ////===----------------------------------------------------------------------===//

 #include <stdlib.h>
 #include <omp.h>
 #include <stdio.h>
 #include ""ompvv.h""

 #define SIZE_LIST 10

 typedef struct node {
   int data;
   struct node *next;
 } node_t;

 void map_ll(node_t * head) {
   OMPVV_INFOMSG(""Entering map_ll"");

   node_t * temp = head;
   if (!temp) {
     OMPVV_ERROR(""Head was null"");
     return;
   }

 #pragma omp target enter data map(to:temp[:1])
 #pragma omp target
   {
     temp->data += 1;
   }
   while(temp->next) {
     //version 1
     // Note: using array dereference syntax, array section on leaf only
     // Attachment is *not* explicitly guaranteed
     //#pragma omp target enter data map(to:head[0].next[:1])
     //version 2
     //user does an explicit attachment, this is unequivocally correct code
     //but rather slower and nastier.
     node_t * cur = temp->next;
 #pragma omp target enter data map(to:cur[:1])
 #pragma omp target
     {
       cur->data += 1;
       temp->next = cur;
     }
     temp=temp->next;
   }
 }

 void unmap_ll(node_t * head) {
   OMPVV_INFOMSG(""Entering unmap_ll"");
   node_t * temp = head, *tempNext;

   if (!temp) {
     OMPVV_ERROR(""Head was null"");
     return;
   }

   tempNext = temp->next;
 #pragma omp target exit data map(to:temp[0:1])
   temp->next = tempNext;
   while(temp->next) {
     // Note: only copies back the data element to avoid overwriting next
     // pointer

     temp = temp->next;
     // Save broken link
     tempNext = temp->next;
 #pragma omp target exit data map(from: temp[0:1])
     // Fix broken link
     temp->next = tempNext;
   }
 }
 void push(node_t * head, int data) {
   node_t * current = head;
   while (current->next != NULL) {
     current = current->next;
   }

   // now we can add a new variable
   current->next = (node_t *) malloc(sizeof(node_t));
   current->next->data = data;
   current->next->next = NULL;
 }

 void display(node_t * head)
 {
   node_t * temp=head;
   while(temp!=NULL)
   {
     printf(""%d\n"",temp->data);
     temp=temp->next;
   }
 }

 int check(node_t * head)
 {
   OMPVV_INFOMSG(""Entering check"");
   int error = 0, i=0;
   node_t * temp=head;
   while(temp!=NULL)
   {
     OMPVV_TEST_AND_SET_VERBOSE(error, temp->data != i+1);
     i++;
     temp=temp->next;
   }
   return error;
 }

 int main() {

   OMPVV_TEST_OFFLOADING;
   int i, error = 0;
   node_t * head = NULL;
   head = (node_t *) malloc(sizeof(node_t));
   if (head == NULL) {
     OMPVV_ERROR(""There was a problem allocating the head node"");
     return 1;
   }

   head->data = 0;
   head->next = NULL;

   for(i=1; i < SIZE_LIST; i++)
     push(head,i);

   map_ll(head);
   unmap_ll(head);

   OMPVV_TEST_AND_SET_VERBOSE(error, check(head));

   while (head) {
     node_t * next = head->next;
     free (head);
     head = next;
   }

   OMPVV_REPORT_AND_RETURN(error);
   return 0;
 }
",HPC_BUGFIX_V2_1.xlsx,False,unknown,CHANGE_MAPPING,application_kernels,mapping,tests/4.5/application_kernels,4.5
tests/4.5/application_kernels/linked_list.c,application_kernels,target_mapping,MAP_ENTER_TO_TO_FROM,medium,#pragma omp target enter data map(to:cur[:1]),#pragma omp target enter data map(from:cur[:1]),"for every node, temp->data == i+1",device view not initialized/copied correctly,49,linked_list_MAP_ENTER_TO_TO_FROM.c," //===---linked_list.c--- Test that implements a linked list in the device-----===//
 //
 // OpenMP API Version 4.5 Nov 2015
 //
 //
 //  This test creates a linked list, maps it to a device
 //  (if available) and modidifies the data on the device.
 //  The data is mapped back and contents are verified
 //
 //  Last modified by Jose M Monsalve Diaz, December 24, 2019
 //
 ////===----------------------------------------------------------------------===//

 #include <stdlib.h>
 #include <omp.h>
 #include <stdio.h>
 #include ""ompvv.h""

 #define SIZE_LIST 10

 typedef struct node {
   int data;
   struct node *next;
 } node_t;

 void map_ll(node_t * head) {
   OMPVV_INFOMSG(""Entering map_ll"");

   node_t * temp = head;
   if (!temp) {
     OMPVV_ERROR(""Head was null"");
     return;
   }

 #pragma omp target enter data map(to:temp[:1])
 #pragma omp target
   {
     temp->data += 1;
   }
   while(temp->next) {
     //version 1
     // Note: using array dereference syntax, array section on leaf only
     // Attachment is *not* explicitly guaranteed
     //#pragma omp target enter data map(to:head[0].next[:1])
     //version 2
     //user does an explicit attachment, this is unequivocally correct code
     //but rather slower and nastier.
     node_t * cur = temp->next;
 #pragma omp target enter data map(to:cur[:1])
 #pragma omp target
     {
       cur->data += 1;
       temp->next = cur;
     }
     temp=temp->next;
   }
 }

 void unmap_ll(node_t * head) {
   OMPVV_INFOMSG(""Entering unmap_ll"");
   node_t * temp = head, *tempNext;

   if (!temp) {
     OMPVV_ERROR(""Head was null"");
     return;
   }

   tempNext = temp->next;
 #pragma omp target exit data map(from:temp[0:1])
   temp->next = tempNext;
   while(temp->next) {
     // Note: only copies back the data element to avoid overwriting next
     // pointer

     temp = temp->next;
     // Save broken link
     tempNext = temp->next;
 #pragma omp target exit data map(from: temp[0:1])
     // Fix broken link
     temp->next = tempNext;
   }
 }
 void push(node_t * head, int data) {
   node_t * current = head;
   while (current->next != NULL) {
     current = current->next;
   }

   // now we can add a new variable
   current->next = (node_t *) malloc(sizeof(node_t));
   current->next->data = data;
   current->next->next = NULL;
 }

 void display(node_t * head)
 {
   node_t * temp=head;
   while(temp!=NULL)
   {
     printf(""%d\n"",temp->data);
     temp=temp->next;
   }
 }

 int check(node_t * head)
 {
   OMPVV_INFOMSG(""Entering check"");
   int error = 0, i=0;
   node_t * temp=head;
   while(temp!=NULL)
   {
     OMPVV_TEST_AND_SET_VERBOSE(error, temp->data != i+1);
     i++;
     temp=temp->next;
   }
   return error;
 }

 int main() {

   OMPVV_TEST_OFFLOADING;
   int i, error = 0;
   node_t * head = NULL;
   head = (node_t *) malloc(sizeof(node_t));
   if (head == NULL) {
     OMPVV_ERROR(""There was a problem allocating the head node"");
     return 1;
   }

   head->data = 0;
   head->next = NULL;

   for(i=1; i < SIZE_LIST; i++)
     push(head,i);

   map_ll(head);
   unmap_ll(head);

   OMPVV_TEST_AND_SET_VERBOSE(error, check(head));

   while (head) {
     node_t * next = head->next;
     free (head);
     head = next;
   }

   OMPVV_REPORT_AND_RETURN(error);
   return 0;
 }
"," //===---linked_list.c--- Test that implements a linked list in the device-----===//
 //
 // OpenMP API Version 4.5 Nov 2015
 //
 //
 //  This test creates a linked list, maps it to a device
 //  (if available) and modidifies the data on the device.
 //  The data is mapped back and contents are verified
 //
 //  Last modified by Jose M Monsalve Diaz, December 24, 2019
 //
 ////===----------------------------------------------------------------------===//

 #include <stdlib.h>
 #include <omp.h>
 #include <stdio.h>
 #include ""ompvv.h""

 #define SIZE_LIST 10

 typedef struct node {
   int data;
   struct node *next;
 } node_t;

 void map_ll(node_t * head) {
   OMPVV_INFOMSG(""Entering map_ll"");

   node_t * temp = head;
   if (!temp) {
     OMPVV_ERROR(""Head was null"");
     return;
   }

 #pragma omp target enter data map(to:temp[:1])
 #pragma omp target
   {
     temp->data += 1;
   }
   while(temp->next) {
     //version 1
     // Note: using array dereference syntax, array section on leaf only
     // Attachment is *not* explicitly guaranteed
     //#pragma omp target enter data map(to:head[0].next[:1])
     //version 2
     //user does an explicit attachment, this is unequivocally correct code
     //but rather slower and nastier.
     node_t * cur = temp->next;
 #pragma omp target enter data map(from:cur[:1])
 #pragma omp target
     {
       cur->data += 1;
       temp->next = cur;
     }
     temp=temp->next;
   }
 }

 void unmap_ll(node_t * head) {
   OMPVV_INFOMSG(""Entering unmap_ll"");
   node_t * temp = head, *tempNext;

   if (!temp) {
     OMPVV_ERROR(""Head was null"");
     return;
   }

   tempNext = temp->next;
 #pragma omp target exit data map(from:temp[0:1])
   temp->next = tempNext;
   while(temp->next) {
     // Note: only copies back the data element to avoid overwriting next
     // pointer

     temp = temp->next;
     // Save broken link
     tempNext = temp->next;
 #pragma omp target exit data map(from: temp[0:1])
     // Fix broken link
     temp->next = tempNext;
   }
 }
 void push(node_t * head, int data) {
   node_t * current = head;
   while (current->next != NULL) {
     current = current->next;
   }

   // now we can add a new variable
   current->next = (node_t *) malloc(sizeof(node_t));
   current->next->data = data;
   current->next->next = NULL;
 }

 void display(node_t * head)
 {
   node_t * temp=head;
   while(temp!=NULL)
   {
     printf(""%d\n"",temp->data);
     temp=temp->next;
   }
 }

 int check(node_t * head)
 {
   OMPVV_INFOMSG(""Entering check"");
   int error = 0, i=0;
   node_t * temp=head;
   while(temp!=NULL)
   {
     OMPVV_TEST_AND_SET_VERBOSE(error, temp->data != i+1);
     i++;
     temp=temp->next;
   }
   return error;
 }

 int main() {

   OMPVV_TEST_OFFLOADING;
   int i, error = 0;
   node_t * head = NULL;
   head = (node_t *) malloc(sizeof(node_t));
   if (head == NULL) {
     OMPVV_ERROR(""There was a problem allocating the head node"");
     return 1;
   }

   head->data = 0;
   head->next = NULL;

   for(i=1; i < SIZE_LIST; i++)
     push(head,i);

   map_ll(head);
   unmap_ll(head);

   OMPVV_TEST_AND_SET_VERBOSE(error, check(head));

   while (head) {
     node_t * next = head->next;
     free (head);
     head = next;
   }

   OMPVV_REPORT_AND_RETURN(error);
   return 0;
 }
",HPC_BUGFIX_V2_1.xlsx,False,unknown,CHANGE_MAPPING,application_kernels,mapping,tests/4.5/application_kernels,4.5
tests/4.5/taskloop/test_taskloop_final.c,taskloop,condition_semantics,FINAL_TO_ZERO,medium,#pragma omp taskloop final(M == THRESHOLD),#pragma omp taskloop final(0),same-thread execution expected when M == THRESHOLD,wrong final-task behavior,60,test_taskloop_final_FINAL_TO_ZERO.c," //--------------------------------------------- test_taskloop_final.c ----------------------------------------//
 //
 // OpenMP API Version 4.5 August 2015
 //
 // This test checks the taskloop directive with the 'final' clause specified.
 // The 'taskloop' construct parallelizes loops with independent iterations by creating tasks.
 // It allows for efficient parallel execution of loop iterations by distributing them among multiple threads.
 // The 'final clause is used to ensure that group of tasks in taskloop are run by same thread 'if' the
 // 'final' (expression) is TRUE, else different threads could execute the tasks.
 //----------------------------------------------------------------------------------------------------------//

 #include <omp.h>
 #include <stdio.h>
 #include <stdlib.h>
 #include ""ompvv.h""

 #define NUM_TASKS 6
 #define NUM_THREADS 10

 #define M 100

 //The 2nd dimension of this array (i.e., 3) is dependent on the number of task constructs in the taskloop construct.
 int thread_ids[NUM_TASKS][3];


 //if all thread ids are same, val=1 else val=0
 int thread_ids_are_same_in_task() {

         int val = -1;
         for(int i = 0; i < NUM_TASKS; i++)
         {
                 int first = thread_ids[i][0];

                 for(int j = 1; j < 3; j++)
                 {
                         if(first != thread_ids[i][j]) {
                                 val = 0;  //if all the thread ids are not same per task
                                 break;
                         }
                         else if(first == thread_ids[i][j]) {
                                 val = 1; //if all the thread ids are same per task
                         }
                 }

                 if(val == 0)
                         break;
         }

         return val;
 }

 int test_taskloop_final(int THRESHOLD) {

   int errors = 0;

   #pragma omp parallel num_threads(NUM_THREADS)
   {
         #pragma omp single
         {
                 #pragma omp taskloop final(M == THRESHOLD)
                 for (int i = 0; i < NUM_TASKS; i++) {
                         #pragma omp task
                         {
                                 thread_ids[i][0] = omp_get_thread_num();
                         }
                         #pragma omp task
                         {
                                 thread_ids[i][1] = omp_get_thread_num();
                         }

                         #pragma omp task
                         {
                                 thread_ids[i][2] = omp_get_thread_num();
                         }

                 }
         }
   }

  int val = thread_ids_are_same_in_task();

   if (M == THRESHOLD) {
     if (val != 1) {
       errors++;
     }
   } else if (M != THRESHOLD) {
     if (val == 1) {
         OMPVV_WARNING(""Same thread has executed all the tasks generated by the taskloop"");
     } else if(val == 0) {
         OMPVV_INFOMSG(""Multiple threads have executed the tasks generated by the taskloop"");
     }
   }

   return errors;

 }

 int main() {

    int errors = 0;

    int THRESHOLD = 100; //Equal to M
    OMPVV_TEST_AND_SET_VERBOSE(errors, (test_taskloop_final(THRESHOLD) != 0));

    THRESHOLD = 110; // Not equal to M
    OMPVV_TEST_AND_SET_VERBOSE(errors, (test_taskloop_final(THRESHOLD) != 0));

    OMPVV_REPORT_AND_RETURN(errors);

    return 0;
 }
"," //--------------------------------------------- test_taskloop_final.c ----------------------------------------//
 //
 // OpenMP API Version 4.5 August 2015
 //
 // This test checks the taskloop directive with the 'final' clause specified.
 // The 'taskloop' construct parallelizes loops with independent iterations by creating tasks.
 // It allows for efficient parallel execution of loop iterations by distributing them among multiple threads.
 // The 'final clause is used to ensure that group of tasks in taskloop are run by same thread 'if' the
 // 'final' (expression) is TRUE, else different threads could execute the tasks.
 //----------------------------------------------------------------------------------------------------------//

 #include <omp.h>
 #include <stdio.h>
 #include <stdlib.h>
 #include ""ompvv.h""

 #define NUM_TASKS 6
 #define NUM_THREADS 10

 #define M 100

 //The 2nd dimension of this array (i.e., 3) is dependent on the number of task constructs in the taskloop construct.
 int thread_ids[NUM_TASKS][3];


 //if all thread ids are same, val=1 else val=0
 int thread_ids_are_same_in_task() {

         int val = -1;
         for(int i = 0; i < NUM_TASKS; i++)
         {
                 int first = thread_ids[i][0];

                 for(int j = 1; j < 3; j++)
                 {
                         if(first != thread_ids[i][j]) {
                                 val = 0;  //if all the thread ids are not same per task
                                 break;
                         }
                         else if(first == thread_ids[i][j]) {
                                 val = 1; //if all the thread ids are same per task
                         }
                 }

                 if(val == 0)
                         break;
         }

         return val;
 }

 int test_taskloop_final(int THRESHOLD) {

   int errors = 0;

   #pragma omp parallel num_threads(NUM_THREADS)
   {
         #pragma omp single
         {
                 #pragma omp taskloop final(0)
                 for (int i = 0; i < NUM_TASKS; i++) {
                         #pragma omp task
                         {
                                 thread_ids[i][0] = omp_get_thread_num();
                         }
                         #pragma omp task
                         {
                                 thread_ids[i][1] = omp_get_thread_num();
                         }

                         #pragma omp task
                         {
                                 thread_ids[i][2] = omp_get_thread_num();
                         }

                 }
         }
   }

  int val = thread_ids_are_same_in_task();

   if (M == THRESHOLD) {
     if (val != 1) {
       errors++;
     }
   } else if (M != THRESHOLD) {
     if (val == 1) {
         OMPVV_WARNING(""Same thread has executed all the tasks generated by the taskloop"");
     } else if(val == 0) {
         OMPVV_INFOMSG(""Multiple threads have executed the tasks generated by the taskloop"");
     }
   }

   return errors;

 }

 int main() {

    int errors = 0;

    int THRESHOLD = 100; //Equal to M
    OMPVV_TEST_AND_SET_VERBOSE(errors, (test_taskloop_final(THRESHOLD) != 0));

    THRESHOLD = 110; // Not equal to M
    OMPVV_TEST_AND_SET_VERBOSE(errors, (test_taskloop_final(THRESHOLD) != 0));

    OMPVV_REPORT_AND_RETURN(errors);

    return 0;
 }
",HPC_BUGFIX_V2_1.xlsx,False,unknown,CHANGE_CONFIGURATION,taskloop,loop,tests/4.5/taskloop,4.5
tests/4.5/taskloop/test_taskloop_shared.c,taskloop,synchronization,REMOVE_ATOMIC,high,#pragma omp atomic,/* atomic removed */,real_sum == all_thread_sum,shared accumulation race produces wrong final sum,37,test_taskloop_shared_REMOVE_ATOMIC.c,"//------------------------------------------- test_taskloop_shared.c --------------------------------------//
//
// OpenMP API Version 4.5 November 2015
//
// This test checks the 'taskloop' directive with the 'shared' clause specified.
// The 'taskloop' construct parallelize loops with independent iterations by creating tasks.
// It allows for efficient parallel execution of loop iterations by distributing them among multiple threads.
// The 'shared' clause ensures that vaiable is shared with all the tasks.
//----------------------------------------------------------------------------------------------------------//

#include <stdio.h>
#include <omp.h>
#include ""ompvv.h""

#define NUM_THREADS 50
#define NUM_TASKS 1000

int test_taskloop_shared() {

  int errors = 0;

  long int all_thread_sum, real_sum = 0;
  long int shared_var = 0; //This variable is shared with all the tasks.

   //get valid sum without openmp
   for(int i = 0; i < NUM_TASKS; i++) {
     real_sum = real_sum + i;
   }

   #pragma omp parallel num_threads(NUM_THREADS)
   {
      #pragma omp single
      {
        #pragma omp taskloop shared(shared_var)
        for(int i = 0; i < NUM_TASKS; i++)
        {
            #pragma omp atomic
            shared_var = shared_var + i;
        }
      }
   }

   all_thread_sum = shared_var;
   OMPVV_TEST_AND_SET_VERBOSE(errors, real_sum != all_thread_sum);

   return errors;
}

int main() {

  int errors = 0;

  OMPVV_TEST_AND_SET_VERBOSE(errors, (test_taskloop_shared()) != 0);
  OMPVV_REPORT_AND_RETURN(errors);

  return 0;
}
","//------------------------------------------- test_taskloop_shared.c --------------------------------------//
//
// OpenMP API Version 4.5 November 2015
//
// This test checks the 'taskloop' directive with the 'shared' clause specified.
// The 'taskloop' construct parallelize loops with independent iterations by creating tasks.
// It allows for efficient parallel execution of loop iterations by distributing them among multiple threads.
// The 'shared' clause ensures that vaiable is shared with all the tasks.
//----------------------------------------------------------------------------------------------------------//

#include <stdio.h>
#include <omp.h>
#include ""ompvv.h""

#define NUM_THREADS 50
#define NUM_TASKS 1000

int test_taskloop_shared() {

  int errors = 0;

  long int all_thread_sum, real_sum = 0;
  long int shared_var = 0; //This variable is shared with all the tasks.

   //get valid sum without openmp
   for(int i = 0; i < NUM_TASKS; i++) {
     real_sum = real_sum + i;
   }

   #pragma omp parallel num_threads(NUM_THREADS)
   {
      #pragma omp single
      {
        #pragma omp taskloop shared(shared_var)
        for(int i = 0; i < NUM_TASKS; i++)
        {
            /* atomic removed */
            shared_var = shared_var + i;
        }
      }
   }

   all_thread_sum = shared_var;
   OMPVV_TEST_AND_SET_VERBOSE(errors, real_sum != all_thread_sum);

   return errors;
}

int main() {

  int errors = 0;

  OMPVV_TEST_AND_SET_VERBOSE(errors, (test_taskloop_shared()) != 0);
  OMPVV_REPORT_AND_RETURN(errors);

  return 0;
}
",HPC_BUGFIX_V2_2.xlsx,False,unknown,REMOVE_SYNCHRONIZATION,application_kernels,atomic,tests/4.5/taskloop,4.5
tests/4.5/taskloop/test_taskloop_shared.c,taskloop,data_sharing,SHARED_TO_PRIVATE,high,#pragma omp taskloop shared(shared_var),#pragma omp taskloop private(shared_var),real_sum == all_thread_sum,tasks do not update one shared accumulator,34,test_taskloop_shared_SHARED_TO_PRIVATE.c,"//------------------------------------------- test_taskloop_shared.c --------------------------------------//
//
// OpenMP API Version 4.5 November 2015
//
// This test checks the 'taskloop' directive with the 'shared' clause specified.
// The 'taskloop' construct parallelize loops with independent iterations by creating tasks.
// It allows for efficient parallel execution of loop iterations by distributing them among multiple threads.
// The 'shared' clause ensures that vaiable is shared with all the tasks.
//----------------------------------------------------------------------------------------------------------//

#include <stdio.h>
#include <omp.h>
#include ""ompvv.h""

#define NUM_THREADS 50
#define NUM_TASKS 1000

int test_taskloop_shared() {

  int errors = 0;

  long int all_thread_sum, real_sum = 0;
  long int shared_var = 0; //This variable is shared with all the tasks.

   //get valid sum without openmp
   for(int i = 0; i < NUM_TASKS; i++) {
     real_sum = real_sum + i;
   }

   #pragma omp parallel num_threads(NUM_THREADS)
   {
      #pragma omp single
      {
        #pragma omp taskloop shared(shared_var)
        for(int i = 0; i < NUM_TASKS; i++)
        {
            #pragma omp atomic
            shared_var = shared_var + i;
        }
      }
   }

   all_thread_sum = shared_var;
   OMPVV_TEST_AND_SET_VERBOSE(errors, real_sum != all_thread_sum);

   return errors;
}

int main() {

  int errors = 0;

  OMPVV_TEST_AND_SET_VERBOSE(errors, (test_taskloop_shared()) != 0);
  OMPVV_REPORT_AND_RETURN(errors);

  return 0;
}
","//------------------------------------------- test_taskloop_shared.c --------------------------------------//
//
// OpenMP API Version 4.5 November 2015
//
// This test checks the 'taskloop' directive with the 'shared' clause specified.
// The 'taskloop' construct parallelize loops with independent iterations by creating tasks.
// It allows for efficient parallel execution of loop iterations by distributing them among multiple threads.
// The 'shared' clause ensures that vaiable is shared with all the tasks.
//----------------------------------------------------------------------------------------------------------//

#include <stdio.h>
#include <omp.h>
#include ""ompvv.h""

#define NUM_THREADS 50
#define NUM_TASKS 1000

int test_taskloop_shared() {

  int errors = 0;

  long int all_thread_sum, real_sum = 0;
  long int shared_var = 0; //This variable is shared with all the tasks.

   //get valid sum without openmp
   for(int i = 0; i < NUM_TASKS; i++) {
     real_sum = real_sum + i;
   }

   #pragma omp parallel num_threads(NUM_THREADS)
   {
      #pragma omp single
      {
        #pragma omp taskloop private(shared_var)
        for(int i = 0; i < NUM_TASKS; i++)
        {
            #pragma omp atomic
            shared_var = shared_var + i;
        }
      }
   }

   all_thread_sum = shared_var;
   OMPVV_TEST_AND_SET_VERBOSE(errors, real_sum != all_thread_sum);

   return errors;
}

int main() {

  int errors = 0;

  OMPVV_TEST_AND_SET_VERBOSE(errors, (test_taskloop_shared()) != 0);
  OMPVV_REPORT_AND_RETURN(errors);

  return 0;
}
",HPC_BUGFIX_V2_2.xlsx,False,unknown,CHANGE_CLAUSE,taskloop,data_sharing,tests/4.5/taskloop,4.5
tests/4.5/task/test_task_lock.c,task,synchronization,REMOVE_LOCK_COUNTPRIME,high,omp_set_lock(&lock);,/* lock acquisition removed */,countPrime == expectedVal,shared prime-count increment races in advanced lock test,94,test_task_lock_REMOVE_SET_LOCK_COUNTPRIME.c,"//===-- test_task_lock.c ------------------------------------------------===//
//
// OpenMP API Version 4.5 Nov 2015
//
// Description
// testTaskWithLockBasic()
// This is a basic test to demonstrate how a shared resource
// can be accessed and written to in multiple thread environment.
//
// testTaskWithLockAdvanced()
// This is a advanced test to demonstrate how a shared resource
// can be accessed and written to in multiple thread environment.
// In this a buffer is filled with random integers. The parallel
// region counts the number of prime integers.
//===----------------------------------------------------------------------===//



#include <stdio.h>
#include <assert.h>
#include <stdlib.h>
#include <omp.h>
#include ""ompvv.h""

int testTaskWithLockBasic(int numThreads) {
  int errors = 0;
  int count = 0;
  omp_lock_t lock;
  omp_init_lock(&lock);
  omp_set_num_threads(numThreads);
#pragma omp parallel
  {
#pragma omp task
    {
    omp_set_lock(&lock);
    {
      count = count + 1;
    }
    omp_unset_lock(&lock);
    }
  }
  omp_destroy_lock(&lock);
  int ret = 0;
  if (count == numThreads) {
    ret = 0;
  } else {
    ret = -1;
  }
  OMPVV_TEST_AND_SET_VERBOSE(errors, ret != 0);
  return errors;
}

/**
  Local Function check if number is prime
*/
int isPrime(unsigned int number) {
  int ret = 0;
  if (number < 2) {
    return 1;
  }
  for (int num = 2; (num*num) <= number; num++) {
    if ((number % num) == 0) {
      ret = 1;
      break;
    }
  }
  return ret;
}

int testTaskWithLockAdvanced(int numThreads, int expectedVal) {
  int errors = 0;
  omp_lock_t lock;
  omp_init_lock(&lock);
  int countPrime = 0, count = 0;
  unsigned int *A = (unsigned int*) (malloc(numThreads*sizeof(unsigned int)));
  omp_set_num_threads(numThreads);
  // fill data
  for (int i = 0; i < numThreads; i++) {
    A[i] = i;
  }
  // Calculate number of prime numbers
#pragma omp parallel
  {
#pragma omp task
    {
      int idx = 0;
      omp_set_lock(&lock);
      {
        count++;
        idx = count - 1;
      }
      omp_unset_lock(&lock);
      int ret = isPrime(A[idx]);
      omp_set_lock(&lock);
      {
        if (ret == 0) {
          countPrime++;
        }
      }
      omp_unset_lock(&lock);
    }
  }
  free(A);
  omp_destroy_lock(&lock);
  OMPVV_TEST_AND_SET_VERBOSE(errors, countPrime != expectedVal);
  return errors;
}

int main() {
  int errors = 0;
  OMPVV_TEST_AND_SET_VERBOSE(errors, testTaskWithLockBasic(4));
  OMPVV_TEST_AND_SET_VERBOSE(errors, testTaskWithLockBasic(8));
  OMPVV_TEST_AND_SET_VERBOSE(errors, testTaskWithLockBasic(16));
  OMPVV_TEST_AND_SET_VERBOSE(errors, testTaskWithLockBasic(32));
  OMPVV_TEST_AND_SET_VERBOSE(errors, testTaskWithLockBasic(64));

  OMPVV_TEST_AND_SET_VERBOSE(errors, testTaskWithLockAdvanced(1, 0));
  OMPVV_TEST_AND_SET_VERBOSE(errors, testTaskWithLockAdvanced(4, 2));
  OMPVV_TEST_AND_SET_VERBOSE(errors, testTaskWithLockAdvanced(8, 4));
  OMPVV_TEST_AND_SET_VERBOSE(errors, testTaskWithLockAdvanced(16, 6));
  OMPVV_TEST_AND_SET_VERBOSE(errors, testTaskWithLockAdvanced(32, 11));
  OMPVV_TEST_AND_SET_VERBOSE(errors, testTaskWithLockAdvanced(64, 18));

  OMPVV_REPORT_AND_RETURN(errors);
}
","//===-- test_task_lock.c ------------------------------------------------===//
//
// OpenMP API Version 4.5 Nov 2015
//
// Description
// testTaskWithLockBasic()
// This is a basic test to demonstrate how a shared resource
// can be accessed and written to in multiple thread environment.
//
// testTaskWithLockAdvanced()
// This is a advanced test to demonstrate how a shared resource
// can be accessed and written to in multiple thread environment.
// In this a buffer is filled with random integers. The parallel
// region counts the number of prime integers.
//===----------------------------------------------------------------------===//



#include <stdio.h>
#include <assert.h>
#include <stdlib.h>
#include <omp.h>
#include ""ompvv.h""

int testTaskWithLockBasic(int numThreads) {
  int errors = 0;
  int count = 0;
  omp_lock_t lock;
  omp_init_lock(&lock);
  omp_set_num_threads(numThreads);
#pragma omp parallel
  {
#pragma omp task
    {
    omp_set_lock(&lock);
    {
      count = count + 1;
    }
    omp_unset_lock(&lock);
    }
  }
  omp_destroy_lock(&lock);
  int ret = 0;
  if (count == numThreads) {
    ret = 0;
  } else {
    ret = -1;
  }
  OMPVV_TEST_AND_SET_VERBOSE(errors, ret != 0);
  return errors;
}

/**
  Local Function check if number is prime
*/
int isPrime(unsigned int number) {
  int ret = 0;
  if (number < 2) {
    return 1;
  }
  for (int num = 2; (num*num) <= number; num++) {
    if ((number % num) == 0) {
      ret = 1;
      break;
    }
  }
  return ret;
}

int testTaskWithLockAdvanced(int numThreads, int expectedVal) {
  int errors = 0;
  omp_lock_t lock;
  omp_init_lock(&lock);
  int countPrime = 0, count = 0;
  unsigned int *A = (unsigned int*) (malloc(numThreads*sizeof(unsigned int)));
  omp_set_num_threads(numThreads);
  // fill data
  for (int i = 0; i < numThreads; i++) {
    A[i] = i;
  }
  // Calculate number of prime numbers
#pragma omp parallel
  {
#pragma omp task
    {
      int idx = 0;
      omp_set_lock(&lock);
      {
        count++;
        idx = count - 1;
      }
      omp_unset_lock(&lock);
      int ret = isPrime(A[idx]);
      omp_set_lock(&lock);
      {
        if (ret == 0) {
          countPrime++;
        }
      }
      omp_unset_lock(&lock);
    }
  }
  free(A);
  omp_destroy_lock(&lock);
  OMPVV_TEST_AND_SET_VERBOSE(errors, countPrime != expectedVal);
  return errors;
}

int main() {
  int errors = 0;
  OMPVV_TEST_AND_SET_VERBOSE(errors, testTaskWithLockBasic(4));
  OMPVV_TEST_AND_SET_VERBOSE(errors, testTaskWithLockBasic(8));
  OMPVV_TEST_AND_SET_VERBOSE(errors, testTaskWithLockBasic(16));
  OMPVV_TEST_AND_SET_VERBOSE(errors, testTaskWithLockBasic(32));
  OMPVV_TEST_AND_SET_VERBOSE(errors, testTaskWithLockBasic(64));

  OMPVV_TEST_AND_SET_VERBOSE(errors, testTaskWithLockAdvanced(1, 0));
  OMPVV_TEST_AND_SET_VERBOSE(errors, testTaskWithLockAdvanced(4, 2));
  OMPVV_TEST_AND_SET_VERBOSE(errors, testTaskWithLockAdvanced(8, 4));
  OMPVV_TEST_AND_SET_VERBOSE(errors, testTaskWithLockAdvanced(16, 6));
  OMPVV_TEST_AND_SET_VERBOSE(errors, testTaskWithLockAdvanced(32, 11));
  OMPVV_TEST_AND_SET_VERBOSE(errors, testTaskWithLockAdvanced(64, 18));

  OMPVV_REPORT_AND_RETURN(errors);
}      /* lock acquisition removed */------------------------------------------------===//
//
// OpenMP API Version 4.5 Nov 2015
//
// Description
// testTaskWithLockBasic()
// This is a basic test to demonstrate how a shared resource
// can be accessed and written to in multiple thread environment.
//
// testTaskWithLockAdvanced()
// This is a advanced test to demonstrate how a shared resource
// can be accessed and written to in multiple thread environment.
// In this a buffer is filled with random integers. The parallel
// region counts the number of prime integers.
//===----------------------------------------------------------------------===//



#include <stdio.h>
#include <assert.h>
#include <stdlib.h>
#include <omp.h>
#include ""ompvv.h""

int testTaskWithLockBasic(int numThreads) {
  int errors = 0;
  int count = 0;
  omp_lock_t lock;
  omp_init_lock(&lock);
  omp_set_num_threads(numThreads);
#pragma omp parallel
  {
#pragma omp task
    {
    omp_set_lock(&lock);
    {
      count = count + 1;
    }
    omp_unset_lock(&lock);
    }
  }
  omp_destroy_lock(&lock);
  int ret = 0;
  if (count == numThreads) {
    ret = 0;
  } else {
    ret = -1;
  }
  OMPVV_TEST_AND_SET_VERBOSE(errors, ret != 0);
  return errors;
}

/**
  Local Function check if number is prime
*/
int isPrime(unsigned int number) {
  int ret = 0;
  if (number < 2) {
    return 1;
  }
  for (int num = 2; (num*num) <= number; num++) {
    if ((number % num) == 0) {
      ret = 1;
      break;
    }
  }
  return ret;
}

int testTaskWithLockAdvanced(int numThreads, int expectedVal) {
  int errors = 0;
  omp_lock_t lock;
  omp_init_lock(&lock);
  int countPrime = 0, count = 0;
  unsigned int *A = (unsigned int*) (malloc(numThreads*sizeof(unsigned int)));
  omp_set_num_threads(numThreads);
  // fill data
  for (int i = 0; i < numThreads; i++) {
    A[i] = i;
  }
  // Calculate number of prime numbers
#pragma omp parallel
  {
#pragma omp task
    {
      int idx = 0;
      omp_set_lock(&lock);
      {
        count++;
        idx = count - 1;
      }
      omp_unset_lock(&lock);
      int ret = isPrime(A[idx]);
      omp_set_lock(&lock);
      {
        if (ret == 0) {
          countPrime++;
        }
      }
      omp_unset_lock(&lock);
    }
  }
  free(A);
  omp_destroy_lock(&lock);
  OMPVV_TEST_AND_SET_VERBOSE(errors, countPrime != expectedVal);
  return errors;
}

int main() {
  int errors = 0;
  OMPVV_TEST_AND_SET_VERBOSE(errors, testTaskWithLockBasic(4));
  OMPVV_TEST_AND_SET_VERBOSE(errors, testTaskWithLockBasic(8));
  OMPVV_TEST_AND_SET_VERBOSE(errors, testTaskWithLockBasic(16));
  OMPVV_TEST_AND_SET_VERBOSE(errors, testTaskWithLockBasic(32));
  OMPVV_TEST_AND_SET_VERBOSE(errors, testTaskWithLockBasic(64));

  OMPVV_TEST_AND_SET_VERBOSE(errors, testTaskWithLockAdvanced(1, 0));
  OMPVV_TEST_AND_SET_VERBOSE(errors, testTaskWithLockAdvanced(4, 2));
  OMPVV_TEST_AND_SET_VERBOSE(errors, testTaskWithLockAdvanced(8, 4));
  OMPVV_TEST_AND_SET_VERBOSE(errors, testTaskWithLockAdvanced(16, 6));
  OMPVV_TEST_AND_SET_VERBOSE(errors, testTaskWithLockAdvanced(32, 11));
  OMPVV_TEST_AND_SET_VERBOSE(errors, testTaskWithLockAdvanced(64, 18));

  OMPVV_REPORT_AND_RETURN(errors);
}
",HPC_BUGFIX_V2_2.xlsx,False,unknown,REMOVE_STATEMENT,task,runtime_api,tests/4.5/task,4.5
tests/4.5/task/test_task_ThrdPrivate.c,task,condition_semantics,IF0_TO_IF1,medium_high,#pragma omp task if(0),#pragma omp task if(1),IfTstFailed == 0 and outer GlobalVar == 0,deferred task changes threadprivate behavior under test,54,test_task_ThrdPrivate_IF0_TO_IF1.c,"//===-- test_task_ThrdPrivate.c ------------------------------------------------===//
//
// OpenMP API Version 4.5 Nov 2015
//
// Description
// 1) The aim of the test case is to verify the functionality
// of threadprivate construct when used under the influence of task construct
// FuncABC() functions tests if thread 0 still has updated GlobalVar variable
// while other threads observed GlobalVar still see 0
// 2) In the main there is a check to verify GlobalVar is 0. This is because
// what ever changes happen inside the task block are not reflected outside
//===----------------------------------------------------------------------===//


#include <stdio.h>
#include <stdbool.h>
#include <unistd.h>
#include ""omp.h""
#include ""ompvv.h""
#define THREADS 64

#define INIT_VAL 9999


int IfTstFailed = 0;

int GlobalVar;
#pragma omp threadprivate(GlobalVar)

void FuncABC() {
  int ThrdId = omp_get_thread_num();

  {
    if (ThrdId == 0) {
      if ((GlobalVar != INIT_VAL)) {
        IfTstFailed++;
      }
    } else {
      if (GlobalVar != 0) {
        IfTstFailed++;
      }
    }
  }
}


int main() {
  int errors = 0;
  omp_set_num_threads(THREADS);
  GlobalVar = INIT_VAL;
#pragma omp parallel
  {
    int ThrdId = omp_get_thread_num();
#pragma omp task if(0)
    {
      FuncABC();
      GlobalVar = ThrdId;
    }
  }

  if (GlobalVar != 0) {
      IfTstFailed++;
  }
  OMPVV_TEST_AND_SET_VERBOSE(errors, (IfTstFailed != 0));
  OMPVV_REPORT_AND_RETURN(errors);
}
","//===-- test_task_ThrdPrivate.c ------------------------------------------------===//
//
// OpenMP API Version 4.5 Nov 2015
//
// Description
// 1) The aim of the test case is to verify the functionality
// of threadprivate construct when used under the influence of task construct
// FuncABC() functions tests if thread 0 still has updated GlobalVar variable
// while other threads observed GlobalVar still see 0
// 2) In the main there is a check to verify GlobalVar is 0. This is because
// what ever changes happen inside the task block are not reflected outside
//===----------------------------------------------------------------------===//


#include <stdio.h>
#include <stdbool.h>
#include <unistd.h>
#include ""omp.h""
#include ""ompvv.h""
#define THREADS 64

#define INIT_VAL 9999


int IfTstFailed = 0;

int GlobalVar;
#pragma omp threadprivate(GlobalVar)

void FuncABC() {
  int ThrdId = omp_get_thread_num();

  {
    if (ThrdId == 0) {
      if ((GlobalVar != INIT_VAL)) {
        IfTstFailed++;
      }
    } else {
      if (GlobalVar != 0) {
        IfTstFailed++;
      }
    }
  }
}


int main() {
  int errors = 0;
  omp_set_num_threads(THREADS);
  GlobalVar = INIT_VAL;
#pragma omp parallel
  {
    int ThrdId = omp_get_thread_num();
#pragma omp task if(1)
    {
      FuncABC();
      GlobalVar = ThrdId;
    }
  }

  if (GlobalVar != 0) {
      IfTstFailed++;
  }
  OMPVV_TEST_AND_SET_VERBOSE(errors, (IfTstFailed != 0));
  OMPVV_REPORT_AND_RETURN(errors);
}
",HPC_BUGFIX_V2_2.xlsx,False,unknown,CHANGE_CONDITION,task,task_if,tests/4.5/task,4.5
tests/4.5/task/test_task_final.c,task,condition_semantics,FINAL_ISFINAL_TO_NOT_ISFINAL,medium,#pragma omp task final(isFinal),#pragma omp task final(!isFinal),omp_in_final() result matches isFinal in testTaskWithFinalSimple,final status is inverted relative to the file-local oracle,51,test_task_final_SIMPLE_FINAL_NEGATE.c,"//===-- test_task_final.c ------------------------------------------------===//
//
// OpenMP API Version 4.5 Nov 2015
//
// Description:
// testTaskWithFinalSimple():
// This test demonstrates the use of final clause with tasks.
// In this test we prove that omp_in_final() returns true
// when the task is final else returns false.
//
//testNestedTaskWithFinalSimple()
//This test demonstrates that all nested tasks under a final task
// are also final tasks.
//
//testTaskWithFinalAdvanced()
//This test demonstrates the use of final clause with tasks.
// In this test we prove that if a task is declared as final,
// then all subsequent tasks generated by this task will undeferred
// tasks. Hence they all will be executed in the same thread as
// parent task and each child task will be executed in order.

//===----------------------------------------------------------------------===//

#include <stdio.h>
#include <assert.h>
#include <stdlib.h>
#include <omp.h>
#include ""ompvv.h""

// defines
#define INC 5
#define MUL 7
#define DIV 3
#define DEC 11
#define INITVAL 10

int testTaskWithFinalSimple(int numThreads, int isFinal) {
  int errors = 0;
  int ret = 0;
  int *A = (int*) (malloc(numThreads*sizeof(int)));
  assert(A != NULL);
  omp_set_num_threads(numThreads);
  // Initialize the arrays
  for (int i = 0; i < numThreads; i++) {
    A[i] = -1;
  }
#pragma omp parallel
  {
    int id = omp_get_thread_num();
  // undeferred
#pragma omp task final(isFinal)
    {
      A[id] = omp_in_final();
    }
  }
  for (int i = 0; i < numThreads; i++) {
    if ((isFinal == 1) && (A[i] == 0)) {
      ret = -1;
      break;
    } else if ((isFinal == 0) && (A[i] != 0)) {
      ret = -1;
      break;
    }
  }
  free(A);
  OMPVV_TEST_AND_SET_VERBOSE(errors, ret != 0);
  return errors;
}

int testNestedTaskWithFinalSimple(int numThreads) {
  int errors = 0;
  int ret = 0;
  int *A = (int*) (malloc(numThreads*sizeof(int)));
  assert(A != NULL);
  omp_set_num_threads(numThreads);
  // Initialize the arrays
  for (int i = 0; i < numThreads; i++) {
    A[i] = 0;
  }
#pragma omp parallel
  {
    int id = omp_get_thread_num();
  // undeferred
#pragma omp task final(1)
    {
#pragma omp task shared(id)
      {
        A[id] = omp_in_final();
      }
    }
  }
  for (int i = 0; i < numThreads; i++) {
    if (A[i] == 0) {
      ret = -1;
      break;
    }
  }
  free(A);
  OMPVV_TEST_AND_SET_VERBOSE(errors, ret != 0);
  return errors;
}

int testTaskWithFinalAdvanced(int numThreads) {
  int errors = 0;
  int ret = 0;
  int *A = (int*) (malloc(numThreads*sizeof(int)));
  assert(A != NULL);
  int *B = (int*) (malloc(numThreads*sizeof(int)));
  assert(B != NULL);
  omp_set_num_threads(numThreads);
  // Initialize the arrays
  for (int i = 0; i < numThreads; i++) {
    A[i] = 0;
    B[i] = INITVAL;
  }
#pragma omp parallel
  {
    int id = omp_get_thread_num();
#pragma omp task final(1)
    {
      int first_final_task_thrdid = omp_get_thread_num();
      int first_1stchld_task_thrdid = 0, first_2ndchld_task_thrdid = 0,
      first_3rdchld_task_thrdid = 0, root_id = id;
#pragma omp task shared(first_1stchld_task_thrdid, root_id)
        {
          first_1stchld_task_thrdid = omp_get_thread_num();
          B[root_id] += INC;
#pragma omp task shared(root_id)
          {
            B[root_id] /= DIV;
          }
        }
#pragma omp task shared(first_2ndchld_task_thrdid, root_id)
        {
          first_2ndchld_task_thrdid = omp_get_thread_num();
          B[root_id] *= MUL;
        }
#pragma omp task shared(first_3rdchld_task_thrdid, root_id)
        {
          first_3rdchld_task_thrdid = omp_get_thread_num();
          B[root_id] -= DEC;
        }
        if ((first_final_task_thrdid == first_1stchld_task_thrdid) &&
           (first_final_task_thrdid == first_2ndchld_task_thrdid) &&
           (first_final_task_thrdid == first_3rdchld_task_thrdid)) {
          A[root_id] = 1;
        }
    }
  }
  for (int i = 0; i < numThreads; i++) {
    if ((A[i] != 1) || (B[i] != (((INITVAL + INC)/DIV)*MUL - DEC))) {
      ret = 1;
      break;
    }
  }
  free(B);
  free(A);
  OMPVV_TEST_AND_SET_VERBOSE(errors, ret != 0);
  return errors;
}

int main() {
  int errors = 0;
  OMPVV_TEST_AND_SET_VERBOSE(errors, testNestedTaskWithFinalSimple(4));
  OMPVV_TEST_AND_SET_VERBOSE(errors, testNestedTaskWithFinalSimple(8));
  OMPVV_TEST_AND_SET_VERBOSE(errors, testNestedTaskWithFinalSimple(16));
  OMPVV_TEST_AND_SET_VERBOSE(errors, testNestedTaskWithFinalSimple(32));
  OMPVV_TEST_AND_SET_VERBOSE(errors, testNestedTaskWithFinalSimple(64));

  OMPVV_TEST_AND_SET_VERBOSE(errors, testTaskWithFinalSimple(4, 1));
  OMPVV_TEST_AND_SET_VERBOSE(errors, testTaskWithFinalSimple(8, 1));
  OMPVV_TEST_AND_SET_VERBOSE(errors, testTaskWithFinalSimple(16, 1));
  OMPVV_TEST_AND_SET_VERBOSE(errors, testTaskWithFinalSimple(32, 1));
  OMPVV_TEST_AND_SET_VERBOSE(errors, testTaskWithFinalSimple(64, 1));
  OMPVV_TEST_AND_SET_VERBOSE(errors, testTaskWithFinalSimple(4, 0));
  OMPVV_TEST_AND_SET_VERBOSE(errors, testTaskWithFinalSimple(8, 0));
  OMPVV_TEST_AND_SET_VERBOSE(errors, testTaskWithFinalSimple(16, 0));
  OMPVV_TEST_AND_SET_VERBOSE(errors, testTaskWithFinalSimple(32, 0));
  OMPVV_TEST_AND_SET_VERBOSE(errors, testTaskWithFinalSimple(64, 0));

  OMPVV_TEST_AND_SET_VERBOSE(errors, testTaskWithFinalAdvanced(4));
  OMPVV_TEST_AND_SET_VERBOSE(errors, testTaskWithFinalAdvanced(8));
  OMPVV_TEST_AND_SET_VERBOSE(errors, testTaskWithFinalAdvanced(16));
  OMPVV_TEST_AND_SET_VERBOSE(errors, testTaskWithFinalAdvanced(32));
  OMPVV_TEST_AND_SET_VERBOSE(errors, testTaskWithFinalAdvanced(64));
  OMPVV_REPORT_AND_RETURN(errors);
}
","//===-- test_task_final.c ------------------------------------------------===//
//
// OpenMP API Version 4.5 Nov 2015
//
// Description:
// testTaskWithFinalSimple():
// This test demonstrates the use of final clause with tasks.
// In this test we prove that omp_in_final() returns true
// when the task is final else returns false.
//
//testNestedTaskWithFinalSimple()
//This test demonstrates that all nested tasks under a final task
// are also final tasks.
//
//testTaskWithFinalAdvanced()
//This test demonstrates the use of final clause with tasks.
// In this test we prove that if a task is declared as final,
// then all subsequent tasks generated by this task will undeferred
// tasks. Hence they all will be executed in the same thread as
// parent task and each child task will be executed in order.

//===----------------------------------------------------------------------===//

#include <stdio.h>
#include <assert.h>
#include <stdlib.h>
#include <omp.h>
#include ""ompvv.h""

// defines
#define INC 5
#define MUL 7
#define DIV 3
#define DEC 11
#define INITVAL 10

int testTaskWithFinalSimple(int numThreads, int isFinal) {
  int errors = 0;
  int ret = 0;
  int *A = (int*) (malloc(numThreads*sizeof(int)));
  assert(A != NULL);
  omp_set_num_threads(numThreads);
  // Initialize the arrays
  for (int i = 0; i < numThreads; i++) {
    A[i] = -1;
  }
#pragma omp parallel
  {
    int id = omp_get_thread_num();
  // undeferred
#pragma omp task final(!isFinal)
    {
      A[id] = omp_in_final();
    }
  }
  for (int i = 0; i < numThreads; i++) {
    if ((isFinal == 1) && (A[i] == 0)) {
      ret = -1;
      break;
    } else if ((isFinal == 0) && (A[i] != 0)) {
      ret = -1;
      break;
    }
  }
  free(A);
  OMPVV_TEST_AND_SET_VERBOSE(errors, ret != 0);
  return errors;
}

int testNestedTaskWithFinalSimple(int numThreads) {
  int errors = 0;
  int ret = 0;
  int *A = (int*) (malloc(numThreads*sizeof(int)));
  assert(A != NULL);
  omp_set_num_threads(numThreads);
  // Initialize the arrays
  for (int i = 0; i < numThreads; i++) {
    A[i] = 0;
  }
#pragma omp parallel
  {
    int id = omp_get_thread_num();
  // undeferred
#pragma omp task final(1)
    {
#pragma omp task shared(id)
      {
        A[id] = omp_in_final();
      }
    }
  }
  for (int i = 0; i < numThreads; i++) {
    if (A[i] == 0) {
      ret = -1;
      break;
    }
  }
  free(A);
  OMPVV_TEST_AND_SET_VERBOSE(errors, ret != 0);
  return errors;
}

int testTaskWithFinalAdvanced(int numThreads) {
  int errors = 0;
  int ret = 0;
  int *A = (int*) (malloc(numThreads*sizeof(int)));
  assert(A != NULL);
  int *B = (int*) (malloc(numThreads*sizeof(int)));
  assert(B != NULL);
  omp_set_num_threads(numThreads);
  // Initialize the arrays
  for (int i = 0; i < numThreads; i++) {
    A[i] = 0;
    B[i] = INITVAL;
  }
#pragma omp parallel
  {
    int id = omp_get_thread_num();
#pragma omp task final(1)
    {
      int first_final_task_thrdid = omp_get_thread_num();
      int first_1stchld_task_thrdid = 0, first_2ndchld_task_thrdid = 0,
      first_3rdchld_task_thrdid = 0, root_id = id;
#pragma omp task shared(first_1stchld_task_thrdid, root_id)
        {
          first_1stchld_task_thrdid = omp_get_thread_num();
          B[root_id] += INC;
#pragma omp task shared(root_id)
          {
            B[root_id] /= DIV;
          }
        }
#pragma omp task shared(first_2ndchld_task_thrdid, root_id)
        {
          first_2ndchld_task_thrdid = omp_get_thread_num();
          B[root_id] *= MUL;
        }
#pragma omp task shared(first_3rdchld_task_thrdid, root_id)
        {
          first_3rdchld_task_thrdid = omp_get_thread_num();
          B[root_id] -= DEC;
        }
        if ((first_final_task_thrdid == first_1stchld_task_thrdid) &&
           (first_final_task_thrdid == first_2ndchld_task_thrdid) &&
           (first_final_task_thrdid == first_3rdchld_task_thrdid)) {
          A[root_id] = 1;
        }
    }
  }
  for (int i = 0; i < numThreads; i++) {
    if ((A[i] != 1) || (B[i] != (((INITVAL + INC)/DIV)*MUL - DEC))) {
      ret = 1;
      break;
    }
  }
  free(B);
  free(A);
  OMPVV_TEST_AND_SET_VERBOSE(errors, ret != 0);
  return errors;
}

int main() {
  int errors = 0;
  OMPVV_TEST_AND_SET_VERBOSE(errors, testNestedTaskWithFinalSimple(4));
  OMPVV_TEST_AND_SET_VERBOSE(errors, testNestedTaskWithFinalSimple(8));
  OMPVV_TEST_AND_SET_VERBOSE(errors, testNestedTaskWithFinalSimple(16));
  OMPVV_TEST_AND_SET_VERBOSE(errors, testNestedTaskWithFinalSimple(32));
  OMPVV_TEST_AND_SET_VERBOSE(errors, testNestedTaskWithFinalSimple(64));

  OMPVV_TEST_AND_SET_VERBOSE(errors, testTaskWithFinalSimple(4, 1));
  OMPVV_TEST_AND_SET_VERBOSE(errors, testTaskWithFinalSimple(8, 1));
  OMPVV_TEST_AND_SET_VERBOSE(errors, testTaskWithFinalSimple(16, 1));
  OMPVV_TEST_AND_SET_VERBOSE(errors, testTaskWithFinalSimple(32, 1));
  OMPVV_TEST_AND_SET_VERBOSE(errors, testTaskWithFinalSimple(64, 1));
  OMPVV_TEST_AND_SET_VERBOSE(errors, testTaskWithFinalSimple(4, 0));
  OMPVV_TEST_AND_SET_VERBOSE(errors, testTaskWithFinalSimple(8, 0));
  OMPVV_TEST_AND_SET_VERBOSE(errors, testTaskWithFinalSimple(16, 0));
  OMPVV_TEST_AND_SET_VERBOSE(errors, testTaskWithFinalSimple(32, 0));
  OMPVV_TEST_AND_SET_VERBOSE(errors, testTaskWithFinalSimple(64, 0));

  OMPVV_TEST_AND_SET_VERBOSE(errors, testTaskWithFinalAdvanced(4));
  OMPVV_TEST_AND_SET_VERBOSE(errors, testTaskWithFinalAdvanced(8));
  OMPVV_TEST_AND_SET_VERBOSE(errors, testTaskWithFinalAdvanced(16));
  OMPVV_TEST_AND_SET_VERBOSE(errors, testTaskWithFinalAdvanced(32));
  OMPVV_TEST_AND_SET_VERBOSE(errors, testTaskWithFinalAdvanced(64));
  OMPVV_REPORT_AND_RETURN(errors);
}
",HPC_BUGFIX_V2_2.xlsx,False,unknown,CHANGE_CONDITION,task,task_final,tests/4.5/task,4.5
tests/4.5/task/test_task_final.c,task,condition_semantics,FINAL_ONE_TO_ZERO_NESTED,medium,#pragma omp task final(1),#pragma omp task final(0),nested tasks under final task report omp_in_final() == 1,nested task is no longer guaranteed final,84,test_task_final_NESTED_FINAL_1_TO_0.c,"//===-- test_task_final.c ------------------------------------------------===//
//
// OpenMP API Version 4.5 Nov 2015
//
// Description:
// testTaskWithFinalSimple():
// This test demonstrates the use of final clause with tasks.
// In this test we prove that omp_in_final() returns true
// when the task is final else returns false.
//
//testNestedTaskWithFinalSimple()
//This test demonstrates that all nested tasks under a final task
// are also final tasks.
//
//testTaskWithFinalAdvanced()
//This test demonstrates the use of final clause with tasks.
// In this test we prove that if a task is declared as final,
// then all subsequent tasks generated by this task will undeferred
// tasks. Hence they all will be executed in the same thread as
// parent task and each child task will be executed in order.

//===----------------------------------------------------------------------===//

#include <stdio.h>
#include <assert.h>
#include <stdlib.h>
#include <omp.h>
#include ""ompvv.h""

// defines
#define INC 5
#define MUL 7
#define DIV 3
#define DEC 11
#define INITVAL 10

int testTaskWithFinalSimple(int numThreads, int isFinal) {
  int errors = 0;
  int ret = 0;
  int *A = (int*) (malloc(numThreads*sizeof(int)));
  assert(A != NULL);
  omp_set_num_threads(numThreads);
  // Initialize the arrays
  for (int i = 0; i < numThreads; i++) {
    A[i] = -1;
  }
#pragma omp parallel
  {
    int id = omp_get_thread_num();
  // undeferred
#pragma omp task final(isFinal)
    {
      A[id] = omp_in_final();
    }
  }
  for (int i = 0; i < numThreads; i++) {
    if ((isFinal == 1) && (A[i] == 0)) {
      ret = -1;
      break;
    } else if ((isFinal == 0) && (A[i] != 0)) {
      ret = -1;
      break;
    }
  }
  free(A);
  OMPVV_TEST_AND_SET_VERBOSE(errors, ret != 0);
  return errors;
}

int testNestedTaskWithFinalSimple(int numThreads) {
  int errors = 0;
  int ret = 0;
  int *A = (int*) (malloc(numThreads*sizeof(int)));
  assert(A != NULL);
  omp_set_num_threads(numThreads);
  // Initialize the arrays
  for (int i = 0; i < numThreads; i++) {
    A[i] = 0;
  }
#pragma omp parallel
  {
    int id = omp_get_thread_num();
  // undeferred
#pragma omp task final(1)
    {
#pragma omp task shared(id)
      {
        A[id] = omp_in_final();
      }
    }
  }
  for (int i = 0; i < numThreads; i++) {
    if (A[i] == 0) {
      ret = -1;
      break;
    }
  }
  free(A);
  OMPVV_TEST_AND_SET_VERBOSE(errors, ret != 0);
  return errors;
}

int testTaskWithFinalAdvanced(int numThreads) {
  int errors = 0;
  int ret = 0;
  int *A = (int*) (malloc(numThreads*sizeof(int)));
  assert(A != NULL);
  int *B = (int*) (malloc(numThreads*sizeof(int)));
  assert(B != NULL);
  omp_set_num_threads(numThreads);
  // Initialize the arrays
  for (int i = 0; i < numThreads; i++) {
    A[i] = 0;
    B[i] = INITVAL;
  }
#pragma omp parallel
  {
    int id = omp_get_thread_num();
#pragma omp task final(1)
    {
      int first_final_task_thrdid = omp_get_thread_num();
      int first_1stchld_task_thrdid = 0, first_2ndchld_task_thrdid = 0,
      first_3rdchld_task_thrdid = 0, root_id = id;
#pragma omp task shared(first_1stchld_task_thrdid, root_id)
        {
          first_1stchld_task_thrdid = omp_get_thread_num();
          B[root_id] += INC;
#pragma omp task shared(root_id)
          {
            B[root_id] /= DIV;
          }
        }
#pragma omp task shared(first_2ndchld_task_thrdid, root_id)
        {
          first_2ndchld_task_thrdid = omp_get_thread_num();
          B[root_id] *= MUL;
        }
#pragma omp task shared(first_3rdchld_task_thrdid, root_id)
        {
          first_3rdchld_task_thrdid = omp_get_thread_num();
          B[root_id] -= DEC;
        }
        if ((first_final_task_thrdid == first_1stchld_task_thrdid) &&
           (first_final_task_thrdid == first_2ndchld_task_thrdid) &&
           (first_final_task_thrdid == first_3rdchld_task_thrdid)) {
          A[root_id] = 1;
        }
    }
  }
  for (int i = 0; i < numThreads; i++) {
    if ((A[i] != 1) || (B[i] != (((INITVAL + INC)/DIV)*MUL - DEC))) {
      ret = 1;
      break;
    }
  }
  free(B);
  free(A);
  OMPVV_TEST_AND_SET_VERBOSE(errors, ret != 0);
  return errors;
}

int main() {
  int errors = 0;
  OMPVV_TEST_AND_SET_VERBOSE(errors, testNestedTaskWithFinalSimple(4));
  OMPVV_TEST_AND_SET_VERBOSE(errors, testNestedTaskWithFinalSimple(8));
  OMPVV_TEST_AND_SET_VERBOSE(errors, testNestedTaskWithFinalSimple(16));
  OMPVV_TEST_AND_SET_VERBOSE(errors, testNestedTaskWithFinalSimple(32));
  OMPVV_TEST_AND_SET_VERBOSE(errors, testNestedTaskWithFinalSimple(64));

  OMPVV_TEST_AND_SET_VERBOSE(errors, testTaskWithFinalSimple(4, 1));
  OMPVV_TEST_AND_SET_VERBOSE(errors, testTaskWithFinalSimple(8, 1));
  OMPVV_TEST_AND_SET_VERBOSE(errors, testTaskWithFinalSimple(16, 1));
  OMPVV_TEST_AND_SET_VERBOSE(errors, testTaskWithFinalSimple(32, 1));
  OMPVV_TEST_AND_SET_VERBOSE(errors, testTaskWithFinalSimple(64, 1));
  OMPVV_TEST_AND_SET_VERBOSE(errors, testTaskWithFinalSimple(4, 0));
  OMPVV_TEST_AND_SET_VERBOSE(errors, testTaskWithFinalSimple(8, 0));
  OMPVV_TEST_AND_SET_VERBOSE(errors, testTaskWithFinalSimple(16, 0));
  OMPVV_TEST_AND_SET_VERBOSE(errors, testTaskWithFinalSimple(32, 0));
  OMPVV_TEST_AND_SET_VERBOSE(errors, testTaskWithFinalSimple(64, 0));

  OMPVV_TEST_AND_SET_VERBOSE(errors, testTaskWithFinalAdvanced(4));
  OMPVV_TEST_AND_SET_VERBOSE(errors, testTaskWithFinalAdvanced(8));
  OMPVV_TEST_AND_SET_VERBOSE(errors, testTaskWithFinalAdvanced(16));
  OMPVV_TEST_AND_SET_VERBOSE(errors, testTaskWithFinalAdvanced(32));
  OMPVV_TEST_AND_SET_VERBOSE(errors, testTaskWithFinalAdvanced(64));
  OMPVV_REPORT_AND_RETURN(errors);
}
","//===-- test_task_final.c ------------------------------------------------===//
//
// OpenMP API Version 4.5 Nov 2015
//
// Description:
// testTaskWithFinalSimple():
// This test demonstrates the use of final clause with tasks.
// In this test we prove that omp_in_final() returns true
// when the task is final else returns false.
//
//testNestedTaskWithFinalSimple()
//This test demonstrates that all nested tasks under a final task
// are also final tasks.
//
//testTaskWithFinalAdvanced()
//This test demonstrates the use of final clause with tasks.
// In this test we prove that if a task is declared as final,
// then all subsequent tasks generated by this task will undeferred
// tasks. Hence they all will be executed in the same thread as
// parent task and each child task will be executed in order.

//===----------------------------------------------------------------------===//

#include <stdio.h>
#include <assert.h>
#include <stdlib.h>
#include <omp.h>
#include ""ompvv.h""

// defines
#define INC 5
#define MUL 7
#define DIV 3
#define DEC 11
#define INITVAL 10

int testTaskWithFinalSimple(int numThreads, int isFinal) {
  int errors = 0;
  int ret = 0;
  int *A = (int*) (malloc(numThreads*sizeof(int)));
  assert(A != NULL);
  omp_set_num_threads(numThreads);
  // Initialize the arrays
  for (int i = 0; i < numThreads; i++) {
    A[i] = -1;
  }
#pragma omp parallel
  {
    int id = omp_get_thread_num();
  // undeferred
#pragma omp task final(isFinal)
    {
      A[id] = omp_in_final();
    }
  }
  for (int i = 0; i < numThreads; i++) {
    if ((isFinal == 1) && (A[i] == 0)) {
      ret = -1;
      break;
    } else if ((isFinal == 0) && (A[i] != 0)) {
      ret = -1;
      break;
    }
  }
  free(A);
  OMPVV_TEST_AND_SET_VERBOSE(errors, ret != 0);
  return errors;
}

int testNestedTaskWithFinalSimple(int numThreads) {
  int errors = 0;
  int ret = 0;
  int *A = (int*) (malloc(numThreads*sizeof(int)));
  assert(A != NULL);
  omp_set_num_threads(numThreads);
  // Initialize the arrays
  for (int i = 0; i < numThreads; i++) {
    A[i] = 0;
  }
#pragma omp parallel
  {
    int id = omp_get_thread_num();
  // undeferred
#pragma omp task final(1)
    {
#pragma omp task shared(id)
      {
        A[id] = omp_in_final();
      }
    }
  }
  for (int i = 0; i < numThreads; i++) {
    if (A[i] == 0) {
      ret = -1;
      break;
    }
  }
  free(A);
  OMPVV_TEST_AND_SET_VERBOSE(errors, ret != 0);
  return errors;
}

int testTaskWithFinalAdvanced(int numThreads) {
  int errors = 0;
  int ret = 0;
  int *A = (int*) (malloc(numThreads*sizeof(int)));
  assert(A != NULL);
  int *B = (int*) (malloc(numThreads*sizeof(int)));
  assert(B != NULL);
  omp_set_num_threads(numThreads);
  // Initialize the arrays
  for (int i = 0; i < numThreads; i++) {
    A[i] = 0;
    B[i] = INITVAL;
  }
#pragma omp parallel
  {
    int id = omp_get_thread_num();
#pragma omp task final(0)
    {
      int first_final_task_thrdid = omp_get_thread_num();
      int first_1stchld_task_thrdid = 0, first_2ndchld_task_thrdid = 0,
      first_3rdchld_task_thrdid = 0, root_id = id;
#pragma omp task shared(first_1stchld_task_thrdid, root_id)
        {
          first_1stchld_task_thrdid = omp_get_thread_num();
          B[root_id] += INC;
#pragma omp task shared(root_id)
          {
            B[root_id] /= DIV;
          }
        }
#pragma omp task shared(first_2ndchld_task_thrdid, root_id)
        {
          first_2ndchld_task_thrdid = omp_get_thread_num();
          B[root_id] *= MUL;
        }
#pragma omp task shared(first_3rdchld_task_thrdid, root_id)
        {
          first_3rdchld_task_thrdid = omp_get_thread_num();
          B[root_id] -= DEC;
        }
        if ((first_final_task_thrdid == first_1stchld_task_thrdid) &&
           (first_final_task_thrdid == first_2ndchld_task_thrdid) &&
           (first_final_task_thrdid == first_3rdchld_task_thrdid)) {
          A[root_id] = 1;
        }
    }
  }
  for (int i = 0; i < numThreads; i++) {
    if ((A[i] != 1) || (B[i] != (((INITVAL + INC)/DIV)*MUL - DEC))) {
      ret = 1;
      break;
    }
  }
  free(B);
  free(A);
  OMPVV_TEST_AND_SET_VERBOSE(errors, ret != 0);
  return errors;
}

int main() {
  int errors = 0;
  OMPVV_TEST_AND_SET_VERBOSE(errors, testNestedTaskWithFinalSimple(4));
  OMPVV_TEST_AND_SET_VERBOSE(errors, testNestedTaskWithFinalSimple(8));
  OMPVV_TEST_AND_SET_VERBOSE(errors, testNestedTaskWithFinalSimple(16));
  OMPVV_TEST_AND_SET_VERBOSE(errors, testNestedTaskWithFinalSimple(32));
  OMPVV_TEST_AND_SET_VERBOSE(errors, testNestedTaskWithFinalSimple(64));

  OMPVV_TEST_AND_SET_VERBOSE(errors, testTaskWithFinalSimple(4, 1));
  OMPVV_TEST_AND_SET_VERBOSE(errors, testTaskWithFinalSimple(8, 1));
  OMPVV_TEST_AND_SET_VERBOSE(errors, testTaskWithFinalSimple(16, 1));
  OMPVV_TEST_AND_SET_VERBOSE(errors, testTaskWithFinalSimple(32, 1));
  OMPVV_TEST_AND_SET_VERBOSE(errors, testTaskWithFinalSimple(64, 1));
  OMPVV_TEST_AND_SET_VERBOSE(errors, testTaskWithFinalSimple(4, 0));
  OMPVV_TEST_AND_SET_VERBOSE(errors, testTaskWithFinalSimple(8, 0));
  OMPVV_TEST_AND_SET_VERBOSE(errors, testTaskWithFinalSimple(16, 0));
  OMPVV_TEST_AND_SET_VERBOSE(errors, testTaskWithFinalSimple(32, 0));
  OMPVV_TEST_AND_SET_VERBOSE(errors, testTaskWithFinalSimple(64, 0));

  OMPVV_TEST_AND_SET_VERBOSE(errors, testTaskWithFinalAdvanced(4));
  OMPVV_TEST_AND_SET_VERBOSE(errors, testTaskWithFinalAdvanced(8));
  OMPVV_TEST_AND_SET_VERBOSE(errors, testTaskWithFinalAdvanced(16));
  OMPVV_TEST_AND_SET_VERBOSE(errors, testTaskWithFinalAdvanced(32));
  OMPVV_TEST_AND_SET_VERBOSE(errors, testTaskWithFinalAdvanced(64));
  OMPVV_REPORT_AND_RETURN(errors);
}
",HPC_BUGFIX_V2_2.xlsx,False,unknown,CHANGE_CONFIGURATION,task,general_code,tests/4.5/task,4.5
tests/4.5/task/test_task_final.c,task,condition_semantics,FINAL_ONE_TO_ZERO_ADVANCED,medium,#pragma omp task final(1),#pragma omp task final(0),A[i] == 1 and B[i] == (((INITVAL + INC)/DIV)*MUL - DEC) in testTaskWithFinalAdvanced,child tasks no longer inherit final/undeferred semantics,119,test_task_final_ADVANCED_FINAL_1_TO_0.c,"//===-- test_task_final.c ------------------------------------------------===//
//
// OpenMP API Version 4.5 Nov 2015
//
// Description:
// testTaskWithFinalSimple():
// This test demonstrates the use of final clause with tasks.
// In this test we prove that omp_in_final() returns true
// when the task is final else returns false.
//
//testNestedTaskWithFinalSimple()
//This test demonstrates that all nested tasks under a final task
// are also final tasks.
//
//testTaskWithFinalAdvanced()
//This test demonstrates the use of final clause with tasks.
// In this test we prove that if a task is declared as final,
// then all subsequent tasks generated by this task will undeferred
// tasks. Hence they all will be executed in the same thread as
// parent task and each child task will be executed in order.

//===----------------------------------------------------------------------===//

#include <stdio.h>
#include <assert.h>
#include <stdlib.h>
#include <omp.h>
#include ""ompvv.h""

// defines
#define INC 5
#define MUL 7
#define DIV 3
#define DEC 11
#define INITVAL 10

int testTaskWithFinalSimple(int numThreads, int isFinal) {
  int errors = 0;
  int ret = 0;
  int *A = (int*) (malloc(numThreads*sizeof(int)));
  assert(A != NULL);
  omp_set_num_threads(numThreads);
  // Initialize the arrays
  for (int i = 0; i < numThreads; i++) {
    A[i] = -1;
  }
#pragma omp parallel
  {
    int id = omp_get_thread_num();
  // undeferred
#pragma omp task final(isFinal)
    {
      A[id] = omp_in_final();
    }
  }
  for (int i = 0; i < numThreads; i++) {
    if ((isFinal == 1) && (A[i] == 0)) {
      ret = -1;
      break;
    } else if ((isFinal == 0) && (A[i] != 0)) {
      ret = -1;
      break;
    }
  }
  free(A);
  OMPVV_TEST_AND_SET_VERBOSE(errors, ret != 0);
  return errors;
}

int testNestedTaskWithFinalSimple(int numThreads) {
  int errors = 0;
  int ret = 0;
  int *A = (int*) (malloc(numThreads*sizeof(int)));
  assert(A != NULL);
  omp_set_num_threads(numThreads);
  // Initialize the arrays
  for (int i = 0; i < numThreads; i++) {
    A[i] = 0;
  }
#pragma omp parallel
  {
    int id = omp_get_thread_num();
  // undeferred
#pragma omp task final(1)
    {
#pragma omp task shared(id)
      {
        A[id] = omp_in_final();
      }
    }
  }
  for (int i = 0; i < numThreads; i++) {
    if (A[i] == 0) {
      ret = -1;
      break;
    }
  }
  free(A);
  OMPVV_TEST_AND_SET_VERBOSE(errors, ret != 0);
  return errors;
}

int testTaskWithFinalAdvanced(int numThreads) {
  int errors = 0;
  int ret = 0;
  int *A = (int*) (malloc(numThreads*sizeof(int)));
  assert(A != NULL);
  int *B = (int*) (malloc(numThreads*sizeof(int)));
  assert(B != NULL);
  omp_set_num_threads(numThreads);
  // Initialize the arrays
  for (int i = 0; i < numThreads; i++) {
    A[i] = 0;
    B[i] = INITVAL;
  }
#pragma omp parallel
  {
    int id = omp_get_thread_num();
#pragma omp task final(1)
    {
      int first_final_task_thrdid = omp_get_thread_num();
      int first_1stchld_task_thrdid = 0, first_2ndchld_task_thrdid = 0,
      first_3rdchld_task_thrdid = 0, root_id = id;
#pragma omp task shared(first_1stchld_task_thrdid, root_id)
        {
          first_1stchld_task_thrdid = omp_get_thread_num();
          B[root_id] += INC;
#pragma omp task shared(root_id)
          {
            B[root_id] /= DIV;
          }
        }
#pragma omp task shared(first_2ndchld_task_thrdid, root_id)
        {
          first_2ndchld_task_thrdid = omp_get_thread_num();
          B[root_id] *= MUL;
        }
#pragma omp task shared(first_3rdchld_task_thrdid, root_id)
        {
          first_3rdchld_task_thrdid = omp_get_thread_num();
          B[root_id] -= DEC;
        }
        if ((first_final_task_thrdid == first_1stchld_task_thrdid) &&
           (first_final_task_thrdid == first_2ndchld_task_thrdid) &&
           (first_final_task_thrdid == first_3rdchld_task_thrdid)) {
          A[root_id] = 1;
        }
    }
  }
  for (int i = 0; i < numThreads; i++) {
    if ((A[i] != 1) || (B[i] != (((INITVAL + INC)/DIV)*MUL - DEC))) {
      ret = 1;
      break;
    }
  }
  free(B);
  free(A);
  OMPVV_TEST_AND_SET_VERBOSE(errors, ret != 0);
  return errors;
}

int main() {
  int errors = 0;
  OMPVV_TEST_AND_SET_VERBOSE(errors, testNestedTaskWithFinalSimple(4));
  OMPVV_TEST_AND_SET_VERBOSE(errors, testNestedTaskWithFinalSimple(8));
  OMPVV_TEST_AND_SET_VERBOSE(errors, testNestedTaskWithFinalSimple(16));
  OMPVV_TEST_AND_SET_VERBOSE(errors, testNestedTaskWithFinalSimple(32));
  OMPVV_TEST_AND_SET_VERBOSE(errors, testNestedTaskWithFinalSimple(64));

  OMPVV_TEST_AND_SET_VERBOSE(errors, testTaskWithFinalSimple(4, 1));
  OMPVV_TEST_AND_SET_VERBOSE(errors, testTaskWithFinalSimple(8, 1));
  OMPVV_TEST_AND_SET_VERBOSE(errors, testTaskWithFinalSimple(16, 1));
  OMPVV_TEST_AND_SET_VERBOSE(errors, testTaskWithFinalSimple(32, 1));
  OMPVV_TEST_AND_SET_VERBOSE(errors, testTaskWithFinalSimple(64, 1));
  OMPVV_TEST_AND_SET_VERBOSE(errors, testTaskWithFinalSimple(4, 0));
  OMPVV_TEST_AND_SET_VERBOSE(errors, testTaskWithFinalSimple(8, 0));
  OMPVV_TEST_AND_SET_VERBOSE(errors, testTaskWithFinalSimple(16, 0));
  OMPVV_TEST_AND_SET_VERBOSE(errors, testTaskWithFinalSimple(32, 0));
  OMPVV_TEST_AND_SET_VERBOSE(errors, testTaskWithFinalSimple(64, 0));

  OMPVV_TEST_AND_SET_VERBOSE(errors, testTaskWithFinalAdvanced(4));
  OMPVV_TEST_AND_SET_VERBOSE(errors, testTaskWithFinalAdvanced(8));
  OMPVV_TEST_AND_SET_VERBOSE(errors, testTaskWithFinalAdvanced(16));
  OMPVV_TEST_AND_SET_VERBOSE(errors, testTaskWithFinalAdvanced(32));
  OMPVV_TEST_AND_SET_VERBOSE(errors, testTaskWithFinalAdvanced(64));
  OMPVV_REPORT_AND_RETURN(errors);
}
","//===-- test_task_final.c ------------------------------------------------===//
//
// OpenMP API Version 4.5 Nov 2015
//
// Description:
// testTaskWithFinalSimple():
// This test demonstrates the use of final clause with tasks.
// In this test we prove that omp_in_final() returns true
// when the task is final else returns false.
//
//testNestedTaskWithFinalSimple()
//This test demonstrates that all nested tasks under a final task
// are also final tasks.
//
//testTaskWithFinalAdvanced()
//This test demonstrates the use of final clause with tasks.
// In this test we prove that if a task is declared as final,
// then all subsequent tasks generated by this task will undeferred
// tasks. Hence they all will be executed in the same thread as
// parent task and each child task will be executed in order.

//===----------------------------------------------------------------------===//

#include <stdio.h>
#include <assert.h>
#include <stdlib.h>
#include <omp.h>
#include ""ompvv.h""

// defines
#define INC 5
#define MUL 7
#define DIV 3
#define DEC 11
#define INITVAL 10

int testTaskWithFinalSimple(int numThreads, int isFinal) {
  int errors = 0;
  int ret = 0;
  int *A = (int*) (malloc(numThreads*sizeof(int)));
  assert(A != NULL);
  omp_set_num_threads(numThreads);
  // Initialize the arrays
  for (int i = 0; i < numThreads; i++) {
    A[i] = -1;
  }
#pragma omp parallel
  {
    int id = omp_get_thread_num();
  // undeferred
#pragma omp task final(isFinal)
    {
      A[id] = omp_in_final();
    }
  }
  for (int i = 0; i < numThreads; i++) {
    if ((isFinal == 1) && (A[i] == 0)) {
      ret = -1;
      break;
    } else if ((isFinal == 0) && (A[i] != 0)) {
      ret = -1;
      break;
    }
  }
  free(A);
  OMPVV_TEST_AND_SET_VERBOSE(errors, ret != 0);
  return errors;
}

int testNestedTaskWithFinalSimple(int numThreads) {
  int errors = 0;
  int ret = 0;
  int *A = (int*) (malloc(numThreads*sizeof(int)));
  assert(A != NULL);
  omp_set_num_threads(numThreads);
  // Initialize the arrays
  for (int i = 0; i < numThreads; i++) {
    A[i] = 0;
  }
#pragma omp parallel
  {
    int id = omp_get_thread_num();
  // undeferred
#pragma omp task final(1)
    {
#pragma omp task shared(id)
      {
        A[id] = omp_in_final();
      }
    }
  }
  for (int i = 0; i < numThreads; i++) {
    if (A[i] == 0) {
      ret = -1;
      break;
    }
  }
  free(A);
  OMPVV_TEST_AND_SET_VERBOSE(errors, ret != 0);
  return errors;
}

int testTaskWithFinalAdvanced(int numThreads) {
  int errors = 0;
  int ret = 0;
  int *A = (int*) (malloc(numThreads*sizeof(int)));
  assert(A != NULL);
  int *B = (int*) (malloc(numThreads*sizeof(int)));
  assert(B != NULL);
  omp_set_num_threads(numThreads);
  // Initialize the arrays
  for (int i = 0; i < numThreads; i++) {
    A[i] = 0;
    B[i] = INITVAL;
  }
#pragma omp parallel
  {
    int id = omp_get_thread_num();
#pragma omp task final(1)
    {
      int first_final_task_thrdid = omp_get_thread_num();
      int first_1stchld_task_thrdid = 0, first_2ndchld_task_thrdid = 0,
      first_3rdchld_task_thrdid = 0, root_id = id;
#pragma omp task shared(first_1stchld_task_thrdid, root_id)
        {
          first_1stchld_task_thrdid = omp_get_thread_num();
          B[root_id] += INC;
#pragma omp task shared(root_id)
          {
            B[root_id] /= DIV;
          }
        }
#pragma omp task shared(first_2ndchld_task_thrdid, root_id)
        {
          first_2ndchld_task_thrdid = omp_get_thread_num();
          B[root_id] *= MUL;
        }
#pragma omp task shared(first_3rdchld_task_thrdid, root_id)
        {
          first_3rdchld_task_thrdid = omp_get_thread_num();
          B[root_id] -= DEC;
        }
        if ((first_final_task_thrdid == first_1stchld_task_thrdid) &&
           (first_final_task_thrdid == first_2ndchld_task_thrdid) &&
           (first_final_task_thrdid == first_3rdchld_task_thrdid)) {
          A[root_id] = 1;
        }
    }
  }
  for (int i = 0; i < numThreads; i++) {
    if ((A[i] != 1) || (B[i] != (((INITVAL + INC)/DIV)*MUL - DEC))) {
      ret = 1;
      break;
    }
  }
  free(B);
  free(A);
  OMPVV_TEST_AND_SET_VERBOSE(errors, ret != 0);
  return errors;
}

int main() {
  int errors = 0;
  OMPVV_TEST_AND_SET_VERBOSE(errors, testNestedTaskWithFinalSimple(4));
  OMPVV_TEST_AND_SET_VERBOSE(errors, testNestedTaskWithFinalSimple(8));
  OMPVV_TEST_AND_SET_VERBOSE(errors, testNestedTaskWithFinalSimple(16));
  OMPVV_TEST_AND_SET_VERBOSE(errors, testNestedTaskWithFinalSimple(32));
  OMPVV_TEST_AND_SET_VERBOSE(errors, testNestedTaskWithFinalSimple(64));

  OMPVV_TEST_AND_SET_VERBOSE(errors, testTaskWithFinalSimple(4, 1));
  OMPVV_TEST_AND_SET_VERBOSE(errors, testTaskWithFinalSimple(8, 1));
  OMPVV_TEST_AND_SET_VERBOSE(errors, testTaskWithFinalSimple(16, 1));
  OMPVV_TEST_AND_SET_VERBOSE(errors, testTaskWithFinalSimple(32, 1));
  OMPVV_TEST_AND_SET_VERBOSE(errors, testTaskWithFinalSimple(64, 1));
  OMPVV_TEST_AND_SET_VERBOSE(errors, testTaskWithFinalSimple(4, 0));
  OMPVV_TEST_AND_SET_VERBOSE(errors, testTaskWithFinalSimple(8, 0));
  OMPVV_TEST_AND_SET_VERBOSE(errors, testTaskWithFinalSimple(16, 0));
  OMPVV_TEST_AND_SET_VERBOSE(errors, testTaskWithFinalSimple(32, 0));
  OMPVV_TEST_AND_SET_VERBOSE(errors, testTaskWithFinalSimple(64, 0));

  OMPVV_TEST_AND_SET_VERBOSE(errors, testTaskWithFinalAdvanced(4));
  OMPVV_TEST_AND_SET_VERBOSE(errors, testTaskWithFinalAdvanced(8));
  OMPVV_TEST_AND_SET_VERBOSE(errors, testTaskWithFinalAdvanced(16));
  OMPVV_TEST_AND_SET_VERBOSE(errors, testTaskWithFinalAdvanced(32));
  OMPVV_TEST_AND_SET_VERBOSE(errors, testTaskWithFinalAdvanced(64));
  OMPVV_REPORT_AND_RETURN(errors);
}#pragma omp task final(0)c ------------------------------------------------===//
//
// OpenMP API Version 4.5 Nov 2015
//
// Description:
// testTaskWithFinalSimple():
// This test demonstrates the use of final clause with tasks.
// In this test we prove that omp_in_final() returns true
// when the task is final else returns false.
//
//testNestedTaskWithFinalSimple()
//This test demonstrates that all nested tasks under a final task
// are also final tasks.
//
//testTaskWithFinalAdvanced()
//This test demonstrates the use of final clause with tasks.
// In this test we prove that if a task is declared as final,
// then all subsequent tasks generated by this task will undeferred
// tasks. Hence they all will be executed in the same thread as
// parent task and each child task will be executed in order.

//===----------------------------------------------------------------------===//

#include <stdio.h>
#include <assert.h>
#include <stdlib.h>
#include <omp.h>
#include ""ompvv.h""

// defines
#define INC 5
#define MUL 7
#define DIV 3
#define DEC 11
#define INITVAL 10

int testTaskWithFinalSimple(int numThreads, int isFinal) {
  int errors = 0;
  int ret = 0;
  int *A = (int*) (malloc(numThreads*sizeof(int)));
  assert(A != NULL);
  omp_set_num_threads(numThreads);
  // Initialize the arrays
  for (int i = 0; i < numThreads; i++) {
    A[i] = -1;
  }
#pragma omp parallel
  {
    int id = omp_get_thread_num();
  // undeferred
#pragma omp task final(isFinal)
    {
      A[id] = omp_in_final();
    }
  }
  for (int i = 0; i < numThreads; i++) {
    if ((isFinal == 1) && (A[i] == 0)) {
      ret = -1;
      break;
    } else if ((isFinal == 0) && (A[i] != 0)) {
      ret = -1;
      break;
    }
  }
  free(A);
  OMPVV_TEST_AND_SET_VERBOSE(errors, ret != 0);
  return errors;
}

int testNestedTaskWithFinalSimple(int numThreads) {
  int errors = 0;
  int ret = 0;
  int *A = (int*) (malloc(numThreads*sizeof(int)));
  assert(A != NULL);
  omp_set_num_threads(numThreads);
  // Initialize the arrays
  for (int i = 0; i < numThreads; i++) {
    A[i] = 0;
  }
#pragma omp parallel
  {
    int id = omp_get_thread_num();
  // undeferred
#pragma omp task final(1)
    {
#pragma omp task shared(id)
      {
        A[id] = omp_in_final();
      }
    }
  }
  for (int i = 0; i < numThreads; i++) {
    if (A[i] == 0) {
      ret = -1;
      break;
    }
  }
  free(A);
  OMPVV_TEST_AND_SET_VERBOSE(errors, ret != 0);
  return errors;
}

int testTaskWithFinalAdvanced(int numThreads) {
  int errors = 0;
  int ret = 0;
  int *A = (int*) (malloc(numThreads*sizeof(int)));
  assert(A != NULL);
  int *B = (int*) (malloc(numThreads*sizeof(int)));
  assert(B != NULL);
  omp_set_num_threads(numThreads);
  // Initialize the arrays
  for (int i = 0; i < numThreads; i++) {
    A[i] = 0;
    B[i] = INITVAL;
  }
#pragma omp parallel
  {
    int id = omp_get_thread_num();
#pragma omp task final(1)
    {
      int first_final_task_thrdid = omp_get_thread_num();
      int first_1stchld_task_thrdid = 0, first_2ndchld_task_thrdid = 0,
      first_3rdchld_task_thrdid = 0, root_id = id;
#pragma omp task shared(first_1stchld_task_thrdid, root_id)
        {
          first_1stchld_task_thrdid = omp_get_thread_num();
          B[root_id] += INC;
#pragma omp task shared(root_id)
          {
            B[root_id] /= DIV;
          }
        }
#pragma omp task shared(first_2ndchld_task_thrdid, root_id)
        {
          first_2ndchld_task_thrdid = omp_get_thread_num();
          B[root_id] *= MUL;
        }
#pragma omp task shared(first_3rdchld_task_thrdid, root_id)
        {
          first_3rdchld_task_thrdid = omp_get_thread_num();
          B[root_id] -= DEC;
        }
        if ((first_final_task_thrdid == first_1stchld_task_thrdid) &&
           (first_final_task_thrdid == first_2ndchld_task_thrdid) &&
           (first_final_task_thrdid == first_3rdchld_task_thrdid)) {
          A[root_id] = 1;
        }
    }
  }
  for (int i = 0; i < numThreads; i++) {
    if ((A[i] != 1) || (B[i] != (((INITVAL + INC)/DIV)*MUL - DEC))) {
      ret = 1;
      break;
    }
  }
  free(B);
  free(A);
  OMPVV_TEST_AND_SET_VERBOSE(errors, ret != 0);
  return errors;
}

int main() {
  int errors = 0;
  OMPVV_TEST_AND_SET_VERBOSE(errors, testNestedTaskWithFinalSimple(4));
  OMPVV_TEST_AND_SET_VERBOSE(errors, testNestedTaskWithFinalSimple(8));
  OMPVV_TEST_AND_SET_VERBOSE(errors, testNestedTaskWithFinalSimple(16));
  OMPVV_TEST_AND_SET_VERBOSE(errors, testNestedTaskWithFinalSimple(32));
  OMPVV_TEST_AND_SET_VERBOSE(errors, testNestedTaskWithFinalSimple(64));

  OMPVV_TEST_AND_SET_VERBOSE(errors, testTaskWithFinalSimple(4, 1));
  OMPVV_TEST_AND_SET_VERBOSE(errors, testTaskWithFinalSimple(8, 1));
  OMPVV_TEST_AND_SET_VERBOSE(errors, testTaskWithFinalSimple(16, 1));
  OMPVV_TEST_AND_SET_VERBOSE(errors, testTaskWithFinalSimple(32, 1));
  OMPVV_TEST_AND_SET_VERBOSE(errors, testTaskWithFinalSimple(64, 1));
  OMPVV_TEST_AND_SET_VERBOSE(errors, testTaskWithFinalSimple(4, 0));
  OMPVV_TEST_AND_SET_VERBOSE(errors, testTaskWithFinalSimple(8, 0));
  OMPVV_TEST_AND_SET_VERBOSE(errors, testTaskWithFinalSimple(16, 0));
  OMPVV_TEST_AND_SET_VERBOSE(errors, testTaskWithFinalSimple(32, 0));
  OMPVV_TEST_AND_SET_VERBOSE(errors, testTaskWithFinalSimple(64, 0));

  OMPVV_TEST_AND_SET_VERBOSE(errors, testTaskWithFinalAdvanced(4));
  OMPVV_TEST_AND_SET_VERBOSE(errors, testTaskWithFinalAdvanced(8));
  OMPVV_TEST_AND_SET_VERBOSE(errors, testTaskWithFinalAdvanced(16));
  OMPVV_TEST_AND_SET_VERBOSE(errors, testTaskWithFinalAdvanced(32));
  OMPVV_TEST_AND_SET_VERBOSE(errors, testTaskWithFinalAdvanced(64));
  OMPVV_REPORT_AND_RETURN(errors);
}
",HPC_BUGFIX_V2_2.xlsx,False,unknown,CHANGE_CONFIGURATION,task,general_code,tests/4.5/task,4.5
tests/5.0/allocate/test_allocate_allocator.c,allocate,allocator_semantics,ALLOC_ALIGNMENT_64_TO_32,medium,"omp_alloctrait_t x_traits[1] = {{omp_atk_alignment, 64}};","omp_alloctrait_t x_traits[1] = {{omp_atk_alignment, 32}};","alignment checks on &x, &y, and x all require 64-byte alignment",allocator trait no longer matches file-local 64-byte alignment oracle,28,test_allocate_allocator_ALIGNMENT_64_TO_32.c,"//===------ test_allocate_allocators.c ------------------------------------===//
//
// OpenMP API Version 5.0 Nov 2018
//
// Tests the allocate directive with allocator clause, based on the OpenMP
// 5.0 example for allocators. The allocator testing first creates
// an allocator, with 64-byte alignment and the default memory space,
// then checks that 64-byte alignment is correct and that the memory can
// be written to in the parallel region. The tests checks that the values
// were written correctly, and then frees the memory and deletes the
// allocator.
//
//===----------------------------------------------------------------------===//

#include <omp.h>
#include <stdio.h>
#include <stdlib.h>
#include <stdint.h>
#include ""ompvv.h""

#define N 1024

int test_allocate_allocator() {
  int errors = 0;

  int n = N;
  omp_memspace_handle_t x_memspace = omp_default_mem_space;
  omp_alloctrait_t x_traits[1] = {{omp_atk_alignment, 64}};
  omp_allocator_handle_t x_alloc = omp_init_allocator(x_memspace, 1, x_traits);
  {
    // x and y must be in an inner scope as their lifetime must not exceed the
    // lifetime of the allocator associated with x_alloc; i.e. their lifetime
    // must have ended before omp_destroy_allocator is called.
    //
    // The following two lines allocate the pointer 'x' itself
    // (i.e. sizeof(void*) bytes) and 'y'. The omp_alloc allocates then
    // space for the actual data stored in 'x'.
    int* x, y[n];
#pragma omp allocate(x,y) allocator(x_alloc)

    x = (int *)omp_alloc(N * sizeof(int), x_alloc);

    // OMPVV_TEST_AND_SET_VERBOSE diagnostic uses printf, which
    // causes compiler warnigns for '% '. Hence:
    OMPVV_TEST_AND_SET(errors, ((intptr_t) &x) % 64 != 0);
    OMPVV_TEST_AND_SET(errors, ((intptr_t) &y) % 64 != 0);
    OMPVV_TEST_AND_SET(errors, ((intptr_t) x) % 64 != 0);
    OMPVV_ERROR_IF(((intptr_t) &x) % 64 != 0,
                   ""Condition (intptr_t) &x) %% 64 != 0 failed"")
    OMPVV_ERROR_IF(((intptr_t) &y) % 64 != 0,
                   ""Condition (intptr_t) &y) %% 64 != 0 failed"")
    OMPVV_ERROR_IF(((intptr_t) x) % 64 != 0,
                   ""Condition (intptr_t) x) %% 64 != 0 failed"")

#pragma omp parallel for simd simdlen(16) aligned(x, y: 64)
    for (int i = 0; i < N; i++) {
      x[i] = i;
      y[i] = 3*i;
    }

    for (int i = 0; i < N; i++) {
      OMPVV_TEST_AND_SET_VERBOSE(errors, x[i] != i);
      OMPVV_TEST_AND_SET_VERBOSE(errors, y[i] != 3*i);
    }

    omp_free(x, x_alloc);
  }
  omp_destroy_allocator(x_alloc);

  return errors;
}

int main() {

  int errors = 0;

  OMPVV_TEST_AND_SET_VERBOSE(errors, test_allocate_allocator() != 0);

  OMPVV_REPORT_AND_RETURN(errors);
}
","//===------ test_allocate_allocators.c ------------------------------------===//
//
// OpenMP API Version 5.0 Nov 2018
//
// Tests the allocate directive with allocator clause, based on the OpenMP
// 5.0 example for allocators. The allocator testing first creates
// an allocator, with 64-byte alignment and the default memory space,
// then checks that 64-byte alignment is correct and that the memory can
// be written to in the parallel region. The tests checks that the values
// were written correctly, and then frees the memory and deletes the
// allocator.
//
//===----------------------------------------------------------------------===//

#include <omp.h>
#include <stdio.h>
#include <stdlib.h>
#include <stdint.h>
#include ""ompvv.h""

#define N 1024

int test_allocate_allocator() {
  int errors = 0;

  int n = N;
  omp_memspace_handle_t x_memspace = omp_default_mem_space;
  omp_alloctrait_t x_traits[1] = {{omp_atk_alignment, 32}};
  omp_allocator_handle_t x_alloc = omp_init_allocator(x_memspace, 1, x_traits);
  {
    // x and y must be in an inner scope as their lifetime must not exceed the
    // lifetime of the allocator associated with x_alloc; i.e. their lifetime
    // must have ended before omp_destroy_allocator is called.
    //
    // The following two lines allocate the pointer 'x' itself
    // (i.e. sizeof(void*) bytes) and 'y'. The omp_alloc allocates then
    // space for the actual data stored in 'x'.
    int* x, y[n];
#pragma omp allocate(x,y) allocator(x_alloc)

    x = (int *)omp_alloc(N * sizeof(int), x_alloc);

    // OMPVV_TEST_AND_SET_VERBOSE diagnostic uses printf, which
    // causes compiler warnigns for '% '. Hence:
    OMPVV_TEST_AND_SET(errors, ((intptr_t) &x) % 64 != 0);
    OMPVV_TEST_AND_SET(errors, ((intptr_t) &y) % 64 != 0);
    OMPVV_TEST_AND_SET(errors, ((intptr_t) x) % 64 != 0);
    OMPVV_ERROR_IF(((intptr_t) &x) % 64 != 0,
                   ""Condition (intptr_t) &x) %% 64 != 0 failed"")
    OMPVV_ERROR_IF(((intptr_t) &y) % 64 != 0,
                   ""Condition (intptr_t) &y) %% 64 != 0 failed"")
    OMPVV_ERROR_IF(((intptr_t) x) % 64 != 0,
                   ""Condition (intptr_t) x) %% 64 != 0 failed"")

#pragma omp parallel for simd simdlen(16) aligned(x, y: 64)
    for (int i = 0; i < N; i++) {
      x[i] = i;
      y[i] = 3*i;
    }

    for (int i = 0; i < N; i++) {
      OMPVV_TEST_AND_SET_VERBOSE(errors, x[i] != i);
      OMPVV_TEST_AND_SET_VERBOSE(errors, y[i] != 3*i);
    }

    omp_free(x, x_alloc);
  }
  omp_destroy_allocator(x_alloc);

  return errors;
}

int main() {

  int errors = 0;

  OMPVV_TEST_AND_SET_VERBOSE(errors, test_allocate_allocator() != 0);

  OMPVV_REPORT_AND_RETURN(errors);
}
",HPC_BUGFIX_V2_2.xlsx,False,unknown,CHANGE_CONFIGURATION,allocator,allocator,tests/5.0/allocate,5.0
tests/5.0/atomic/test_atomic_hint.c,atomic,synchronization,REMOVE_ATOMIC_CONTENDED_NONSPEC,high,#pragma omp atomic hint(omp_sync_hint_contended+omp_sync_hint_nonspeculative),/* atomic removed */,x == num_threads in test_atomic_hint_contended_nonspec,"increment races under many threads, so x may differ from num_threads",45,test_atomic_hint_remove_atomic_contended_nonspec.c,"//===--- test_atomic_hint.c -------------------------------------------------===//
//
// OpenMP API Version 5.0 Nov 2018
//
//
//===----------------------------------------------------------------------===//
#include <assert.h>
#include <omp.h>
#include <stdio.h>
#include <stdlib.h>
#include ""ompvv.h""

#define N 1024

int test_atomic_hint_uncontended() {
  OMPVV_INFOMSG(""test_atomic_hint_uncontended"");
  int errors = 0, x = 0, num_threads = -1;

#pragma omp parallel num_threads(2) default(shared)
  {
    if (omp_get_thread_num() == 0) {
      num_threads = omp_get_num_threads();
    }
#pragma omp atomic hint(omp_sync_hint_uncontended)
    x++;
  }

  OMPVV_ERROR_IF(num_threads < 0, ""Test ran with invalid number of teams (less than zero)"");
  OMPVV_WARNING_IF(num_threads == 1, ""Test ran with one thread, so the results are not conclusive"");

  OMPVV_TEST_AND_SET_VERBOSE(errors, x != num_threads);

  return errors;
}

int test_atomic_hint_contended_nonspec() {
  OMPVV_INFOMSG(""test_atomic_hint_contended_nonspec"");
  int errors = 0, x = 0, num_threads = -1;

#pragma omp parallel num_threads(OMPVV_NUM_THREADS_HOST) default(shared)
  {
    if (omp_get_thread_num() == 0) {
      num_threads = omp_get_num_threads();
    }
#pragma omp atomic hint(omp_sync_hint_contended+omp_sync_hint_nonspeculative)
    x++;
  }

  OMPVV_ERROR_IF(num_threads < 0, ""Test ran with invalid number of teams (less than zero)"");
  OMPVV_WARNING_IF(num_threads == 1, ""Test ran with one thread, so the results are not conclusive"");

  OMPVV_TEST_AND_SET_VERBOSE(errors, x != num_threads);

  return errors;
}

int test_atomic_hint_speculative() {
  OMPVV_INFOMSG(""test_atomic_hint_speculative"");
  int errors = 0, num_threads = -1;
  int a[N];

  for (int i = 0; i < N; i++) {
    a[i] = 1;
  }

#pragma omp parallel for num_threads(OMPVV_NUM_THREADS_HOST) default(shared)
  for (int i = 0; i < N; i++) {
    if (i == 0) {
      num_threads = omp_get_num_threads();
#pragma omp atomic hint(omp_sync_hint_speculative)
      a[1] += 1;
    }
#pragma omp atomic hint(omp_sync_hint_speculative)
    a[i] += i;
  }

  OMPVV_ERROR_IF(num_threads < 0, ""Test ran with invalid number of teams (less than zero)"");
  OMPVV_WARNING_IF(num_threads == 1, ""Test ran with one thread, so the results are not conclusive"");


  for (int i = 0; i < N; i++) {
    if (i == 1) {
      OMPVV_TEST_AND_SET_VERBOSE(errors, a[i] != 3);
    } else {
      OMPVV_TEST_AND_SET_VERBOSE(errors, a[i] != i + 1);
    }
  }

  return errors;
}

int main() {
  int errors = 0;
  OMPVV_TEST_AND_SET_VERBOSE(errors, test_atomic_hint_uncontended());
  OMPVV_TEST_AND_SET_VERBOSE(errors, test_atomic_hint_contended_nonspec());
  OMPVV_TEST_AND_SET_VERBOSE(errors, test_atomic_hint_speculative());

  OMPVV_REPORT_AND_RETURN(errors);
}
","//===--- test_atomic_hint.c -------------------------------------------------===//
//
// OpenMP API Version 5.0 Nov 2018
//
//
//===----------------------------------------------------------------------===//
#include <assert.h>
#include <omp.h>
#include <stdio.h>
#include <stdlib.h>
#include ""ompvv.h""

#define N 1024

int test_atomic_hint_uncontended() {
  OMPVV_INFOMSG(""test_atomic_hint_uncontended"");
  int errors = 0, x = 0, num_threads = -1;

#pragma omp parallel num_threads(2) default(shared)
  {
    if (omp_get_thread_num() == 0) {
      num_threads = omp_get_num_threads();
    }
#pragma omp atomic hint(omp_sync_hint_uncontended)
    x++;
  }

  OMPVV_ERROR_IF(num_threads < 0, ""Test ran with invalid number of teams (less than zero)"");
  OMPVV_WARNING_IF(num_threads == 1, ""Test ran with one thread, so the results are not conclusive"");

  OMPVV_TEST_AND_SET_VERBOSE(errors, x != num_threads);

  return errors;
}

int test_atomic_hint_contended_nonspec() {
  OMPVV_INFOMSG(""test_atomic_hint_contended_nonspec"");
  int errors = 0, x = 0, num_threads = -1;

#pragma omp parallel num_threads(OMPVV_NUM_THREADS_HOST) default(shared)
  {
    if (omp_get_thread_num() == 0) {
      num_threads = omp_get_num_threads();
    }
/* atomic removed */
    x++;
  }

  OMPVV_ERROR_IF(num_threads < 0, ""Test ran with invalid number of teams (less than zero)"");
  OMPVV_WARNING_IF(num_threads == 1, ""Test ran with one thread, so the results are not conclusive"");

  OMPVV_TEST_AND_SET_VERBOSE(errors, x != num_threads);

  return errors;
}

int test_atomic_hint_speculative() {
  OMPVV_INFOMSG(""test_atomic_hint_speculative"");
  int errors = 0, num_threads = -1;
  int a[N];

  for (int i = 0; i < N; i++) {
    a[i] = 1;
  }

#pragma omp parallel for num_threads(OMPVV_NUM_THREADS_HOST) default(shared)
  for (int i = 0; i < N; i++) {
    if (i == 0) {
      num_threads = omp_get_num_threads();
#pragma omp atomic hint(omp_sync_hint_speculative)
      a[1] += 1;
    }
#pragma omp atomic hint(omp_sync_hint_speculative)
    a[i] += i;
  }

  OMPVV_ERROR_IF(num_threads < 0, ""Test ran with invalid number of teams (less than zero)"");
  OMPVV_WARNING_IF(num_threads == 1, ""Test ran with one thread, so the results are not conclusive"");


  for (int i = 0; i < N; i++) {
    if (i == 1) {
      OMPVV_TEST_AND_SET_VERBOSE(errors, a[i] != 3);
    } else {
      OMPVV_TEST_AND_SET_VERBOSE(errors, a[i] != i + 1);
    }
  }

  return errors;
}

int main() {
  int errors = 0;
  OMPVV_TEST_AND_SET_VERBOSE(errors, test_atomic_hint_uncontended());
  OMPVV_TEST_AND_SET_VERBOSE(errors, test_atomic_hint_contended_nonspec());
  OMPVV_TEST_AND_SET_VERBOSE(errors, test_atomic_hint_speculative());

  OMPVV_REPORT_AND_RETURN(errors);
}
",HPC_BUGFIX_V2_3.xlsx,False,unknown,REMOVE_SYNCHRONIZATION,atomic,atomic,tests/5.0/atomic,5.0
tests/5.0/atomic/test_atomic_num_hint.c,atomic,synchronization,REMOVE_ATOMIC_UNUSED_ENUM,high,#pragma omp atomic hint(0X1024) //As of OMP Spec 5.0 only values till 0x8 have been taken,/* atomic removed */,x == num_threads in test_atomic_with_unused_enum_value,"increment races, so x may differ from num_threads",49,test_atomic_num_hint_remove_atomic_unused_enum.c,"//===--- test_atomic_num_hint.c -------------------------------------------===//
//
// OpenMP API Version 5.0 Nov 2018
//
//  This test checks if atomic hints passed by enum value
//  are accepted by the compiler. If the sync hint is not
//  yet defined in the specification, it defaults to
//  omp_sync_hint_none (0x0).
//===--------------------------------------------------------------------===//

#include <assert.h>
#include <omp.h>
#include <stdio.h>
#include <stdlib.h>
#include ""ompvv.h""

#define N 1024

int test_atomic_with_used_enum_value() {
  OMPVV_INFOMSG(""test_atomic_with_used_enum_value"");
  int errors = 0, x = 0, num_threads = -1;

#pragma omp parallel num_threads(2) default(shared)
  {
    if (omp_get_thread_num() == 0) {
      num_threads = omp_get_num_threads();
    }
#pragma omp atomic hint(0X4) // corrosponds to omp_sync_hint_nonspeculative
    x++;
  }

  OMPVV_ERROR_IF(num_threads < 0, ""Test ran with invalid number of teams (less than zero)"");
  OMPVV_WARNING_IF(num_threads == 1, ""Test ran with one thread, so the results are not conclusive"");

  OMPVV_TEST_AND_SET_VERBOSE(errors, x != num_threads);

  return errors;
}

int test_atomic_with_unused_enum_value() {
  OMPVV_INFOMSG(""test_atomic_with_unused_enum_value"");
  int errors = 0, x = 0, num_threads = -1;

#pragma omp parallel num_threads(OMPVV_NUM_THREADS_HOST) default(shared)
  {
    if (omp_get_thread_num() == 0) {
      num_threads = omp_get_num_threads();
    }
#pragma omp atomic hint(0X1024) //As of OMP Spec 5.0 only values till 0x8 have been taken
    x++;
  }

  OMPVV_ERROR_IF(num_threads < 0, ""Test ran with invalid number of teams (less than zero)"");
  OMPVV_WARNING_IF(num_threads == 1, ""Test ran with one thread, so the results are not conclusive"");

  OMPVV_TEST_AND_SET_VERBOSE(errors, x != num_threads);

  return errors;
}


int main() {
  int errors = 0;
  OMPVV_TEST_AND_SET_VERBOSE(errors, test_atomic_with_used_enum_value());
  OMPVV_TEST_AND_SET_VERBOSE(errors, test_atomic_with_unused_enum_value());

  OMPVV_REPORT_AND_RETURN(errors);
}
","//===--- test_atomic_num_hint.c -------------------------------------------===//
//
// OpenMP API Version 5.0 Nov 2018
//
//  This test checks if atomic hints passed by enum value
//  are accepted by the compiler. If the sync hint is not
//  yet defined in the specification, it defaults to
//  omp_sync_hint_none (0x0).
//===--------------------------------------------------------------------===//

#include <assert.h>
#include <omp.h>
#include <stdio.h>
#include <stdlib.h>
#include ""ompvv.h""

#define N 1024

int test_atomic_with_used_enum_value() {
  OMPVV_INFOMSG(""test_atomic_with_used_enum_value"");
  int errors = 0, x = 0, num_threads = -1;

#pragma omp parallel num_threads(2) default(shared)
  {
    if (omp_get_thread_num() == 0) {
      num_threads = omp_get_num_threads();
    }
#pragma omp atomic hint(0X4) // corrosponds to omp_sync_hint_nonspeculative
    x++;
  }

  OMPVV_ERROR_IF(num_threads < 0, ""Test ran with invalid number of teams (less than zero)"");
  OMPVV_WARNING_IF(num_threads == 1, ""Test ran with one thread, so the results are not conclusive"");

  OMPVV_TEST_AND_SET_VERBOSE(errors, x != num_threads);

  return errors;
}

int test_atomic_with_unused_enum_value() {
  OMPVV_INFOMSG(""test_atomic_with_unused_enum_value"");
  int errors = 0, x = 0, num_threads = -1;

#pragma omp parallel num_threads(OMPVV_NUM_THREADS_HOST) default(shared)
  {
    if (omp_get_thread_num() == 0) {
      num_threads = omp_get_num_threads();
    }
/* atomic removed */
    x++;
  }

  OMPVV_ERROR_IF(num_threads < 0, ""Test ran with invalid number of teams (less than zero)"");
  OMPVV_WARNING_IF(num_threads == 1, ""Test ran with one thread, so the results are not conclusive"");

  OMPVV_TEST_AND_SET_VERBOSE(errors, x != num_threads);

  return errors;
}


int main() {
  int errors = 0;
  OMPVV_TEST_AND_SET_VERBOSE(errors, test_atomic_with_used_enum_value());
  OMPVV_TEST_AND_SET_VERBOSE(errors, test_atomic_with_unused_enum_value());

  OMPVV_REPORT_AND_RETURN(errors);
}
",HPC_BUGFIX_V2_3.xlsx,False,unknown,REMOVE_SYNCHRONIZATION,atomic,atomic,tests/5.0/atomic,5.0
tests/5.0/loop/test_loop_bind.c,loop,loop_binding,BIND_TEAMS_TO_THREAD,high,#pragma omp loop bind(teams),#pragma omp loop bind(thread),x[i][j] == 1 + y[i]*z[i] in test_loop_bind_teams,thread binding in teams context changes intended loop binding and can break per-team result computation,38,test_loop_bind_teams_to_thread.c,"//===--- test_loop_bind.c ---------------------------------------------------===//
//
// OpenMP API Version 5.0 Nov 2018
//
// This test checks the loop directive with the bind(binding) clause. The bind
// clause indicates that the loop construct should apply in the context of the
// given binding, one of teams, parallel, or thread. Each of these bindings
// is tested in an appropriate context and the correctness of results of
// array operations in the nested loop is checked.
//
////===----------------------------------------------------------------------===//
#include <assert.h>
#include <omp.h>
#include <stdio.h>
#include <stdlib.h>
#include ""ompvv.h""

#define N 32

int test_loop_bind_teams() {
  OMPVV_INFOMSG(""test_loop_bind_teams"");
  int errors = 0;
  int x[N][N];
  int y[N];
  int z[N];
  int num_teams = -1;

  for (int i = 0; i < N; i++) {
    for (int j = 0; j < N; j++) {
      x[i][j] = 1;
    }
    y[i] = i;
    z[i] = 2*i;
  }

#pragma omp teams num_teams(OMPVV_NUM_TEAMS_DEVICE) thread_limit(OMPVV_NUM_THREADS_HOST)
  {
#pragma omp loop bind(teams)
    for (int i = 0; i < N; i++) {
      for (int j = 0; j < N; j++) {
        x[i][j] += y[i]*z[i];
      }
    }
    #pragma omp parallel if(0)
    if (omp_get_team_num() == 0) {
      num_teams = omp_get_num_teams();
    }
  }

  for (int i = 0; i < N; i++) {
    for (int j = 0; j < N; j++) {
      OMPVV_TEST_AND_SET_VERBOSE(errors, x[i][j] != (1 + (y[i]*z[i])));
    }
  }

  OMPVV_WARNING_IF(num_teams == 1, ""Test ran with one team, so parallelism of loop construct with bind(teams) can't be guaranteed."");
  OMPVV_TEST_AND_SET_VERBOSE(errors, num_teams < 1);
  OMPVV_ERROR_IF(num_teams < 1, ""omp_get_num_teams() returned an invalid number of teams."");

  return errors;
}

int test_loop_bind_parallel() {
  OMPVV_INFOMSG(""test_loop_bind_parallel"");
  int errors = 0;
  int x[N][N];
  int y[N];
  int z[N];
  int num_threads = -1;

  for (int i = 0; i < N; i++) {
    for (int j = 0; j < N; j++) {
      x[i][j] = 1;
    }
    y[i] = i;
    z[i] = 2*i;
  }

#pragma omp parallel num_threads(OMPVV_NUM_THREADS_HOST)
  {
#pragma omp loop bind(parallel)
    for (int i = 0; i < N; i++) {
      for (int j = 0; j < N; j++) {
        x[i][j] += y[i]*z[i];
      }
    }
    if (omp_get_thread_num() == 0 && omp_get_team_num() == 0) {
      num_threads = omp_get_num_threads();
    }
  }

  for (int i = 0; i < N; i++) {
    for (int j = 0; j < N; j++) {
      OMPVV_TEST_AND_SET_VERBOSE(errors, x[i][j] != (1 + (y[i]*z[i])));
    }
  }

  OMPVV_WARNING_IF(num_threads == 1, ""Test ran with one thread, so parallelism of loop construct can't be guaranteed."");
  OMPVV_TEST_AND_SET_VERBOSE(errors, num_threads < 1);
  OMPVV_ERROR_IF(num_threads < 1, ""omp_get_num_threads() returned an invalid number of threads."");

  return errors;
}

int test_loop_bind_thread_teams() {
  OMPVV_INFOMSG(""test_loop_bind_thread_teams"");
  int errors = 0;
  int y[N];
  int z[N];
  int result[N][N][OMPVV_NUM_TEAMS_DEVICE];
  int num_teams = -1;

  for (int i = 0; i < N; i++) {
    for (int j = 0; j < N; j++) {
      for (int k = 0; k < OMPVV_NUM_TEAMS_DEVICE; k++) {
        result[i][j][k] = 1;
      }
    }
    y[i] = i;
    z[i] = 2*i;
  }

#pragma omp teams num_teams(OMPVV_NUM_TEAMS_DEVICE) thread_limit(OMPVV_NUM_THREADS_HOST)
  {
    int x[N][N];
    for (int i = 0; i < N; i++) {
      for (int j = 0; j < N; j++) {
        x[i][j] = 1;
      }
    }
#pragma omp loop bind(thread)
    for (int i = 0; i < N; i++) {
      for (int j = 0; j < N; j++) {
        x[i][j] += y[i]*z[i];
      }
    }
#pragma omp parallel if(0)
    if (omp_get_team_num() == 0) {
      num_teams = omp_get_num_teams();
    }
    for (int i = 0; i < N; i++) {
      for (int j = 0; j < N; j++) {
        result[i][j][omp_get_team_num()] = x[i][j];
      }
    }
  }

  for (int i = 0; i < N; i++) {
    for (int j = 0; j < N; j++) {
      for (int k = 0; k < num_teams; k++) {
        OMPVV_TEST_AND_SET_VERBOSE(errors, result[i][j][k] != (1 + (y[i]*z[i])));
      }
    }
  }

  OMPVV_WARNING_IF(num_teams == 1, ""Test ran with one team, so parallelism of loop construct can't be guaranteed."");
  OMPVV_TEST_AND_SET_VERBOSE(errors, num_teams < 1);
  OMPVV_ERROR_IF(num_teams < 1, ""omp_get_num_teams() returned an invalid number of teams."");

  return errors;
}

int test_loop_bind_thread_parallel() {
  OMPVV_INFOMSG(""test_loop_bind_thread_parallel"");
  int errors = 0;
  int y[N];
  int z[N];
  int result[N][N][OMPVV_NUM_THREADS_HOST];
  int num_threads = -1;

  for (int i = 0; i < N; i++) {
    for (int j = 0; j < N; j++) {
      for (int k = 0; k < OMPVV_NUM_THREADS_HOST; k++) {
        result[i][j][k] = 1;
      }
    }
    y[i] = i;
    z[i] = 2*i;
  }

#pragma omp parallel shared(result) num_threads(OMPVV_NUM_THREADS_HOST)
  {
    int x[N][N];
    for (int i = 0; i < N; i++) {
      for (int j = 0; j < N; j++) {
        x[i][j] = 1;
      }
    }
#pragma omp loop bind(thread)
    for (int i = 0; i < N; i++) {
      for (int j = 0; j < N; j++) {
        x[i][j] += y[i]*z[i];
      }
    }
    if (omp_get_thread_num() == 0) {
      num_threads = omp_get_num_threads();
    }
    for (int i = 0; i < N; i++) {
      for (int j = 0; j < N; j++) {
        result[i][j][omp_get_thread_num()] = x[i][j];
      }
    }
  }

  for (int i = 0; i < N; i++) {
    for (int j = 0; j < N; j++) {
      for (int k = 0; k < num_threads; k++) {
        OMPVV_TEST_AND_SET_VERBOSE(errors, result[i][j][k] != (1 + (y[i]*z[i])));
      }
    }
  }

  OMPVV_WARNING_IF(num_threads == 1, ""Test ran with one thread, so parallelism of loop construct can't be guaranteed."");
  OMPVV_TEST_AND_SET_VERBOSE(errors, num_threads < 1);
  OMPVV_ERROR_IF(num_threads < 1, ""omp_get_num_threads() returned an invalid number of threads."");

  return errors;
}

int main() {
  int errors = 0;

  OMPVV_TEST_AND_SET_VERBOSE(errors, test_loop_bind_teams());
  OMPVV_TEST_AND_SET_VERBOSE(errors, test_loop_bind_parallel());
  OMPVV_TEST_AND_SET_VERBOSE(errors, test_loop_bind_thread_teams());
  OMPVV_TEST_AND_SET_VERBOSE(errors, test_loop_bind_thread_parallel());

  OMPVV_REPORT_AND_RETURN(errors);
}
","//===--- test_loop_bind.c ---------------------------------------------------===//
//
// OpenMP API Version 5.0 Nov 2018
//
// This test checks the loop directive with the bind(binding) clause. The bind
// clause indicates that the loop construct should apply in the context of the
// given binding, one of teams, parallel, or thread. Each of these bindings
// is tested in an appropriate context and the correctness of results of
// array operations in the nested loop is checked.
//
////===----------------------------------------------------------------------===//
#include <assert.h>
#include <omp.h>
#include <stdio.h>
#include <stdlib.h>
#include ""ompvv.h""

#define N 32

int test_loop_bind_teams() {
  OMPVV_INFOMSG(""test_loop_bind_teams"");
  int errors = 0;
  int x[N][N];
  int y[N];
  int z[N];
  int num_teams = -1;

  for (int i = 0; i < N; i++) {
    for (int j = 0; j < N; j++) {
      x[i][j] = 1;
    }
    y[i] = i;
    z[i] = 2*i;
  }

#pragma omp teams num_teams(OMPVV_NUM_TEAMS_DEVICE) thread_limit(OMPVV_NUM_THREADS_HOST)
  {
#pragma omp loop bind(thread)
    for (int i = 0; i < N; i++) {
      for (int j = 0; j < N; j++) {
        x[i][j] += y[i]*z[i];
      }
    }
    #pragma omp parallel if(0)
    if (omp_get_team_num() == 0) {
      num_teams = omp_get_num_teams();
    }
  }

  for (int i = 0; i < N; i++) {
    for (int j = 0; j < N; j++) {
      OMPVV_TEST_AND_SET_VERBOSE(errors, x[i][j] != (1 + (y[i]*z[i])));
    }
  }

  OMPVV_WARNING_IF(num_teams == 1, ""Test ran with one team, so parallelism of loop construct with bind(teams) can't be guaranteed."");
  OMPVV_TEST_AND_SET_VERBOSE(errors, num_teams < 1);
  OMPVV_ERROR_IF(num_teams < 1, ""omp_get_num_teams() returned an invalid number of teams."");

  return errors;
}

int test_loop_bind_parallel() {
  OMPVV_INFOMSG(""test_loop_bind_parallel"");
  int errors = 0;
  int x[N][N];
  int y[N];
  int z[N];
  int num_threads = -1;

  for (int i = 0; i < N; i++) {
    for (int j = 0; j < N; j++) {
      x[i][j] = 1;
    }
    y[i] = i;
    z[i] = 2*i;
  }

#pragma omp parallel num_threads(OMPVV_NUM_THREADS_HOST)
  {
#pragma omp loop bind(parallel)
    for (int i = 0; i < N; i++) {
      for (int j = 0; j < N; j++) {
        x[i][j] += y[i]*z[i];
      }
    }
    if (omp_get_thread_num() == 0 && omp_get_team_num() == 0) {
      num_threads = omp_get_num_threads();
    }
  }

  for (int i = 0; i < N; i++) {
    for (int j = 0; j < N; j++) {
      OMPVV_TEST_AND_SET_VERBOSE(errors, x[i][j] != (1 + (y[i]*z[i])));
    }
  }

  OMPVV_WARNING_IF(num_threads == 1, ""Test ran with one thread, so parallelism of loop construct can't be guaranteed."");
  OMPVV_TEST_AND_SET_VERBOSE(errors, num_threads < 1);
  OMPVV_ERROR_IF(num_threads < 1, ""omp_get_num_threads() returned an invalid number of threads."");

  return errors;
}

int test_loop_bind_thread_teams() {
  OMPVV_INFOMSG(""test_loop_bind_thread_teams"");
  int errors = 0;
  int y[N];
  int z[N];
  int result[N][N][OMPVV_NUM_TEAMS_DEVICE];
  int num_teams = -1;

  for (int i = 0; i < N; i++) {
    for (int j = 0; j < N; j++) {
      for (int k = 0; k < OMPVV_NUM_TEAMS_DEVICE; k++) {
        result[i][j][k] = 1;
      }
    }
    y[i] = i;
    z[i] = 2*i;
  }

#pragma omp teams num_teams(OMPVV_NUM_TEAMS_DEVICE) thread_limit(OMPVV_NUM_THREADS_HOST)
  {
    int x[N][N];
    for (int i = 0; i < N; i++) {
      for (int j = 0; j < N; j++) {
        x[i][j] = 1;
      }
    }
#pragma omp loop bind(thread)
    for (int i = 0; i < N; i++) {
      for (int j = 0; j < N; j++) {
        x[i][j] += y[i]*z[i];
      }
    }
#pragma omp parallel if(0)
    if (omp_get_team_num() == 0) {
      num_teams = omp_get_num_teams();
    }
    for (int i = 0; i < N; i++) {
      for (int j = 0; j < N; j++) {
        result[i][j][omp_get_team_num()] = x[i][j];
      }
    }
  }

  for (int i = 0; i < N; i++) {
    for (int j = 0; j < N; j++) {
      for (int k = 0; k < num_teams; k++) {
        OMPVV_TEST_AND_SET_VERBOSE(errors, result[i][j][k] != (1 + (y[i]*z[i])));
      }
    }
  }

  OMPVV_WARNING_IF(num_teams == 1, ""Test ran with one team, so parallelism of loop construct can't be guaranteed."");
  OMPVV_TEST_AND_SET_VERBOSE(errors, num_teams < 1);
  OMPVV_ERROR_IF(num_teams < 1, ""omp_get_num_teams() returned an invalid number of teams."");

  return errors;
}

int test_loop_bind_thread_parallel() {
  OMPVV_INFOMSG(""test_loop_bind_thread_parallel"");
  int errors = 0;
  int y[N];
  int z[N];
  int result[N][N][OMPVV_NUM_THREADS_HOST];
  int num_threads = -1;

  for (int i = 0; i < N; i++) {
    for (int j = 0; j < N; j++) {
      for (int k = 0; k < OMPVV_NUM_THREADS_HOST; k++) {
        result[i][j][k] = 1;
      }
    }
    y[i] = i;
    z[i] = 2*i;
  }

#pragma omp parallel shared(result) num_threads(OMPVV_NUM_THREADS_HOST)
  {
    int x[N][N];
    for (int i = 0; i < N; i++) {
      for (int j = 0; j < N; j++) {
        x[i][j] = 1;
      }
    }
#pragma omp loop bind(thread)
    for (int i = 0; i < N; i++) {
      for (int j = 0; j < N; j++) {
        x[i][j] += y[i]*z[i];
      }
    }
    if (omp_get_thread_num() == 0) {
      num_threads = omp_get_num_threads();
    }
    for (int i = 0; i < N; i++) {
      for (int j = 0; j < N; j++) {
        result[i][j][omp_get_thread_num()] = x[i][j];
      }
    }
  }

  for (int i = 0; i < N; i++) {
    for (int j = 0; j < N; j++) {
      for (int k = 0; k < num_threads; k++) {
        OMPVV_TEST_AND_SET_VERBOSE(errors, result[i][j][k] != (1 + (y[i]*z[i])));
      }
    }
  }

  OMPVV_WARNING_IF(num_threads == 1, ""Test ran with one thread, so parallelism of loop construct can't be guaranteed."");
  OMPVV_TEST_AND_SET_VERBOSE(errors, num_threads < 1);
  OMPVV_ERROR_IF(num_threads < 1, ""omp_get_num_threads() returned an invalid number of threads."");

  return errors;
}

int main() {
  int errors = 0;

  OMPVV_TEST_AND_SET_VERBOSE(errors, test_loop_bind_teams());
  OMPVV_TEST_AND_SET_VERBOSE(errors, test_loop_bind_parallel());
  OMPVV_TEST_AND_SET_VERBOSE(errors, test_loop_bind_thread_teams());
  OMPVV_TEST_AND_SET_VERBOSE(errors, test_loop_bind_thread_parallel());

  OMPVV_REPORT_AND_RETURN(errors);
}
",HPC_BUGFIX_V2_3.xlsx,False,unknown,CHANGE_CLAUSE,loop,bind,tests/5.0/loop,5.0
tests/5.0/loop/test_loop_bind.c,loop,loop_binding,BIND_PARALLEL_TO_THREAD,high,#pragma omp loop bind(parallel),#pragma omp loop bind(thread),x[i][j] == 1 + y[i]*z[i] in test_loop_bind_parallel,thread binding in parallel context changes intended loop binding,82,test_loop_bind_parallel_to_thread.c,"//===--- test_loop_bind.c ---------------------------------------------------===//
//
// OpenMP API Version 5.0 Nov 2018
//
// This test checks the loop directive with the bind(binding) clause. The bind
// clause indicates that the loop construct should apply in the context of the
// given binding, one of teams, parallel, or thread. Each of these bindings
// is tested in an appropriate context and the correctness of results of
// array operations in the nested loop is checked.
//
////===----------------------------------------------------------------------===//
#include <assert.h>
#include <omp.h>
#include <stdio.h>
#include <stdlib.h>
#include ""ompvv.h""

#define N 32

int test_loop_bind_teams() {
  OMPVV_INFOMSG(""test_loop_bind_teams"");
  int errors = 0;
  int x[N][N];
  int y[N];
  int z[N];
  int num_teams = -1;

  for (int i = 0; i < N; i++) {
    for (int j = 0; j < N; j++) {
      x[i][j] = 1;
    }
    y[i] = i;
    z[i] = 2*i;
  }

#pragma omp teams num_teams(OMPVV_NUM_TEAMS_DEVICE) thread_limit(OMPVV_NUM_THREADS_HOST)
  {
#pragma omp loop bind(teams)
    for (int i = 0; i < N; i++) {
      for (int j = 0; j < N; j++) {
        x[i][j] += y[i]*z[i];
      }
    }
    #pragma omp parallel if(0)
    if (omp_get_team_num() == 0) {
      num_teams = omp_get_num_teams();
    }
  }

  for (int i = 0; i < N; i++) {
    for (int j = 0; j < N; j++) {
      OMPVV_TEST_AND_SET_VERBOSE(errors, x[i][j] != (1 + (y[i]*z[i])));
    }
  }

  OMPVV_WARNING_IF(num_teams == 1, ""Test ran with one team, so parallelism of loop construct with bind(teams) can't be guaranteed."");
  OMPVV_TEST_AND_SET_VERBOSE(errors, num_teams < 1);
  OMPVV_ERROR_IF(num_teams < 1, ""omp_get_num_teams() returned an invalid number of teams."");

  return errors;
}

int test_loop_bind_parallel() {
  OMPVV_INFOMSG(""test_loop_bind_parallel"");
  int errors = 0;
  int x[N][N];
  int y[N];
  int z[N];
  int num_threads = -1;

  for (int i = 0; i < N; i++) {
    for (int j = 0; j < N; j++) {
      x[i][j] = 1;
    }
    y[i] = i;
    z[i] = 2*i;
  }

#pragma omp parallel num_threads(OMPVV_NUM_THREADS_HOST)
  {
#pragma omp loop bind(parallel)
    for (int i = 0; i < N; i++) {
      for (int j = 0; j < N; j++) {
        x[i][j] += y[i]*z[i];
      }
    }
    if (omp_get_thread_num() == 0 && omp_get_team_num() == 0) {
      num_threads = omp_get_num_threads();
    }
  }

  for (int i = 0; i < N; i++) {
    for (int j = 0; j < N; j++) {
      OMPVV_TEST_AND_SET_VERBOSE(errors, x[i][j] != (1 + (y[i]*z[i])));
    }
  }

  OMPVV_WARNING_IF(num_threads == 1, ""Test ran with one thread, so parallelism of loop construct can't be guaranteed."");
  OMPVV_TEST_AND_SET_VERBOSE(errors, num_threads < 1);
  OMPVV_ERROR_IF(num_threads < 1, ""omp_get_num_threads() returned an invalid number of threads."");

  return errors;
}

int test_loop_bind_thread_teams() {
  OMPVV_INFOMSG(""test_loop_bind_thread_teams"");
  int errors = 0;
  int y[N];
  int z[N];
  int result[N][N][OMPVV_NUM_TEAMS_DEVICE];
  int num_teams = -1;

  for (int i = 0; i < N; i++) {
    for (int j = 0; j < N; j++) {
      for (int k = 0; k < OMPVV_NUM_TEAMS_DEVICE; k++) {
        result[i][j][k] = 1;
      }
    }
    y[i] = i;
    z[i] = 2*i;
  }

#pragma omp teams num_teams(OMPVV_NUM_TEAMS_DEVICE) thread_limit(OMPVV_NUM_THREADS_HOST)
  {
    int x[N][N];
    for (int i = 0; i < N; i++) {
      for (int j = 0; j < N; j++) {
        x[i][j] = 1;
      }
    }
#pragma omp loop bind(thread)
    for (int i = 0; i < N; i++) {
      for (int j = 0; j < N; j++) {
        x[i][j] += y[i]*z[i];
      }
    }
#pragma omp parallel if(0)
    if (omp_get_team_num() == 0) {
      num_teams = omp_get_num_teams();
    }
    for (int i = 0; i < N; i++) {
      for (int j = 0; j < N; j++) {
        result[i][j][omp_get_team_num()] = x[i][j];
      }
    }
  }

  for (int i = 0; i < N; i++) {
    for (int j = 0; j < N; j++) {
      for (int k = 0; k < num_teams; k++) {
        OMPVV_TEST_AND_SET_VERBOSE(errors, result[i][j][k] != (1 + (y[i]*z[i])));
      }
    }
  }

  OMPVV_WARNING_IF(num_teams == 1, ""Test ran with one team, so parallelism of loop construct can't be guaranteed."");
  OMPVV_TEST_AND_SET_VERBOSE(errors, num_teams < 1);
  OMPVV_ERROR_IF(num_teams < 1, ""omp_get_num_teams() returned an invalid number of teams."");

  return errors;
}

int test_loop_bind_thread_parallel() {
  OMPVV_INFOMSG(""test_loop_bind_thread_parallel"");
  int errors = 0;
  int y[N];
  int z[N];
  int result[N][N][OMPVV_NUM_THREADS_HOST];
  int num_threads = -1;

  for (int i = 0; i < N; i++) {
    for (int j = 0; j < N; j++) {
      for (int k = 0; k < OMPVV_NUM_THREADS_HOST; k++) {
        result[i][j][k] = 1;
      }
    }
    y[i] = i;
    z[i] = 2*i;
  }

#pragma omp parallel shared(result) num_threads(OMPVV_NUM_THREADS_HOST)
  {
    int x[N][N];
    for (int i = 0; i < N; i++) {
      for (int j = 0; j < N; j++) {
        x[i][j] = 1;
      }
    }
#pragma omp loop bind(thread)
    for (int i = 0; i < N; i++) {
      for (int j = 0; j < N; j++) {
        x[i][j] += y[i]*z[i];
      }
    }
    if (omp_get_thread_num() == 0) {
      num_threads = omp_get_num_threads();
    }
    for (int i = 0; i < N; i++) {
      for (int j = 0; j < N; j++) {
        result[i][j][omp_get_thread_num()] = x[i][j];
      }
    }
  }

  for (int i = 0; i < N; i++) {
    for (int j = 0; j < N; j++) {
      for (int k = 0; k < num_threads; k++) {
        OMPVV_TEST_AND_SET_VERBOSE(errors, result[i][j][k] != (1 + (y[i]*z[i])));
      }
    }
  }

  OMPVV_WARNING_IF(num_threads == 1, ""Test ran with one thread, so parallelism of loop construct can't be guaranteed."");
  OMPVV_TEST_AND_SET_VERBOSE(errors, num_threads < 1);
  OMPVV_ERROR_IF(num_threads < 1, ""omp_get_num_threads() returned an invalid number of threads."");

  return errors;
}

int main() {
  int errors = 0;

  OMPVV_TEST_AND_SET_VERBOSE(errors, test_loop_bind_teams());
  OMPVV_TEST_AND_SET_VERBOSE(errors, test_loop_bind_parallel());
  OMPVV_TEST_AND_SET_VERBOSE(errors, test_loop_bind_thread_teams());
  OMPVV_TEST_AND_SET_VERBOSE(errors, test_loop_bind_thread_parallel());

  OMPVV_REPORT_AND_RETURN(errors);
}
","//===--- test_loop_bind.c ---------------------------------------------------===//
//
// OpenMP API Version 5.0 Nov 2018
//
// This test checks the loop directive with the bind(binding) clause. The bind
// clause indicates that the loop construct should apply in the context of the
// given binding, one of teams, parallel, or thread. Each of these bindings
// is tested in an appropriate context and the correctness of results of
// array operations in the nested loop is checked.
//
////===----------------------------------------------------------------------===//
#include <assert.h>
#include <omp.h>
#include <stdio.h>
#include <stdlib.h>
#include ""ompvv.h""

#define N 32

int test_loop_bind_teams() {
  OMPVV_INFOMSG(""test_loop_bind_teams"");
  int errors = 0;
  int x[N][N];
  int y[N];
  int z[N];
  int num_teams = -1;

  for (int i = 0; i < N; i++) {
    for (int j = 0; j < N; j++) {
      x[i][j] = 1;
    }
    y[i] = i;
    z[i] = 2*i;
  }

#pragma omp teams num_teams(OMPVV_NUM_TEAMS_DEVICE) thread_limit(OMPVV_NUM_THREADS_HOST)
  {
#pragma omp loop bind(teams)
    for (int i = 0; i < N; i++) {
      for (int j = 0; j < N; j++) {
        x[i][j] += y[i]*z[i];
      }
    }
    #pragma omp parallel if(0)
    if (omp_get_team_num() == 0) {
      num_teams = omp_get_num_teams();
    }
  }

  for (int i = 0; i < N; i++) {
    for (int j = 0; j < N; j++) {
      OMPVV_TEST_AND_SET_VERBOSE(errors, x[i][j] != (1 + (y[i]*z[i])));
    }
  }

  OMPVV_WARNING_IF(num_teams == 1, ""Test ran with one team, so parallelism of loop construct with bind(teams) can't be guaranteed."");
  OMPVV_TEST_AND_SET_VERBOSE(errors, num_teams < 1);
  OMPVV_ERROR_IF(num_teams < 1, ""omp_get_num_teams() returned an invalid number of teams."");

  return errors;
}

int test_loop_bind_parallel() {
  OMPVV_INFOMSG(""test_loop_bind_parallel"");
  int errors = 0;
  int x[N][N];
  int y[N];
  int z[N];
  int num_threads = -1;

  for (int i = 0; i < N; i++) {
    for (int j = 0; j < N; j++) {
      x[i][j] = 1;
    }
    y[i] = i;
    z[i] = 2*i;
  }

#pragma omp parallel num_threads(OMPVV_NUM_THREADS_HOST)
  {
#pragma omp loop bind(thread)
    for (int i = 0; i < N; i++) {
      for (int j = 0; j < N; j++) {
        x[i][j] += y[i]*z[i];
      }
    }
    if (omp_get_thread_num() == 0 && omp_get_team_num() == 0) {
      num_threads = omp_get_num_threads();
    }
  }

  for (int i = 0; i < N; i++) {
    for (int j = 0; j < N; j++) {
      OMPVV_TEST_AND_SET_VERBOSE(errors, x[i][j] != (1 + (y[i]*z[i])));
    }
  }

  OMPVV_WARNING_IF(num_threads == 1, ""Test ran with one thread, so parallelism of loop construct can't be guaranteed."");
  OMPVV_TEST_AND_SET_VERBOSE(errors, num_threads < 1);
  OMPVV_ERROR_IF(num_threads < 1, ""omp_get_num_threads() returned an invalid number of threads."");

  return errors;
}

int test_loop_bind_thread_teams() {
  OMPVV_INFOMSG(""test_loop_bind_thread_teams"");
  int errors = 0;
  int y[N];
  int z[N];
  int result[N][N][OMPVV_NUM_TEAMS_DEVICE];
  int num_teams = -1;

  for (int i = 0; i < N; i++) {
    for (int j = 0; j < N; j++) {
      for (int k = 0; k < OMPVV_NUM_TEAMS_DEVICE; k++) {
        result[i][j][k] = 1;
      }
    }
    y[i] = i;
    z[i] = 2*i;
  }

#pragma omp teams num_teams(OMPVV_NUM_TEAMS_DEVICE) thread_limit(OMPVV_NUM_THREADS_HOST)
  {
    int x[N][N];
    for (int i = 0; i < N; i++) {
      for (int j = 0; j < N; j++) {
        x[i][j] = 1;
      }
    }
#pragma omp loop bind(thread)
    for (int i = 0; i < N; i++) {
      for (int j = 0; j < N; j++) {
        x[i][j] += y[i]*z[i];
      }
    }
#pragma omp parallel if(0)
    if (omp_get_team_num() == 0) {
      num_teams = omp_get_num_teams();
    }
    for (int i = 0; i < N; i++) {
      for (int j = 0; j < N; j++) {
        result[i][j][omp_get_team_num()] = x[i][j];
      }
    }
  }

  for (int i = 0; i < N; i++) {
    for (int j = 0; j < N; j++) {
      for (int k = 0; k < num_teams; k++) {
        OMPVV_TEST_AND_SET_VERBOSE(errors, result[i][j][k] != (1 + (y[i]*z[i])));
      }
    }
  }

  OMPVV_WARNING_IF(num_teams == 1, ""Test ran with one team, so parallelism of loop construct can't be guaranteed."");
  OMPVV_TEST_AND_SET_VERBOSE(errors, num_teams < 1);
  OMPVV_ERROR_IF(num_teams < 1, ""omp_get_num_teams() returned an invalid number of teams."");

  return errors;
}

int test_loop_bind_thread_parallel() {
  OMPVV_INFOMSG(""test_loop_bind_thread_parallel"");
  int errors = 0;
  int y[N];
  int z[N];
  int result[N][N][OMPVV_NUM_THREADS_HOST];
  int num_threads = -1;

  for (int i = 0; i < N; i++) {
    for (int j = 0; j < N; j++) {
      for (int k = 0; k < OMPVV_NUM_THREADS_HOST; k++) {
        result[i][j][k] = 1;
      }
    }
    y[i] = i;
    z[i] = 2*i;
  }

#pragma omp parallel shared(result) num_threads(OMPVV_NUM_THREADS_HOST)
  {
    int x[N][N];
    for (int i = 0; i < N; i++) {
      for (int j = 0; j < N; j++) {
        x[i][j] = 1;
      }
    }
#pragma omp loop bind(thread)
    for (int i = 0; i < N; i++) {
      for (int j = 0; j < N; j++) {
        x[i][j] += y[i]*z[i];
      }
    }
    if (omp_get_thread_num() == 0) {
      num_threads = omp_get_num_threads();
    }
    for (int i = 0; i < N; i++) {
      for (int j = 0; j < N; j++) {
        result[i][j][omp_get_thread_num()] = x[i][j];
      }
    }
  }

  for (int i = 0; i < N; i++) {
    for (int j = 0; j < N; j++) {
      for (int k = 0; k < num_threads; k++) {
        OMPVV_TEST_AND_SET_VERBOSE(errors, result[i][j][k] != (1 + (y[i]*z[i])));
      }
    }
  }

  OMPVV_WARNING_IF(num_threads == 1, ""Test ran with one thread, so parallelism of loop construct can't be guaranteed."");
  OMPVV_TEST_AND_SET_VERBOSE(errors, num_threads < 1);
  OMPVV_ERROR_IF(num_threads < 1, ""omp_get_num_threads() returned an invalid number of threads."");

  return errors;
}

int main() {
  int errors = 0;

  OMPVV_TEST_AND_SET_VERBOSE(errors, test_loop_bind_teams());
  OMPVV_TEST_AND_SET_VERBOSE(errors, test_loop_bind_parallel());
  OMPVV_TEST_AND_SET_VERBOSE(errors, test_loop_bind_thread_teams());
  OMPVV_TEST_AND_SET_VERBOSE(errors, test_loop_bind_thread_parallel());

  OMPVV_REPORT_AND_RETURN(errors);
}
",HPC_BUGFIX_V2_3.xlsx,False,unknown,CHANGE_CLAUSE,loop,bind,tests/5.0/loop,5.0
tests/5.0/loop/test_loop_bind.c,loop,loop_binding,BIND_THREAD_TO_TEAMS,high,#pragma omp loop bind(thread),#pragma omp loop bind(teams),result[i][j][k] == 1 + y[i]*z[i] for all teams in test_loop_bind_thread_teams,wrong binding changes how each team's private x is updated,132,test_loop_bind_thread_teams_to_teams.c,"//===--- test_loop_bind.c ---------------------------------------------------===//
//
// OpenMP API Version 5.0 Nov 2018
//
// This test checks the loop directive with the bind(binding) clause. The bind
// clause indicates that the loop construct should apply in the context of the
// given binding, one of teams, parallel, or thread. Each of these bindings
// is tested in an appropriate context and the correctness of results of
// array operations in the nested loop is checked.
//
////===----------------------------------------------------------------------===//
#include <assert.h>
#include <omp.h>
#include <stdio.h>
#include <stdlib.h>
#include ""ompvv.h""

#define N 32

int test_loop_bind_teams() {
  OMPVV_INFOMSG(""test_loop_bind_teams"");
  int errors = 0;
  int x[N][N];
  int y[N];
  int z[N];
  int num_teams = -1;

  for (int i = 0; i < N; i++) {
    for (int j = 0; j < N; j++) {
      x[i][j] = 1;
    }
    y[i] = i;
    z[i] = 2*i;
  }

#pragma omp teams num_teams(OMPVV_NUM_TEAMS_DEVICE) thread_limit(OMPVV_NUM_THREADS_HOST)
  {
#pragma omp loop bind(teams)
    for (int i = 0; i < N; i++) {
      for (int j = 0; j < N; j++) {
        x[i][j] += y[i]*z[i];
      }
    }
    #pragma omp parallel if(0)
    if (omp_get_team_num() == 0) {
      num_teams = omp_get_num_teams();
    }
  }

  for (int i = 0; i < N; i++) {
    for (int j = 0; j < N; j++) {
      OMPVV_TEST_AND_SET_VERBOSE(errors, x[i][j] != (1 + (y[i]*z[i])));
    }
  }

  OMPVV_WARNING_IF(num_teams == 1, ""Test ran with one team, so parallelism of loop construct with bind(teams) can't be guaranteed."");
  OMPVV_TEST_AND_SET_VERBOSE(errors, num_teams < 1);
  OMPVV_ERROR_IF(num_teams < 1, ""omp_get_num_teams() returned an invalid number of teams."");

  return errors;
}

int test_loop_bind_parallel() {
  OMPVV_INFOMSG(""test_loop_bind_parallel"");
  int errors = 0;
  int x[N][N];
  int y[N];
  int z[N];
  int num_threads = -1;

  for (int i = 0; i < N; i++) {
    for (int j = 0; j < N; j++) {
      x[i][j] = 1;
    }
    y[i] = i;
    z[i] = 2*i;
  }

#pragma omp parallel num_threads(OMPVV_NUM_THREADS_HOST)
  {
#pragma omp loop bind(parallel)
    for (int i = 0; i < N; i++) {
      for (int j = 0; j < N; j++) {
        x[i][j] += y[i]*z[i];
      }
    }
    if (omp_get_thread_num() == 0 && omp_get_team_num() == 0) {
      num_threads = omp_get_num_threads();
    }
  }

  for (int i = 0; i < N; i++) {
    for (int j = 0; j < N; j++) {
      OMPVV_TEST_AND_SET_VERBOSE(errors, x[i][j] != (1 + (y[i]*z[i])));
    }
  }

  OMPVV_WARNING_IF(num_threads == 1, ""Test ran with one thread, so parallelism of loop construct can't be guaranteed."");
  OMPVV_TEST_AND_SET_VERBOSE(errors, num_threads < 1);
  OMPVV_ERROR_IF(num_threads < 1, ""omp_get_num_threads() returned an invalid number of threads."");

  return errors;
}

int test_loop_bind_thread_teams() {
  OMPVV_INFOMSG(""test_loop_bind_thread_teams"");
  int errors = 0;
  int y[N];
  int z[N];
  int result[N][N][OMPVV_NUM_TEAMS_DEVICE];
  int num_teams = -1;

  for (int i = 0; i < N; i++) {
    for (int j = 0; j < N; j++) {
      for (int k = 0; k < OMPVV_NUM_TEAMS_DEVICE; k++) {
        result[i][j][k] = 1;
      }
    }
    y[i] = i;
    z[i] = 2*i;
  }

#pragma omp teams num_teams(OMPVV_NUM_TEAMS_DEVICE) thread_limit(OMPVV_NUM_THREADS_HOST)
  {
    int x[N][N];
    for (int i = 0; i < N; i++) {
      for (int j = 0; j < N; j++) {
        x[i][j] = 1;
      }
    }
#pragma omp loop bind(thread)
    for (int i = 0; i < N; i++) {
      for (int j = 0; j < N; j++) {
        x[i][j] += y[i]*z[i];
      }
    }
#pragma omp parallel if(0)
    if (omp_get_team_num() == 0) {
      num_teams = omp_get_num_teams();
    }
    for (int i = 0; i < N; i++) {
      for (int j = 0; j < N; j++) {
        result[i][j][omp_get_team_num()] = x[i][j];
      }
    }
  }

  for (int i = 0; i < N; i++) {
    for (int j = 0; j < N; j++) {
      for (int k = 0; k < num_teams; k++) {
        OMPVV_TEST_AND_SET_VERBOSE(errors, result[i][j][k] != (1 + (y[i]*z[i])));
      }
    }
  }

  OMPVV_WARNING_IF(num_teams == 1, ""Test ran with one team, so parallelism of loop construct can't be guaranteed."");
  OMPVV_TEST_AND_SET_VERBOSE(errors, num_teams < 1);
  OMPVV_ERROR_IF(num_teams < 1, ""omp_get_num_teams() returned an invalid number of teams."");

  return errors;
}

int test_loop_bind_thread_parallel() {
  OMPVV_INFOMSG(""test_loop_bind_thread_parallel"");
  int errors = 0;
  int y[N];
  int z[N];
  int result[N][N][OMPVV_NUM_THREADS_HOST];
  int num_threads = -1;

  for (int i = 0; i < N; i++) {
    for (int j = 0; j < N; j++) {
      for (int k = 0; k < OMPVV_NUM_THREADS_HOST; k++) {
        result[i][j][k] = 1;
      }
    }
    y[i] = i;
    z[i] = 2*i;
  }

#pragma omp parallel shared(result) num_threads(OMPVV_NUM_THREADS_HOST)
  {
    int x[N][N];
    for (int i = 0; i < N; i++) {
      for (int j = 0; j < N; j++) {
        x[i][j] = 1;
      }
    }
#pragma omp loop bind(thread)
    for (int i = 0; i < N; i++) {
      for (int j = 0; j < N; j++) {
        x[i][j] += y[i]*z[i];
      }
    }
    if (omp_get_thread_num() == 0) {
      num_threads = omp_get_num_threads();
    }
    for (int i = 0; i < N; i++) {
      for (int j = 0; j < N; j++) {
        result[i][j][omp_get_thread_num()] = x[i][j];
      }
    }
  }

  for (int i = 0; i < N; i++) {
    for (int j = 0; j < N; j++) {
      for (int k = 0; k < num_threads; k++) {
        OMPVV_TEST_AND_SET_VERBOSE(errors, result[i][j][k] != (1 + (y[i]*z[i])));
      }
    }
  }

  OMPVV_WARNING_IF(num_threads == 1, ""Test ran with one thread, so parallelism of loop construct can't be guaranteed."");
  OMPVV_TEST_AND_SET_VERBOSE(errors, num_threads < 1);
  OMPVV_ERROR_IF(num_threads < 1, ""omp_get_num_threads() returned an invalid number of threads."");

  return errors;
}

int main() {
  int errors = 0;

  OMPVV_TEST_AND_SET_VERBOSE(errors, test_loop_bind_teams());
  OMPVV_TEST_AND_SET_VERBOSE(errors, test_loop_bind_parallel());
  OMPVV_TEST_AND_SET_VERBOSE(errors, test_loop_bind_thread_teams());
  OMPVV_TEST_AND_SET_VERBOSE(errors, test_loop_bind_thread_parallel());

  OMPVV_REPORT_AND_RETURN(errors);
}
","//===--- test_loop_bind.c ---------------------------------------------------===//
//
// OpenMP API Version 5.0 Nov 2018
//
// This test checks the loop directive with the bind(binding) clause. The bind
// clause indicates that the loop construct should apply in the context of the
// given binding, one of teams, parallel, or thread. Each of these bindings
// is tested in an appropriate context and the correctness of results of
// array operations in the nested loop is checked.
//
////===----------------------------------------------------------------------===//
#include <assert.h>
#include <omp.h>
#include <stdio.h>
#include <stdlib.h>
#include ""ompvv.h""

#define N 32

int test_loop_bind_teams() {
  OMPVV_INFOMSG(""test_loop_bind_teams"");
  int errors = 0;
  int x[N][N];
  int y[N];
  int z[N];
  int num_teams = -1;

  for (int i = 0; i < N; i++) {
    for (int j = 0; j < N; j++) {
      x[i][j] = 1;
    }
    y[i] = i;
    z[i] = 2*i;
  }

#pragma omp teams num_teams(OMPVV_NUM_TEAMS_DEVICE) thread_limit(OMPVV_NUM_THREADS_HOST)
  {
#pragma omp loop bind(teams)
    for (int i = 0; i < N; i++) {
      for (int j = 0; j < N; j++) {
        x[i][j] += y[i]*z[i];
      }
    }
    #pragma omp parallel if(0)
    if (omp_get_team_num() == 0) {
      num_teams = omp_get_num_teams();
    }
  }

  for (int i = 0; i < N; i++) {
    for (int j = 0; j < N; j++) {
      OMPVV_TEST_AND_SET_VERBOSE(errors, x[i][j] != (1 + (y[i]*z[i])));
    }
  }

  OMPVV_WARNING_IF(num_teams == 1, ""Test ran with one team, so parallelism of loop construct with bind(teams) can't be guaranteed."");
  OMPVV_TEST_AND_SET_VERBOSE(errors, num_teams < 1);
  OMPVV_ERROR_IF(num_teams < 1, ""omp_get_num_teams() returned an invalid number of teams."");

  return errors;
}

int test_loop_bind_parallel() {
  OMPVV_INFOMSG(""test_loop_bind_parallel"");
  int errors = 0;
  int x[N][N];
  int y[N];
  int z[N];
  int num_threads = -1;

  for (int i = 0; i < N; i++) {
    for (int j = 0; j < N; j++) {
      x[i][j] = 1;
    }
    y[i] = i;
    z[i] = 2*i;
  }

#pragma omp parallel num_threads(OMPVV_NUM_THREADS_HOST)
  {
#pragma omp loop bind(parallel)
    for (int i = 0; i < N; i++) {
      for (int j = 0; j < N; j++) {
        x[i][j] += y[i]*z[i];
      }
    }
    if (omp_get_thread_num() == 0 && omp_get_team_num() == 0) {
      num_threads = omp_get_num_threads();
    }
  }

  for (int i = 0; i < N; i++) {
    for (int j = 0; j < N; j++) {
      OMPVV_TEST_AND_SET_VERBOSE(errors, x[i][j] != (1 + (y[i]*z[i])));
    }
  }

  OMPVV_WARNING_IF(num_threads == 1, ""Test ran with one thread, so parallelism of loop construct can't be guaranteed."");
  OMPVV_TEST_AND_SET_VERBOSE(errors, num_threads < 1);
  OMPVV_ERROR_IF(num_threads < 1, ""omp_get_num_threads() returned an invalid number of threads."");

  return errors;
}

int test_loop_bind_thread_teams() {
  OMPVV_INFOMSG(""test_loop_bind_thread_teams"");
  int errors = 0;
  int y[N];
  int z[N];
  int result[N][N][OMPVV_NUM_TEAMS_DEVICE];
  int num_teams = -1;

  for (int i = 0; i < N; i++) {
    for (int j = 0; j < N; j++) {
      for (int k = 0; k < OMPVV_NUM_TEAMS_DEVICE; k++) {
        result[i][j][k] = 1;
      }
    }
    y[i] = i;
    z[i] = 2*i;
  }

#pragma omp teams num_teams(OMPVV_NUM_TEAMS_DEVICE) thread_limit(OMPVV_NUM_THREADS_HOST)
  {
    int x[N][N];
    for (int i = 0; i < N; i++) {
      for (int j = 0; j < N; j++) {
        x[i][j] = 1;
      }
    }
#pragma omp loop bind(teams)
    for (int i = 0; i < N; i++) {
      for (int j = 0; j < N; j++) {
        x[i][j] += y[i]*z[i];
      }
    }
#pragma omp parallel if(0)
    if (omp_get_team_num() == 0) {
      num_teams = omp_get_num_teams();
    }
    for (int i = 0; i < N; i++) {
      for (int j = 0; j < N; j++) {
        result[i][j][omp_get_team_num()] = x[i][j];
      }
    }
  }

  for (int i = 0; i < N; i++) {
    for (int j = 0; j < N; j++) {
      for (int k = 0; k < num_teams; k++) {
        OMPVV_TEST_AND_SET_VERBOSE(errors, result[i][j][k] != (1 + (y[i]*z[i])));
      }
    }
  }

  OMPVV_WARNING_IF(num_teams == 1, ""Test ran with one team, so parallelism of loop construct can't be guaranteed."");
  OMPVV_TEST_AND_SET_VERBOSE(errors, num_teams < 1);
  OMPVV_ERROR_IF(num_teams < 1, ""omp_get_num_teams() returned an invalid number of teams."");

  return errors;
}

int test_loop_bind_thread_parallel() {
  OMPVV_INFOMSG(""test_loop_bind_thread_parallel"");
  int errors = 0;
  int y[N];
  int z[N];
  int result[N][N][OMPVV_NUM_THREADS_HOST];
  int num_threads = -1;

  for (int i = 0; i < N; i++) {
    for (int j = 0; j < N; j++) {
      for (int k = 0; k < OMPVV_NUM_THREADS_HOST; k++) {
        result[i][j][k] = 1;
      }
    }
    y[i] = i;
    z[i] = 2*i;
  }

#pragma omp parallel shared(result) num_threads(OMPVV_NUM_THREADS_HOST)
  {
    int x[N][N];
    for (int i = 0; i < N; i++) {
      for (int j = 0; j < N; j++) {
        x[i][j] = 1;
      }
    }
#pragma omp loop bind(thread)
    for (int i = 0; i < N; i++) {
      for (int j = 0; j < N; j++) {
        x[i][j] += y[i]*z[i];
      }
    }
    if (omp_get_thread_num() == 0) {
      num_threads = omp_get_num_threads();
    }
    for (int i = 0; i < N; i++) {
      for (int j = 0; j < N; j++) {
        result[i][j][omp_get_thread_num()] = x[i][j];
      }
    }
  }

  for (int i = 0; i < N; i++) {
    for (int j = 0; j < N; j++) {
      for (int k = 0; k < num_threads; k++) {
        OMPVV_TEST_AND_SET_VERBOSE(errors, result[i][j][k] != (1 + (y[i]*z[i])));
      }
    }
  }

  OMPVV_WARNING_IF(num_threads == 1, ""Test ran with one thread, so parallelism of loop construct can't be guaranteed."");
  OMPVV_TEST_AND_SET_VERBOSE(errors, num_threads < 1);
  OMPVV_ERROR_IF(num_threads < 1, ""omp_get_num_threads() returned an invalid number of threads."");

  return errors;
}

int main() {
  int errors = 0;

  OMPVV_TEST_AND_SET_VERBOSE(errors, test_loop_bind_teams());
  OMPVV_TEST_AND_SET_VERBOSE(errors, test_loop_bind_parallel());
  OMPVV_TEST_AND_SET_VERBOSE(errors, test_loop_bind_thread_teams());
  OMPVV_TEST_AND_SET_VERBOSE(errors, test_loop_bind_thread_parallel());

  OMPVV_REPORT_AND_RETURN(errors);
}
",HPC_BUGFIX_V2_3.xlsx,False,unknown,CHANGE_CLAUSE,loop,bind,tests/5.0/loop,5.0
tests/5.0/loop/test_loop_bind.c,loop,loop_binding,BIND_THREAD_TO_PARALLEL,high,#pragma omp loop bind(thread),#pragma omp loop bind(parallel),result[i][j][k] == 1 + y[i]*z[i] for all threads in test_loop_bind_thread_parallel,wrong binding changes how each thread's private x is updated,190,test_loop_bind_thread_parallel_to_parallel.c,"//===--- test_loop_bind.c ---------------------------------------------------===//
//
// OpenMP API Version 5.0 Nov 2018
//
// This test checks the loop directive with the bind(binding) clause. The bind
// clause indicates that the loop construct should apply in the context of the
// given binding, one of teams, parallel, or thread. Each of these bindings
// is tested in an appropriate context and the correctness of results of
// array operations in the nested loop is checked.
//
////===----------------------------------------------------------------------===//
#include <assert.h>
#include <omp.h>
#include <stdio.h>
#include <stdlib.h>
#include ""ompvv.h""

#define N 32

int test_loop_bind_teams() {
  OMPVV_INFOMSG(""test_loop_bind_teams"");
  int errors = 0;
  int x[N][N];
  int y[N];
  int z[N];
  int num_teams = -1;

  for (int i = 0; i < N; i++) {
    for (int j = 0; j < N; j++) {
      x[i][j] = 1;
    }
    y[i] = i;
    z[i] = 2*i;
  }

#pragma omp teams num_teams(OMPVV_NUM_TEAMS_DEVICE) thread_limit(OMPVV_NUM_THREADS_HOST)
  {
#pragma omp loop bind(teams)
    for (int i = 0; i < N; i++) {
      for (int j = 0; j < N; j++) {
        x[i][j] += y[i]*z[i];
      }
    }
    #pragma omp parallel if(0)
    if (omp_get_team_num() == 0) {
      num_teams = omp_get_num_teams();
    }
  }

  for (int i = 0; i < N; i++) {
    for (int j = 0; j < N; j++) {
      OMPVV_TEST_AND_SET_VERBOSE(errors, x[i][j] != (1 + (y[i]*z[i])));
    }
  }

  OMPVV_WARNING_IF(num_teams == 1, ""Test ran with one team, so parallelism of loop construct with bind(teams) can't be guaranteed."");
  OMPVV_TEST_AND_SET_VERBOSE(errors, num_teams < 1);
  OMPVV_ERROR_IF(num_teams < 1, ""omp_get_num_teams() returned an invalid number of teams."");

  return errors;
}

int test_loop_bind_parallel() {
  OMPVV_INFOMSG(""test_loop_bind_parallel"");
  int errors = 0;
  int x[N][N];
  int y[N];
  int z[N];
  int num_threads = -1;

  for (int i = 0; i < N; i++) {
    for (int j = 0; j < N; j++) {
      x[i][j] = 1;
    }
    y[i] = i;
    z[i] = 2*i;
  }

#pragma omp parallel num_threads(OMPVV_NUM_THREADS_HOST)
  {
#pragma omp loop bind(parallel)
    for (int i = 0; i < N; i++) {
      for (int j = 0; j < N; j++) {
        x[i][j] += y[i]*z[i];
      }
    }
    if (omp_get_thread_num() == 0 && omp_get_team_num() == 0) {
      num_threads = omp_get_num_threads();
    }
  }

  for (int i = 0; i < N; i++) {
    for (int j = 0; j < N; j++) {
      OMPVV_TEST_AND_SET_VERBOSE(errors, x[i][j] != (1 + (y[i]*z[i])));
    }
  }

  OMPVV_WARNING_IF(num_threads == 1, ""Test ran with one thread, so parallelism of loop construct can't be guaranteed."");
  OMPVV_TEST_AND_SET_VERBOSE(errors, num_threads < 1);
  OMPVV_ERROR_IF(num_threads < 1, ""omp_get_num_threads() returned an invalid number of threads."");

  return errors;
}

int test_loop_bind_thread_teams() {
  OMPVV_INFOMSG(""test_loop_bind_thread_teams"");
  int errors = 0;
  int y[N];
  int z[N];
  int result[N][N][OMPVV_NUM_TEAMS_DEVICE];
  int num_teams = -1;

  for (int i = 0; i < N; i++) {
    for (int j = 0; j < N; j++) {
      for (int k = 0; k < OMPVV_NUM_TEAMS_DEVICE; k++) {
        result[i][j][k] = 1;
      }
    }
    y[i] = i;
    z[i] = 2*i;
  }

#pragma omp teams num_teams(OMPVV_NUM_TEAMS_DEVICE) thread_limit(OMPVV_NUM_THREADS_HOST)
  {
    int x[N][N];
    for (int i = 0; i < N; i++) {
      for (int j = 0; j < N; j++) {
        x[i][j] = 1;
      }
    }
#pragma omp loop bind(thread)
    for (int i = 0; i < N; i++) {
      for (int j = 0; j < N; j++) {
        x[i][j] += y[i]*z[i];
      }
    }
#pragma omp parallel if(0)
    if (omp_get_team_num() == 0) {
      num_teams = omp_get_num_teams();
    }
    for (int i = 0; i < N; i++) {
      for (int j = 0; j < N; j++) {
        result[i][j][omp_get_team_num()] = x[i][j];
      }
    }
  }

  for (int i = 0; i < N; i++) {
    for (int j = 0; j < N; j++) {
      for (int k = 0; k < num_teams; k++) {
        OMPVV_TEST_AND_SET_VERBOSE(errors, result[i][j][k] != (1 + (y[i]*z[i])));
      }
    }
  }

  OMPVV_WARNING_IF(num_teams == 1, ""Test ran with one team, so parallelism of loop construct can't be guaranteed."");
  OMPVV_TEST_AND_SET_VERBOSE(errors, num_teams < 1);
  OMPVV_ERROR_IF(num_teams < 1, ""omp_get_num_teams() returned an invalid number of teams."");

  return errors;
}

int test_loop_bind_thread_parallel() {
  OMPVV_INFOMSG(""test_loop_bind_thread_parallel"");
  int errors = 0;
  int y[N];
  int z[N];
  int result[N][N][OMPVV_NUM_THREADS_HOST];
  int num_threads = -1;

  for (int i = 0; i < N; i++) {
    for (int j = 0; j < N; j++) {
      for (int k = 0; k < OMPVV_NUM_THREADS_HOST; k++) {
        result[i][j][k] = 1;
      }
    }
    y[i] = i;
    z[i] = 2*i;
  }

#pragma omp parallel shared(result) num_threads(OMPVV_NUM_THREADS_HOST)
  {
    int x[N][N];
    for (int i = 0; i < N; i++) {
      for (int j = 0; j < N; j++) {
        x[i][j] = 1;
      }
    }
#pragma omp loop bind(thread)
    for (int i = 0; i < N; i++) {
      for (int j = 0; j < N; j++) {
        x[i][j] += y[i]*z[i];
      }
    }
    if (omp_get_thread_num() == 0) {
      num_threads = omp_get_num_threads();
    }
    for (int i = 0; i < N; i++) {
      for (int j = 0; j < N; j++) {
        result[i][j][omp_get_thread_num()] = x[i][j];
      }
    }
  }

  for (int i = 0; i < N; i++) {
    for (int j = 0; j < N; j++) {
      for (int k = 0; k < num_threads; k++) {
        OMPVV_TEST_AND_SET_VERBOSE(errors, result[i][j][k] != (1 + (y[i]*z[i])));
      }
    }
  }

  OMPVV_WARNING_IF(num_threads == 1, ""Test ran with one thread, so parallelism of loop construct can't be guaranteed."");
  OMPVV_TEST_AND_SET_VERBOSE(errors, num_threads < 1);
  OMPVV_ERROR_IF(num_threads < 1, ""omp_get_num_threads() returned an invalid number of threads."");

  return errors;
}

int main() {
  int errors = 0;

  OMPVV_TEST_AND_SET_VERBOSE(errors, test_loop_bind_teams());
  OMPVV_TEST_AND_SET_VERBOSE(errors, test_loop_bind_parallel());
  OMPVV_TEST_AND_SET_VERBOSE(errors, test_loop_bind_thread_teams());
  OMPVV_TEST_AND_SET_VERBOSE(errors, test_loop_bind_thread_parallel());

  OMPVV_REPORT_AND_RETURN(errors);
}
","//===--- test_loop_bind.c ---------------------------------------------------===//
//
// OpenMP API Version 5.0 Nov 2018
//
// This test checks the loop directive with the bind(binding) clause. The bind
// clause indicates that the loop construct should apply in the context of the
// given binding, one of teams, parallel, or thread. Each of these bindings
// is tested in an appropriate context and the correctness of results of
// array operations in the nested loop is checked.
//
////===----------------------------------------------------------------------===//
#include <assert.h>
#include <omp.h>
#include <stdio.h>
#include <stdlib.h>
#include ""ompvv.h""

#define N 32

int test_loop_bind_teams() {
  OMPVV_INFOMSG(""test_loop_bind_teams"");
  int errors = 0;
  int x[N][N];
  int y[N];
  int z[N];
  int num_teams = -1;

  for (int i = 0; i < N; i++) {
    for (int j = 0; j < N; j++) {
      x[i][j] = 1;
    }
    y[i] = i;
    z[i] = 2*i;
  }

#pragma omp teams num_teams(OMPVV_NUM_TEAMS_DEVICE) thread_limit(OMPVV_NUM_THREADS_HOST)
  {
#pragma omp loop bind(teams)
    for (int i = 0; i < N; i++) {
      for (int j = 0; j < N; j++) {
        x[i][j] += y[i]*z[i];
      }
    }
    #pragma omp parallel if(0)
    if (omp_get_team_num() == 0) {
      num_teams = omp_get_num_teams();
    }
  }

  for (int i = 0; i < N; i++) {
    for (int j = 0; j < N; j++) {
      OMPVV_TEST_AND_SET_VERBOSE(errors, x[i][j] != (1 + (y[i]*z[i])));
    }
  }

  OMPVV_WARNING_IF(num_teams == 1, ""Test ran with one team, so parallelism of loop construct with bind(teams) can't be guaranteed."");
  OMPVV_TEST_AND_SET_VERBOSE(errors, num_teams < 1);
  OMPVV_ERROR_IF(num_teams < 1, ""omp_get_num_teams() returned an invalid number of teams."");

  return errors;
}

int test_loop_bind_parallel() {
  OMPVV_INFOMSG(""test_loop_bind_parallel"");
  int errors = 0;
  int x[N][N];
  int y[N];
  int z[N];
  int num_threads = -1;

  for (int i = 0; i < N; i++) {
    for (int j = 0; j < N; j++) {
      x[i][j] = 1;
    }
    y[i] = i;
    z[i] = 2*i;
  }

#pragma omp parallel num_threads(OMPVV_NUM_THREADS_HOST)
  {
#pragma omp loop bind(parallel)
    for (int i = 0; i < N; i++) {
      for (int j = 0; j < N; j++) {
        x[i][j] += y[i]*z[i];
      }
    }
    if (omp_get_thread_num() == 0 && omp_get_team_num() == 0) {
      num_threads = omp_get_num_threads();
    }
  }

  for (int i = 0; i < N; i++) {
    for (int j = 0; j < N; j++) {
      OMPVV_TEST_AND_SET_VERBOSE(errors, x[i][j] != (1 + (y[i]*z[i])));
    }
  }

  OMPVV_WARNING_IF(num_threads == 1, ""Test ran with one thread, so parallelism of loop construct can't be guaranteed."");
  OMPVV_TEST_AND_SET_VERBOSE(errors, num_threads < 1);
  OMPVV_ERROR_IF(num_threads < 1, ""omp_get_num_threads() returned an invalid number of threads."");

  return errors;
}

int test_loop_bind_thread_teams() {
  OMPVV_INFOMSG(""test_loop_bind_thread_teams"");
  int errors = 0;
  int y[N];
  int z[N];
  int result[N][N][OMPVV_NUM_TEAMS_DEVICE];
  int num_teams = -1;

  for (int i = 0; i < N; i++) {
    for (int j = 0; j < N; j++) {
      for (int k = 0; k < OMPVV_NUM_TEAMS_DEVICE; k++) {
        result[i][j][k] = 1;
      }
    }
    y[i] = i;
    z[i] = 2*i;
  }

#pragma omp teams num_teams(OMPVV_NUM_TEAMS_DEVICE) thread_limit(OMPVV_NUM_THREADS_HOST)
  {
    int x[N][N];
    for (int i = 0; i < N; i++) {
      for (int j = 0; j < N; j++) {
        x[i][j] = 1;
      }
    }
#pragma omp loop bind(thread)
    for (int i = 0; i < N; i++) {
      for (int j = 0; j < N; j++) {
        x[i][j] += y[i]*z[i];
      }
    }
#pragma omp parallel if(0)
    if (omp_get_team_num() == 0) {
      num_teams = omp_get_num_teams();
    }
    for (int i = 0; i < N; i++) {
      for (int j = 0; j < N; j++) {
        result[i][j][omp_get_team_num()] = x[i][j];
      }
    }
  }

  for (int i = 0; i < N; i++) {
    for (int j = 0; j < N; j++) {
      for (int k = 0; k < num_teams; k++) {
        OMPVV_TEST_AND_SET_VERBOSE(errors, result[i][j][k] != (1 + (y[i]*z[i])));
      }
    }
  }

  OMPVV_WARNING_IF(num_teams == 1, ""Test ran with one team, so parallelism of loop construct can't be guaranteed."");
  OMPVV_TEST_AND_SET_VERBOSE(errors, num_teams < 1);
  OMPVV_ERROR_IF(num_teams < 1, ""omp_get_num_teams() returned an invalid number of teams."");

  return errors;
}

int test_loop_bind_thread_parallel() {
  OMPVV_INFOMSG(""test_loop_bind_thread_parallel"");
  int errors = 0;
  int y[N];
  int z[N];
  int result[N][N][OMPVV_NUM_THREADS_HOST];
  int num_threads = -1;

  for (int i = 0; i < N; i++) {
    for (int j = 0; j < N; j++) {
      for (int k = 0; k < OMPVV_NUM_THREADS_HOST; k++) {
        result[i][j][k] = 1;
      }
    }
    y[i] = i;
    z[i] = 2*i;
  }

#pragma omp parallel shared(result) num_threads(OMPVV_NUM_THREADS_HOST)
  {
    int x[N][N];
    for (int i = 0; i < N; i++) {
      for (int j = 0; j < N; j++) {
        x[i][j] = 1;
      }
    }
#pragma omp loop bind(parallel)
    for (int i = 0; i < N; i++) {
      for (int j = 0; j < N; j++) {
        x[i][j] += y[i]*z[i];
      }
    }
    if (omp_get_thread_num() == 0) {
      num_threads = omp_get_num_threads();
    }
    for (int i = 0; i < N; i++) {
      for (int j = 0; j < N; j++) {
        result[i][j][omp_get_thread_num()] = x[i][j];
      }
    }
  }

  for (int i = 0; i < N; i++) {
    for (int j = 0; j < N; j++) {
      for (int k = 0; k < num_threads; k++) {
        OMPVV_TEST_AND_SET_VERBOSE(errors, result[i][j][k] != (1 + (y[i]*z[i])));
      }
    }
  }

  OMPVV_WARNING_IF(num_threads == 1, ""Test ran with one thread, so parallelism of loop construct can't be guaranteed."");
  OMPVV_TEST_AND_SET_VERBOSE(errors, num_threads < 1);
  OMPVV_ERROR_IF(num_threads < 1, ""omp_get_num_threads() returned an invalid number of threads."");

  return errors;
}

int main() {
  int errors = 0;

  OMPVV_TEST_AND_SET_VERBOSE(errors, test_loop_bind_teams());
  OMPVV_TEST_AND_SET_VERBOSE(errors, test_loop_bind_parallel());
  OMPVV_TEST_AND_SET_VERBOSE(errors, test_loop_bind_thread_teams());
  OMPVV_TEST_AND_SET_VERBOSE(errors, test_loop_bind_thread_parallel());

  OMPVV_REPORT_AND_RETURN(errors);
}
",HPC_BUGFIX_V2_3.xlsx,False,unknown,CHANGE_CLAUSE,loop,bind,tests/5.0/loop,5.0
tests/5.0/loop/test_loop_reduction_add.c,loop_reduction,reduction_operator,PLUS_TO_MULTIPLY,high,#pragma omp loop reduction(+:total),#pragma omp loop reduction(*:total),expect_total == total,wrong reduction operator produces product-style reduction instead of sum,35,test_loop_reduction_add_PLUS_TO_MULTIPLY.c,"//===--- test_loop_reduction_add.c ------------------------------------------===//
//
// OpenMP API Version 5.0 Nov 2018
//
// This test uses the reduction clause on a loop directive, testing that the
// variable in the reduction clause is properly reduced using the add
// operator.
//
////===----------------------------------------------------------------------===//

#include <omp.h>
#include <stdio.h>
#include <stdlib.h>
#include ""ompvv.h""
#include <math.h>

#define N 1024

int test_add() {
  int a[N];
  int b[N];
  int total = 0;
  int expect_total = 0;
  int errors = 0;
  int num_threads[N];

  for (int x = 0; x < N; ++x) {
    a[x] = 1;
    b[x] = x;
    num_threads[x] = -1;
  }

#pragma omp parallel num_threads(OMPVV_NUM_THREADS_HOST)
  {
#pragma omp loop reduction(+:total)
    for (int x = 0; x < N; ++x) {
      total += a[x] + b[x];
    }
#pragma omp for
    for (int x = 0; x < N; ++x) {
      num_threads[x] = omp_get_num_threads();
    }
  }

  for (int x = 0; x < N; ++x) {
    expect_total += a[x] + b[x];
  }

  for (int x = 1; x < N; ++x) {
    OMPVV_WARNING_IF(num_threads[x - 1] != num_threads[x], ""Test reported differing numbers of threads.  Validity of testing of reduction clause cannot be guaranteed."");
  }
  OMPVV_WARNING_IF(num_threads[0] == 1, ""Test operated with one thread.  Reduction clause cannot be tested."");
  OMPVV_WARNING_IF(num_threads[0] <= 0, ""Test reported invalid number of threads.  Validity of testing of reduction clause cannot be guaranteed."");

  OMPVV_TEST_AND_SET_VERBOSE(errors, expect_total != total);
  OMPVV_ERROR_IF(expect_total != total, ""Total from loop directive is %d but expected total is %d."", total, expect_total);

  return errors;
}

int main() {
  int total_errors = 0;

  OMPVV_TEST_AND_SET_VERBOSE(total_errors, test_add() != 0);

  OMPVV_REPORT_AND_RETURN(total_errors);
}
","//===--- test_loop_reduction_add.c ------------------------------------------===//
//
// OpenMP API Version 5.0 Nov 2018
//
// This test uses the reduction clause on a loop directive, testing that the
// variable in the reduction clause is properly reduced using the add
// operator.
//
////===----------------------------------------------------------------------===//

#include <omp.h>
#include <stdio.h>
#include <stdlib.h>
#include ""ompvv.h""
#include <math.h>

#define N 1024

int test_add() {
  int a[N];
  int b[N];
  int total = 0;
  int expect_total = 0;
  int errors = 0;
  int num_threads[N];

  for (int x = 0; x < N; ++x) {
    a[x] = 1;
    b[x] = x;
    num_threads[x] = -1;
  }

#pragma omp parallel num_threads(OMPVV_NUM_THREADS_HOST)
  {
#pragma omp loop reduction(*:total)
    for (int x = 0; x < N; ++x) {
      total += a[x] + b[x];
    }
#pragma omp for
    for (int x = 0; x < N; ++x) {
      num_threads[x] = omp_get_num_threads();
    }
  }

  for (int x = 0; x < N; ++x) {
    expect_total += a[x] + b[x];
  }

  for (int x = 1; x < N; ++x) {
    OMPVV_WARNING_IF(num_threads[x - 1] != num_threads[x], ""Test reported differing numbers of threads.  Validity of testing of reduction clause cannot be guaranteed."");
  }
  OMPVV_WARNING_IF(num_threads[0] == 1, ""Test operated with one thread.  Reduction clause cannot be tested."");
  OMPVV_WARNING_IF(num_threads[0] <= 0, ""Test reported invalid number of threads.  Validity of testing of reduction clause cannot be guaranteed."");

  OMPVV_TEST_AND_SET_VERBOSE(errors, expect_total != total);
  OMPVV_ERROR_IF(expect_total != total, ""Total from loop directive is %d but expected total is %d."", total, expect_total);

  return errors;
}

int main() {
  int total_errors = 0;

  OMPVV_TEST_AND_SET_VERBOSE(total_errors, test_add() != 0);

  OMPVV_REPORT_AND_RETURN(total_errors);
}
",HPC_BUGFIX_V2_4.xlsx,False,unknown,CHANGE_OPERATOR,loop,reduction,tests/5.0/loop,5.0
tests/5.0/loop/test_loop_reduction_add_mod.c,loop_reduction,reduction_operator,PLUS_TO_MULTIPLY_MULTI,high,"#pragma omp loop reduction(+:n,f,d,c)","#pragma omp loop reduction(*:n,f,d,c)","n,f,d,c all match expected additive totals",wrong reduction operator corrupts one or more reduced values,33,test_loop_reduction_add_mod_PLUS_TO_MULTIPLY.c,"//===--- test_loop_reduction_add_mod.c ------------------------------------===//
//
// OpenMP API Version 5.0 Nov 2018
//
// This test uses the reduction clause on a loop directive, testing that the
// variables in the reduction clause are properly reduced using the add
// operator. Standard types are reduced: int, float, double, char.
// Test written in reference to test_loop_reduction_add.c.
//
//===-----------------------------------------------------------------------===//

#include <omp.h>
#include <stdio.h>
#include <stdlib.h>
#include ""ompvv.h""
#define A -32
#define B 64
#define L 40
#define X 1

int test_add() {
  int n = A, errors=0;
  float f = A;
  double d = A;
  char c = L;
  int exp_n = A + B;
  float exp_f = A + B;
  double exp_d = A + B;
  char exp_c = L + B;

#pragma omp parallel
  {
  #pragma omp loop reduction(+:n,f,d,c)
    for(int i=0;i<B;i++){
      n = n + X;
      f = f + X;
      d = d + X;
      c = c + X;
    }
  }

  OMPVV_TEST_AND_SET_VERBOSE(errors, (n != exp_n) || (f != exp_f) || (d != exp_d) || (c != exp_c));

  OMPVV_ERROR_IF(errors, ""\nn|EXPECTED:%d, RECEIVED:%d\nf|EXPECTED:%.1f, RECEIVED:%.1f\nd|EXPECTED:%.1f, RECEIVED:%.1f\nc|EXPECTED:%c, RECEIVED:%c\n"",exp_n,n,exp_f,f,exp_d,d,exp_c,c);

  return errors;
}
int main() {
  int total_errors = 0;

  OMPVV_TEST_AND_SET_VERBOSE(total_errors, test_add() != 0);

  OMPVV_REPORT_AND_RETURN(total_errors);
}
","//===--- test_loop_reduction_add_mod.c ------------------------------------===//
//
// OpenMP API Version 5.0 Nov 2018
//
// This test uses the reduction clause on a loop directive, testing that the
// variables in the reduction clause are properly reduced using the add
// operator. Standard types are reduced: int, float, double, char.
// Test written in reference to test_loop_reduction_add.c.
//
//===-----------------------------------------------------------------------===//

#include <omp.h>
#include <stdio.h>
#include <stdlib.h>
#include ""ompvv.h""
#define A -32
#define B 64
#define L 40
#define X 1

int test_add() {
  int n = A, errors=0;
  float f = A;
  double d = A;
  char c = L;
  int exp_n = A + B;
  float exp_f = A + B;
  double exp_d = A + B;
  char exp_c = L + B;

#pragma omp parallel
  {
  #pragma omp loop reduction(*:n,f,d,c)
    for(int i=0;i<B;i++){
      n = n + X;
      f = f + X;
      d = d + X;
      c = c + X;
    }
  }

  OMPVV_TEST_AND_SET_VERBOSE(errors, (n != exp_n) || (f != exp_f) || (d != exp_d) || (c != exp_c));

  OMPVV_ERROR_IF(errors, ""\nn|EXPECTED:%d, RECEIVED:%d\nf|EXPECTED:%.1f, RECEIVED:%.1f\nd|EXPECTED:%.1f, RECEIVED:%.1f\nc|EXPECTED:%c, RECEIVED:%c\n"",exp_n,n,exp_f,f,exp_d,d,exp_c,c);

  return errors;
}
int main() {
  int total_errors = 0;

  OMPVV_TEST_AND_SET_VERBOSE(total_errors, test_add() != 0);

  OMPVV_REPORT_AND_RETURN(total_errors);
}
",HPC_BUGFIX_V2_4.xlsx,False,unknown,CHANGE_OPERATOR,loop,reduction,tests/5.0/loop,5.0
tests/5.0/loop/test_loop_reduction_and.c,loop_reduction,reduction_operator,LOGICAL_AND_TO_OR,high,#pragma omp loop reduction(&&:result),#pragma omp loop reduction(||:result),host_result == result in logical and test,logical or reduction no longer matches host logical and,45,test_loop_reduction_and_AND_TO_OR.c,"//===--- test_loop_reduction_and.c ------------------------------------------===//
//
// OpenMP API Version 5.0 Nov 2018
//
// This test uses the reduction clause on a loop directive, testing that the
// variable in the reduction clause is properly reduced using the and
// operator.
//
////===----------------------------------------------------------------------===//

#include <omp.h>
#include <stdio.h>
#include <stdlib.h>
#include ""ompvv.h""
#include <math.h>

#define N 1024
#define THRESHOLD 512

int test_and() {
  char a[N];
      // The below calculation is meant to ensure about half the arrays we will
      // test will come out to true under the 'and' operator, and the rest false.
      // For the and operator, a test array that comes out true requires every
      // entry to be false, which is why this margin is so close to 100%.
  double false_margin = pow(exp(1), log(.5)/N);
  int errors = 0;
  int num_threads[N];
  int tested_true = 0;
  int tested_false = 0;
  int itr_count = 0;
  srand(1);

  while ((!tested_true || !tested_false) && (itr_count < THRESHOLD)) {
    for (int x = 0; x < N; ++x) {
      a[x] = (rand() / (double) (RAND_MAX) < false_margin);
      num_threads[x] = -x;
    }

    char result = 1;
    char host_result = 1;

#pragma omp parallel num_threads(OMPVV_NUM_THREADS_HOST)
    {
#pragma omp loop reduction(&&:result)
      for (int x = 0; x < N; ++x) {
        result = result && a[x];
      }
#pragma omp for
      for (int x = 0; x < N; ++x) {
        num_threads[x] = omp_get_num_threads();
      }
    }

    for (int x = 0; x < N; ++x) {
      host_result = host_result && a[x];
    }

    if (itr_count == 0) {
      for (int x = 1; x < N; ++x) {
        OMPVV_WARNING_IF(num_threads[x - 1] != num_threads[x], ""Test reported differing numbers of threads.  Validity of testing of reduction clause cannot be guaranteed."");
      }
      OMPVV_WARNING_IF(num_threads[0] == 1, ""Test operated with one thread.  Reduction clause cannot be tested."");
      OMPVV_WARNING_IF(num_threads[0] <= 0, ""Test reported invalid number of threads.  Validity of testing of reduction clause cannot be guaranteed."");
    }

    OMPVV_TEST_AND_SET_VERBOSE(errors, host_result != result);
    OMPVV_ERROR_IF(host_result != result, ""Actual result is %d but expected result is %d."", result, host_result);

    if (host_result) {
      tested_true = 1;
    } else {
      tested_false = 1;
    }

    if (host_result != result) {
      break;
    }

    itr_count++;
  }

  OMPVV_WARNING_IF(!tested_true, ""Did not test a case in which final result was true."");
  OMPVV_WARNING_IF(!tested_false, ""Did not test a case in which final result was false."");

  return errors;
}

int main() {
  int total_errors = 0;

  OMPVV_TEST_AND_SET_VERBOSE(total_errors, test_and() != 0);

  OMPVV_REPORT_AND_RETURN(total_errors);
}
","//===--- test_loop_reduction_and.c ------------------------------------------===//
//
// OpenMP API Version 5.0 Nov 2018
//
// This test uses the reduction clause on a loop directive, testing that the
// variable in the reduction clause is properly reduced using the and
// operator.
//
////===----------------------------------------------------------------------===//

#include <omp.h>
#include <stdio.h>
#include <stdlib.h>
#include ""ompvv.h""
#include <math.h>

#define N 1024
#define THRESHOLD 512

int test_and() {
  char a[N];
      // The below calculation is meant to ensure about half the arrays we will
      // test will come out to true under the 'and' operator, and the rest false.
      // For the and operator, a test array that comes out true requires every
      // entry to be false, which is why this margin is so close to 100%.
  double false_margin = pow(exp(1), log(.5)/N);
  int errors = 0;
  int num_threads[N];
  int tested_true = 0;
  int tested_false = 0;
  int itr_count = 0;
  srand(1);

  while ((!tested_true || !tested_false) && (itr_count < THRESHOLD)) {
    for (int x = 0; x < N; ++x) {
      a[x] = (rand() / (double) (RAND_MAX) < false_margin);
      num_threads[x] = -x;
    }

    char result = 1;
    char host_result = 1;

#pragma omp parallel num_threads(OMPVV_NUM_THREADS_HOST)
    {
#pragma omp loop reduction(||:result)
      for (int x = 0; x < N; ++x) {
        result = result && a[x];
      }
#pragma omp for
      for (int x = 0; x < N; ++x) {
        num_threads[x] = omp_get_num_threads();
      }
    }

    for (int x = 0; x < N; ++x) {
      host_result = host_result && a[x];
    }

    if (itr_count == 0) {
      for (int x = 1; x < N; ++x) {
        OMPVV_WARNING_IF(num_threads[x - 1] != num_threads[x], ""Test reported differing numbers of threads.  Validity of testing of reduction clause cannot be guaranteed."");
      }
      OMPVV_WARNING_IF(num_threads[0] == 1, ""Test operated with one thread.  Reduction clause cannot be tested."");
      OMPVV_WARNING_IF(num_threads[0] <= 0, ""Test reported invalid number of threads.  Validity of testing of reduction clause cannot be guaranteed."");
    }

    OMPVV_TEST_AND_SET_VERBOSE(errors, host_result != result);
    OMPVV_ERROR_IF(host_result != result, ""Actual result is %d but expected result is %d."", result, host_result);

    if (host_result) {
      tested_true = 1;
    } else {
      tested_false = 1;
    }

    if (host_result != result) {
      break;
    }

    itr_count++;
  }

  OMPVV_WARNING_IF(!tested_true, ""Did not test a case in which final result was true."");
  OMPVV_WARNING_IF(!tested_false, ""Did not test a case in which final result was false."");

  return errors;
}

int main() {
  int total_errors = 0;

  OMPVV_TEST_AND_SET_VERBOSE(total_errors, test_and() != 0);

  OMPVV_REPORT_AND_RETURN(total_errors);
}
",HPC_BUGFIX_V2_4.xlsx,False,unknown,CHANGE_OPERATOR,loop,reduction_operator,tests/5.0/loop,5.0
tests/5.0/loop/test_loop_reduction_bitand.c,loop_reduction,reduction_operator,BITAND_TO_BITOR,high,#pragma omp loop reduction(&:b),#pragma omp loop reduction(|:b),b == host_b in bitand test,bitor reduction no longer matches host bitand,59,test_loop_reduction_bitand_AND_TO_OR.c,"//===--- test_loop_reduction_bitand.c ---------------------------------------===//
//
// OpenMP API Version 5.0 Nov 2018
//
// This test uses the reduction clause on a loop directive, testing that the
// variable in the reduction clause is properly reduced using the bitand
// operator.
//
////===----------------------------------------------------------------------===//

#include <omp.h>
#include <stdio.h>
#include <stdlib.h>
#include ""ompvv.h""
#include <math.h>

#define N 1024
#define THRESHOLD 512

int test_bitand() {
  unsigned int a[N];
  double false_margin = pow(exp(1), log(.5)/N); // See the 'and' operator test for
  int errors = 0;                               // an exaplantion of this math.
  int num_threads[N];
  int num_attempts = 0;
  int have_true = 0, have_false = 0;
  srand(1);

  while ((!have_true || !have_false) && (num_attempts < THRESHOLD)) {
    have_true = 0;
    have_false = 0;
    for (int x = 0; x < N; ++x) {
      if( num_attempts == 0 ) {
        a[x] = 0;
      }
      for (int y = 0; y < 16; ++y) {
        if (rand() / (double) RAND_MAX < false_margin) {
          a[x] += (1 << y);
          have_true = 1;
        } else {
          have_false = 1;
        }
      }
      num_threads[x] = -x;
    }
    num_attempts++;
  }

  OMPVV_WARNING_IF(!have_true, ""No true bits were generated to test"");
  OMPVV_WARNING_IF(!have_false, ""No false bits were generated to test"");

  unsigned int b = 0;
  for (int x = 0; x < 16; ++x) {
    b = b + (1 << x);
  }

#pragma omp parallel num_threads(OMPVV_NUM_THREADS_HOST)
  {
#pragma omp loop reduction(&:b)
    for (int x = 0; x < N; ++x) {
      b = b & a[x];
    }
#pragma omp for
    for (int x = 0; x < N; ++x) {
      num_threads[x] = omp_get_num_threads();
    }
  }

  unsigned int host_b = a[0];

  for (int x = 0; x < N; ++x) {
    host_b = host_b & a[x];
  }

  for (int x = 1; x < N; ++x) {
    OMPVV_WARNING_IF(num_threads[x - 1] != num_threads[x], ""Test reported differing numbers of threads.  Validity of testing of reduction clause cannot be guaranteed."");
  }
  OMPVV_WARNING_IF(num_threads[0] == 1, ""Test operated with one thread.  Reduction clause cannot be tested."");
  OMPVV_WARNING_IF(num_threads[0] <= 0, ""Test reported invalid number of threads.  Validity of testing of reduction clause cannot be guaranteed."");

  OMPVV_TEST_AND_SET_VERBOSE(errors, b != host_b);
  OMPVV_ERROR_IF(host_b != b, ""Bit from loop directive is %d but expected bit is %d."", b, host_b);

  return errors;
}

int main() {
  int total_errors = 0;

  OMPVV_TEST_AND_SET_VERBOSE(total_errors, test_bitand() != 0);

  OMPVV_REPORT_AND_RETURN(total_errors);
}
","//===--- test_loop_reduction_bitand.c ---------------------------------------===//
//
// OpenMP API Version 5.0 Nov 2018
//
// This test uses the reduction clause on a loop directive, testing that the
// variable in the reduction clause is properly reduced using the bitand
// operator.
//
////===----------------------------------------------------------------------===//

#include <omp.h>
#include <stdio.h>
#include <stdlib.h>
#include ""ompvv.h""
#include <math.h>

#define N 1024
#define THRESHOLD 512

int test_bitand() {
  unsigned int a[N];
  double false_margin = pow(exp(1), log(.5)/N); // See the 'and' operator test for
  int errors = 0;                               // an exaplantion of this math.
  int num_threads[N];
  int num_attempts = 0;
  int have_true = 0, have_false = 0;
  srand(1);

  while ((!have_true || !have_false) && (num_attempts < THRESHOLD)) {
    have_true = 0;
    have_false = 0;
    for (int x = 0; x < N; ++x) {
      if( num_attempts == 0 ) {
        a[x] = 0;
      }
      for (int y = 0; y < 16; ++y) {
        if (rand() / (double) RAND_MAX < false_margin) {
          a[x] += (1 << y);
          have_true = 1;
        } else {
          have_false = 1;
        }
      }
      num_threads[x] = -x;
    }
    num_attempts++;
  }

  OMPVV_WARNING_IF(!have_true, ""No true bits were generated to test"");
  OMPVV_WARNING_IF(!have_false, ""No false bits were generated to test"");

  unsigned int b = 0;
  for (int x = 0; x < 16; ++x) {
    b = b + (1 << x);
  }

#pragma omp parallel num_threads(OMPVV_NUM_THREADS_HOST)
  {
#pragma omp loop reduction(|:b)
    for (int x = 0; x < N; ++x) {
      b = b & a[x];
    }
#pragma omp for
    for (int x = 0; x < N; ++x) {
      num_threads[x] = omp_get_num_threads();
    }
  }

  unsigned int host_b = a[0];

  for (int x = 0; x < N; ++x) {
    host_b = host_b & a[x];
  }

  for (int x = 1; x < N; ++x) {
    OMPVV_WARNING_IF(num_threads[x - 1] != num_threads[x], ""Test reported differing numbers of threads.  Validity of testing of reduction clause cannot be guaranteed."");
  }
  OMPVV_WARNING_IF(num_threads[0] == 1, ""Test operated with one thread.  Reduction clause cannot be tested."");
  OMPVV_WARNING_IF(num_threads[0] <= 0, ""Test reported invalid number of threads.  Validity of testing of reduction clause cannot be guaranteed."");

  OMPVV_TEST_AND_SET_VERBOSE(errors, b != host_b);
  OMPVV_ERROR_IF(host_b != b, ""Bit from loop directive is %d but expected bit is %d."", b, host_b);

  return errors;
}

int main() {
  int total_errors = 0;

  OMPVV_TEST_AND_SET_VERBOSE(total_errors, test_bitand() != 0);

  OMPVV_REPORT_AND_RETURN(total_errors);
}
",HPC_BUGFIX_V2_4.xlsx,False,unknown,CHANGE_OPERATOR,loop,reduction_operator,tests/5.0/loop,5.0
tests/5.0/loop/test_loop_reduction_bitor.c,loop_reduction,reduction_operator,BITOR_TO_BITAND,high,#pragma omp loop reduction(|:b),#pragma omp loop reduction(&:b),b == host_b in bitor test,bitand reduction no longer matches host bitor,57,test_loop_reduction_bitor_OR_TO_AND.c,"//===--- test_loop_reduction_bitor.c ----------------------------------------===//
//
// OpenMP API Version 5.0 Nov 2018
//
// This test uses the reduction clause on a loop directive, testing that the
// variable in the reduction clause is properly reduced using the bitor
// operator.
//
////===----------------------------------------------------------------------===//

#include <omp.h>
#include <stdio.h>
#include <stdlib.h>
#include ""ompvv.h""
#include <math.h>

#define N 1024
#define THRESHOLD 1024

int test_bitor() {
  int a[N];
  // See the 'and' operator test for an exaplantion of this math.
  double true_margin = pow(exp(1), log(.5)/N);
  int errors = 0;
  int num_threads[N];
  int num_attempts = 0;
  int have_true = 0, have_false = 0;
  srand(1);

  while ((!have_true || !have_false) && (num_attempts < THRESHOLD)) {
    have_true = 0;
    have_false = 0;
    for (int x = 0; x < N; ++x) {
      if( num_attempts == 0 ) {
        a[x] = 0;
      }
      for (int y = 0; y < 16; ++y) {
        if (rand() / (double) RAND_MAX > true_margin) {
          a[x] += (1 << y);
          have_true = 1;
        } else {
          have_false = 1;
        }
      }
      num_threads[x] = -x;
    }
    num_attempts++;
  }

  OMPVV_WARNING_IF(!have_true, ""No true bits were generated to test"");
  OMPVV_WARNING_IF(!have_false, ""No false bits were generated to test"");

  unsigned int b = 0;

#pragma omp parallel num_threads(OMPVV_NUM_THREADS_HOST)
  {
#pragma omp loop reduction(|:b)
    for (int x = 0; x < N; ++x) {
      b = b | a[x];
    }
#pragma omp for
    for (int x = 0; x < N; ++x) {
      num_threads[x] = omp_get_num_threads();
    }
  }

  unsigned int host_b = 0;

  for (int x = 0; x < N; ++x) {
    host_b = host_b | a[x];
  }

  for (int x = 1; x < N; ++x) {
    OMPVV_WARNING_IF(num_threads[x - 1] != num_threads[x], ""Test reported differing numbers of threads.  Validity of testing of reduction clause cannot be guaranteed."");
  }
  OMPVV_WARNING_IF(num_threads[0] == 1, ""Test operated with one thread.  Reduction clause cannot be tested."");
  OMPVV_WARNING_IF(num_threads[0] <= 0, ""Test reported invalid number of threads.  Validity of testing of reduction clause cannot be guaranteed."");

  OMPVV_TEST_AND_SET_VERBOSE(errors, b != host_b);
  OMPVV_ERROR_IF(host_b != b, ""Bit from loop directive is %d but expected bit is %d."", b, host_b);

  return errors;
}

int main() {
  int total_errors = 0;

  OMPVV_TEST_AND_SET_VERBOSE(total_errors, test_bitor() != 0);

  OMPVV_REPORT_AND_RETURN(total_errors);
}
","//===--- test_loop_reduction_bitor.c ----------------------------------------===//
//
// OpenMP API Version 5.0 Nov 2018
//
// This test uses the reduction clause on a loop directive, testing that the
// variable in the reduction clause is properly reduced using the bitor
// operator.
//
////===----------------------------------------------------------------------===//

#include <omp.h>
#include <stdio.h>
#include <stdlib.h>
#include ""ompvv.h""
#include <math.h>

#define N 1024
#define THRESHOLD 1024

int test_bitor() {
  int a[N];
  // See the 'and' operator test for an exaplantion of this math.
  double true_margin = pow(exp(1), log(.5)/N);
  int errors = 0;
  int num_threads[N];
  int num_attempts = 0;
  int have_true = 0, have_false = 0;
  srand(1);

  while ((!have_true || !have_false) && (num_attempts < THRESHOLD)) {
    have_true = 0;
    have_false = 0;
    for (int x = 0; x < N; ++x) {
      if( num_attempts == 0 ) {
        a[x] = 0;
      }
      for (int y = 0; y < 16; ++y) {
        if (rand() / (double) RAND_MAX > true_margin) {
          a[x] += (1 << y);
          have_true = 1;
        } else {
          have_false = 1;
        }
      }
      num_threads[x] = -x;
    }
    num_attempts++;
  }

  OMPVV_WARNING_IF(!have_true, ""No true bits were generated to test"");
  OMPVV_WARNING_IF(!have_false, ""No false bits were generated to test"");

  unsigned int b = 0;

#pragma omp parallel num_threads(OMPVV_NUM_THREADS_HOST)
  {
#pragma omp loop reduction(&:b)
    for (int x = 0; x < N; ++x) {
      b = b | a[x];
    }
#pragma omp for
    for (int x = 0; x < N; ++x) {
      num_threads[x] = omp_get_num_threads();
    }
  }

  unsigned int host_b = 0;

  for (int x = 0; x < N; ++x) {
    host_b = host_b | a[x];
  }

  for (int x = 1; x < N; ++x) {
    OMPVV_WARNING_IF(num_threads[x - 1] != num_threads[x], ""Test reported differing numbers of threads.  Validity of testing of reduction clause cannot be guaranteed."");
  }
  OMPVV_WARNING_IF(num_threads[0] == 1, ""Test operated with one thread.  Reduction clause cannot be tested."");
  OMPVV_WARNING_IF(num_threads[0] <= 0, ""Test reported invalid number of threads.  Validity of testing of reduction clause cannot be guaranteed."");

  OMPVV_TEST_AND_SET_VERBOSE(errors, b != host_b);
  OMPVV_ERROR_IF(host_b != b, ""Bit from loop directive is %d but expected bit is %d."", b, host_b);

  return errors;
}

int main() {
  int total_errors = 0;

  OMPVV_TEST_AND_SET_VERBOSE(total_errors, test_bitor() != 0);

  OMPVV_REPORT_AND_RETURN(total_errors);
}
",HPC_BUGFIX_V2_4.xlsx,False,unknown,CHANGE_OPERATOR,loop,reduction_operator,tests/5.0/loop,5.0
tests/5.0/loop/test_loop_reduction_bitxor.c,loop_reduction,reduction_operator,BITXOR_TO_BITOR,high,#pragma omp loop reduction(^:b),#pragma omp loop reduction(|:b),b == host_b in bitxor test,bitor reduction no longer matches host bitxor,34,test_loop_reduction_bitxor_XOR_TO_OR.c,"//===--- test_loop_reduction_bitxor.c ---------------------------------------===//
//
// OpenMP API Version 5.0 Nov 2018
//
// This test uses the reduction clause on a loop directive, testing that the
// variable in the reduction clause is properly reduced using the bitxor
// operator.
//
////===----------------------------------------------------------------------===//

#include <omp.h>
#include <stdio.h>
#include <stdlib.h>
#include ""ompvv.h""
#include <math.h>

#define N 1024

int test_bitxor() {
  unsigned int a[N];
  int errors = 0;
  int num_threads[N];
  srand(1);

  for (int x = 0; x < N; ++x) {
    a[x] = (unsigned int) rand() / (double) (RAND_MAX / 2);
    num_threads[x] = -x;
  }

  unsigned int b = 0;

#pragma omp parallel num_threads(OMPVV_NUM_THREADS_HOST)
  {
#pragma omp loop reduction(^:b)
    for (int x = 0; x < N; ++x) {
      b = (b ^ a[x]);
    }
#pragma omp for
    for (int x = 0; x < N; ++x) {
      num_threads[x] = omp_get_num_threads();
    }
  }

  unsigned int host_b = 0;

  for (int x = 0; x < N; ++x) {
    host_b = (host_b ^ a[x]);
  }

  for (int x = 1; x < N; ++x) {
    OMPVV_WARNING_IF(num_threads[x - 1] != num_threads[x], ""Test reported differing numbers of threads.  Validity of testing of reduction clause cannot be guaranteed."");
  }
  OMPVV_WARNING_IF(num_threads[0] == 1, ""Test operated with one thread.  Reduction clause cannot be tested."");
  OMPVV_WARNING_IF(num_threads[0] <= 0, ""Test reported invalid number of threads.  Validity of testing of reduction clause cannot be guaranteed."");

  OMPVV_TEST_AND_SET_VERBOSE(errors, b != host_b);
  OMPVV_ERROR_IF(host_b != b, ""Bit in loop is %d but expected bit is %d."", b, host_b);

  return errors;
}

int main() {
  int total_errors = 0;

  OMPVV_TEST_AND_SET_VERBOSE(total_errors, test_bitxor() != 0);

  OMPVV_REPORT_AND_RETURN(total_errors);
}
","//===--- test_loop_reduction_bitxor.c ---------------------------------------===//
//
// OpenMP API Version 5.0 Nov 2018
//
// This test uses the reduction clause on a loop directive, testing that the
// variable in the reduction clause is properly reduced using the bitxor
// operator.
//
////===----------------------------------------------------------------------===//

#include <omp.h>
#include <stdio.h>
#include <stdlib.h>
#include ""ompvv.h""
#include <math.h>

#define N 1024

int test_bitxor() {
  unsigned int a[N];
  int errors = 0;
  int num_threads[N];
  srand(1);

  for (int x = 0; x < N; ++x) {
    a[x] = (unsigned int) rand() / (double) (RAND_MAX / 2);
    num_threads[x] = -x;
  }

  unsigned int b = 0;

#pragma omp parallel num_threads(OMPVV_NUM_THREADS_HOST)
  {
#pragma omp loop reduction(|:b)
    for (int x = 0; x < N; ++x) {
      b = (b ^ a[x]);
    }
#pragma omp for
    for (int x = 0; x < N; ++x) {
      num_threads[x] = omp_get_num_threads();
    }
  }

  unsigned int host_b = 0;

  for (int x = 0; x < N; ++x) {
    host_b = (host_b ^ a[x]);
  }

  for (int x = 1; x < N; ++x) {
    OMPVV_WARNING_IF(num_threads[x - 1] != num_threads[x], ""Test reported differing numbers of threads.  Validity of testing of reduction clause cannot be guaranteed."");
  }
  OMPVV_WARNING_IF(num_threads[0] == 1, ""Test operated with one thread.  Reduction clause cannot be tested."");
  OMPVV_WARNING_IF(num_threads[0] <= 0, ""Test reported invalid number of threads.  Validity of testing of reduction clause cannot be guaranteed."");

  OMPVV_TEST_AND_SET_VERBOSE(errors, b != host_b);
  OMPVV_ERROR_IF(host_b != b, ""Bit in loop is %d but expected bit is %d."", b, host_b);

  return errors;
}

int main() {
  int total_errors = 0;

  OMPVV_TEST_AND_SET_VERBOSE(total_errors, test_bitxor() != 0);

  OMPVV_REPORT_AND_RETURN(total_errors);
}
",HPC_BUGFIX_V2_4.xlsx,False,unknown,CHANGE_OPERATOR,loop,reduction_operator,tests/5.0/loop,5.0
tests/5.0/loop/test_loop_reduction_max.c,loop_reduction,reduction_operator,MAX_TO_MIN,high,#pragma omp loop reduction(max:result),#pragma omp loop reduction(min:result),result == host_max in max reduction test,min reduction no longer matches host max,36,test_loop_reduction_max_MAX_TO_MIN.c,"//===--- test_loop_reduction_max.c ------------------------------------------===//
//
// OpenMP API Version 5.0 Nov 2018
//
// This test uses the reduction clause on a loop directive, testing that the
// variable in the reduction clause is properly reduced using the max
// operator.
//
////===----------------------------------------------------------------------===//

#include <omp.h>
#include <stdio.h>
#include <stdlib.h>
#include ""ompvv.h""
#include <math.h>

#define N 1024

int test_max() {
  int a[N];
  int b[N];
  int errors = 0;
  int num_threads[N];
  srand(1);

  for (int x = 0; x < N; ++x) {
    a[x] = (int) rand() / (double)(RAND_MAX / 100);
    b[x] = (int) rand() / (double)(RAND_MAX / 100);
    num_threads[x] = -x;
  }

  int result = 0;

#pragma omp parallel num_threads(OMPVV_NUM_THREADS_HOST)
  {
#pragma omp loop reduction(max:result)
    for (int x = 0; x < N; ++x) {
      result = fmax(a[x] + b[x], result);
    }
#pragma omp for
    for (int x = 0; x < N; ++x) {
      num_threads[x] = omp_get_num_threads();
    }
  }

  int host_max = 0;

  for (int x = 0; x < N; ++x) {
    host_max = fmax(host_max, a[x] + b[x]);
  }

  for (int x = 1; x < N; ++x) {
    OMPVV_WARNING_IF(num_threads[x - 1] != num_threads[x], ""Test reported differing numbers of threads.  Validity of testing of reduction clause cannot be guaranteed."");
  }
  OMPVV_WARNING_IF(num_threads[0] == 1, ""Test operated with one thread.  Reduction clause cannot be tested."");
  OMPVV_WARNING_IF(num_threads[0] <= 0, ""Test reported invalid number of threads.  Validity of testing of reduction clause cannot be guaranteed."");

  OMPVV_TEST_AND_SET_VERBOSE(errors, result != host_max);
  OMPVV_ERROR_IF(host_max != result, ""Max from loop directive is %d but expected max is %d."", result, host_max);

  return errors;
}

int main() {
  int total_errors = 0;

  OMPVV_TEST_AND_SET_VERBOSE(total_errors, test_max() != 0);

  OMPVV_REPORT_AND_RETURN(total_errors);
}
","//===--- test_loop_reduction_max.c ------------------------------------------===//
//
// OpenMP API Version 5.0 Nov 2018
//
// This test uses the reduction clause on a loop directive, testing that the
// variable in the reduction clause is properly reduced using the max
// operator.
//
////===----------------------------------------------------------------------===//

#include <omp.h>
#include <stdio.h>
#include <stdlib.h>
#include ""ompvv.h""
#include <math.h>

#define N 1024

int test_max() {
  int a[N];
  int b[N];
  int errors = 0;
  int num_threads[N];
  srand(1);

  for (int x = 0; x < N; ++x) {
    a[x] = (int) rand() / (double)(RAND_MAX / 100);
    b[x] = (int) rand() / (double)(RAND_MAX / 100);
    num_threads[x] = -x;
  }

  int result = 0;

#pragma omp parallel num_threads(OMPVV_NUM_THREADS_HOST)
  {
#pragma omp loop reduction(min:result)
    for (int x = 0; x < N; ++x) {
      result = fmax(a[x] + b[x], result);
    }
#pragma omp for
    for (int x = 0; x < N; ++x) {
      num_threads[x] = omp_get_num_threads();
    }
  }

  int host_max = 0;

  for (int x = 0; x < N; ++x) {
    host_max = fmax(host_max, a[x] + b[x]);
  }

  for (int x = 1; x < N; ++x) {
    OMPVV_WARNING_IF(num_threads[x - 1] != num_threads[x], ""Test reported differing numbers of threads.  Validity of testing of reduction clause cannot be guaranteed."");
  }
  OMPVV_WARNING_IF(num_threads[0] == 1, ""Test operated with one thread.  Reduction clause cannot be tested."");
  OMPVV_WARNING_IF(num_threads[0] <= 0, ""Test reported invalid number of threads.  Validity of testing of reduction clause cannot be guaranteed."");

  OMPVV_TEST_AND_SET_VERBOSE(errors, result != host_max);
  OMPVV_ERROR_IF(host_max != result, ""Max from loop directive is %d but expected max is %d."", result, host_max);

  return errors;
}

int main() {
  int total_errors = 0;

  OMPVV_TEST_AND_SET_VERBOSE(total_errors, test_max() != 0);

  OMPVV_REPORT_AND_RETURN(total_errors);
}
",HPC_BUGFIX_V2_4.xlsx,False,unknown,CHANGE_OPERATOR,loop,reduction_operator,tests/5.0/loop,5.0
tests/5.0/loop/test_loop_reduction_min.c,loop_reduction,reduction_operator,MIN_TO_MAX,high,#pragma omp loop reduction(min:result),#pragma omp loop reduction(max:result),result == host_min in min reduction test,max reduction no longer matches host min,37,test_loop_reduction_min_MIN_TO_MAX.c,"//===--- test_loop_reduction_min.c ------------------------------------------===//
//
// OpenMP API Version 5.0 Nov 2018
//
// This test uses the reduction clause on a loop directive, testing that the
// variable in the reduction clause is properly reduced using the min
// operator.
//
////===----------------------------------------------------------------------===//


#include <omp.h>
#include <stdio.h>
#include <stdlib.h>
#include ""ompvv.h""
#include <math.h>

#define N 1024

int test_min() {
  int a[N];
  int b[N];
  int errors = 0;
  int num_threads[N];
  srand(1);

  for (int x = 0; x < N; ++x) {
    a[x] = (int) rand() / (double) (RAND_MAX / 100);
    b[x] = (int) rand() / (double) (RAND_MAX / 100);
    num_threads[x] = -x;
  }

  int result = a[0] + b[0];

#pragma omp parallel num_threads(OMPVV_NUM_THREADS_HOST)
  {
#pragma omp loop reduction(min:result)
    for (int x = 0; x < N; ++x) {
      result = fmin(result, a[x] + b[x]);
    }
#pragma omp for
    for (int x = 0; x < N; ++x) {
      num_threads[x] = omp_get_num_threads();
    }
  }

  int host_min = a[0] + b[0];

  for (int x = 0; x < N; ++x) {
    host_min = fmin(host_min, a[x] + b[x]);
  }

  for (int x = 1; x < N; ++x) {
    OMPVV_WARNING_IF(num_threads[x - 1] != num_threads[x], ""Test reported differing numbers of threads.  Validity of testing of reduction clause cannot be guaranteed."");
  }
  OMPVV_WARNING_IF(num_threads[0] == 1, ""Test operated with one thread.  Reduction clause cannot be tested."");
  OMPVV_WARNING_IF(num_threads[0] <= 0, ""Test reported invalid number of threads.  Validity of testing of reduction clause cannot be guaranteed."");

  OMPVV_TEST_AND_SET_VERBOSE(errors, host_min != result);
  OMPVV_ERROR_IF(host_min != result, ""Min from loop directive is %d but expected min is %d."", result, host_min);

  return errors;
}

int main() {
  int total_errors = 0;

  OMPVV_TEST_AND_SET_VERBOSE(total_errors, test_min() != 0);

  OMPVV_REPORT_AND_RETURN(total_errors);
}
","//===--- test_loop_reduction_min.c ------------------------------------------===//
//
// OpenMP API Version 5.0 Nov 2018
//
// This test uses the reduction clause on a loop directive, testing that the
// variable in the reduction clause is properly reduced using the min
// operator.
//
////===----------------------------------------------------------------------===//


#include <omp.h>
#include <stdio.h>
#include <stdlib.h>
#include ""ompvv.h""
#include <math.h>

#define N 1024

int test_min() {
  int a[N];
  int b[N];
  int errors = 0;
  int num_threads[N];
  srand(1);

  for (int x = 0; x < N; ++x) {
    a[x] = (int) rand() / (double) (RAND_MAX / 100);
    b[x] = (int) rand() / (double) (RAND_MAX / 100);
    num_threads[x] = -x;
  }

  int result = a[0] + b[0];

#pragma omp parallel num_threads(OMPVV_NUM_THREADS_HOST)
  {
#pragma omp loop reduction(max:result)
    for (int x = 0; x < N; ++x) {
      result = fmin(result, a[x] + b[x]);
    }
#pragma omp for
    for (int x = 0; x < N; ++x) {
      num_threads[x] = omp_get_num_threads();
    }
  }

  int host_min = a[0] + b[0];

  for (int x = 0; x < N; ++x) {
    host_min = fmin(host_min, a[x] + b[x]);
  }

  for (int x = 1; x < N; ++x) {
    OMPVV_WARNING_IF(num_threads[x - 1] != num_threads[x], ""Test reported differing numbers of threads.  Validity of testing of reduction clause cannot be guaranteed."");
  }
  OMPVV_WARNING_IF(num_threads[0] == 1, ""Test operated with one thread.  Reduction clause cannot be tested."");
  OMPVV_WARNING_IF(num_threads[0] <= 0, ""Test reported invalid number of threads.  Validity of testing of reduction clause cannot be guaranteed."");

  OMPVV_TEST_AND_SET_VERBOSE(errors, host_min != result);
  OMPVV_ERROR_IF(host_min != result, ""Min from loop directive is %d but expected min is %d."", result, host_min);

  return errors;
}

int main() {
  int total_errors = 0;

  OMPVV_TEST_AND_SET_VERBOSE(total_errors, test_min() != 0);

  OMPVV_REPORT_AND_RETURN(total_errors);
}
",HPC_BUGFIX_V2_4.xlsx,False,unknown,CHANGE_OPERATOR,loop,reduction_operator,tests/5.0/loop,5.0
tests/5.0/loop/test_loop_reduction_or.c,loop_reduction,reduction_operator,LOGICAL_OR_TO_AND,high,#pragma omp loop reduction(||:result),#pragma omp loop reduction(&&:result),host_result == result in logical or test,logical and reduction no longer matches host logical or,41,test_loop_reduction_or_OR_TO_AND.c,"//===--- test_loop_reduction_or.c -------------------------------------------===//
//
// OpenMP API Version 5.0 Nov 2018
//
// This test uses the reduction clause on a loop directive, testing that the
// variable in the reduction clause is properly reduced using the or
// operator.
//
////===----------------------------------------------------------------------===//

#include <omp.h>
#include <stdio.h>
#include <stdlib.h>
#include ""ompvv.h""
#include <math.h>

#define N 1024
#define THRESHOLD 512

int test_or() {
  char a[N];
  double true_margin = pow(exp(1), log(.5)/N);   // See the 'and' operator test for
  int errors = 0;                                // an explanation of this math.
  int num_threads[N];
  int tested_true = 0;
  int tested_false = 0;
  int itr_count = 0;
  srand(1);

  while ((!tested_true || !tested_false) && (itr_count < THRESHOLD)) {
    for (int x = 0; x < N; ++x) {
      a[x] = rand() / (double)(RAND_MAX) > true_margin;
      num_threads[x] = -x;
    }

    char result = 0;
    char host_result = 0;

#pragma omp parallel num_threads(OMPVV_NUM_THREADS_HOST)
    {
#pragma omp loop reduction(||:result)
      for (int x = 0; x < N; ++x) {
        result = result || a[x];
      }
#pragma omp for
      for (int x = 0; x < N; ++x) {
        num_threads[x] = omp_get_num_threads();
      }
    }

    for (int x = 0; x < N; ++x) {
      host_result = host_result || a[x];
    }

    if (itr_count == 0) {
      for (int x = 1; x < N; ++x) {
        OMPVV_WARNING_IF(num_threads[x - 1] != num_threads[x], ""Test reported differing numbers of threads.  Validity of testing of reduction clause cannot be guaranteed."");
      }
      OMPVV_WARNING_IF(num_threads[0] == 1, ""Test operated with one thread.  Reduction clause cannot be tested."");
      OMPVV_WARNING_IF(num_threads[0] <= 0, ""Test reported invalid number of threads.  Validity of testing of reduction clause cannot be guaranteed."");
    }

    OMPVV_TEST_AND_SET_VERBOSE(errors, host_result != result);
    OMPVV_ERROR_IF(host_result != result, ""Result from loop directive is %d but expected result is %d."", result, host_result);

    if (host_result) {
      tested_true = 1;
    } else {
      tested_false = 1;
    }

    if (host_result != result) {
      break;
    }

    itr_count++;
  }

  OMPVV_WARNING_IF(!tested_true, ""Did not test a case in which final result was true."");
  OMPVV_WARNING_IF(!tested_false, ""Did not test a case in which final result was false."");

  return errors;
}

int main() {
  int total_errors = 0;

  OMPVV_TEST_AND_SET_VERBOSE(total_errors, test_or() != 0);

  OMPVV_REPORT_AND_RETURN(total_errors);
}
","//===--- test_loop_reduction_or.c -------------------------------------------===//
//
// OpenMP API Version 5.0 Nov 2018
//
// This test uses the reduction clause on a loop directive, testing that the
// variable in the reduction clause is properly reduced using the or
// operator.
//
////===----------------------------------------------------------------------===//

#include <omp.h>
#include <stdio.h>
#include <stdlib.h>
#include ""ompvv.h""
#include <math.h>

#define N 1024
#define THRESHOLD 512

int test_or() {
  char a[N];
  double true_margin = pow(exp(1), log(.5)/N);   // See the 'and' operator test for
  int errors = 0;                                // an explanation of this math.
  int num_threads[N];
  int tested_true = 0;
  int tested_false = 0;
  int itr_count = 0;
  srand(1);

  while ((!tested_true || !tested_false) && (itr_count < THRESHOLD)) {
    for (int x = 0; x < N; ++x) {
      a[x] = rand() / (double)(RAND_MAX) > true_margin;
      num_threads[x] = -x;
    }

    char result = 0;
    char host_result = 0;

#pragma omp parallel num_threads(OMPVV_NUM_THREADS_HOST)
    {
#pragma omp loop reduction(&&:result)
      for (int x = 0; x < N; ++x) {
        result = result || a[x];
      }
#pragma omp for
      for (int x = 0; x < N; ++x) {
        num_threads[x] = omp_get_num_threads();
      }
    }

    for (int x = 0; x < N; ++x) {
      host_result = host_result || a[x];
    }

    if (itr_count == 0) {
      for (int x = 1; x < N; ++x) {
        OMPVV_WARNING_IF(num_threads[x - 1] != num_threads[x], ""Test reported differing numbers of threads.  Validity of testing of reduction clause cannot be guaranteed."");
      }
      OMPVV_WARNING_IF(num_threads[0] == 1, ""Test operated with one thread.  Reduction clause cannot be tested."");
      OMPVV_WARNING_IF(num_threads[0] <= 0, ""Test reported invalid number of threads.  Validity of testing of reduction clause cannot be guaranteed."");
    }

    OMPVV_TEST_AND_SET_VERBOSE(errors, host_result != result);
    OMPVV_ERROR_IF(host_result != result, ""Result from loop directive is %d but expected result is %d."", result, host_result);

    if (host_result) {
      tested_true = 1;
    } else {
      tested_false = 1;
    }

    if (host_result != result) {
      break;
    }

    itr_count++;
  }

  OMPVV_WARNING_IF(!tested_true, ""Did not test a case in which final result was true."");
  OMPVV_WARNING_IF(!tested_false, ""Did not test a case in which final result was false."");

  return errors;
}

int main() {
  int total_errors = 0;

  OMPVV_TEST_AND_SET_VERBOSE(total_errors, test_or() != 0);

  OMPVV_REPORT_AND_RETURN(total_errors);
}
",HPC_BUGFIX_V2_4.xlsx,False,unknown,CHANGE_OPERATOR,loop,reduction_operator,tests/5.0/loop,5.0
tests/5.0/metadirective/test_metadirective_arch_is_nvidia.c,metadirective,mapping,TARGET_MAP_FROM_TO_TO,high,"#pragma omp target map(to:v1,v2) map(from:v3, target_device_num) device(default_device)","#pragma omp target map(to:v1,v2) map(to:v3, target_device_num) device(default_device)",target_device_num differs from host device and v3[i] == v1[i]*v2[i],results and target_device_num are not copied back from target region,32,test_metadirective_arch_is_nvidia_MAP_FROM_TO_TOFROM.c,"//===---test_metadirective_arch_is_nvidia.c --------------------------------===//
//
// OpenMP API Version 5.0 Nov 2018
//
// Test for metadirectives based on OpenMP 5.0 examples metadirective.1-3.c
//
////===---------------------------------------------------------------------===//

#include <omp.h>
#include <stdio.h>
#include <stdlib.h>
#include ""ompvv.h""

#define N 1024

int metadirective1() {

   int v1[N], v2[N], v3[N];

   int target_device_num, host_device_num, default_device;
   int errors = 0;

   for(int i=0; i<N; i++) {
      v1[i] = (i+1);
      v2[i] = -(i+1);
   }

   host_device_num = omp_get_initial_device();

   default_device = omp_get_default_device();

   #pragma omp target map(to:v1,v2) map(from:v3, target_device_num) device(default_device)
   {
      #pragma omp metadirective \
                   when(   device={arch(""nvptx"")}: teams distribute parallel for) \
                   default(                     parallel for)

         for (int i = 0; i < N; i++) {
            #pragma omp atomic write
            target_device_num = omp_get_device_num();
            v3[i] = v1[i] * v2[i];
         }
   }

   OMPVV_TEST_AND_SET(errors, host_device_num == target_device_num);
   OMPVV_ERROR_IF(host_device_num == target_device_num, ""Device number that executes target region is ""
                                                        ""the same as the device number on the host"");

   for (int i = 0; i < N; i++) {
      OMPVV_TEST_AND_SET_VERBOSE(errors, v3[i] != v1[i] * v2[i]);
   }

   return errors;
}

int main () {

   int errors = 0;
   OMPVV_TEST_OFFLOADING;

   OMPVV_TEST_AND_SET_VERBOSE(errors, metadirective1());

   OMPVV_REPORT_AND_RETURN(errors);

}
","//===---test_metadirective_arch_is_nvidia.c --------------------------------===//
//
// OpenMP API Version 5.0 Nov 2018
//
// Test for metadirectives based on OpenMP 5.0 examples metadirective.1-3.c
//
////===---------------------------------------------------------------------===//

#include <omp.h>
#include <stdio.h>
#include <stdlib.h>
#include ""ompvv.h""

#define N 1024

int metadirective1() {

   int v1[N], v2[N], v3[N];

   int target_device_num, host_device_num, default_device;
   int errors = 0;

   for(int i=0; i<N; i++) {
      v1[i] = (i+1);
      v2[i] = -(i+1);
   }

   host_device_num = omp_get_initial_device();

   default_device = omp_get_default_device();

   #pragma omp target map(to:v1,v2) map(to:v3, target_device_num) device(default_device)
   {
      #pragma omp metadirective \
                   when(   device={arch(""nvptx"")}: teams distribute parallel for) \
                   default(                     parallel for)

         for (int i = 0; i < N; i++) {
            #pragma omp atomic write
            target_device_num = omp_get_device_num();
            v3[i] = v1[i] * v2[i];
         }
   }

   OMPVV_TEST_AND_SET(errors, host_device_num == target_device_num);
   OMPVV_ERROR_IF(host_device_num == target_device_num, ""Device number that executes target region is ""
                                                        ""the same as the device number on the host"");

   for (int i = 0; i < N; i++) {
      OMPVV_TEST_AND_SET_VERBOSE(errors, v3[i] != v1[i] * v2[i]);
   }

   return errors;
}

int main () {

   int errors = 0;
   OMPVV_TEST_OFFLOADING;

   OMPVV_TEST_AND_SET_VERBOSE(errors, metadirective1());

   OMPVV_REPORT_AND_RETURN(errors);

}
",HPC_BUGFIX_V2_5.xlsx,False,unknown,CHANGE_MAPPING,metadirective,mapping,tests/5.0/metadirective,5.0
tests/5.0/parallel_for_simd/test_parallel_for_simd_atomic.c,parallel_for_simd,synchronization,REMOVE_ATOMIC_UPDATE,high,#pragma omp atomic update,/* atomic removed */,x == N after parallel for simd,"shared increment races, so x may be less than N",24,test_parallel_for_simd_atomic_REMOVE_ATOMIC.c,"//===--- test_parallel_for_simd_atomic.c ------------------------------------===//
//
// OpenMP API Version 5.0 Nov 2018
//
// This test checks that the atomic construct can be used within the parallel
// for simd construct to avoid a race condition in updating a shared
// variable, whose value is checked after updating.
//
////===----------------------------------------------------------------------===//
#include <assert.h>
#include <omp.h>
#include <stdio.h>
#include <stdlib.h>
#include ""ompvv.h""

#define N 1024

int test_parallel_for_simd_atomic() {
  OMPVV_INFOMSG(""test_parallel_for_simd_atomic"");
  int errors = 0, x = 0;

#pragma omp parallel for simd shared(x) num_threads(OMPVV_NUM_THREADS_HOST)
  for (int i = 0; i < N; i++) {
#pragma omp atomic update
    x += 1;
  }

  OMPVV_TEST_AND_SET_VERBOSE(errors, x != N);

  return errors;
}


int main() {
  int errors = 0;

  OMPVV_TEST_AND_SET_VERBOSE(errors, test_parallel_for_simd_atomic());

  OMPVV_REPORT_AND_RETURN(errors);
}
","//===--- test_parallel_for_simd_atomic.c ------------------------------------===//
//
// OpenMP API Version 5.0 Nov 2018
//
// This test checks that the atomic construct can be used within the parallel
// for simd construct to avoid a race condition in updating a shared
// variable, whose value is checked after updating.
//
////===----------------------------------------------------------------------===//
#include <assert.h>
#include <omp.h>
#include <stdio.h>
#include <stdlib.h>
#include ""ompvv.h""

#define N 1024

int test_parallel_for_simd_atomic() {
  OMPVV_INFOMSG(""test_parallel_for_simd_atomic"");
  int errors = 0, x = 0;

#pragma omp parallel for simd shared(x) num_threads(OMPVV_NUM_THREADS_HOST)
  for (int i = 0; i < N; i++) {
/* atomic removed */
    x += 1;
  }

  OMPVV_TEST_AND_SET_VERBOSE(errors, x != N);

  return errors;
}


int main() {
  int errors = 0;

  OMPVV_TEST_AND_SET_VERBOSE(errors, test_parallel_for_simd_atomic());

  OMPVV_REPORT_AND_RETURN(errors);
}
",HPC_BUGFIX_V2_5.xlsx,False,unknown,REMOVE_SYNCHRONIZATION,atomic,atomic,tests/5.0/parallel_for_simd,5.0
tests/5.0/parallel_for/test_parallel_for_lastprivate_conditional.c,parallel_for,lastprivate_semantics,LASTPRIVATE_CONDITIONAL_TO_LASTPRIVATE,high,#pragma omp parallel for lastprivate(conditional: x),#pragma omp parallel for lastprivate(x),x == 123 after loop,plain lastprivate does not preserve last matching conditional assignment semantics,20,test_parallel_for_lastprivate_conditional_TO_LASTPRIVATE.c,"//===------ test_parallel_for_lastprivate_conditional.c ------===//
//
// OpenMP API Version 5.0 Nov 2018
//
// This test evaluates the lastprivate directive using the conditional clause,
// ensuring proper behavior and variable updates in parallel regions.
//===-------------------------------------------------------------===//

#include <omp.h>
#include <stdio.h>
#include ""ompvv.h""

#define N 1024

int test_lastprivate_conditional() {
        int errors = 0;
        int a[N];
        int x = 0;

        #pragma omp parallel for lastprivate(conditional: x)
        for (int k = 0; k < N; k++) {
                a[k] = k;
                if (k == 24 || k == 123) {
                        x = a[k];
                }
        }
        // Check to make sure x is set.
        OMPVV_TEST_AND_SET(errors, x!= 123);
        return errors;
}

int main() {
        int errors = 0;

        OMPVV_TEST_AND_SET_VERBOSE(errors, test_lastprivate_conditional() != 0);

        OMPVV_REPORT_AND_RETURN(errors);
}
","//===------ test_parallel_for_lastprivate_conditional.c ------===//
//
// OpenMP API Version 5.0 Nov 2018
//
// This test evaluates the lastprivate directive using the conditional clause,
// ensuring proper behavior and variable updates in parallel regions.
//===-------------------------------------------------------------===//

#include <omp.h>
#include <stdio.h>
#include ""ompvv.h""

#define N 1024

int test_lastprivate_conditional() {
        int errors = 0;
        int a[N];
        int x = 0;

        #pragma omp parallel for lastprivate(x)
        for (int k = 0; k < N; k++) {
                a[k] = k;
                if (k == 24 || k == 123) {
                        x = a[k];
                }
        }
        // Check to make sure x is set.
        OMPVV_TEST_AND_SET(errors, x!= 123);
        return errors;
}

int main() {
        int errors = 0;

        OMPVV_TEST_AND_SET_VERBOSE(errors, test_lastprivate_conditional() != 0);

        OMPVV_REPORT_AND_RETURN(errors);
}
",HPC_BUGFIX_V2_5.xlsx,False,unknown,CHANGE_CONDITION,parallel_for,data_sharing,tests/5.0/parallel_for,5.0
tests/5.0/parallel_for/test_parallel_for_notequals.c,parallel_for,loop_header_semantics,REL_OP_NEQ_TO_LT,high,for (int i = 0; i != N; i++) {,for (int i = 0; i < N - 1; i++) {,x[i] == 1 + y[i]*z[i] for all i,last iteration is skipped so final element remains incorrect,32,test_parallel_for_notequals_NOTEQUALS_TO_LT.c,"//===--- test_parallel_for_notequals.c -------------------------------===//
//
// OpenMP API Version 5.0 Nov 2018
//
// This test checks the parallel for directive with relational-op ""!="".
// The test performs simple operations on an int array which are then
// checked for correctness.
//
////===----------------------------------------------------------------------===//
#include <assert.h>
#include <omp.h>
#include <stdio.h>
#include <stdlib.h>
#include ""ompvv.h""

#define N 1024

int test_parallel_for_notequals() {
  OMPVV_INFOMSG(""test_parallel_for_notequals"");
  int errors = 0;
  int x[N];
  int y[N];
  int z[N];

  for (int i = 0; i < N; i++) {
    x[i] = 1;
    y[i] = i + 1;
    z[i] = 2*(i + 1);
  }

#pragma omp parallel for num_threads(OMPVV_NUM_THREADS_HOST) shared(x, y, z)
  for (int i = 0; i != N; i++) {
    x[i] += y[i]*z[i];
  }

  for (int i = 0; i < N; i++) {
    OMPVV_TEST_AND_SET_VERBOSE(errors, x[i] != 1 + (y[i]*z[i]));
  }

  return errors;
}


int main() {
  int errors = 0;

  OMPVV_TEST_AND_SET_VERBOSE(errors, test_parallel_for_notequals());

  OMPVV_REPORT_AND_RETURN(errors);
}
","//===--- test_parallel_for_notequals.c -------------------------------===//
//
// OpenMP API Version 5.0 Nov 2018
//
// This test checks the parallel for directive with relational-op ""!="".
// The test performs simple operations on an int array which are then
// checked for correctness.
//
////===----------------------------------------------------------------------===//
#include <assert.h>
#include <omp.h>
#include <stdio.h>
#include <stdlib.h>
#include ""ompvv.h""

#define N 1024

int test_parallel_for_notequals() {
  OMPVV_INFOMSG(""test_parallel_for_notequals"");
  int errors = 0;
  int x[N];
  int y[N];
  int z[N];

  for (int i = 0; i < N; i++) {
    x[i] = 1;
    y[i] = i + 1;
    z[i] = 2*(i + 1);
  }

#pragma omp parallel for num_threads(OMPVV_NUM_THREADS_HOST) shared(x, y, z)
  for (int i = 0; i < N - 1; i++) {
    x[i] += y[i]*z[i];
  }

  for (int i = 0; i < N; i++) {
    OMPVV_TEST_AND_SET_VERBOSE(errors, x[i] != 1 + (y[i]*z[i]));
  }

  return errors;
}


int main() {
  int errors = 0;

  OMPVV_TEST_AND_SET_VERBOSE(errors, test_parallel_for_notequals());

  OMPVV_REPORT_AND_RETURN(errors);
}
",HPC_BUGFIX_V2_5.xlsx,False,unknown,CHANGE_LOOP_BOUND,parallel_for,loop_condition,tests/5.0/parallel_for,5.0
tests/5.0/parallel_master_taskloop_simd/test_parallel_master_taskloop_simd.c,parallel_master_taskloop_simd,directive_semantics,PARALLEL_MASTER_TASKLOOP_SIMD_TO_PARALLEL_TASKLOOP_SIMD,high,"#pragma omp parallel master taskloop simd num_threads(OMPVV_NUM_THREADS_HOST) shared(x, y, z, num_threads)","#pragma omp parallel taskloop simd num_threads(OMPVV_NUM_THREADS_HOST) shared(x, y, z, num_threads)",x[i] == 1 + y[i]*z[i] for all i,removing master changes intended single-master task generation semantics,32,test_parallel_master_taskloop_simd_DROP_MASTER.c,"//===--- test_parallel_master_taskloop_simd.c --------------------------===//
//
// OpenMP API Version 5.0 Nov 2018
//
// This test checks the parallel master taskloop simd directive. The
// test performs simple operations on an int array which are then
// checked for correctness.
//
////===----------------------------------------------------------------------===//
#include <assert.h>
#include <omp.h>
#include <stdio.h>
#include <stdlib.h>
#include ""ompvv.h""

#define N 1024

int test_parallel_master_taskloop_simd() {
  OMPVV_INFOMSG(""test_parallel_master_taskloop_simd"");
  int errors = 0;
  int x[N];
  int y[N];
  int z[N];
  int num_threads = -1;

  for (int i = 0; i < N; i++) {
    x[i] = 1;
    y[i] = i + 1;
    z[i] = 2*(i + 1);
  }

#pragma omp parallel master taskloop simd num_threads(OMPVV_NUM_THREADS_HOST) shared(x, y, z, num_threads)
  for (int i = 0; i < N; i++) {
    x[i] += y[i]*z[i];
    if (i == 0) {
       num_threads = omp_get_num_threads();
    }
  }

  for (int i = 0; i < N; i++) {
    OMPVV_TEST_AND_SET_VERBOSE(errors, x[i] != 1 + (y[i]*z[i]));
  }

  OMPVV_WARNING_IF(num_threads == 1, ""Test ran with one thread, so parallelism of parallel master with taskloop can't be guaranteed."");
  OMPVV_ERROR_IF(num_threads < 1, ""Test returned an invalid number of threads."");
  OMPVV_INFOMSG(""This test does not guarantee vector instructions were generated for the simd construct."");

  return errors;
}


int main() {
  int errors = 0;

  OMPVV_TEST_AND_SET_VERBOSE(errors, test_parallel_master_taskloop_simd());

  OMPVV_REPORT_AND_RETURN(errors);
}
","//===--- test_parallel_master_taskloop_simd.c --------------------------===//
//
// OpenMP API Version 5.0 Nov 2018
//
// This test checks the parallel master taskloop simd directive. The
// test performs simple operations on an int array which are then
// checked for correctness.
//
////===----------------------------------------------------------------------===//
#include <assert.h>
#include <omp.h>
#include <stdio.h>
#include <stdlib.h>
#include ""ompvv.h""

#define N 1024

int test_parallel_master_taskloop_simd() {
  OMPVV_INFOMSG(""test_parallel_master_taskloop_simd"");
  int errors = 0;
  int x[N];
  int y[N];
  int z[N];
  int num_threads = -1;

  for (int i = 0; i < N; i++) {
    x[i] = 1;
    y[i] = i + 1;
    z[i] = 2*(i + 1);
  }

#pragma omp parallel taskloop simd num_threads(OMPVV_NUM_THREADS_HOST) shared(x, y, z, num_threads)
  for (int i = 0; i < N; i++) {
    x[i] += y[i]*z[i];
    if (i == 0) {
       num_threads = omp_get_num_threads();
    }
  }

  for (int i = 0; i < N; i++) {
    OMPVV_TEST_AND_SET_VERBOSE(errors, x[i] != 1 + (y[i]*z[i]));
  }

  OMPVV_WARNING_IF(num_threads == 1, ""Test ran with one thread, so parallelism of parallel master with taskloop can't be guaranteed."");
  OMPVV_ERROR_IF(num_threads < 1, ""Test returned an invalid number of threads."");
  OMPVV_INFOMSG(""This test does not guarantee vector instructions were generated for the simd construct."");

  return errors;
}


int main() {
  int errors = 0;

  OMPVV_TEST_AND_SET_VERBOSE(errors, test_parallel_master_taskloop_simd());

  OMPVV_REPORT_AND_RETURN(errors);
}
",HPC_BUGFIX_V2_5.xlsx,False,unknown,REMOVE_CLAUSE,parallel_master_taskloop_simd,master,tests/5.0/parallel_master_taskloop_simd,5.0
tests/5.1/env_var/test_omp_places_env_ll_caches.c,env_var,env_query,WRONG_EXPECTED_OMP_PLACES,high,"test = ret_val == NULL || strcmp(ret_val, ""ll_caches"");","test = ret_val == NULL || strcmp(ret_val, ""numa_domains"");","getenv(""OMP_PLACES"") == ""ll_caches""",oracle expects the wrong OMP_PLACES value,21,test_omp_places_env_ll_caches_EXPECT_LL_TO_NUMA.c,"//-----------------test_omp_places_ll_caches.c---------------//
//
//OpenMP API Version 5.1 Aug 2021
//
//Tests the omp_places environment variable. This test sets the
//omp_places environment variable and then retrieves it from the
//environment. If the architecture supports the ll_caches
//argument then the retrieved value will be ll_caches.
//-------------------------------------------------------------

#include <omp.h>
#include <stdio.h>
#include <stdlib.h>
#include ""ompvv.h""
#include <math.h>

int test_places(){
        int errors = 0;
        int test = 1;
        char* ret_val = NULL;
        ret_val = getenv(""OMP_PLACES"");
        test = ret_val == NULL || strcmp(ret_val, ""ll_caches"");
        OMPVV_TEST_AND_SET(errors,test != 0);
        return errors;
}

int main(){
        int errors = 0;
        OMPVV_TEST_OFFLOADING;
        OMPVV_TEST_AND_SET_VERBOSE(errors, test_places() != 0);
        OMPVV_REPORT_AND_RETURN(errors);
}
","//-----------------test_omp_places_ll_caches.c---------------//
//
//OpenMP API Version 5.1 Aug 2021
//
//Tests the omp_places environment variable. This test sets the
//omp_places environment variable and then retrieves it from the
//environment. If the architecture supports the ll_caches
//argument then the retrieved value will be ll_caches.
//-------------------------------------------------------------

#include <omp.h>
#include <stdio.h>
#include <stdlib.h>
#include ""ompvv.h""
#include <math.h>

int test_places(){
        int errors = 0;
        int test = 1;
        char* ret_val = NULL;
        ret_val = getenv(""OMP_PLACES"");
        test = ret_val == NULL || strcmp(ret_val, ""numa_domains"");
        OMPVV_TEST_AND_SET(errors,test != 0);
        return errors;
}

int main(){
        int errors = 0;
        OMPVV_TEST_OFFLOADING;
        OMPVV_TEST_AND_SET_VERBOSE(errors, test_places() != 0);
        OMPVV_REPORT_AND_RETURN(errors);
}
",openmp_batch_111_130_optionA_full_multivariant.csv,False,unknown,ORACLE_MUTATION,runtime_api,runtime_api,tests/5.1/env_var,5.1
tests/5.1/env_var/test_omp_places_env_ll_caches.c,env_var,env_query,WRONG_ENV_VAR_NAME,high,"ret_val = getenv(""OMP_PLACES"");","ret_val = getenv(""OMP_PROC_BIND"");","getenv(""OMP_PLACES"") == ""ll_caches""","test queries the wrong environment variable, so returned value does not match ll_caches",20,test_omp_places_env_ll_caches_QUERY_WRONG_ENV.c,"//-----------------test_omp_places_ll_caches.c---------------//
//
//OpenMP API Version 5.1 Aug 2021
//
//Tests the omp_places environment variable. This test sets the
//omp_places environment variable and then retrieves it from the
//environment. If the architecture supports the ll_caches
//argument then the retrieved value will be ll_caches.
//-------------------------------------------------------------

#include <omp.h>
#include <stdio.h>
#include <stdlib.h>
#include ""ompvv.h""
#include <math.h>

int test_places(){
        int errors = 0;
        int test = 1;
        char* ret_val = NULL;
        ret_val = getenv(""OMP_PLACES"");
        test = ret_val == NULL || strcmp(ret_val, ""ll_caches"");
        OMPVV_TEST_AND_SET(errors,test != 0);
        return errors;
}

int main(){
        int errors = 0;
        OMPVV_TEST_OFFLOADING;
        OMPVV_TEST_AND_SET_VERBOSE(errors, test_places() != 0);
        OMPVV_REPORT_AND_RETURN(errors);
}
","//-----------------test_omp_places_ll_caches.c---------------//
//
//OpenMP API Version 5.1 Aug 2021
//
//Tests the omp_places environment variable. This test sets the
//omp_places environment variable and then retrieves it from the
//environment. If the architecture supports the ll_caches
//argument then the retrieved value will be ll_caches.
//-------------------------------------------------------------

#include <omp.h>
#include <stdio.h>
#include <stdlib.h>
#include ""ompvv.h""
#include <math.h>

int test_places(){
        int errors = 0;
        int test = 1;
        char* ret_val = NULL;
        ret_val = getenv(""OMP_PROC_BIND"");
        test = ret_val == NULL || strcmp(ret_val, ""ll_caches"");
        OMPVV_TEST_AND_SET(errors,test != 0);
        return errors;
}

int main(){
        int errors = 0;
        OMPVV_TEST_OFFLOADING;
        OMPVV_TEST_AND_SET_VERBOSE(errors, test_places() != 0);
        OMPVV_REPORT_AND_RETURN(errors);
}
",openmp_batch_111_130_optionA_full_multivariant.csv,False,unknown,CHANGE_RUNTIME_CALL,runtime_api,runtime_api,tests/5.1/env_var,5.1
tests/5.1/env_var/test_omp_places_env_numa_domains.c,env_var,env_query,WRONG_EXPECTED_OMP_PLACES,high,"test = ret_val == NULL || strcmp(ret_val, ""numa_domains"");","test = ret_val == NULL || strcmp(ret_val, ""ll_caches"");","getenv(""OMP_PLACES"") == ""numa_domains""",oracle expects the wrong OMP_PLACES value,22,test_omp_places_env_numa_domains_EXPECT_NUMA_TO_LL.c,"//---------------test_omp_places_numa_domain--------------------//
//
// OpenMP API Version 5.1 Nov 2020
//
//This test intends to test the omp_places numa domain option.
//First the test sets the value of omp_places to numa_domain.
//Then the test checks for equal distribution in threads.
//-------------------------------------------------------------//

#include <omp.h>
#include <stdio.h>
#include <stdlib.h>
#include ""ompvv.h""
#include <math.h>

#define N 1024
int test_places(){
        int errors = 0;
        int test = 1;
        char* ret_val = NULL;
        ret_val = getenv(""OMP_PLACES"");
        test = ret_val == NULL || strcmp(ret_val, ""numa_domains"");
        OMPVV_TEST_AND_SET(errors, test != 0);
        return errors;
}


int main(){
        int errors = 0;
        OMPVV_TEST_OFFLOADING;
        OMPVV_TEST_AND_SET_VERBOSE(errors, test_places() != 0);
        OMPVV_REPORT_AND_RETURN(errors);
}
","//---------------test_omp_places_numa_domain--------------------//
//
// OpenMP API Version 5.1 Nov 2020
//
//This test intends to test the omp_places numa domain option.
//First the test sets the value of omp_places to numa_domain.
//Then the test checks for equal distribution in threads.
//-------------------------------------------------------------//

#include <omp.h>
#include <stdio.h>
#include <stdlib.h>
#include ""ompvv.h""
#include <math.h>

#define N 1024
int test_places(){
        int errors = 0;
        int test = 1;
        char* ret_val = NULL;
        ret_val = getenv(""OMP_PLACES"");
        test = ret_val == NULL || strcmp(ret_val, ""ll_caches"");
        OMPVV_TEST_AND_SET(errors, test != 0);
        return errors;
}


int main(){
        int errors = 0;
        OMPVV_TEST_OFFLOADING;
        OMPVV_TEST_AND_SET_VERBOSE(errors, test_places() != 0);
        OMPVV_REPORT_AND_RETURN(errors);
}
",openmp_batch_111_130_optionA_full_multivariant.csv,False,unknown,ORACLE_MUTATION,runtime_api,runtime_api,tests/5.1/env_var,5.1
tests/5.1/env_var/test_omp_places_env_numa_domains.c,env_var,env_query,WRONG_ENV_VAR_NAME,high,"ret_val = getenv(""OMP_PLACES"");","ret_val = getenv(""OMP_PROC_BIND"");","getenv(""OMP_PLACES"") == ""numa_domains""","test queries the wrong environment variable, so returned value does not match numa_domains",21,test_omp_places_env_numa_domains_QUERY_WRONG_ENV.c,"//---------------test_omp_places_numa_domain--------------------//
//
// OpenMP API Version 5.1 Nov 2020
//
//This test intends to test the omp_places numa domain option.
//First the test sets the value of omp_places to numa_domain.
//Then the test checks for equal distribution in threads.
//-------------------------------------------------------------//

#include <omp.h>
#include <stdio.h>
#include <stdlib.h>
#include ""ompvv.h""
#include <math.h>

#define N 1024
int test_places(){
        int errors = 0;
        int test = 1;
        char* ret_val = NULL;
        ret_val = getenv(""OMP_PLACES"");
        test = ret_val == NULL || strcmp(ret_val, ""numa_domains"");
        OMPVV_TEST_AND_SET(errors, test != 0);
        return errors;
}


int main(){
        int errors = 0;
        OMPVV_TEST_OFFLOADING;
        OMPVV_TEST_AND_SET_VERBOSE(errors, test_places() != 0);
        OMPVV_REPORT_AND_RETURN(errors);
}
","//---------------test_omp_places_numa_domain--------------------//
//
// OpenMP API Version 5.1 Nov 2020
//
//This test intends to test the omp_places numa domain option.
//First the test sets the value of omp_places to numa_domain.
//Then the test checks for equal distribution in threads.
//-------------------------------------------------------------//

#include <omp.h>
#include <stdio.h>
#include <stdlib.h>
#include ""ompvv.h""
#include <math.h>

#define N 1024
int test_places(){
        int errors = 0;
        int test = 1;
        char* ret_val = NULL;
        ret_val = getenv(""OMP_PROC_BIND"");
        test = ret_val == NULL || strcmp(ret_val, ""numa_domains"");
        OMPVV_TEST_AND_SET(errors, test != 0);
        return errors;
}


int main(){
        int errors = 0;
        OMPVV_TEST_OFFLOADING;
        OMPVV_TEST_AND_SET_VERBOSE(errors, test_places() != 0);
        OMPVV_REPORT_AND_RETURN(errors);
}
",openmp_batch_111_130_optionA_full_multivariant.csv,False,unknown,CHANGE_RUNTIME_CALL,runtime_api,runtime_api,tests/5.1/env_var,5.1
tests/5.1/env_var/test_omp_teams_thread_limit_env_2.c,env_var,env_query,WRONG_EXPECTED_TEAMS_THREAD_LIMIT,high,"OMPVV_TEST_AND_SET(errors, env != 2);","OMPVV_TEST_AND_SET(errors, env != 3);",omp_get_teams_thread_limit() == 2,oracle expects the wrong environment-configured teams thread limit,23,test_omp_teams_thread_limit_env_2_EXPECT_2_TO_3.c,"//--------------- test_omp_team_thread_limit_env_2.c---------------------//
//
// OpenMP API Version 5.1 Aug 2021
//
// The objective of this test is to check that the team_thread_limit env
// var is set properly. It is important to note that the name of the test
// is very important to the env var being set. It follows a convention set
// up for testing env variables in run.sh. This test itself simply checks
// that the threadlimit is set to the appropriate variable value specified
// in the test name.
//-----------------------------------------------------------------------//



#include <omp.h>
#include <stdio.h>
#include <stdlib.h>
#include ""ompvv.h""
#include <math.h>

int test_case(){
        int errors = 0;
        int env = 10;
        env = omp_get_teams_thread_limit();
        OMPVV_TEST_AND_SET(errors, env != 2);
        OMPVV_INFOMSG_IF(env == 0, ""Environment variable not set"");
        OMPVV_INFOMSG_IF(env == 10, ""Call to omp_get_teams_thread_limit() did not update local var."");
        return errors;
}


int main(){
        int errors = 0;
        OMPVV_TEST_OFFLOADING;
        OMPVV_TEST_AND_SET_VERBOSE(errors, test_case() != 0);
        OMPVV_REPORT_AND_RETURN(errors);
}
","//--------------- test_omp_team_thread_limit_env_2.c---------------------//
//
// OpenMP API Version 5.1 Aug 2021
//
// The objective of this test is to check that the team_thread_limit env
// var is set properly. It is important to note that the name of the test
// is very important to the env var being set. It follows a convention set
// up for testing env variables in run.sh. This test itself simply checks
// that the threadlimit is set to the appropriate variable value specified
// in the test name.
//-----------------------------------------------------------------------//



#include <omp.h>
#include <stdio.h>
#include <stdlib.h>
#include ""ompvv.h""
#include <math.h>

int test_case(){
        int errors = 0;
        int env = 10;
        env = omp_get_teams_thread_limit();
        OMPVV_TEST_AND_SET(errors, env != 3);
        OMPVV_INFOMSG_IF(env == 0, ""Environment variable not set"");
        OMPVV_INFOMSG_IF(env == 10, ""Call to omp_get_teams_thread_limit() did not update local var."");
        return errors;
}


int main(){
        int errors = 0;
        OMPVV_TEST_OFFLOADING;
        OMPVV_TEST_AND_SET_VERBOSE(errors, test_case() != 0);
        OMPVV_REPORT_AND_RETURN(errors);
}
",openmp_batch_111_130_optionA_full_multivariant.csv,False,unknown,ORACLE_MUTATION,teams,configuration,tests/5.1/env_var,5.1
tests/5.1/env_var/test_omp_teams_thread_limit_env_2.c,env_var,runtime_query,WRONG_RUNTIME_QUERY,high,env = omp_get_teams_thread_limit();,env = omp_get_thread_limit();,omp_get_teams_thread_limit() == 2,"wrong runtime routine is queried, so expected value is not returned",22,test_omp_teams_thread_limit_env_2_WRONG_RUNTIME_QUERY.c,"//--------------- test_omp_team_thread_limit_env_2.c---------------------//
//
// OpenMP API Version 5.1 Aug 2021
//
// The objective of this test is to check that the team_thread_limit env
// var is set properly. It is important to note that the name of the test
// is very important to the env var being set. It follows a convention set
// up for testing env variables in run.sh. This test itself simply checks
// that the threadlimit is set to the appropriate variable value specified
// in the test name.
//-----------------------------------------------------------------------//



#include <omp.h>
#include <stdio.h>
#include <stdlib.h>
#include ""ompvv.h""
#include <math.h>

int test_case(){
        int errors = 0;
        int env = 10;
        env = omp_get_teams_thread_limit();
        OMPVV_TEST_AND_SET(errors, env != 2);
        OMPVV_INFOMSG_IF(env == 0, ""Environment variable not set"");
        OMPVV_INFOMSG_IF(env == 10, ""Call to omp_get_teams_thread_limit() did not update local var."");
        return errors;
}


int main(){
        int errors = 0;
        OMPVV_TEST_OFFLOADING;
        OMPVV_TEST_AND_SET_VERBOSE(errors, test_case() != 0);
        OMPVV_REPORT_AND_RETURN(errors);
}
","//--------------- test_omp_team_thread_limit_env_2.c---------------------//
//
// OpenMP API Version 5.1 Aug 2021
//
// The objective of this test is to check that the team_thread_limit env
// var is set properly. It is important to note that the name of the test
// is very important to the env var being set. It follows a convention set
// up for testing env variables in run.sh. This test itself simply checks
// that the threadlimit is set to the appropriate variable value specified
// in the test name.
//-----------------------------------------------------------------------//



#include <omp.h>
#include <stdio.h>
#include <stdlib.h>
#include ""ompvv.h""
#include <math.h>

int test_case(){
        int errors = 0;
        int env = 10;
        env = omp_get_thread_limit();
        OMPVV_TEST_AND_SET(errors, env != 2);
        OMPVV_INFOMSG_IF(env == 0, ""Environment variable not set"");
        OMPVV_INFOMSG_IF(env == 10, ""Call to omp_get_teams_thread_limit() did not update local var."");
        return errors;
}


int main(){
        int errors = 0;
        OMPVV_TEST_OFFLOADING;
        OMPVV_TEST_AND_SET_VERBOSE(errors, test_case() != 0);
        OMPVV_REPORT_AND_RETURN(errors);
}
",openmp_batch_111_130_optionA_full_multivariant.csv,False,unknown,CHANGE_RUNTIME_CALL,teams,configuration,tests/5.1/env_var,5.1
tests/5.1/error/test_error_at_execution.c,error,synchronization,REMOVE_SINGLE,high,#pragma omp single,/* single removed */,i == 5 after the parallel region,"all threads execute the block, so i is incremented more than once",22,test_error_at_execution_REMOVE_SINGLE.c,"//===--- test_error_at_execution.c ----------------------------===//
//
//  OpenMP API Version 5.1 Aug 2021
//
//  Test uses error directive with at(execution) where if the error
//  condition is reached during runtime, it will print an error message.
//  If error message does not print, then the test has failed.
//
////===----------------------------------------------------------------------===//

#include <omp.h>
#include <stdio.h>
#include <stdlib.h>
#include ""ompvv.h""
#include <math.h>

int errors, i;

int test_error_at_execution() {
    i = 0;
    OMPVV_INFOMSG(""If successful, test should print an \""error directive encountered\"" message at the beginning of output"");
    #pragma omp parallel
    {
        #pragma omp single
        {
            #pragma omp error at(execution) severity(warning)
            i+=5;
        }
    }
    OMPVV_TEST_AND_SET_VERBOSE(errors, i != 5);
    OMPVV_ERROR_IF(errors > 0, ""Error directive cause execution error"");
    return errors;
}

int main() {
   errors = 0;
   OMPVV_TEST_OFFLOADING;
   OMPVV_TEST_AND_SET_VERBOSE(errors, test_error_at_execution() != 0);
   OMPVV_REPORT_AND_RETURN(errors);
}
","//===--- test_error_at_execution.c ----------------------------===//
//
//  OpenMP API Version 5.1 Aug 2021
//
//  Test uses error directive with at(execution) where if the error
//  condition is reached during runtime, it will print an error message.
//  If error message does not print, then the test has failed.
//
////===----------------------------------------------------------------------===//

#include <omp.h>
#include <stdio.h>
#include <stdlib.h>
#include ""ompvv.h""
#include <math.h>

int errors, i;

int test_error_at_execution() {
    i = 0;
    OMPVV_INFOMSG(""If successful, test should print an \""error directive encountered\"" message at the beginning of output"");
    #pragma omp parallel
    {
        /* single removed */
        {
            #pragma omp error at(execution) severity(warning)
            i+=5;
        }
    }
    OMPVV_TEST_AND_SET_VERBOSE(errors, i != 5);
    OMPVV_ERROR_IF(errors > 0, ""Error directive cause execution error"");
    return errors;
}

int main() {
   errors = 0;
   OMPVV_TEST_OFFLOADING;
   OMPVV_TEST_AND_SET_VERBOSE(errors, test_error_at_execution() != 0);
   OMPVV_REPORT_AND_RETURN(errors);
}
",openmp_batch_111_130_optionA_full_multivariant.csv,False,unknown,REMOVE_CONSTRUCT,error,general_code,tests/5.1/error,5.1
tests/5.1/error/test_error_at_execution.c,error,oracle_value,WRONG_INCREMENT_AMOUNT,high,i+=5;,i+=4;,i == 5 after the error directive block,the post-error statement updates i to the wrong value,25,test_error_at_execution_WRONG_INCREMENT.c,"//===--- test_error_at_execution.c ----------------------------===//
//
//  OpenMP API Version 5.1 Aug 2021
//
//  Test uses error directive with at(execution) where if the error
//  condition is reached during runtime, it will print an error message.
//  If error message does not print, then the test has failed.
//
////===----------------------------------------------------------------------===//

#include <omp.h>
#include <stdio.h>
#include <stdlib.h>
#include ""ompvv.h""
#include <math.h>

int errors, i;

int test_error_at_execution() {
    i = 0;
    OMPVV_INFOMSG(""If successful, test should print an \""error directive encountered\"" message at the beginning of output"");
    #pragma omp parallel
    {
        #pragma omp single
        {
            #pragma omp error at(execution) severity(warning)
            i+=5;
        }
    }
    OMPVV_TEST_AND_SET_VERBOSE(errors, i != 5);
    OMPVV_ERROR_IF(errors > 0, ""Error directive cause execution error"");
    return errors;
}

int main() {
   errors = 0;
   OMPVV_TEST_OFFLOADING;
   OMPVV_TEST_AND_SET_VERBOSE(errors, test_error_at_execution() != 0);
   OMPVV_REPORT_AND_RETURN(errors);
}
","//===--- test_error_at_execution.c ----------------------------===//
//
//  OpenMP API Version 5.1 Aug 2021
//
//  Test uses error directive with at(execution) where if the error
//  condition is reached during runtime, it will print an error message.
//  If error message does not print, then the test has failed.
//
////===----------------------------------------------------------------------===//

#include <omp.h>
#include <stdio.h>
#include <stdlib.h>
#include ""ompvv.h""
#include <math.h>

int errors, i;

int test_error_at_execution() {
    i = 0;
    OMPVV_INFOMSG(""If successful, test should print an \""error directive encountered\"" message at the beginning of output"");
    #pragma omp parallel
    {
        #pragma omp single
        {
            #pragma omp error at(execution) severity(warning)
            i+=4;
        }
    }
    OMPVV_TEST_AND_SET_VERBOSE(errors, i != 5);
    OMPVV_ERROR_IF(errors > 0, ""Error directive cause execution error"");
    return errors;
}

int main() {
   errors = 0;
   OMPVV_TEST_OFFLOADING;
   OMPVV_TEST_AND_SET_VERBOSE(errors, test_error_at_execution() != 0);
   OMPVV_REPORT_AND_RETURN(errors);
}
",openmp_batch_111_130_optionA_full_multivariant.csv,False,unknown,CHANGE_ASSIGNMENT,error,general_code,tests/5.1/error,5.1
tests/5.1/error/test_error_message_at_compilation.c,error,synchronization,REMOVE_SINGLE,high,#pragma omp single,/* single removed */,i == 5 after the parallel region,"all threads execute the block, so i is incremented more than once",22,test_error_message_at_compilation_REMOVE_SINGLE.c,"//===--- test_error_message_at_compilation.c ----------------------------===//
//
//  OpenMP API Version 5.1 Aug 2021
//
//  Test uses error directive with message clause to print a message,
//  if error condition is reached then ""runtime error!"" is printed,
//  otherwise is simply used to print a message.
//
////===----------------------------------------------------------------------===//

#include <omp.h>
#include <stdio.h>
#include <stdlib.h>
#include ""ompvv.h""
#include <math.h>

int errors, i;

int test_error_message() {
    i = 0;
    OMPVV_INFOMSG(""If successful, test should print an \""error message success\"" at the beginning of the test"");
    #pragma omp parallel
    {
        #pragma omp single
        {
            #pragma omp error severity(warning) at(compilation) message(""error message success"")
            i+=5;
        }
    }
    OMPVV_TEST_AND_SET_VERBOSE(errors, i != 5);
    OMPVV_ERROR_IF(errors > 0, ""Error directive caused execution error"");
    return errors;
}

int main() {
   errors = 0;
   OMPVV_TEST_OFFLOADING;
   OMPVV_TEST_AND_SET_VERBOSE(errors, test_error_message() != 0);
   OMPVV_REPORT_AND_RETURN(errors);
}
","//===--- test_error_message_at_compilation.c ----------------------------===//
//
//  OpenMP API Version 5.1 Aug 2021
//
//  Test uses error directive with message clause to print a message,
//  if error condition is reached then ""runtime error!"" is printed,
//  otherwise is simply used to print a message.
//
////===----------------------------------------------------------------------===//

#include <omp.h>
#include <stdio.h>
#include <stdlib.h>
#include ""ompvv.h""
#include <math.h>

int errors, i;

int test_error_message() {
    i = 0;
    OMPVV_INFOMSG(""If successful, test should print an \""error message success\"" at the beginning of the test"");
    #pragma omp parallel
    {
        /* single removed */
        {
            #pragma omp error severity(warning) at(compilation) message(""error message success"")
            i+=5;
        }
    }
    OMPVV_TEST_AND_SET_VERBOSE(errors, i != 5);
    OMPVV_ERROR_IF(errors > 0, ""Error directive caused execution error"");
    return errors;
}

int main() {
   errors = 0;
   OMPVV_TEST_OFFLOADING;
   OMPVV_TEST_AND_SET_VERBOSE(errors, test_error_message() != 0);
   OMPVV_REPORT_AND_RETURN(errors);
}
",openmp_batch_111_130_optionA_full_multivariant.csv,False,unknown,REMOVE_CONSTRUCT,error,general_code,tests/5.1/error,5.1
tests/5.1/error/test_error_message_at_compilation.c,error,oracle_value,WRONG_INCREMENT_AMOUNT,high,i+=5;,i+=4;,i == 5 after the error directive block,the post-error statement updates i to the wrong value,25,test_error_message_at_compilation_WRONG_INCREMENT.c,"//===--- test_error_message_at_compilation.c ----------------------------===//
//
//  OpenMP API Version 5.1 Aug 2021
//
//  Test uses error directive with message clause to print a message,
//  if error condition is reached then ""runtime error!"" is printed,
//  otherwise is simply used to print a message.
//
////===----------------------------------------------------------------------===//

#include <omp.h>
#include <stdio.h>
#include <stdlib.h>
#include ""ompvv.h""
#include <math.h>

int errors, i;

int test_error_message() {
    i = 0;
    OMPVV_INFOMSG(""If successful, test should print an \""error message success\"" at the beginning of the test"");
    #pragma omp parallel
    {
        #pragma omp single
        {
            #pragma omp error severity(warning) at(compilation) message(""error message success"")
            i+=5;
        }
    }
    OMPVV_TEST_AND_SET_VERBOSE(errors, i != 5);
    OMPVV_ERROR_IF(errors > 0, ""Error directive caused execution error"");
    return errors;
}

int main() {
   errors = 0;
   OMPVV_TEST_OFFLOADING;
   OMPVV_TEST_AND_SET_VERBOSE(errors, test_error_message() != 0);
   OMPVV_REPORT_AND_RETURN(errors);
}
","//===--- test_error_message_at_compilation.c ----------------------------===//
//
//  OpenMP API Version 5.1 Aug 2021
//
//  Test uses error directive with message clause to print a message,
//  if error condition is reached then ""runtime error!"" is printed,
//  otherwise is simply used to print a message.
//
////===----------------------------------------------------------------------===//

#include <omp.h>
#include <stdio.h>
#include <stdlib.h>
#include ""ompvv.h""
#include <math.h>

int errors, i;

int test_error_message() {
    i = 0;
    OMPVV_INFOMSG(""If successful, test should print an \""error message success\"" at the beginning of the test"");
    #pragma omp parallel
    {
        #pragma omp single
        {
            #pragma omp error severity(warning) at(compilation) message(""error message success"")
            i+=4;
        }
    }
    OMPVV_TEST_AND_SET_VERBOSE(errors, i != 5);
    OMPVV_ERROR_IF(errors > 0, ""Error directive caused execution error"");
    return errors;
}

int main() {
   errors = 0;
   OMPVV_TEST_OFFLOADING;
   OMPVV_TEST_AND_SET_VERBOSE(errors, test_error_message() != 0);
   OMPVV_REPORT_AND_RETURN(errors);
}
",openmp_batch_111_130_optionA_full_multivariant.csv,False,unknown,CHANGE_ASSIGNMENT,error,general_code,tests/5.1/error,5.1
tests/5.1/error/test_error_message_at_execution.c,error,synchronization,REMOVE_SINGLE,high,#pragma omp single,/* single removed */,i == 5 after the parallel region,"all threads execute the block, so i is incremented more than once",22,test_error_message_at_execution_REMOVE_SINGLE.c,"//===--- test_error_message_at_execution.c ----------------------------===//
//
//  OpenMP API Version 5.1 Aug 2021
//
//  Test uses error directive with message clause to print a message,
//  if error condition is reached then ""runtime error!"" is printed,
//  otherwise is simply used to print a message.
//
////===----------------------------------------------------------------------===//

#include <omp.h>
#include <stdio.h>
#include <stdlib.h>
#include ""ompvv.h""
#include <math.h>

int errors, i;

int test_error_message() {
    i = 0;
    OMPVV_INFOMSG(""If successful, test should print an \""error message success\"" at the beginning of the test"");
    #pragma omp parallel
    {
        #pragma omp single
        {
            #pragma omp error severity(warning) at(execution) message(""error message success"")
            i+=5;
        }
    }
    OMPVV_TEST_AND_SET_VERBOSE(errors, i != 5);
    OMPVV_ERROR_IF(errors > 0, ""Error directive caused execution error"");
    return errors;
}

int main() {
   errors = 0;
   OMPVV_TEST_OFFLOADING;
   OMPVV_TEST_AND_SET_VERBOSE(errors, test_error_message() != 0);
   OMPVV_REPORT_AND_RETURN(errors);
}
","//===--- test_error_message_at_execution.c ----------------------------===//
//
//  OpenMP API Version 5.1 Aug 2021
//
//  Test uses error directive with message clause to print a message,
//  if error condition is reached then ""runtime error!"" is printed,
//  otherwise is simply used to print a message.
//
////===----------------------------------------------------------------------===//

#include <omp.h>
#include <stdio.h>
#include <stdlib.h>
#include ""ompvv.h""
#include <math.h>

int errors, i;

int test_error_message() {
    i = 0;
    OMPVV_INFOMSG(""If successful, test should print an \""error message success\"" at the beginning of the test"");
    #pragma omp parallel
    {
        /* single removed */
        {
            #pragma omp error severity(warning) at(execution) message(""error message success"")
            i+=5;
        }
    }
    OMPVV_TEST_AND_SET_VERBOSE(errors, i != 5);
    OMPVV_ERROR_IF(errors > 0, ""Error directive caused execution error"");
    return errors;
}

int main() {
   errors = 0;
   OMPVV_TEST_OFFLOADING;
   OMPVV_TEST_AND_SET_VERBOSE(errors, test_error_message() != 0);
   OMPVV_REPORT_AND_RETURN(errors);
}
",openmp_batch_111_130_optionA_full_multivariant.csv,False,unknown,REMOVE_CONSTRUCT,error,general_code,tests/5.1/error,5.1
tests/5.1/error/test_error_message_at_execution.c,error,oracle_value,WRONG_INCREMENT_AMOUNT,high,i+=5;,i+=4;,i == 5 after the error directive block,the post-error statement updates i to the wrong value,25,test_error_message_at_execution_WRONG_INCREMENT.c,"//===--- test_error_message_at_execution.c ----------------------------===//
//
//  OpenMP API Version 5.1 Aug 2021
//
//  Test uses error directive with message clause to print a message,
//  if error condition is reached then ""runtime error!"" is printed,
//  otherwise is simply used to print a message.
//
////===----------------------------------------------------------------------===//

#include <omp.h>
#include <stdio.h>
#include <stdlib.h>
#include ""ompvv.h""
#include <math.h>

int errors, i;

int test_error_message() {
    i = 0;
    OMPVV_INFOMSG(""If successful, test should print an \""error message success\"" at the beginning of the test"");
    #pragma omp parallel
    {
        #pragma omp single
        {
            #pragma omp error severity(warning) at(execution) message(""error message success"")
            i+=5;
        }
    }
    OMPVV_TEST_AND_SET_VERBOSE(errors, i != 5);
    OMPVV_ERROR_IF(errors > 0, ""Error directive caused execution error"");
    return errors;
}

int main() {
   errors = 0;
   OMPVV_TEST_OFFLOADING;
   OMPVV_TEST_AND_SET_VERBOSE(errors, test_error_message() != 0);
   OMPVV_REPORT_AND_RETURN(errors);
}
","//===--- test_error_message_at_execution.c ----------------------------===//
//
//  OpenMP API Version 5.1 Aug 2021
//
//  Test uses error directive with message clause to print a message,
//  if error condition is reached then ""runtime error!"" is printed,
//  otherwise is simply used to print a message.
//
////===----------------------------------------------------------------------===//

#include <omp.h>
#include <stdio.h>
#include <stdlib.h>
#include ""ompvv.h""
#include <math.h>

int errors, i;

int test_error_message() {
    i = 0;
    OMPVV_INFOMSG(""If successful, test should print an \""error message success\"" at the beginning of the test"");
    #pragma omp parallel
    {
        #pragma omp single
        {
            #pragma omp error severity(warning) at(execution) message(""error message success"")
            i+=4;
        }
    }
    OMPVV_TEST_AND_SET_VERBOSE(errors, i != 5);
    OMPVV_ERROR_IF(errors > 0, ""Error directive caused execution error"");
    return errors;
}

int main() {
   errors = 0;
   OMPVV_TEST_OFFLOADING;
   OMPVV_TEST_AND_SET_VERBOSE(errors, test_error_message() != 0);
   OMPVV_REPORT_AND_RETURN(errors);
}
",openmp_batch_111_130_optionA_full_multivariant.csv,False,unknown,CHANGE_ASSIGNMENT,error,general_code,tests/5.1/error,5.1
tests/5.1/error/test_error_message.c,error,synchronization,REMOVE_SINGLE,high,#pragma omp single,/* single removed */,i == 5 after the parallel region,"all threads execute the block, so i is incremented more than once",22,test_error_message_REMOVE_SINGLE.c,"//===--- test_error_message.c ----------------------------===//
//
//  OpenMP API Version 5.1 Aug 2021
//
//  Test uses error directive with message clause to print a message,
//  if error condition is reached then ""runtime error!"" is printed,
//  otherwise is simply used to print a message.
//
////===----------------------------------------------------------------------===//

#include <omp.h>
#include <stdio.h>
#include <stdlib.h>
#include ""ompvv.h""
#include <math.h>

int errors, i;

int test_error_message() {
    i = 0;
    OMPVV_INFOMSG(""If successful, test should print an \""error message success\"" at the beginning of the test"");
    #pragma omp parallel
    {
        #pragma omp single
        {
            #pragma omp error severity(warning) message(""error message success"")
            i+=5;
        }
    }
    OMPVV_TEST_AND_SET_VERBOSE(errors, i != 5);
    OMPVV_ERROR_IF(errors > 0, ""Error directive caused execution error"");
    return errors;
}

int main() {
   errors = 0;
   OMPVV_TEST_OFFLOADING;
   OMPVV_TEST_AND_SET_VERBOSE(errors, test_error_message() != 0);
   OMPVV_REPORT_AND_RETURN(errors);
}
","//===--- test_error_message.c ----------------------------===//
//
//  OpenMP API Version 5.1 Aug 2021
//
//  Test uses error directive with message clause to print a message,
//  if error condition is reached then ""runtime error!"" is printed,
//  otherwise is simply used to print a message.
//
////===----------------------------------------------------------------------===//

#include <omp.h>
#include <stdio.h>
#include <stdlib.h>
#include ""ompvv.h""
#include <math.h>

int errors, i;

int test_error_message() {
    i = 0;
    OMPVV_INFOMSG(""If successful, test should print an \""error message success\"" at the beginning of the test"");
    #pragma omp parallel
    {
        /* single removed */
        {
            #pragma omp error severity(warning) message(""error message success"")
            i+=5;
        }
    }
    OMPVV_TEST_AND_SET_VERBOSE(errors, i != 5);
    OMPVV_ERROR_IF(errors > 0, ""Error directive caused execution error"");
    return errors;
}

int main() {
   errors = 0;
   OMPVV_TEST_OFFLOADING;
   OMPVV_TEST_AND_SET_VERBOSE(errors, test_error_message() != 0);
   OMPVV_REPORT_AND_RETURN(errors);
}
",openmp_batch_111_130_optionA_full_multivariant.csv,False,unknown,REMOVE_CONSTRUCT,error,general_code,tests/5.1/error,5.1
tests/5.1/error/test_error_message.c,error,oracle_value,WRONG_INCREMENT_AMOUNT,high,i+=5;,i+=4;,i == 5 after the error directive block,the post-error statement updates i to the wrong value,25,test_error_message_WRONG_INCREMENT.c,"//===--- test_error_message.c ----------------------------===//
//
//  OpenMP API Version 5.1 Aug 2021
//
//  Test uses error directive with message clause to print a message,
//  if error condition is reached then ""runtime error!"" is printed,
//  otherwise is simply used to print a message.
//
////===----------------------------------------------------------------------===//

#include <omp.h>
#include <stdio.h>
#include <stdlib.h>
#include ""ompvv.h""
#include <math.h>

int errors, i;

int test_error_message() {
    i = 0;
    OMPVV_INFOMSG(""If successful, test should print an \""error message success\"" at the beginning of the test"");
    #pragma omp parallel
    {
        #pragma omp single
        {
            #pragma omp error severity(warning) message(""error message success"")
            i+=5;
        }
    }
    OMPVV_TEST_AND_SET_VERBOSE(errors, i != 5);
    OMPVV_ERROR_IF(errors > 0, ""Error directive caused execution error"");
    return errors;
}

int main() {
   errors = 0;
   OMPVV_TEST_OFFLOADING;
   OMPVV_TEST_AND_SET_VERBOSE(errors, test_error_message() != 0);
   OMPVV_REPORT_AND_RETURN(errors);
}
","//===--- test_error_message.c ----------------------------===//
//
//  OpenMP API Version 5.1 Aug 2021
//
//  Test uses error directive with message clause to print a message,
//  if error condition is reached then ""runtime error!"" is printed,
//  otherwise is simply used to print a message.
//
////===----------------------------------------------------------------------===//

#include <omp.h>
#include <stdio.h>
#include <stdlib.h>
#include ""ompvv.h""
#include <math.h>

int errors, i;

int test_error_message() {
    i = 0;
    OMPVV_INFOMSG(""If successful, test should print an \""error message success\"" at the beginning of the test"");
    #pragma omp parallel
    {
        #pragma omp single
        {
            #pragma omp error severity(warning) message(""error message success"")
            i+=4;
        }
    }
    OMPVV_TEST_AND_SET_VERBOSE(errors, i != 5);
    OMPVV_ERROR_IF(errors > 0, ""Error directive caused execution error"");
    return errors;
}

int main() {
   errors = 0;
   OMPVV_TEST_OFFLOADING;
   OMPVV_TEST_AND_SET_VERBOSE(errors, test_error_message() != 0);
   OMPVV_REPORT_AND_RETURN(errors);
}
",openmp_batch_111_130_optionA_full_multivariant.csv,False,unknown,CHANGE_ASSIGNMENT,error,general_code,tests/5.1/error,5.1
tests/5.1/error/test_error_severity_warning.c,error,synchronization,REMOVE_SINGLE,high,#pragma omp single,/* single removed */,i == 5 after the parallel region,"all threads execute the block, so i is incremented more than once",22,test_error_severity_warning_REMOVE_SINGLE.c,"//===--- test_error_severity_warning.c ----------------------------===//
//
//  OpenMP API Version 5.1 Aug 2021
//
//  Test uses error directive with message clause to print a message,
//  if error condition is reached then a warning error is printed,
//  otherwise is simply used to print a message.
//
////===----------------------------------------------------------------------===//

#include <omp.h>
#include <stdio.h>
#include <stdlib.h>
#include ""ompvv.h""
#include <math.h>

int errors, i;

int test_error_severity_warning() {
    i = 0;
    OMPVV_INFOMSG(""If successful, test should print a \""error directive encountered\"" message at the beginning of output"");
    #pragma omp parallel
    {
        #pragma omp single
        {
            #pragma omp error severity(warning)
            i+=5;
        }
    }
    OMPVV_TEST_AND_SET_VERBOSE(errors, i != 5);
    OMPVV_ERROR_IF(errors > 0, ""Error directive caused execution error"");
    return errors;
}

int main() {
   errors = 0;
   OMPVV_TEST_OFFLOADING;
   OMPVV_TEST_AND_SET_VERBOSE(errors, test_error_severity_warning() != 0);
   OMPVV_REPORT_AND_RETURN(errors);
}
","//===--- test_error_severity_warning.c ----------------------------===//
//
//  OpenMP API Version 5.1 Aug 2021
//
//  Test uses error directive with message clause to print a message,
//  if error condition is reached then a warning error is printed,
//  otherwise is simply used to print a message.
//
////===----------------------------------------------------------------------===//

#include <omp.h>
#include <stdio.h>
#include <stdlib.h>
#include ""ompvv.h""
#include <math.h>

int errors, i;

int test_error_severity_warning() {
    i = 0;
    OMPVV_INFOMSG(""If successful, test should print a \""error directive encountered\"" message at the beginning of output"");
    #pragma omp parallel
    {
        /* single removed */
        {
            #pragma omp error severity(warning)
            i+=5;
        }
    }
    OMPVV_TEST_AND_SET_VERBOSE(errors, i != 5);
    OMPVV_ERROR_IF(errors > 0, ""Error directive caused execution error"");
    return errors;
}

int main() {
   errors = 0;
   OMPVV_TEST_OFFLOADING;
   OMPVV_TEST_AND_SET_VERBOSE(errors, test_error_severity_warning() != 0);
   OMPVV_REPORT_AND_RETURN(errors);
}
",openmp_batch_111_130_optionA_full_multivariant.csv,False,unknown,REMOVE_CONSTRUCT,error,general_code,tests/5.1/error,5.1
tests/5.1/error/test_error_severity_warning.c,error,oracle_value,WRONG_INCREMENT_AMOUNT,high,i+=5;,i+=4;,i == 5 after the error directive block,the post-error statement updates i to the wrong value,25,test_error_severity_warning_WRONG_INCREMENT.c,"//===--- test_error_severity_warning.c ----------------------------===//
//
//  OpenMP API Version 5.1 Aug 2021
//
//  Test uses error directive with message clause to print a message,
//  if error condition is reached then a warning error is printed,
//  otherwise is simply used to print a message.
//
////===----------------------------------------------------------------------===//

#include <omp.h>
#include <stdio.h>
#include <stdlib.h>
#include ""ompvv.h""
#include <math.h>

int errors, i;

int test_error_severity_warning() {
    i = 0;
    OMPVV_INFOMSG(""If successful, test should print a \""error directive encountered\"" message at the beginning of output"");
    #pragma omp parallel
    {
        #pragma omp single
        {
            #pragma omp error severity(warning)
            i+=5;
        }
    }
    OMPVV_TEST_AND_SET_VERBOSE(errors, i != 5);
    OMPVV_ERROR_IF(errors > 0, ""Error directive caused execution error"");
    return errors;
}

int main() {
   errors = 0;
   OMPVV_TEST_OFFLOADING;
   OMPVV_TEST_AND_SET_VERBOSE(errors, test_error_severity_warning() != 0);
   OMPVV_REPORT_AND_RETURN(errors);
}
","//===--- test_error_severity_warning.c ----------------------------===//
//
//  OpenMP API Version 5.1 Aug 2021
//
//  Test uses error directive with message clause to print a message,
//  if error condition is reached then a warning error is printed,
//  otherwise is simply used to print a message.
//
////===----------------------------------------------------------------------===//

#include <omp.h>
#include <stdio.h>
#include <stdlib.h>
#include ""ompvv.h""
#include <math.h>

int errors, i;

int test_error_severity_warning() {
    i = 0;
    OMPVV_INFOMSG(""If successful, test should print a \""error directive encountered\"" message at the beginning of output"");
    #pragma omp parallel
    {
        #pragma omp single
        {
            #pragma omp error severity(warning)
            i+=4;
        }
    }
    OMPVV_TEST_AND_SET_VERBOSE(errors, i != 5);
    OMPVV_ERROR_IF(errors > 0, ""Error directive caused execution error"");
    return errors;
}

int main() {
   errors = 0;
   OMPVV_TEST_OFFLOADING;
   OMPVV_TEST_AND_SET_VERBOSE(errors, test_error_severity_warning() != 0);
   OMPVV_REPORT_AND_RETURN(errors);
}
",openmp_batch_111_130_optionA_full_multivariant.csv,False,unknown,CHANGE_ASSIGNMENT,error,general_code,tests/5.1/error,5.1
tests/5.1/loop/test_full_loop_unroll.c,loop,loop_bounds,SKIP_LAST_ITERATION,high,for (int i = 0; i < N; i++) {,for (int i = 0; i < N - 1; i++) {,parallel_sum == sum,last element of parallel_arr is never initialized by the unrolled loop,32,test_full_loop_unroll_SKIP_LAST_UNROLL_ITER.c,"//===--- test_full_loop_unroll.c -----------------------------------------------===//
//
// OpenMP API Version 5.1 August 2021
//
// This test checks the behavior of the 5.1 unroll construct (2.11.9.2 in 5.1 spec).
// ""The unroll construct fully or partially unrolls a loop"", which is more of a code generation
// compiler feature.
// This test specifically checks the unroll construct with the full clause, in which the
// loop will be completely unrolled.
// Referenced 5.1 Example Doc 7.2
////===--------------------------------------------------------------------------------------===//

#include <omp.h>
#include <stdio.h>
#include <stdlib.h>
#include ""ompvv.h""
#include <math.h>

# define N 1024

int errors;

int test_full_loop_unroll() {
        int arr[N];
        int parallel_arr[N];
        int sum = 0;
        int parallel_sum = 0;

        // sequential loop
        for (int i = 0; i < N; i++) {
                arr[i] = i;
                sum += arr[i];
        }

        // omp unroll full loop
# pragma omp unroll full
        for (int i = 0; i < N; i++) {
                parallel_arr[i] = i;
        }

        // sequential sum of parallel array
        for (int i = 0; i < N; i++) {
                parallel_sum += parallel_arr[i];
        }
        OMPVV_TEST_AND_SET_VERBOSE(errors, parallel_sum != sum);
        OMPVV_INFOMSG_IF(sum == 0, ""Array was not initialized."");
        OMPVV_INFOMSG_IF(parallel_sum == 0, ""Something went wrong with loop unroll."");
        OMPVV_INFOMSG_IF(parallel_sum == sum, ""Test passed."");
        OMPVV_INFOMSG_IF(parallel_sum != sum, ""Test did not pass."");
        return errors;
}

int main() {
        errors = 0;
        OMPVV_TEST_OFFLOADING;
        OMPVV_TEST_AND_SET_VERBOSE(errors, test_full_loop_unroll() != 0);
        OMPVV_REPORT_AND_RETURN(errors);
}
","//===--- test_full_loop_unroll.c -----------------------------------------------===//
//
// OpenMP API Version 5.1 August 2021
//
// This test checks the behavior of the 5.1 unroll construct (2.11.9.2 in 5.1 spec).
// ""The unroll construct fully or partially unrolls a loop"", which is more of a code generation
// compiler feature.
// This test specifically checks the unroll construct with the full clause, in which the
// loop will be completely unrolled.
// Referenced 5.1 Example Doc 7.2
////===--------------------------------------------------------------------------------------===//

#include <omp.h>
#include <stdio.h>
#include <stdlib.h>
#include ""ompvv.h""
#include <math.h>

# define N 1024

int errors;

int test_full_loop_unroll() {
        int arr[N];
        int parallel_arr[N];
        int sum = 0;
        int parallel_sum = 0;

        // sequential loop
        for (int i = 0; i < N; i++) {
                arr[i] = i;
                sum += arr[i];
        }

        // omp unroll full loop
# pragma omp unroll full
        for (int i = 0; i < N - 1; i++) {
                parallel_arr[i] = i;
        }

        // sequential sum of parallel array
        for (int i = 0; i < N; i++) {
                parallel_sum += parallel_arr[i];
        }
        OMPVV_TEST_AND_SET_VERBOSE(errors, parallel_sum != sum);
        OMPVV_INFOMSG_IF(sum == 0, ""Array was not initialized."");
        OMPVV_INFOMSG_IF(parallel_sum == 0, ""Something went wrong with loop unroll."");
        OMPVV_INFOMSG_IF(parallel_sum == sum, ""Test passed."");
        OMPVV_INFOMSG_IF(parallel_sum != sum, ""Test did not pass."");
        return errors;
}

int main() {
        errors = 0;
        OMPVV_TEST_OFFLOADING;
        OMPVV_TEST_AND_SET_VERBOSE(errors, test_full_loop_unroll() != 0);
        OMPVV_REPORT_AND_RETURN(errors);
}
",openmp_batch_111_130_optionA_full_multivariant.csv,False,unknown,CHANGE_LOOP_BOUND,loop,loop,tests/5.1/loop,5.1
tests/5.1/loop/test_full_loop_unroll.c,loop,loop_body,WRONG_LOOP_BODY_ASSIGNMENT,high,parallel_arr[i] = i;,parallel_arr[i] = i + 1;,parallel_sum == sum,unrolled loop writes values offset from the sequential reference,33,test_full_loop_unroll_WRONG_ASSIGNMENT.c,"//===--- test_full_loop_unroll.c -----------------------------------------------===//
//
// OpenMP API Version 5.1 August 2021
//
// This test checks the behavior of the 5.1 unroll construct (2.11.9.2 in 5.1 spec).
// ""The unroll construct fully or partially unrolls a loop"", which is more of a code generation
// compiler feature.
// This test specifically checks the unroll construct with the full clause, in which the
// loop will be completely unrolled.
// Referenced 5.1 Example Doc 7.2
////===--------------------------------------------------------------------------------------===//

#include <omp.h>
#include <stdio.h>
#include <stdlib.h>
#include ""ompvv.h""
#include <math.h>

# define N 1024

int errors;

int test_full_loop_unroll() {
        int arr[N];
        int parallel_arr[N];
        int sum = 0;
        int parallel_sum = 0;

        // sequential loop
        for (int i = 0; i < N; i++) {
                arr[i] = i;
                sum += arr[i];
        }

        // omp unroll full loop
# pragma omp unroll full
        for (int i = 0; i < N; i++) {
                parallel_arr[i] = i;
        }

        // sequential sum of parallel array
        for (int i = 0; i < N; i++) {
                parallel_sum += parallel_arr[i];
        }
        OMPVV_TEST_AND_SET_VERBOSE(errors, parallel_sum != sum);
        OMPVV_INFOMSG_IF(sum == 0, ""Array was not initialized."");
        OMPVV_INFOMSG_IF(parallel_sum == 0, ""Something went wrong with loop unroll."");
        OMPVV_INFOMSG_IF(parallel_sum == sum, ""Test passed."");
        OMPVV_INFOMSG_IF(parallel_sum != sum, ""Test did not pass."");
        return errors;
}

int main() {
        errors = 0;
        OMPVV_TEST_OFFLOADING;
        OMPVV_TEST_AND_SET_VERBOSE(errors, test_full_loop_unroll() != 0);
        OMPVV_REPORT_AND_RETURN(errors);
}
","//===--- test_full_loop_unroll.c -----------------------------------------------===//
//
// OpenMP API Version 5.1 August 2021
//
// This test checks the behavior of the 5.1 unroll construct (2.11.9.2 in 5.1 spec).
// ""The unroll construct fully or partially unrolls a loop"", which is more of a code generation
// compiler feature.
// This test specifically checks the unroll construct with the full clause, in which the
// loop will be completely unrolled.
// Referenced 5.1 Example Doc 7.2
////===--------------------------------------------------------------------------------------===//

#include <omp.h>
#include <stdio.h>
#include <stdlib.h>
#include ""ompvv.h""
#include <math.h>

# define N 1024

int errors;

int test_full_loop_unroll() {
        int arr[N];
        int parallel_arr[N];
        int sum = 0;
        int parallel_sum = 0;

        // sequential loop
        for (int i = 0; i < N; i++) {
                arr[i] = i;
                sum += arr[i];
        }

        // omp unroll full loop
# pragma omp unroll full
        for (int i = 0; i < N; i++) {
                parallel_arr[i] = i + 1;
        }

        // sequential sum of parallel array
        for (int i = 0; i < N; i++) {
                parallel_sum += parallel_arr[i];
        }
        OMPVV_TEST_AND_SET_VERBOSE(errors, parallel_sum != sum);
        OMPVV_INFOMSG_IF(sum == 0, ""Array was not initialized."");
        OMPVV_INFOMSG_IF(parallel_sum == 0, ""Something went wrong with loop unroll."");
        OMPVV_INFOMSG_IF(parallel_sum == sum, ""Test passed."");
        OMPVV_INFOMSG_IF(parallel_sum != sum, ""Test did not pass."");
        return errors;
}

int main() {
        errors = 0;
        OMPVV_TEST_OFFLOADING;
        OMPVV_TEST_AND_SET_VERBOSE(errors, test_full_loop_unroll() != 0);
        OMPVV_REPORT_AND_RETURN(errors);
}
",openmp_batch_111_130_optionA_full_multivariant.csv,False,unknown,CHANGE_ASSIGNMENT,loop,loop_body,tests/5.1/loop,5.1
tests/5.1/loop/test_loop_unroll.c,loop,loop_bounds,SKIP_LAST_ITERATION,high,for (int i = 0; i < N; i++) {,for (int i = 0; i < N - 1; i++) {,parallel_sum == sum,last element of parallel_arr is never initialized by the unrolled loop,32,test_loop_unroll_SKIP_LAST_UNROLL_ITER.c,"//===--- test_loop_unroll.c -----------------------------------------------===//
//
// OpenMP API Version 5.1 August 2021
//
// This test checks the behavior of the 5.1 unroll construct (2.11.9.2 in 5.1 spec).
// ""The unroll construct fully or partially unrolls a loop"", which is more of a code generation
// compiler feature.
// This test specifically checks the unroll construct without any clause, in which the compiler decides
// how the loop unrolls.
// Referenced 5.1 Example Doc 7.2
////===--------------------------------------------------------------------------------------===//

#include <omp.h>
#include <stdio.h>
#include <stdlib.h>
#include ""ompvv.h""
#include <math.h>

# define N 1024

int errors;

int test_loop_unroll() {
        int arr[N];
        int parallel_arr[N];
        int sum = 0;
        int parallel_sum = 0;

        // sequential loop
        for (int i = 0; i < N; i++) {
                arr[i] = i;
                sum += arr[i];
        }

        // omp unroll loop
# pragma omp unroll
        for (int i = 0; i < N; i++) {
                parallel_arr[i] = i;
        }

        // sequential sum of parallel array
        for (int i = 0; i < N; i++) {
                parallel_sum += parallel_arr[i];
        }
        OMPVV_TEST_AND_SET_VERBOSE(errors, parallel_sum != sum);
        OMPVV_INFOMSG_IF(sum == 0, ""Array was not initialized."");
        OMPVV_INFOMSG_IF(parallel_sum == 0, ""Something went wrong with loop unroll."");
        OMPVV_INFOMSG_IF(parallel_sum == sum, ""Test passed."");
        OMPVV_INFOMSG_IF(parallel_sum != sum, ""Test did not pass."");
        return errors;
}

int main() {
        errors = 0;
        OMPVV_TEST_OFFLOADING;
        OMPVV_TEST_AND_SET_VERBOSE(errors, test_loop_unroll() != 0);
        OMPVV_REPORT_AND_RETURN(errors);
}
","//===--- test_loop_unroll.c -----------------------------------------------===//
//
// OpenMP API Version 5.1 August 2021
//
// This test checks the behavior of the 5.1 unroll construct (2.11.9.2 in 5.1 spec).
// ""The unroll construct fully or partially unrolls a loop"", which is more of a code generation
// compiler feature.
// This test specifically checks the unroll construct without any clause, in which the compiler decides
// how the loop unrolls.
// Referenced 5.1 Example Doc 7.2
////===--------------------------------------------------------------------------------------===//

#include <omp.h>
#include <stdio.h>
#include <stdlib.h>
#include ""ompvv.h""
#include <math.h>

# define N 1024

int errors;

int test_loop_unroll() {
        int arr[N];
        int parallel_arr[N];
        int sum = 0;
        int parallel_sum = 0;

        // sequential loop
        for (int i = 0; i < N; i++) {
                arr[i] = i;
                sum += arr[i];
        }

        // omp unroll loop
# pragma omp unroll
        for (int i = 0; i < N - 1; i++) {
                parallel_arr[i] = i;
        }

        // sequential sum of parallel array
        for (int i = 0; i < N; i++) {
                parallel_sum += parallel_arr[i];
        }
        OMPVV_TEST_AND_SET_VERBOSE(errors, parallel_sum != sum);
        OMPVV_INFOMSG_IF(sum == 0, ""Array was not initialized."");
        OMPVV_INFOMSG_IF(parallel_sum == 0, ""Something went wrong with loop unroll."");
        OMPVV_INFOMSG_IF(parallel_sum == sum, ""Test passed."");
        OMPVV_INFOMSG_IF(parallel_sum != sum, ""Test did not pass."");
        return errors;
}

int main() {
        errors = 0;
        OMPVV_TEST_OFFLOADING;
        OMPVV_TEST_AND_SET_VERBOSE(errors, test_loop_unroll() != 0);
        OMPVV_REPORT_AND_RETURN(errors);
}
",openmp_batch_111_130_optionA_full_multivariant.csv,False,unknown,CHANGE_LOOP_BOUND,loop,loop,tests/5.1/loop,5.1
tests/5.1/loop/test_loop_unroll.c,loop,loop_body,WRONG_LOOP_BODY_ASSIGNMENT,high,parallel_arr[i] = i;,parallel_arr[i] = i + 1;,parallel_sum == sum,unrolled loop writes values offset from the sequential reference,33,test_loop_unroll_WRONG_ASSIGNMENT.c,"//===--- test_loop_unroll.c -----------------------------------------------===//
//
// OpenMP API Version 5.1 August 2021
//
// This test checks the behavior of the 5.1 unroll construct (2.11.9.2 in 5.1 spec).
// ""The unroll construct fully or partially unrolls a loop"", which is more of a code generation
// compiler feature.
// This test specifically checks the unroll construct without any clause, in which the compiler decides
// how the loop unrolls.
// Referenced 5.1 Example Doc 7.2
////===--------------------------------------------------------------------------------------===//

#include <omp.h>
#include <stdio.h>
#include <stdlib.h>
#include ""ompvv.h""
#include <math.h>

# define N 1024

int errors;

int test_loop_unroll() {
        int arr[N];
        int parallel_arr[N];
        int sum = 0;
        int parallel_sum = 0;

        // sequential loop
        for (int i = 0; i < N; i++) {
                arr[i] = i;
                sum += arr[i];
        }

        // omp unroll loop
# pragma omp unroll
        for (int i = 0; i < N; i++) {
                parallel_arr[i] = i;
        }

        // sequential sum of parallel array
        for (int i = 0; i < N; i++) {
                parallel_sum += parallel_arr[i];
        }
        OMPVV_TEST_AND_SET_VERBOSE(errors, parallel_sum != sum);
        OMPVV_INFOMSG_IF(sum == 0, ""Array was not initialized."");
        OMPVV_INFOMSG_IF(parallel_sum == 0, ""Something went wrong with loop unroll."");
        OMPVV_INFOMSG_IF(parallel_sum == sum, ""Test passed."");
        OMPVV_INFOMSG_IF(parallel_sum != sum, ""Test did not pass."");
        return errors;
}

int main() {
        errors = 0;
        OMPVV_TEST_OFFLOADING;
        OMPVV_TEST_AND_SET_VERBOSE(errors, test_loop_unroll() != 0);
        OMPVV_REPORT_AND_RETURN(errors);
}
","//===--- test_loop_unroll.c -----------------------------------------------===//
//
// OpenMP API Version 5.1 August 2021
//
// This test checks the behavior of the 5.1 unroll construct (2.11.9.2 in 5.1 spec).
// ""The unroll construct fully or partially unrolls a loop"", which is more of a code generation
// compiler feature.
// This test specifically checks the unroll construct without any clause, in which the compiler decides
// how the loop unrolls.
// Referenced 5.1 Example Doc 7.2
////===--------------------------------------------------------------------------------------===//

#include <omp.h>
#include <stdio.h>
#include <stdlib.h>
#include ""ompvv.h""
#include <math.h>

# define N 1024

int errors;

int test_loop_unroll() {
        int arr[N];
        int parallel_arr[N];
        int sum = 0;
        int parallel_sum = 0;

        // sequential loop
        for (int i = 0; i < N; i++) {
                arr[i] = i;
                sum += arr[i];
        }

        // omp unroll loop
# pragma omp unroll
        for (int i = 0; i < N; i++) {
                parallel_arr[i] = i + 1;
        }

        // sequential sum of parallel array
        for (int i = 0; i < N; i++) {
                parallel_sum += parallel_arr[i];
        }
        OMPVV_TEST_AND_SET_VERBOSE(errors, parallel_sum != sum);
        OMPVV_INFOMSG_IF(sum == 0, ""Array was not initialized."");
        OMPVV_INFOMSG_IF(parallel_sum == 0, ""Something went wrong with loop unroll."");
        OMPVV_INFOMSG_IF(parallel_sum == sum, ""Test passed."");
        OMPVV_INFOMSG_IF(parallel_sum != sum, ""Test did not pass."");
        return errors;
}

int main() {
        errors = 0;
        OMPVV_TEST_OFFLOADING;
        OMPVV_TEST_AND_SET_VERBOSE(errors, test_loop_unroll() != 0);
        OMPVV_REPORT_AND_RETURN(errors);
}
",openmp_batch_111_130_optionA_full_multivariant.csv,False,unknown,CHANGE_ASSIGNMENT,loop,loop_body,tests/5.1/loop,5.1
tests/5.1/loop/test_partial_loop_unroll.c,loop,loop_bounds,SKIP_LAST_ITERATION,high,for (int i = 0; i < N; i++) {,for (int i = 0; i < N - 1; i++) {,parallel_sum == sum,last element of parallel_arr is never initialized by the unrolled loop,32,test_partial_loop_unroll_SKIP_LAST_UNROLL_ITER.c,"//===--- test_partial_loop_unroll.c -----------------------------------------------===//
//
// OpenMP API Version 5.1 August 2021
//
// This test checks the behavior of the 5.1 unroll construct (2.11.9.2 in 5.1 spec).
// ""The unroll construct fully or partially unrolls a loop"", which is more of a code generation
// compiler feature.
// This test specifically checks the unroll construct with the partial clause,
// with a loop-unroll factor which specifies:
// ""specifies that the number of iterations will be reduced
//  multiplicatively by the factor while the number of blocks
//  will be increased by the same factor.""
// Referenced 5.1 Example Doc 7.2
////===--------------------------------------------------------------------------------------===//

#include <omp.h>
#include <stdio.h>
#include <stdlib.h>
#include ""ompvv.h""
#include <math.h>

# define N 1024

int errors;

int test_partial_loop_unroll() {
        int arr[N];
        int parallel_arr[N];
        int sum = 0;
        int parallel_sum = 0;

        // sequential loop
        for (int i = 0; i < N; i++) {
                arr[i] = i;
                sum += arr[i];
        }

        // omp unroll loop partially
# pragma omp unroll partial(4)
        for (int i = 0; i < N; i++) {
                parallel_arr[i] = i;
        }

        // sequential sum of parallel array
        for (int i = 0; i < N; i++) {
                parallel_sum += parallel_arr[i];
        }
        OMPVV_TEST_AND_SET_VERBOSE(errors, parallel_sum != sum);
        OMPVV_INFOMSG_IF(sum == 0, ""Array was not initialized."");
        OMPVV_INFOMSG_IF(parallel_sum == 0, ""Something went wrong with loop unroll."");
        OMPVV_INFOMSG_IF(parallel_sum == sum, ""Test passed."");
        OMPVV_INFOMSG_IF(parallel_sum != sum, ""Test did not pass."");
        return errors;
}

int main() {
        errors = 0;
        OMPVV_TEST_OFFLOADING;
        OMPVV_TEST_AND_SET_VERBOSE(errors, test_partial_loop_unroll() != 0);
        OMPVV_REPORT_AND_RETURN(errors);
}
","//===--- test_partial_loop_unroll.c -----------------------------------------------===//
//
// OpenMP API Version 5.1 August 2021
//
// This test checks the behavior of the 5.1 unroll construct (2.11.9.2 in 5.1 spec).
// ""The unroll construct fully or partially unrolls a loop"", which is more of a code generation
// compiler feature.
// This test specifically checks the unroll construct with the partial clause,
// with a loop-unroll factor which specifies:
// ""specifies that the number of iterations will be reduced
//  multiplicatively by the factor while the number of blocks
//  will be increased by the same factor.""
// Referenced 5.1 Example Doc 7.2
////===--------------------------------------------------------------------------------------===//

#include <omp.h>
#include <stdio.h>
#include <stdlib.h>
#include ""ompvv.h""
#include <math.h>

# define N 1024

int errors;

int test_partial_loop_unroll() {
        int arr[N];
        int parallel_arr[N];
        int sum = 0;
        int parallel_sum = 0;

        // sequential loop
        for (int i = 0; i < N; i++) {
                arr[i] = i;
                sum += arr[i];
        }

        // omp unroll loop partially
# pragma omp unroll partial(4)
        for (int i = 0; i < N - 1; i++) {
                parallel_arr[i] = i;
        }

        // sequential sum of parallel array
        for (int i = 0; i < N; i++) {
                parallel_sum += parallel_arr[i];
        }
        OMPVV_TEST_AND_SET_VERBOSE(errors, parallel_sum != sum);
        OMPVV_INFOMSG_IF(sum == 0, ""Array was not initialized."");
        OMPVV_INFOMSG_IF(parallel_sum == 0, ""Something went wrong with loop unroll."");
        OMPVV_INFOMSG_IF(parallel_sum == sum, ""Test passed."");
        OMPVV_INFOMSG_IF(parallel_sum != sum, ""Test did not pass."");
        return errors;
}

int main() {
        errors = 0;
        OMPVV_TEST_OFFLOADING;
        OMPVV_TEST_AND_SET_VERBOSE(errors, test_partial_loop_unroll() != 0);
        OMPVV_REPORT_AND_RETURN(errors);
}
",openmp_batch_111_130_optionA_full_multivariant.csv,False,unknown,CHANGE_LOOP_BOUND,loop,loop,tests/5.1/loop,5.1
tests/5.1/loop/test_partial_loop_unroll.c,loop,loop_body,WRONG_LOOP_BODY_ASSIGNMENT,high,parallel_arr[i] = i;,parallel_arr[i] = i + 1;,parallel_sum == sum,unrolled loop writes values offset from the sequential reference,33,test_partial_loop_unroll_WRONG_ASSIGNMENT.c,"//===--- test_partial_loop_unroll.c -----------------------------------------------===//
//
// OpenMP API Version 5.1 August 2021
//
// This test checks the behavior of the 5.1 unroll construct (2.11.9.2 in 5.1 spec).
// ""The unroll construct fully or partially unrolls a loop"", which is more of a code generation
// compiler feature.
// This test specifically checks the unroll construct with the partial clause,
// with a loop-unroll factor which specifies:
// ""specifies that the number of iterations will be reduced
//  multiplicatively by the factor while the number of blocks
//  will be increased by the same factor.""
// Referenced 5.1 Example Doc 7.2
////===--------------------------------------------------------------------------------------===//

#include <omp.h>
#include <stdio.h>
#include <stdlib.h>
#include ""ompvv.h""
#include <math.h>

# define N 1024

int errors;

int test_partial_loop_unroll() {
        int arr[N];
        int parallel_arr[N];
        int sum = 0;
        int parallel_sum = 0;

        // sequential loop
        for (int i = 0; i < N; i++) {
                arr[i] = i;
                sum += arr[i];
        }

        // omp unroll loop partially
# pragma omp unroll partial(4)
        for (int i = 0; i < N; i++) {
                parallel_arr[i] = i;
        }

        // sequential sum of parallel array
        for (int i = 0; i < N; i++) {
                parallel_sum += parallel_arr[i];
        }
        OMPVV_TEST_AND_SET_VERBOSE(errors, parallel_sum != sum);
        OMPVV_INFOMSG_IF(sum == 0, ""Array was not initialized."");
        OMPVV_INFOMSG_IF(parallel_sum == 0, ""Something went wrong with loop unroll."");
        OMPVV_INFOMSG_IF(parallel_sum == sum, ""Test passed."");
        OMPVV_INFOMSG_IF(parallel_sum != sum, ""Test did not pass."");
        return errors;
}

int main() {
        errors = 0;
        OMPVV_TEST_OFFLOADING;
        OMPVV_TEST_AND_SET_VERBOSE(errors, test_partial_loop_unroll() != 0);
        OMPVV_REPORT_AND_RETURN(errors);
}
","//===--- test_partial_loop_unroll.c -----------------------------------------------===//
//
// OpenMP API Version 5.1 August 2021
//
// This test checks the behavior of the 5.1 unroll construct (2.11.9.2 in 5.1 spec).
// ""The unroll construct fully or partially unrolls a loop"", which is more of a code generation
// compiler feature.
// This test specifically checks the unroll construct with the partial clause,
// with a loop-unroll factor which specifies:
// ""specifies that the number of iterations will be reduced
//  multiplicatively by the factor while the number of blocks
//  will be increased by the same factor.""
// Referenced 5.1 Example Doc 7.2
////===--------------------------------------------------------------------------------------===//

#include <omp.h>
#include <stdio.h>
#include <stdlib.h>
#include ""ompvv.h""
#include <math.h>

# define N 1024

int errors;

int test_partial_loop_unroll() {
        int arr[N];
        int parallel_arr[N];
        int sum = 0;
        int parallel_sum = 0;

        // sequential loop
        for (int i = 0; i < N; i++) {
                arr[i] = i;
                sum += arr[i];
        }

        // omp unroll loop partially
# pragma omp unroll partial(4)
        for (int i = 0; i < N; i++) {
                parallel_arr[i] = i + 1;
        }

        // sequential sum of parallel array
        for (int i = 0; i < N; i++) {
                parallel_sum += parallel_arr[i];
        }
        OMPVV_TEST_AND_SET_VERBOSE(errors, parallel_sum != sum);
        OMPVV_INFOMSG_IF(sum == 0, ""Array was not initialized."");
        OMPVV_INFOMSG_IF(parallel_sum == 0, ""Something went wrong with loop unroll."");
        OMPVV_INFOMSG_IF(parallel_sum == sum, ""Test passed."");
        OMPVV_INFOMSG_IF(parallel_sum != sum, ""Test did not pass."");
        return errors;
}

int main() {
        errors = 0;
        OMPVV_TEST_OFFLOADING;
        OMPVV_TEST_AND_SET_VERBOSE(errors, test_partial_loop_unroll() != 0);
        OMPVV_REPORT_AND_RETURN(errors);
}
",openmp_batch_111_130_optionA_full_multivariant.csv,False,unknown,CHANGE_ASSIGNMENT,loop,loop_body,tests/5.1/loop,5.1
tests/5.1/masked/test_masked.c,masked,masked_semantics,REMOVE_MASKED,high,#pragma omp masked,/* masked removed */,only primary thread executes block and ct == 10,"all threads can enter the block, causing non-primary thread errors and/or ct mismatch",28,test_masked_REMOVE_MASKED.c,"//===--- test_masked.c ----------------------------------------------------===//
//
// OpenMP API Version 5.1 Nov 2020
//
// This test utilizes the masked construct to ensure that a section of code
// only runs on a certain thread. When the filter clause is not present, the
// primary thread runs the structured block.
//
//===----------------------------------------------------------------------===//

#include <omp.h>
#include <stdio.h>
#include <stdlib.h>
#include ""ompvv.h""

#define N 1024

int test_masked() {
  int errors = 0;
  int ct = 0;
  int total = 10;
  int threads = OMPVV_NUM_THREADS_HOST;

#pragma omp parallel num_threads(threads)
while(1){
  int tot;
  #pragma omp atomic read
  tot = total;
  if (tot <= 0)
    break;
  #pragma omp masked
  {
    OMPVV_TEST_AND_SET_VERBOSE(errors, omp_get_thread_num() != 0); // primary thread
    ct++;
    #pragma omp atomic
    total = total-1;
  }
}
  OMPVV_TEST_AND_SET_VERBOSE(errors, ct != 10);
  return errors;
}

int main() {
  OMPVV_TEST_OFFLOADING;
  int errors = 0;
  OMPVV_TEST_AND_SET_VERBOSE(errors, test_masked() != 0);
  OMPVV_REPORT_AND_RETURN(errors);
}
","//===--- test_masked.c ----------------------------------------------------===//
//
// OpenMP API Version 5.1 Nov 2020
//
// This test utilizes the masked construct to ensure that a section of code
// only runs on a certain thread. When the filter clause is not present, the
// primary thread runs the structured block.
//
//===----------------------------------------------------------------------===//

#include <omp.h>
#include <stdio.h>
#include <stdlib.h>
#include ""ompvv.h""

#define N 1024

int test_masked() {
  int errors = 0;
  int ct = 0;
  int total = 10;
  int threads = OMPVV_NUM_THREADS_HOST;

#pragma omp parallel num_threads(threads)
while(1){
  int tot;
  #pragma omp atomic read
  tot = total;
  if (tot <= 0)
    break;
  /* masked removed */
  {
    OMPVV_TEST_AND_SET_VERBOSE(errors, omp_get_thread_num() != 0); // primary thread
    ct++;
    #pragma omp atomic
    total = total-1;
  }
}
  OMPVV_TEST_AND_SET_VERBOSE(errors, ct != 10);
  return errors;
}

int main() {
  OMPVV_TEST_OFFLOADING;
  int errors = 0;
  OMPVV_TEST_AND_SET_VERBOSE(errors, test_masked() != 0);
  OMPVV_REPORT_AND_RETURN(errors);
}
",openmp_batch_111_130_optionA_full_multivariant.csv,False,unknown,REMOVE_CONSTRUCT,masked,general_code,tests/5.1/masked,5.1
tests/5.1/masked/test_masked.c,masked,synchronization,REMOVE_ATOMIC_DECREMENT,high,#pragma omp atomic,/* atomic removed */,ct == 10 and total decrements safely to zero,total decrement races across threads,33,test_masked_REMOVE_ATOMIC_DECREMENT.c,"//===--- test_masked.c ----------------------------------------------------===//
//
// OpenMP API Version 5.1 Nov 2020
//
// This test utilizes the masked construct to ensure that a section of code
// only runs on a certain thread. When the filter clause is not present, the
// primary thread runs the structured block.
//
//===----------------------------------------------------------------------===//

#include <omp.h>
#include <stdio.h>
#include <stdlib.h>
#include ""ompvv.h""

#define N 1024

int test_masked() {
  int errors = 0;
  int ct = 0;
  int total = 10;
  int threads = OMPVV_NUM_THREADS_HOST;

#pragma omp parallel num_threads(threads)
while(1){
  int tot;
  #pragma omp atomic read
  tot = total;
  if (tot <= 0)
    break;
  #pragma omp masked
  {
    OMPVV_TEST_AND_SET_VERBOSE(errors, omp_get_thread_num() != 0); // primary thread
    ct++;
    #pragma omp atomic
    total = total-1;
  }
}
  OMPVV_TEST_AND_SET_VERBOSE(errors, ct != 10);
  return errors;
}

int main() {
  OMPVV_TEST_OFFLOADING;
  int errors = 0;
  OMPVV_TEST_AND_SET_VERBOSE(errors, test_masked() != 0);
  OMPVV_REPORT_AND_RETURN(errors);
}
","//===--- test_masked.c ----------------------------------------------------===//
//
// OpenMP API Version 5.1 Nov 2020
//
// This test utilizes the masked construct to ensure that a section of code
// only runs on a certain thread. When the filter clause is not present, the
// primary thread runs the structured block.
//
//===----------------------------------------------------------------------===//

#include <omp.h>
#include <stdio.h>
#include <stdlib.h>
#include ""ompvv.h""

#define N 1024

int test_masked() {
  int errors = 0;
  int ct = 0;
  int total = 10;
  int threads = OMPVV_NUM_THREADS_HOST;

#pragma omp parallel num_threads(threads)
while(1){
  int tot;
  /* atomic removed */ read
  tot = total;
  if (tot <= 0)
    break;
  #pragma omp masked
  {
    OMPVV_TEST_AND_SET_VERBOSE(errors, omp_get_thread_num() != 0); // primary thread
    ct++;
    #pragma omp atomic
    total = total-1;
  }
}
  OMPVV_TEST_AND_SET_VERBOSE(errors, ct != 10);
  return errors;
}

int main() {
  OMPVV_TEST_OFFLOADING;
  int errors = 0;
  OMPVV_TEST_AND_SET_VERBOSE(errors, test_masked() != 0);
  OMPVV_REPORT_AND_RETURN(errors);
}
",openmp_batch_111_130_optionA_full_multivariant.csv,False,unknown,REMOVE_SYNCHRONIZATION,masked,atomic,tests/5.1/masked,5.1
tests/5.1/masked/test_masked_filter.c,masked,masked_semantics,WRONG_FILTER_THREAD,high,#pragma omp masked filter(3),#pragma omp masked filter(2),only thread 3 executes block and ct == 10,"thread 2 enters the block, failing the thread-number oracle",28,test_masked_filter_WRONG_FILTER_3_TO_2.c,"//===------ test_masked_filter.c ------------------------------------===//
//
// OpenMP API Version 5.1 Nov 2020
//
// This test utilizes the masked construct to ensure that a section of code
// only runs on a certain thread. When the filter clause is not present, the
// primary thread runs the structured block.
//
//===----------------------------------------------------------------------===//

#include <omp.h>
#include <stdio.h>
#include <stdlib.h>
#include ""ompvv.h""

#define N 1024

int test_masked_filter() {
  int errors = 0;
  int ct = 0;
  int total = 10;
  int threads = OMPVV_NUM_THREADS_HOST;

#pragma omp parallel num_threads(threads)
while(1){
  int tot;
  #pragma omp atomic read
  tot = total;
  if (tot <= 0)
    break;
  #pragma omp masked filter(3)
  {
    OMPVV_TEST_AND_SET_VERBOSE(errors, omp_get_thread_num() != 3); // filter thread 3
    ct++;
    #pragma omp atomic
    total = total-1;
  }
}
  OMPVV_TEST_AND_SET_VERBOSE(errors, ct != 10);
  return errors;
}

int main() {
  OMPVV_TEST_OFFLOADING;
  int errors = 0;
  OMPVV_TEST_AND_SET_VERBOSE(errors, test_masked_filter() != 0);
  OMPVV_REPORT_AND_RETURN(errors);
}
","//===------ test_masked_filter.c ------------------------------------===//
//
// OpenMP API Version 5.1 Nov 2020
//
// This test utilizes the masked construct to ensure that a section of code
// only runs on a certain thread. When the filter clause is not present, the
// primary thread runs the structured block.
//
//===----------------------------------------------------------------------===//

#include <omp.h>
#include <stdio.h>
#include <stdlib.h>
#include ""ompvv.h""

#define N 1024

int test_masked_filter() {
  int errors = 0;
  int ct = 0;
  int total = 10;
  int threads = OMPVV_NUM_THREADS_HOST;

#pragma omp parallel num_threads(threads)
while(1){
  int tot;
  #pragma omp atomic read
  tot = total;
  if (tot <= 0)
    break;
  #pragma omp masked filter(2)
  {
    OMPVV_TEST_AND_SET_VERBOSE(errors, omp_get_thread_num() != 3); // filter thread 3
    ct++;
    #pragma omp atomic
    total = total-1;
  }
}
  OMPVV_TEST_AND_SET_VERBOSE(errors, ct != 10);
  return errors;
}

int main() {
  OMPVV_TEST_OFFLOADING;
  int errors = 0;
  OMPVV_TEST_AND_SET_VERBOSE(errors, test_masked_filter() != 0);
  OMPVV_REPORT_AND_RETURN(errors);
}
",openmp_batch_111_130_optionA_full_multivariant.csv,False,unknown,CHANGE_CONFIGURATION,masked,general_code,tests/5.1/masked,5.1
tests/5.1/masked/test_masked_filter.c,masked,masked_semantics,REMOVE_FILTER,high,#pragma omp masked filter(3),#pragma omp masked,only thread 3 executes block and ct == 10,primary thread executes instead of thread 3,28,test_masked_filter_REMOVE_FILTER.c,"//===------ test_masked_filter.c ------------------------------------===//
//
// OpenMP API Version 5.1 Nov 2020
//
// This test utilizes the masked construct to ensure that a section of code
// only runs on a certain thread. When the filter clause is not present, the
// primary thread runs the structured block.
//
//===----------------------------------------------------------------------===//

#include <omp.h>
#include <stdio.h>
#include <stdlib.h>
#include ""ompvv.h""

#define N 1024

int test_masked_filter() {
  int errors = 0;
  int ct = 0;
  int total = 10;
  int threads = OMPVV_NUM_THREADS_HOST;

#pragma omp parallel num_threads(threads)
while(1){
  int tot;
  #pragma omp atomic read
  tot = total;
  if (tot <= 0)
    break;
  #pragma omp masked filter(3)
  {
    OMPVV_TEST_AND_SET_VERBOSE(errors, omp_get_thread_num() != 3); // filter thread 3
    ct++;
    #pragma omp atomic
    total = total-1;
  }
}
  OMPVV_TEST_AND_SET_VERBOSE(errors, ct != 10);
  return errors;
}

int main() {
  OMPVV_TEST_OFFLOADING;
  int errors = 0;
  OMPVV_TEST_AND_SET_VERBOSE(errors, test_masked_filter() != 0);
  OMPVV_REPORT_AND_RETURN(errors);
}
","//===------ test_masked_filter.c ------------------------------------===//
//
// OpenMP API Version 5.1 Nov 2020
//
// This test utilizes the masked construct to ensure that a section of code
// only runs on a certain thread. When the filter clause is not present, the
// primary thread runs the structured block.
//
//===----------------------------------------------------------------------===//

#include <omp.h>
#include <stdio.h>
#include <stdlib.h>
#include ""ompvv.h""

#define N 1024

int test_masked_filter() {
  int errors = 0;
  int ct = 0;
  int total = 10;
  int threads = OMPVV_NUM_THREADS_HOST;

#pragma omp parallel num_threads(threads)
while(1){
  int tot;
  #pragma omp atomic read
  tot = total;
  if (tot <= 0)
    break;
  #pragma omp masked
  {
    OMPVV_TEST_AND_SET_VERBOSE(errors, omp_get_thread_num() != 3); // filter thread 3
    ct++;
    #pragma omp atomic
    total = total-1;
  }
}
  OMPVV_TEST_AND_SET_VERBOSE(errors, ct != 10);
  return errors;
}

int main() {
  OMPVV_TEST_OFFLOADING;
  int errors = 0;
  OMPVV_TEST_AND_SET_VERBOSE(errors, test_masked_filter() != 0);
  OMPVV_REPORT_AND_RETURN(errors);
}
",openmp_batch_111_130_optionA_full_multivariant.csv,False,unknown,REMOVE_CLAUSE,masked,general_code,tests/5.1/masked,5.1
tests/5.1/masked/test_masked_filter.c,masked,synchronization,REMOVE_ATOMIC_DECREMENT,high,#pragma omp atomic,/* atomic removed */,ct == 10 and total decrements safely to zero,total decrement races across threads,33,test_masked_filter_REMOVE_ATOMIC_DECREMENT.c,"//===------ test_masked_filter.c ------------------------------------===//
//
// OpenMP API Version 5.1 Nov 2020
//
// This test utilizes the masked construct to ensure that a section of code
// only runs on a certain thread. When the filter clause is not present, the
// primary thread runs the structured block.
//
//===----------------------------------------------------------------------===//

#include <omp.h>
#include <stdio.h>
#include <stdlib.h>
#include ""ompvv.h""

#define N 1024

int test_masked_filter() {
  int errors = 0;
  int ct = 0;
  int total = 10;
  int threads = OMPVV_NUM_THREADS_HOST;

#pragma omp parallel num_threads(threads)
while(1){
  int tot;
  #pragma omp atomic read
  tot = total;
  if (tot <= 0)
    break;
  #pragma omp masked filter(3)
  {
    OMPVV_TEST_AND_SET_VERBOSE(errors, omp_get_thread_num() != 3); // filter thread 3
    ct++;
    #pragma omp atomic
    total = total-1;
  }
}
  OMPVV_TEST_AND_SET_VERBOSE(errors, ct != 10);
  return errors;
}

int main() {
  OMPVV_TEST_OFFLOADING;
  int errors = 0;
  OMPVV_TEST_AND_SET_VERBOSE(errors, test_masked_filter() != 0);
  OMPVV_REPORT_AND_RETURN(errors);
}
","//===------ test_masked_filter.c ------------------------------------===//
//
// OpenMP API Version 5.1 Nov 2020
//
// This test utilizes the masked construct to ensure that a section of code
// only runs on a certain thread. When the filter clause is not present, the
// primary thread runs the structured block.
//
//===----------------------------------------------------------------------===//

#include <omp.h>
#include <stdio.h>
#include <stdlib.h>
#include ""ompvv.h""

#define N 1024

int test_masked_filter() {
  int errors = 0;
  int ct = 0;
  int total = 10;
  int threads = OMPVV_NUM_THREADS_HOST;

#pragma omp parallel num_threads(threads)
while(1){
  int tot;
  /* atomic removed */ read
  tot = total;
  if (tot <= 0)
    break;
  #pragma omp masked filter(3)
  {
    OMPVV_TEST_AND_SET_VERBOSE(errors, omp_get_thread_num() != 3); // filter thread 3
    ct++;
    #pragma omp atomic
    total = total-1;
  }
}
  OMPVV_TEST_AND_SET_VERBOSE(errors, ct != 10);
  return errors;
}

int main() {
  OMPVV_TEST_OFFLOADING;
  int errors = 0;
  OMPVV_TEST_AND_SET_VERBOSE(errors, test_masked_filter() != 0);
  OMPVV_REPORT_AND_RETURN(errors);
}
",openmp_batch_111_130_optionA_full_multivariant.csv,False,unknown,REMOVE_SYNCHRONIZATION,masked,atomic,tests/5.1/masked,5.1
tests/5.1/order/test_loop_order_reproducible.c,order,loop_bounds,SKIP_LAST_ITERATION,high,for (int i = 0; i < N; i++) {,for (int i = 0; i < N - 1; i++) {,y[i] == i + 4 for all i,last x element is not incremented before y is computed,34,test_loop_order_reproducible_SKIP_FIRST_LOOP_LAST_ITER.c,"//===------------ test_loop_for_order_reproducible.c -------------===//
//
// OpenMP API Version 5.1 Nov 2020
//
// This test checks that the order(reproducible:concurrent) clause is properly handled.
// Leverages the previous array item to determine if the same threads executed
// in the same order over the array. If both arrays match the test passes,
// if not it fails as the reproducible clause failed.
//
////===----------------------------------------------------------------------===//

#include <omp.h>
#include <stdio.h>
#include <stdlib.h>
#include ""ompvv.h""

#define N 1024

int main() {
        int errors = 0;
        int x[N];
        int y[N];

        for (int i = 0; i < N; i++) {
                x[i] = i;
                y[i] = i;
        }

        OMPVV_TEST_OFFLOADING;

        #pragma omp target map(tofrom: x,y)
        {

           #pragma omp parallel
           {
                #pragma omp loop order(reproducible:concurrent)
                for (int i = 0; i < N; i++) {
                        x[i] = x[i] + 2;
                }

                #pragma omp loop order(reproducible:concurrent)
                for (int i = 0; i < N; i++) {
                        y[i] = x[i] + 2;
                }
            }
        }

        for (int i = 0; i < N; i++) {
                OMPVV_TEST_AND_SET(errors, y[i] != i + 4);
        }

        OMPVV_REPORT_AND_RETURN(errors);
}
","//===------------ test_loop_for_order_reproducible.c -------------===//
//
// OpenMP API Version 5.1 Nov 2020
//
// This test checks that the order(reproducible:concurrent) clause is properly handled.
// Leverages the previous array item to determine if the same threads executed
// in the same order over the array. If both arrays match the test passes,
// if not it fails as the reproducible clause failed.
//
////===----------------------------------------------------------------------===//

#include <omp.h>
#include <stdio.h>
#include <stdlib.h>
#include ""ompvv.h""

#define N 1024

int main() {
        int errors = 0;
        int x[N];
        int y[N];

        for (int i = 0; i < N; i++) {
                x[i] = i;
                y[i] = i;
        }

        OMPVV_TEST_OFFLOADING;

        #pragma omp target map(tofrom: x,y)
        {

           #pragma omp parallel
           {
                #pragma omp loop order(reproducible:concurrent)
                for (int i = 0; i < N - 1; i++) {
                        x[i] = x[i] + 2;
                }

                #pragma omp loop order(reproducible:concurrent)
                for (int i = 0; i < N; i++) {
                        y[i] = x[i] + 2;
                }
            }
        }

        for (int i = 0; i < N; i++) {
                OMPVV_TEST_AND_SET(errors, y[i] != i + 4);
        }

        OMPVV_REPORT_AND_RETURN(errors);
}
",openmp_batch_111_130_optionA_full_multivariant.csv,False,unknown,CHANGE_LOOP_BOUND,loop,loop,tests/5.1/order,5.1
tests/5.1/order/test_loop_order_reproducible.c,order,loop_bounds,SKIP_LAST_ITERATION,high,for (int i = 0; i < N; i++) {,for (int i = 0; i < N - 1; i++) {,y[i] == i + 4 for all i,last y element is not updated,39,test_loop_order_reproducible_SKIP_SECOND_LOOP_LAST_ITER.c,"//===------------ test_loop_for_order_reproducible.c -------------===//
//
// OpenMP API Version 5.1 Nov 2020
//
// This test checks that the order(reproducible:concurrent) clause is properly handled.
// Leverages the previous array item to determine if the same threads executed
// in the same order over the array. If both arrays match the test passes,
// if not it fails as the reproducible clause failed.
//
////===----------------------------------------------------------------------===//

#include <omp.h>
#include <stdio.h>
#include <stdlib.h>
#include ""ompvv.h""

#define N 1024

int main() {
        int errors = 0;
        int x[N];
        int y[N];

        for (int i = 0; i < N; i++) {
                x[i] = i;
                y[i] = i;
        }

        OMPVV_TEST_OFFLOADING;

        #pragma omp target map(tofrom: x,y)
        {

           #pragma omp parallel
           {
                #pragma omp loop order(reproducible:concurrent)
                for (int i = 0; i < N; i++) {
                        x[i] = x[i] + 2;
                }

                #pragma omp loop order(reproducible:concurrent)
                for (int i = 0; i < N; i++) {
                        y[i] = x[i] + 2;
                }
            }
        }

        for (int i = 0; i < N; i++) {
                OMPVV_TEST_AND_SET(errors, y[i] != i + 4);
        }

        OMPVV_REPORT_AND_RETURN(errors);
}
","//===------------ test_loop_for_order_reproducible.c -------------===//
//
// OpenMP API Version 5.1 Nov 2020
//
// This test checks that the order(reproducible:concurrent) clause is properly handled.
// Leverages the previous array item to determine if the same threads executed
// in the same order over the array. If both arrays match the test passes,
// if not it fails as the reproducible clause failed.
//
////===----------------------------------------------------------------------===//

#include <omp.h>
#include <stdio.h>
#include <stdlib.h>
#include ""ompvv.h""

#define N 1024

int main() {
        int errors = 0;
        int x[N];
        int y[N];

        for (int i = 0; i < N; i++) {
                x[i] = i;
                y[i] = i;
        }

        OMPVV_TEST_OFFLOADING;

        #pragma omp target map(tofrom: x,y)
        {

           #pragma omp parallel
           {
                #pragma omp loop order(reproducible:concurrent)
                for (int i = 0; i < N; i++) {
                        x[i] = x[i] + 2;
                }

                #pragma omp loop order(reproducible:concurrent)
                for (int i = 0; i < N - 1; i++) {
                        y[i] = x[i] + 2;
                }
            }
        }

        for (int i = 0; i < N; i++) {
                OMPVV_TEST_AND_SET(errors, y[i] != i + 4);
        }

        OMPVV_REPORT_AND_RETURN(errors);
}
",openmp_batch_111_130_optionA_full_multivariant.csv,False,unknown,CHANGE_LOOP_BOUND,loop,loop,tests/5.1/order,5.1
tests/5.1/order/test_loop_order_unconstrained.c,order,loop_bounds,SKIP_LAST_ITERATION,high,for (int i = 0; i < N; i++) {,for (int i = 0; i < N - 1; i++) {,x[i] == i + 2 for all i,last x element is not updated,29,test_loop_order_unconstrained_SKIP_LAST_ITER.c,"//===------------ test_loop_for_order_unconstrained.c -----------------------===//
//
// OpenMP API Version 5.1 Nov 2020
//
// This test checks that the order(unconstrained:concurrent) clause is
// properly handled. Since with unconstrained the values can be executed in any
// order this test simply checks that the correct values have been calculated
// for the array. In other words, that all iterations finish regardless of order.
//
////===----------------------------------------------------------------------===//

#include <omp.h>
#include <stdio.h>
#include <stdlib.h>
#include ""ompvv.h""

#define N 1024

int main() {
        int errors = 0;
        int x[N];

        for (int i = 0; i < N; i++) {
                x[i] = i;
        }

        OMPVV_TEST_OFFLOADING;

        #pragma omp target map(tofrom: x)
        {
                #pragma omp parallel loop order(unconstrained:concurrent)
                for (int i = 0; i < N; i++) {
                        x[i] = x[i] + 2;
                }
        }

        for (int i = 0; i < N; i++) {
                OMPVV_TEST_AND_SET(errors, x[i] != i + 2);
        }

        OMPVV_REPORT_AND_RETURN(errors);
}
","//===------------ test_loop_for_order_unconstrained.c -----------------------===//
//
// OpenMP API Version 5.1 Nov 2020
//
// This test checks that the order(unconstrained:concurrent) clause is
// properly handled. Since with unconstrained the values can be executed in any
// order this test simply checks that the correct values have been calculated
// for the array. In other words, that all iterations finish regardless of order.
//
////===----------------------------------------------------------------------===//

#include <omp.h>
#include <stdio.h>
#include <stdlib.h>
#include ""ompvv.h""

#define N 1024

int main() {
        int errors = 0;
        int x[N];

        for (int i = 0; i < N; i++) {
                x[i] = i;
        }

        OMPVV_TEST_OFFLOADING;

        #pragma omp target map(tofrom: x)
        {
                #pragma omp parallel loop order(unconstrained:concurrent)
                for (int i = 0; i < N - 1; i++) {
                        x[i] = x[i] + 2;
                }
        }

        for (int i = 0; i < N; i++) {
                OMPVV_TEST_AND_SET(errors, x[i] != i + 2);
        }

        OMPVV_REPORT_AND_RETURN(errors);
}
",openmp_batch_111_130_optionA_full_multivariant.csv,False,unknown,CHANGE_LOOP_BOUND,loop,loop,tests/5.1/order,5.1
tests/5.1/order/test_parallel_for_order_reproducible.c,order,loop_bounds,SKIP_LAST_ITERATION,high,for (int i = 0; i < N; i++) {,for (int i = 0; i < N - 1; i++) {,y[i] == i + 4 for all i,last x element is not incremented before y is computed,35,test_parallel_for_order_reproducible_SKIP_FIRST_LOOP_LAST_ITER.c,"//===------------ test_target_parallel_for_order_reproducible.c -------------===//
//
// OpenMP API Version 5.1 Nov 2020
//
// This test checks that the order(reproducible:concurrent) clause is properly handled.
// Leverages the previous array item to determine if the same threads executed
// in the same order over the array. If both arrays match the test passes,
// if not it fails as the reproducible clause failed.
//
////===----------------------------------------------------------------------===//

#include <omp.h>
#include <stdio.h>
#include <stdlib.h>
#include ""ompvv.h""

#define N 1024

int main() {
        int errors = 0;
        int x[N];
        int y[N];

        for (int i = 0; i < N; i++) {
                x[i] = i;
                y[i] = i;
        }

        OMPVV_TEST_OFFLOADING;

        #pragma omp target map(tofrom: x,y)
        {

        #pragma omp parallel
          {
                #pragma omp for order(reproducible:concurrent) nowait
                  for (int i = 0; i < N; i++) {
                        x[i] = x[i] + 2;
                  }

                #pragma omp for order(reproducible:concurrent)
                for (int i = 0; i < N; i++) {
                        y[i] = x[i] + 2;
                }
          }
        }

        for (int i = 0; i < N; i++) {
                OMPVV_TEST_AND_SET(errors, y[i] != i + 4);
        }

        OMPVV_REPORT_AND_RETURN(errors);
}
","//===------------ test_target_parallel_for_order_reproducible.c -------------===//
//
// OpenMP API Version 5.1 Nov 2020
//
// This test checks that the order(reproducible:concurrent) clause is properly handled.
// Leverages the previous array item to determine if the same threads executed
// in the same order over the array. If both arrays match the test passes,
// if not it fails as the reproducible clause failed.
//
////===----------------------------------------------------------------------===//

#include <omp.h>
#include <stdio.h>
#include <stdlib.h>
#include ""ompvv.h""

#define N 1024

int main() {
        int errors = 0;
        int x[N];
        int y[N];

        for (int i = 0; i < N; i++) {
                x[i] = i;
                y[i] = i;
        }

        OMPVV_TEST_OFFLOADING;

        #pragma omp target map(tofrom: x,y)
        {

        #pragma omp parallel
          {
                #pragma omp for order(reproducible:concurrent) nowait
                  for (int i = 0; i < N - 1; i++) {
                        x[i] = x[i] + 2;
                  }

                #pragma omp for order(reproducible:concurrent)
                for (int i = 0; i < N; i++) {
                        y[i] = x[i] + 2;
                }
          }
        }

        for (int i = 0; i < N; i++) {
                OMPVV_TEST_AND_SET(errors, y[i] != i + 4);
        }

        OMPVV_REPORT_AND_RETURN(errors);
}
",openmp_batch_111_130_optionA_full_multivariant.csv,False,unknown,CHANGE_LOOP_BOUND,loop,loop,tests/5.1/order,5.1
tests/5.1/order/test_parallel_for_order_unconstrained.c,order,loop_bounds,SKIP_LAST_ITERATION,high,for (int i = 0; i < N; i++) {,for (int i = 0; i < N - 1; i++) {,x[i] == i + 2 for all i,last x element is not updated,29,test_parallel_for_order_unconstrained_SKIP_LAST_ITER.c,"//===------------ test_target_parallel_for_order_unconstrained.c -------------===//
//
// OpenMP API Version 5.1 Nov 2020
//
// This test checks that the order(unconstrained:concurrent) clause is properly
// handled. Since with unconstrained the values can be executed in any order
// this test simply checks that the correct values have been calculated for
// the array
//
////===----------------------------------------------------------------------===//

#include <omp.h>
#include <stdio.h>
#include <stdlib.h>
#include ""ompvv.h""

#define N 1024

int main() {
        int errors = 0;
        int x[N];

        for (int i = 0; i < N; i++) {
                x[i] = i;
        }

        OMPVV_TEST_OFFLOADING;

        #pragma omp target map(tofrom: x)
        {
                #pragma omp parallel for order(unconstrained:concurrent)
                for (int i = 0; i < N; i++) {
                        x[i] = x[i] + 2;
                }
        }

        for (int i = 0; i < N; i++) {
                OMPVV_TEST_AND_SET(errors, x[i] != i + 2);
        }

        OMPVV_REPORT_AND_RETURN(errors);
}
","//===------------ test_target_parallel_for_order_unconstrained.c -------------===//
//
// OpenMP API Version 5.1 Nov 2020
//
// This test checks that the order(unconstrained:concurrent) clause is properly
// handled. Since with unconstrained the values can be executed in any order
// this test simply checks that the correct values have been calculated for
// the array
//
////===----------------------------------------------------------------------===//

#include <omp.h>
#include <stdio.h>
#include <stdlib.h>
#include ""ompvv.h""

#define N 1024

int main() {
        int errors = 0;
        int x[N];

        for (int i = 0; i < N; i++) {
                x[i] = i;
        }

        OMPVV_TEST_OFFLOADING;

        #pragma omp target map(tofrom: x)
        {
                #pragma omp parallel for order(unconstrained:concurrent)
                for (int i = 0; i < N - 1; i++) {
                        x[i] = x[i] + 2;
                }
        }

        for (int i = 0; i < N; i++) {
                OMPVV_TEST_AND_SET(errors, x[i] != i + 2);
        }

        OMPVV_REPORT_AND_RETURN(errors);
}
",openmp_batch_111_130_optionA_full_multivariant.csv,False,unknown,CHANGE_LOOP_BOUND,loop,loop,tests/5.1/order,5.1
tests/5.1/runtime_calls/test_omp_display_env.c,runtime_calls,oracle_value,RETURN_VALUE_0_TO_1,high,return 0;,return 1;,test_omp_display_env() == 0,test returns nonzero even though runtime call completes,16,test_omp_display_env_RETURN_ERROR.c,"//===-- test_omp_display_env.c --------------------------------------------===//
//
// OpenMP API Version 5.1 Aug 2021
//
// Tests the behavior of omp_display_env. This test should print out the OpenMP
// version number and the initial values of the ICV's associated with the
// environment variables
//
//===----------------------------------------------------------------------===//

#include <omp.h>
#include <stdio.h>
#include <stdlib.h>
#include ""ompvv.h""
#include <math.h>

int test_omp_display_env(){
        omp_display_env(1);
        return 0;
}

int main(){
        OMPVV_REPORT_AND_RETURN(test_omp_display_env());
}
","//===-- test_omp_display_env.c --------------------------------------------===//
//
// OpenMP API Version 5.1 Aug 2021
//
// Tests the behavior of omp_display_env. This test should print out the OpenMP
// version number and the initial values of the ICV's associated with the
// environment variables
//
//===----------------------------------------------------------------------===//

#include <omp.h>
#include <stdio.h>
#include <stdlib.h>
#include ""ompvv.h""
#include <math.h>

int test_omp_display_env(){
        omp_display_env(1);
        return 1;
}

int main(){
        OMPVV_REPORT_AND_RETURN(test_omp_display_env());
}
",openmp_batch_131_150_optionA_full_multivariant.csv,False,unknown,ORACLE_MUTATION,runtime_api,general_code,tests/5.1/runtime_calls,5.1
tests/5.1/runtime_calls/test_teams_region_routines.c,runtime_calls,runtime_call,SET_NUM_TEAMS_MINUS_ONE,high,omp_set_num_teams(OMPVV_NUM_TEAMS_DEVICE);,omp_set_num_teams(OMPVV_NUM_TEAMS_DEVICE - 1);,omp_get_max_teams() == OMPVV_NUM_TEAMS_DEVICE and teams region creates expected team count,nteams-var is set to the wrong value,41,test_teams_region_routines_WRONG_SET_NUM_TEAMS.c,"//===------------ test_teams_region_routines.c ----------------------------===//
//
// OpenMP API Version 5.1 Aug 2021
//
// Test Teams Region Routines added to 5.1.
//
// omp_set_num_teams           (Section 3.4.3)
//    * Sets nteams-var ICV of the current task
//
// omp_get_max_teams           (Section 3.4.4)
//    * Returns the value of the nteams-var ICV of the current task
//
// omp_set_teams_thread_limit  (Section 3.4.5)
//    * Sets the value of the teams-thread-limit-var ICV
//
// omp_get_teams_thread_limit  (Section 3.4.6)
//    * Returns the value of the teams-thread-limit-var ICV
//
// The test sets the ICV variables and reads their values
// Furthermore, it checks that the number of teams and threads created were correct
//
//===----------------------------------------------------------------------===//

#include <stdio.h>
#include <omp.h>
#include ""ompvv.h""


int test_teams_region_routines()
{
  int num_teams[OMPVV_NUM_TEAMS_DEVICE];
  int num_threads[OMPVV_NUM_TEAMS_DEVICE];
  int errors[2] = {0,0};


  for (int x = 0; x < OMPVV_NUM_TEAMS_DEVICE; ++x) {
    num_teams[x] = -99;
  }

  for (int x = 0; x < OMPVV_NUM_THREADS_DEVICE; ++x) {
    num_threads[x] = -99;
  }

  //sets runtime test
  omp_set_num_teams(OMPVV_NUM_TEAMS_DEVICE);
  omp_set_teams_thread_limit(OMPVV_NUM_THREADS_DEVICE);

  //team error if the max teams doesn't get the set value
  OMPVV_TEST_AND_SET_VERBOSE(errors[0], omp_get_max_teams() != OMPVV_NUM_TEAMS_DEVICE);

  //thread error if the max teams doesn't get the set value
  OMPVV_TEST_AND_SET_VERBOSE(errors[1], omp_get_teams_thread_limit() != OMPVV_NUM_THREADS_DEVICE);

  // The test check if the correct team and thread numbers were created

  #pragma omp teams
  {
    num_teams[omp_get_team_num()] = omp_get_num_teams();
    #pragma omp parallel masked
      num_threads[omp_get_team_num()]= omp_get_num_threads();
  }


  OMPVV_ERROR_IF(num_teams[0] != OMPVV_NUM_TEAMS_DEVICE, ""Test ran with invalid number of teams."");

  OMPVV_ERROR_IF(num_threads[0] != OMPVV_NUM_THREADS_DEVICE, ""Test returned an invalid number of threads."");


  for (int x = 0; x < OMPVV_NUM_TEAMS_DEVICE; ++x) {
    if (num_teams[x] != num_teams[0]) {
      errors[0]++;
    }
    if (num_threads[x] != num_threads[0]) {
      errors[1]++;
    }
  }

  OMPVV_INFOMSG_IF(!(errors[0] + errors[1]), ""Test passed with %d teams and %d threads per team."", num_teams[0], num_threads[0]);

  return errors[0] + errors[1];
}


int main() {

  int errors = 0;

  OMPVV_TEST_OFFLOADING;

  OMPVV_TEST_AND_SET_VERBOSE(errors,  test_teams_region_routines()!= 0);

  OMPVV_REPORT_AND_RETURN(errors);
}
","//===------------ test_teams_region_routines.c ----------------------------===//
//
// OpenMP API Version 5.1 Aug 2021
//
// Test Teams Region Routines added to 5.1.
//
// omp_set_num_teams           (Section 3.4.3)
//    * Sets nteams-var ICV of the current task
//
// omp_get_max_teams           (Section 3.4.4)
//    * Returns the value of the nteams-var ICV of the current task
//
// omp_set_teams_thread_limit  (Section 3.4.5)
//    * Sets the value of the teams-thread-limit-var ICV
//
// omp_get_teams_thread_limit  (Section 3.4.6)
//    * Returns the value of the teams-thread-limit-var ICV
//
// The test sets the ICV variables and reads their values
// Furthermore, it checks that the number of teams and threads created were correct
//
//===----------------------------------------------------------------------===//

#include <stdio.h>
#include <omp.h>
#include ""ompvv.h""


int test_teams_region_routines()
{
  int num_teams[OMPVV_NUM_TEAMS_DEVICE];
  int num_threads[OMPVV_NUM_TEAMS_DEVICE];
  int errors[2] = {0,0};


  for (int x = 0; x < OMPVV_NUM_TEAMS_DEVICE; ++x) {
    num_teams[x] = -99;
  }

  for (int x = 0; x < OMPVV_NUM_THREADS_DEVICE; ++x) {
    num_threads[x] = -99;
  }

  //sets runtime test
  omp_set_num_teams(OMPVV_NUM_TEAMS_DEVICE - 1);
  omp_set_teams_thread_limit(OMPVV_NUM_THREADS_DEVICE);

  //team error if the max teams doesn't get the set value
  OMPVV_TEST_AND_SET_VERBOSE(errors[0], omp_get_max_teams() != OMPVV_NUM_TEAMS_DEVICE);

  //thread error if the max teams doesn't get the set value
  OMPVV_TEST_AND_SET_VERBOSE(errors[1], omp_get_teams_thread_limit() != OMPVV_NUM_THREADS_DEVICE);

  // The test check if the correct team and thread numbers were created

  #pragma omp teams
  {
    num_teams[omp_get_team_num()] = omp_get_num_teams();
    #pragma omp parallel masked
      num_threads[omp_get_team_num()]= omp_get_num_threads();
  }


  OMPVV_ERROR_IF(num_teams[0] != OMPVV_NUM_TEAMS_DEVICE, ""Test ran with invalid number of teams."");

  OMPVV_ERROR_IF(num_threads[0] != OMPVV_NUM_THREADS_DEVICE, ""Test returned an invalid number of threads."");


  for (int x = 0; x < OMPVV_NUM_TEAMS_DEVICE; ++x) {
    if (num_teams[x] != num_teams[0]) {
      errors[0]++;
    }
    if (num_threads[x] != num_threads[0]) {
      errors[1]++;
    }
  }

  OMPVV_INFOMSG_IF(!(errors[0] + errors[1]), ""Test passed with %d teams and %d threads per team."", num_teams[0], num_threads[0]);

  return errors[0] + errors[1];
}


int main() {

  int errors = 0;

  OMPVV_TEST_OFFLOADING;

  OMPVV_TEST_AND_SET_VERBOSE(errors,  test_teams_region_routines()!= 0);

  OMPVV_REPORT_AND_RETURN(errors);
}
",openmp_batch_131_150_optionA_full_multivariant.csv,False,unknown,CHANGE_CONFIGURATION,teams,configuration,tests/5.1/runtime_calls,5.1
tests/5.1/runtime_calls/test_teams_region_routines.c,runtime_calls,runtime_call,SET_TEAMS_THREAD_LIMIT_MINUS_ONE,high,omp_set_teams_thread_limit(OMPVV_NUM_THREADS_DEVICE);,omp_set_teams_thread_limit(OMPVV_NUM_THREADS_DEVICE - 1);,omp_get_teams_thread_limit() == OMPVV_NUM_THREADS_DEVICE and teams region creates expected threads,teams-thread-limit-var is set to the wrong value,42,test_teams_region_routines_WRONG_THREAD_LIMIT.c,"//===------------ test_teams_region_routines.c ----------------------------===//
//
// OpenMP API Version 5.1 Aug 2021
//
// Test Teams Region Routines added to 5.1.
//
// omp_set_num_teams           (Section 3.4.3)
//    * Sets nteams-var ICV of the current task
//
// omp_get_max_teams           (Section 3.4.4)
//    * Returns the value of the nteams-var ICV of the current task
//
// omp_set_teams_thread_limit  (Section 3.4.5)
//    * Sets the value of the teams-thread-limit-var ICV
//
// omp_get_teams_thread_limit  (Section 3.4.6)
//    * Returns the value of the teams-thread-limit-var ICV
//
// The test sets the ICV variables and reads their values
// Furthermore, it checks that the number of teams and threads created were correct
//
//===----------------------------------------------------------------------===//

#include <stdio.h>
#include <omp.h>
#include ""ompvv.h""


int test_teams_region_routines()
{
  int num_teams[OMPVV_NUM_TEAMS_DEVICE];
  int num_threads[OMPVV_NUM_TEAMS_DEVICE];
  int errors[2] = {0,0};


  for (int x = 0; x < OMPVV_NUM_TEAMS_DEVICE; ++x) {
    num_teams[x] = -99;
  }

  for (int x = 0; x < OMPVV_NUM_THREADS_DEVICE; ++x) {
    num_threads[x] = -99;
  }

  //sets runtime test
  omp_set_num_teams(OMPVV_NUM_TEAMS_DEVICE);
  omp_set_teams_thread_limit(OMPVV_NUM_THREADS_DEVICE);

  //team error if the max teams doesn't get the set value
  OMPVV_TEST_AND_SET_VERBOSE(errors[0], omp_get_max_teams() != OMPVV_NUM_TEAMS_DEVICE);

  //thread error if the max teams doesn't get the set value
  OMPVV_TEST_AND_SET_VERBOSE(errors[1], omp_get_teams_thread_limit() != OMPVV_NUM_THREADS_DEVICE);

  // The test check if the correct team and thread numbers were created

  #pragma omp teams
  {
    num_teams[omp_get_team_num()] = omp_get_num_teams();
    #pragma omp parallel masked
      num_threads[omp_get_team_num()]= omp_get_num_threads();
  }


  OMPVV_ERROR_IF(num_teams[0] != OMPVV_NUM_TEAMS_DEVICE, ""Test ran with invalid number of teams."");

  OMPVV_ERROR_IF(num_threads[0] != OMPVV_NUM_THREADS_DEVICE, ""Test returned an invalid number of threads."");


  for (int x = 0; x < OMPVV_NUM_TEAMS_DEVICE; ++x) {
    if (num_teams[x] != num_teams[0]) {
      errors[0]++;
    }
    if (num_threads[x] != num_threads[0]) {
      errors[1]++;
    }
  }

  OMPVV_INFOMSG_IF(!(errors[0] + errors[1]), ""Test passed with %d teams and %d threads per team."", num_teams[0], num_threads[0]);

  return errors[0] + errors[1];
}


int main() {

  int errors = 0;

  OMPVV_TEST_OFFLOADING;

  OMPVV_TEST_AND_SET_VERBOSE(errors,  test_teams_region_routines()!= 0);

  OMPVV_REPORT_AND_RETURN(errors);
}
","//===------------ test_teams_region_routines.c ----------------------------===//
//
// OpenMP API Version 5.1 Aug 2021
//
// Test Teams Region Routines added to 5.1.
//
// omp_set_num_teams           (Section 3.4.3)
//    * Sets nteams-var ICV of the current task
//
// omp_get_max_teams           (Section 3.4.4)
//    * Returns the value of the nteams-var ICV of the current task
//
// omp_set_teams_thread_limit  (Section 3.4.5)
//    * Sets the value of the teams-thread-limit-var ICV
//
// omp_get_teams_thread_limit  (Section 3.4.6)
//    * Returns the value of the teams-thread-limit-var ICV
//
// The test sets the ICV variables and reads their values
// Furthermore, it checks that the number of teams and threads created were correct
//
//===----------------------------------------------------------------------===//

#include <stdio.h>
#include <omp.h>
#include ""ompvv.h""


int test_teams_region_routines()
{
  int num_teams[OMPVV_NUM_TEAMS_DEVICE];
  int num_threads[OMPVV_NUM_TEAMS_DEVICE];
  int errors[2] = {0,0};


  for (int x = 0; x < OMPVV_NUM_TEAMS_DEVICE; ++x) {
    num_teams[x] = -99;
  }

  for (int x = 0; x < OMPVV_NUM_THREADS_DEVICE; ++x) {
    num_threads[x] = -99;
  }

  //sets runtime test
  omp_set_num_teams(OMPVV_NUM_TEAMS_DEVICE);
  omp_set_teams_thread_limit(OMPVV_NUM_THREADS_DEVICE - 1);

  //team error if the max teams doesn't get the set value
  OMPVV_TEST_AND_SET_VERBOSE(errors[0], omp_get_max_teams() != OMPVV_NUM_TEAMS_DEVICE);

  //thread error if the max teams doesn't get the set value
  OMPVV_TEST_AND_SET_VERBOSE(errors[1], omp_get_teams_thread_limit() != OMPVV_NUM_THREADS_DEVICE);

  // The test check if the correct team and thread numbers were created

  #pragma omp teams
  {
    num_teams[omp_get_team_num()] = omp_get_num_teams();
    #pragma omp parallel masked
      num_threads[omp_get_team_num()]= omp_get_num_threads();
  }


  OMPVV_ERROR_IF(num_teams[0] != OMPVV_NUM_TEAMS_DEVICE, ""Test ran with invalid number of teams."");

  OMPVV_ERROR_IF(num_threads[0] != OMPVV_NUM_THREADS_DEVICE, ""Test returned an invalid number of threads."");


  for (int x = 0; x < OMPVV_NUM_TEAMS_DEVICE; ++x) {
    if (num_teams[x] != num_teams[0]) {
      errors[0]++;
    }
    if (num_threads[x] != num_threads[0]) {
      errors[1]++;
    }
  }

  OMPVV_INFOMSG_IF(!(errors[0] + errors[1]), ""Test passed with %d teams and %d threads per team."", num_teams[0], num_threads[0]);

  return errors[0] + errors[1];
}


int main() {

  int errors = 0;

  OMPVV_TEST_OFFLOADING;

  OMPVV_TEST_AND_SET_VERBOSE(errors,  test_teams_region_routines()!= 0);

  OMPVV_REPORT_AND_RETURN(errors);
}
",openmp_batch_131_150_optionA_full_multivariant.csv,False,unknown,CHANGE_CONFIGURATION,teams,configuration,tests/5.1/runtime_calls,5.1
tests/5.1/runtime_calls/test_teams_region_routines.c,runtime_calls,teams_configuration,FORCE_ONE_TEAM,high,#pragma omp teams,#pragma omp teams num_teams(1),num_teams[0] == OMPVV_NUM_TEAMS_DEVICE,teams region creates only one team instead of the configured default,52,test_teams_region_routines_TEAMS_TO_TEAMS_ONE.c,"//===------------ test_teams_region_routines.c ----------------------------===//
//
// OpenMP API Version 5.1 Aug 2021
//
// Test Teams Region Routines added to 5.1.
//
// omp_set_num_teams           (Section 3.4.3)
//    * Sets nteams-var ICV of the current task
//
// omp_get_max_teams           (Section 3.4.4)
//    * Returns the value of the nteams-var ICV of the current task
//
// omp_set_teams_thread_limit  (Section 3.4.5)
//    * Sets the value of the teams-thread-limit-var ICV
//
// omp_get_teams_thread_limit  (Section 3.4.6)
//    * Returns the value of the teams-thread-limit-var ICV
//
// The test sets the ICV variables and reads their values
// Furthermore, it checks that the number of teams and threads created were correct
//
//===----------------------------------------------------------------------===//

#include <stdio.h>
#include <omp.h>
#include ""ompvv.h""


int test_teams_region_routines()
{
  int num_teams[OMPVV_NUM_TEAMS_DEVICE];
  int num_threads[OMPVV_NUM_TEAMS_DEVICE];
  int errors[2] = {0,0};


  for (int x = 0; x < OMPVV_NUM_TEAMS_DEVICE; ++x) {
    num_teams[x] = -99;
  }

  for (int x = 0; x < OMPVV_NUM_THREADS_DEVICE; ++x) {
    num_threads[x] = -99;
  }

  //sets runtime test
  omp_set_num_teams(OMPVV_NUM_TEAMS_DEVICE);
  omp_set_teams_thread_limit(OMPVV_NUM_THREADS_DEVICE);

  //team error if the max teams doesn't get the set value
  OMPVV_TEST_AND_SET_VERBOSE(errors[0], omp_get_max_teams() != OMPVV_NUM_TEAMS_DEVICE);

  //thread error if the max teams doesn't get the set value
  OMPVV_TEST_AND_SET_VERBOSE(errors[1], omp_get_teams_thread_limit() != OMPVV_NUM_THREADS_DEVICE);

  // The test check if the correct team and thread numbers were created

  #pragma omp teams
  {
    num_teams[omp_get_team_num()] = omp_get_num_teams();
    #pragma omp parallel masked
      num_threads[omp_get_team_num()]= omp_get_num_threads();
  }


  OMPVV_ERROR_IF(num_teams[0] != OMPVV_NUM_TEAMS_DEVICE, ""Test ran with invalid number of teams."");

  OMPVV_ERROR_IF(num_threads[0] != OMPVV_NUM_THREADS_DEVICE, ""Test returned an invalid number of threads."");


  for (int x = 0; x < OMPVV_NUM_TEAMS_DEVICE; ++x) {
    if (num_teams[x] != num_teams[0]) {
      errors[0]++;
    }
    if (num_threads[x] != num_threads[0]) {
      errors[1]++;
    }
  }

  OMPVV_INFOMSG_IF(!(errors[0] + errors[1]), ""Test passed with %d teams and %d threads per team."", num_teams[0], num_threads[0]);

  return errors[0] + errors[1];
}


int main() {

  int errors = 0;

  OMPVV_TEST_OFFLOADING;

  OMPVV_TEST_AND_SET_VERBOSE(errors,  test_teams_region_routines()!= 0);

  OMPVV_REPORT_AND_RETURN(errors);
}
","//===------------ test_teams_region_routines.c ----------------------------===//
//
// OpenMP API Version 5.1 Aug 2021
//
// Test Teams Region Routines added to 5.1.
//
// omp_set_num_teams           (Section 3.4.3)
//    * Sets nteams-var ICV of the current task
//
// omp_get_max_teams           (Section 3.4.4)
//    * Returns the value of the nteams-var ICV of the current task
//
// omp_set_teams_thread_limit  (Section 3.4.5)
//    * Sets the value of the teams-thread-limit-var ICV
//
// omp_get_teams_thread_limit  (Section 3.4.6)
//    * Returns the value of the teams-thread-limit-var ICV
//
// The test sets the ICV variables and reads their values
// Furthermore, it checks that the number of teams and threads created were correct
//
//===----------------------------------------------------------------------===//

#include <stdio.h>
#include <omp.h>
#include ""ompvv.h""


int test_teams_region_routines()
{
  int num_teams[OMPVV_NUM_TEAMS_DEVICE];
  int num_threads[OMPVV_NUM_TEAMS_DEVICE];
  int errors[2] = {0,0};


  for (int x = 0; x < OMPVV_NUM_TEAMS_DEVICE; ++x) {
    num_teams[x] = -99;
  }

  for (int x = 0; x < OMPVV_NUM_THREADS_DEVICE; ++x) {
    num_threads[x] = -99;
  }

  //sets runtime test
  omp_set_num_teams(OMPVV_NUM_TEAMS_DEVICE);
  omp_set_teams_thread_limit(OMPVV_NUM_THREADS_DEVICE);

  //team error if the max teams doesn't get the set value
  OMPVV_TEST_AND_SET_VERBOSE(errors[0], omp_get_max_teams() != OMPVV_NUM_TEAMS_DEVICE);

  //thread error if the max teams doesn't get the set value
  OMPVV_TEST_AND_SET_VERBOSE(errors[1], omp_get_teams_thread_limit() != OMPVV_NUM_THREADS_DEVICE);

  // The test check if the correct team and thread numbers were created

  #pragma omp teams num_teams(1)
  {
    num_teams[omp_get_team_num()] = omp_get_num_teams();
    #pragma omp parallel masked
      num_threads[omp_get_team_num()]= omp_get_num_threads();
  }


  OMPVV_ERROR_IF(num_teams[0] != OMPVV_NUM_TEAMS_DEVICE, ""Test ran with invalid number of teams."");

  OMPVV_ERROR_IF(num_threads[0] != OMPVV_NUM_THREADS_DEVICE, ""Test returned an invalid number of threads."");


  for (int x = 0; x < OMPVV_NUM_TEAMS_DEVICE; ++x) {
    if (num_teams[x] != num_teams[0]) {
      errors[0]++;
    }
    if (num_threads[x] != num_threads[0]) {
      errors[1]++;
    }
  }

  OMPVV_INFOMSG_IF(!(errors[0] + errors[1]), ""Test passed with %d teams and %d threads per team."", num_teams[0], num_threads[0]);

  return errors[0] + errors[1];
}


int main() {

  int errors = 0;

  OMPVV_TEST_OFFLOADING;

  OMPVV_TEST_AND_SET_VERBOSE(errors,  test_teams_region_routines()!= 0);

  OMPVV_REPORT_AND_RETURN(errors);
}
",openmp_batch_131_150_optionA_full_multivariant.csv,False,unknown,CHANGE_CONSTANT,teams,configuration,tests/5.1/runtime_calls,5.1
tests/5.1/scope/test_scope_construct.c,scope,loop_bounds,SKIP_LAST_ITERATION,high,for (int i = 0; i < N; ++i) {,for (int i = 0; i < N - 1; ++i) {,total == N after all loop iterations,one increment is skipped,22,test_scope_construct_SKIP_LAST_ITER.c,"//------------ test_scope_construct.c --------------------//
// OpenMP API Version 5.1 Nov 2020
// *****************
// DIRECTIVE: scope
// *****************
// The scope directive is being tested. Scope binds to the
// innermost parallel region. However, since no
// clauses are specified, there should be no modification
// to the behavior of code execution. Therefore, the test
// checks that the the total is updated correctly as if the
// scope directive were not present.
//--------------------------------------------------------//

#include <omp.h>
#include ""ompvv.h""

#define N 64

int test_scope() {
  int errors = 0;
  int total = 0;
  #pragma omp target parallel shared(total) map(tofrom : total)
  {
    #pragma omp scope
    {
      #pragma omp for
      for (int i = 0; i < N; ++i) {
        #pragma omp atomic update
        ++total;
      }
    }
  }
  OMPVV_TEST_AND_SET_VERBOSE(errors, total != N);
  return errors;
}
int main() {
  int errors = 0;
  OMPVV_TEST_OFFLOADING;
  OMPVV_TEST_AND_SET_VERBOSE(errors, test_scope() != 0);
  OMPVV_REPORT_AND_RETURN(errors);
}
","//------------ test_scope_construct.c --------------------//
// OpenMP API Version 5.1 Nov 2020
// *****************
// DIRECTIVE: scope
// *****************
// The scope directive is being tested. Scope binds to the
// innermost parallel region. However, since no
// clauses are specified, there should be no modification
// to the behavior of code execution. Therefore, the test
// checks that the the total is updated correctly as if the
// scope directive were not present.
//--------------------------------------------------------//

#include <omp.h>
#include ""ompvv.h""

#define N 64

int test_scope() {
  int errors = 0;
  int total = 0;
  #pragma omp target parallel shared(total) map(tofrom : total)
  {
    #pragma omp scope
    {
      #pragma omp for
      for (int i = 0; i < N - 1; ++i) {
        #pragma omp atomic update
        ++total;
      }
    }
  }
  OMPVV_TEST_AND_SET_VERBOSE(errors, total != N);
  return errors;
}
int main() {
  int errors = 0;
  OMPVV_TEST_OFFLOADING;
  OMPVV_TEST_AND_SET_VERBOSE(errors, test_scope() != 0);
  OMPVV_REPORT_AND_RETURN(errors);
}
",openmp_batch_131_150_optionA_full_multivariant.csv,False,unknown,CHANGE_LOOP_BOUND,loop,loop,tests/5.1/scope,5.1
tests/5.1/scope/test_scope_nowait_construct.c,scope,loop_bounds,SKIP_LAST_ITERATION,high,for (int i = 0; i < N; i++){,for (int i = 0; i < N - 1; i++){,sum1 + sum2 == 2048,first scope writes only N-1 elements,29,test_scope_nowait_SKIP_FIRST_LOOP_LAST_ITER.c,"//-------------test_scope_nowait_construct.c-------------//
//
//OpenMP API Version 5.1 Aug 2021
//
//Tests the behavior of the scope construct with nowait
//specified. This test should remove the implied barrier
//creatd by the scope construct when nowait is specified.
//-------------------------------------------------------//

#include <omp.h>
#include <stdio.h>
#include <stdlib.h>
#include ""ompvv.h""
#include <math.h>
#include <unistd.h>

#define N 1024

int test1[N];
int test2[N];


int test_scope_nowait(){
        int errors = 0;
        for (int i = 0; i <N; i++){
                test1[i] = 0;
                test2[i] = 0;
        }
        #pragma omp parallel shared(test1, test2)
        {
                #pragma omp scope
                {
                        #pragma omp for
                        for (int i = 0; i < N; i++){
                                test1[i] = 1;
                        }
                }
                #pragma omp scope nowait
                {
                        #pragma omp for
                        for (int i = 0; i < N; i++){
                                test2[i] = 1;
                        }
                }
        }
        int sum1 = 0;
        int sum2 = 0;
        for (int i = 0; i <N; i++){
                sum1 += test1[i];
                sum2 += test2[i];
        }
        int total = sum1 + sum2;
        OMPVV_TEST_AND_SET_VERBOSE(errors, total != 2048);
        OMPVV_INFOMSG_IF(sum1 != 1024, ""first function was not called"");
        OMPVV_INFOMSG_IF(sum2 != 1024, ""second function was not called"");
        return errors;
}

int main(){
        int errors = 0;
        OMPVV_TEST_OFFLOADING;
        OMPVV_TEST_AND_SET_VERBOSE(errors, test_scope_nowait() != 0);
        OMPVV_REPORT_AND_RETURN(errors);
}
","//-------------test_scope_nowait_construct.c-------------//
//
//OpenMP API Version 5.1 Aug 2021
//
//Tests the behavior of the scope construct with nowait
//specified. This test should remove the implied barrier
//creatd by the scope construct when nowait is specified.
//-------------------------------------------------------//

#include <omp.h>
#include <stdio.h>
#include <stdlib.h>
#include ""ompvv.h""
#include <math.h>
#include <unistd.h>

#define N 1024

int test1[N];
int test2[N];


int test_scope_nowait(){
        int errors = 0;
        for (int i = 0; i <N; i++){
                test1[i] = 0;
                test2[i] = 0;
        }
        #pragma omp parallel shared(test1, test2)
        {
                #pragma omp scope
                {
                        #pragma omp for
                        for (int i = 0; i < N - 1; i++){
                                test1[i] = 1;
                        }
                }
                #pragma omp scope nowait
                {
                        #pragma omp for
                        for (int i = 0; i < N; i++){
                                test2[i] = 1;
                        }
                }
        }
        int sum1 = 0;
        int sum2 = 0;
        for (int i = 0; i <N; i++){
                sum1 += test1[i];
                sum2 += test2[i];
        }
        int total = sum1 + sum2;
        OMPVV_TEST_AND_SET_VERBOSE(errors, total != 2048);
        OMPVV_INFOMSG_IF(sum1 != 1024, ""first function was not called"");
        OMPVV_INFOMSG_IF(sum2 != 1024, ""second function was not called"");
        return errors;
}

int main(){
        int errors = 0;
        OMPVV_TEST_OFFLOADING;
        OMPVV_TEST_AND_SET_VERBOSE(errors, test_scope_nowait() != 0);
        OMPVV_REPORT_AND_RETURN(errors);
}
",openmp_batch_131_150_optionA_full_multivariant.csv,False,unknown,CHANGE_LOOP_BOUND,loop,loop,tests/5.1/scope,5.1
tests/5.1/scope/test_scope_nowait_construct.c,scope,loop_bounds,SKIP_LAST_ITERATION,high,for (int i = 0; i < N; i++){,for (int i = 0; i < N - 1; i++){,sum1 + sum2 == 2048,second scope writes only N-1 elements,36,test_scope_nowait_SKIP_SECOND_LOOP_LAST_ITER.c,"//-------------test_scope_nowait_construct.c-------------//
//
//OpenMP API Version 5.1 Aug 2021
//
//Tests the behavior of the scope construct with nowait
//specified. This test should remove the implied barrier
//creatd by the scope construct when nowait is specified.
//-------------------------------------------------------//

#include <omp.h>
#include <stdio.h>
#include <stdlib.h>
#include ""ompvv.h""
#include <math.h>
#include <unistd.h>

#define N 1024

int test1[N];
int test2[N];


int test_scope_nowait(){
        int errors = 0;
        for (int i = 0; i <N; i++){
                test1[i] = 0;
                test2[i] = 0;
        }
        #pragma omp parallel shared(test1, test2)
        {
                #pragma omp scope
                {
                        #pragma omp for
                        for (int i = 0; i < N; i++){
                                test1[i] = 1;
                        }
                }
                #pragma omp scope nowait
                {
                        #pragma omp for
                        for (int i = 0; i < N; i++){
                                test2[i] = 1;
                        }
                }
        }
        int sum1 = 0;
        int sum2 = 0;
        for (int i = 0; i <N; i++){
                sum1 += test1[i];
                sum2 += test2[i];
        }
        int total = sum1 + sum2;
        OMPVV_TEST_AND_SET_VERBOSE(errors, total != 2048);
        OMPVV_INFOMSG_IF(sum1 != 1024, ""first function was not called"");
        OMPVV_INFOMSG_IF(sum2 != 1024, ""second function was not called"");
        return errors;
}

int main(){
        int errors = 0;
        OMPVV_TEST_OFFLOADING;
        OMPVV_TEST_AND_SET_VERBOSE(errors, test_scope_nowait() != 0);
        OMPVV_REPORT_AND_RETURN(errors);
}
","//-------------test_scope_nowait_construct.c-------------//
//
//OpenMP API Version 5.1 Aug 2021
//
//Tests the behavior of the scope construct with nowait
//specified. This test should remove the implied barrier
//creatd by the scope construct when nowait is specified.
//-------------------------------------------------------//

#include <omp.h>
#include <stdio.h>
#include <stdlib.h>
#include ""ompvv.h""
#include <math.h>
#include <unistd.h>

#define N 1024

int test1[N];
int test2[N];


int test_scope_nowait(){
        int errors = 0;
        for (int i = 0; i <N; i++){
                test1[i] = 0;
                test2[i] = 0;
        }
        #pragma omp parallel shared(test1, test2)
        {
                #pragma omp scope
                {
                        #pragma omp for
                        for (int i = 0; i < N; i++){
                                test1[i] = 1;
                        }
                }
                #pragma omp scope nowait
                {
                        #pragma omp for
                        for (int i = 0; i < N - 1; i++){
                                test2[i] = 1;
                        }
                }
        }
        int sum1 = 0;
        int sum2 = 0;
        for (int i = 0; i <N; i++){
                sum1 += test1[i];
                sum2 += test2[i];
        }
        int total = sum1 + sum2;
        OMPVV_TEST_AND_SET_VERBOSE(errors, total != 2048);
        OMPVV_INFOMSG_IF(sum1 != 1024, ""first function was not called"");
        OMPVV_INFOMSG_IF(sum2 != 1024, ""second function was not called"");
        return errors;
}

int main(){
        int errors = 0;
        OMPVV_TEST_OFFLOADING;
        OMPVV_TEST_AND_SET_VERBOSE(errors, test_scope_nowait() != 0);
        OMPVV_REPORT_AND_RETURN(errors);
}
",openmp_batch_131_150_optionA_full_multivariant.csv,False,unknown,CHANGE_LOOP_BOUND,loop,loop,tests/5.1/scope,5.1
tests/5.1/scope/test_scope_private_construct.c,scope,data_sharing,REMOVE_PRIVATE,high,#pragma omp scope private(test_int),#pragma omp scope,test_int == 1 after scope region,scope body updates the shared outer test_int,21,test_scope_private_REMOVE_PRIVATE.c,"//--------------- test_scope_private_construct.c -----------------------------//
//
// OpenMP API Version 5.1 Nov 2020
//
// This test checks that the scope private construct clause is properly working.
// The test itself passes a test integer into the scope pragma and ensures that
// all changes made to it are not kept outside of the scope region.
//----------------------------------------------------------------------------//


#include <omp.h>
#include <stdio.h>
#include <stdlib.h>
#include ""ompvv.h""
#include <math.h>

int test_scope(){
        int errors = 0;
        int test_int = 1;
        #pragma omp parallel shared(test_int)
        {
                #pragma omp scope private(test_int)
                {
                        test_int += 1;
                }
        }
        OMPVV_TEST_AND_SET_VERBOSE(errors,test_int != 1);
        OMPVV_INFOMSG_IF(test_int == 2, ""test int was not private"");
        return errors;
}

int main(){
        int errors = 0;
        OMPVV_TEST_OFFLOADING;
        OMPVV_TEST_AND_SET_VERBOSE(errors, test_scope() != 0);
        OMPVV_REPORT_AND_RETURN(errors);
}
","//--------------- test_scope_private_construct.c -----------------------------//
//
// OpenMP API Version 5.1 Nov 2020
//
// This test checks that the scope private construct clause is properly working.
// The test itself passes a test integer into the scope pragma and ensures that
// all changes made to it are not kept outside of the scope region.
//----------------------------------------------------------------------------//


#include <omp.h>
#include <stdio.h>
#include <stdlib.h>
#include ""ompvv.h""
#include <math.h>

int test_scope(){
        int errors = 0;
        int test_int = 1;
        #pragma omp parallel shared(test_int)
        {
                #pragma omp scope
                {
                        test_int += 1;
                }
        }
        OMPVV_TEST_AND_SET_VERBOSE(errors,test_int != 1);
        OMPVV_INFOMSG_IF(test_int == 2, ""test int was not private"");
        return errors;
}

int main(){
        int errors = 0;
        OMPVV_TEST_OFFLOADING;
        OMPVV_TEST_AND_SET_VERBOSE(errors, test_scope() != 0);
        OMPVV_REPORT_AND_RETURN(errors);
}
",openmp_batch_131_150_optionA_full_multivariant.csv,False,unknown,REMOVE_CLAUSE,scope,data_sharing,tests/5.1/scope,5.1
tests/5.1/scope/test_scope_reduction_construct.c,scope,reduction,REMOVE_SCOPE_REDUCTION,high,#pragma omp scope reduction(+:s),#pragma omp scope,s == 1024 after scope reduction,parallel updates to shared s are no longer reduced safely,30,test_scope_reduction_REMOVE_REDUCTION.c,"//--------------- test_scope_reduction_construct.c-----------------------//
//
// OpenMP API Version 5.1 Aug 2021
//
// The objective of this test is ensure the scope construct works as
// intended. The scope construct defines a structured block that is
// executed by all threads in a team but where additional OpenMP operation
// can be specified. This test follows the example given by the OpenMP
// 5.1 Specification Example sheet.
//-----------------------------------------------------------------------//

#include <omp.h>
#include <stdio.h>
#include <stdlib.h>
#include ""ompvv.h""
#include <math.h>

#define N 1024

int test_scope(int n, int a[], int s){
        int errors = 0;
        #pragma omp parallel shared(s)
        {
                int loc_s = 0;
                #pragma omp for
                        for (int i = 0; i < n; i++)
                                loc_s += a[i];
                #pragma omp single
                {
                        s = 0;
                }
                #pragma omp scope reduction(+:s)
                {
                        s += loc_s;
                }
        }
        OMPVV_TEST_AND_SET_VERBOSE(errors, s != 1024);
        OMPVV_INFOMSG_IF(s == 0, ""sum was not set"");
        return errors;
}

int main(){
        int a[N];
        int s = 0;
        int errors = 0;
        for (int i = 0; i < N; i++){
                a[i] = 1;
        }
        OMPVV_TEST_OFFLOADING;
        OMPVV_TEST_AND_SET_VERBOSE(errors, test_scope(N,a,s) != 0);
        OMPVV_REPORT_AND_RETURN(errors);
}
","//--------------- test_scope_reduction_construct.c-----------------------//
//
// OpenMP API Version 5.1 Aug 2021
//
// The objective of this test is ensure the scope construct works as
// intended. The scope construct defines a structured block that is
// executed by all threads in a team but where additional OpenMP operation
// can be specified. This test follows the example given by the OpenMP
// 5.1 Specification Example sheet.
//-----------------------------------------------------------------------//

#include <omp.h>
#include <stdio.h>
#include <stdlib.h>
#include ""ompvv.h""
#include <math.h>

#define N 1024

int test_scope(int n, int a[], int s){
        int errors = 0;
        #pragma omp parallel shared(s)
        {
                int loc_s = 0;
                #pragma omp for
                        for (int i = 0; i < n; i++)
                                loc_s += a[i];
                #pragma omp single
                {
                        s = 0;
                }
                #pragma omp scope
                {
                        s += loc_s;
                }
        }
        OMPVV_TEST_AND_SET_VERBOSE(errors, s != 1024);
        OMPVV_INFOMSG_IF(s == 0, ""sum was not set"");
        return errors;
}

int main(){
        int a[N];
        int s = 0;
        int errors = 0;
        for (int i = 0; i < N; i++){
                a[i] = 1;
        }
        OMPVV_TEST_OFFLOADING;
        OMPVV_TEST_AND_SET_VERBOSE(errors, test_scope(N,a,s) != 0);
        OMPVV_REPORT_AND_RETURN(errors);
}
",openmp_batch_131_150_optionA_full_multivariant.csv,False,unknown,REMOVE_CONSTRUCT,scope,reduction,tests/5.1/scope,5.1
tests/5.1/scope/test_scope_reduction_construct.c,scope,synchronization,REMOVE_SINGLE,medium,#pragma omp single,/* single removed */,s == 1024 after scope reduction,"all threads reset s, interfering with reduction timing",26,test_scope_reduction_REMOVE_SINGLE.c,"//--------------- test_scope_reduction_construct.c-----------------------//
//
// OpenMP API Version 5.1 Aug 2021
//
// The objective of this test is ensure the scope construct works as
// intended. The scope construct defines a structured block that is
// executed by all threads in a team but where additional OpenMP operation
// can be specified. This test follows the example given by the OpenMP
// 5.1 Specification Example sheet.
//-----------------------------------------------------------------------//

#include <omp.h>
#include <stdio.h>
#include <stdlib.h>
#include ""ompvv.h""
#include <math.h>

#define N 1024

int test_scope(int n, int a[], int s){
        int errors = 0;
        #pragma omp parallel shared(s)
        {
                int loc_s = 0;
                #pragma omp for
                        for (int i = 0; i < n; i++)
                                loc_s += a[i];
                #pragma omp single
                {
                        s = 0;
                }
                #pragma omp scope reduction(+:s)
                {
                        s += loc_s;
                }
        }
        OMPVV_TEST_AND_SET_VERBOSE(errors, s != 1024);
        OMPVV_INFOMSG_IF(s == 0, ""sum was not set"");
        return errors;
}

int main(){
        int a[N];
        int s = 0;
        int errors = 0;
        for (int i = 0; i < N; i++){
                a[i] = 1;
        }
        OMPVV_TEST_OFFLOADING;
        OMPVV_TEST_AND_SET_VERBOSE(errors, test_scope(N,a,s) != 0);
        OMPVV_REPORT_AND_RETURN(errors);
}
","//--------------- test_scope_reduction_construct.c-----------------------//
//
// OpenMP API Version 5.1 Aug 2021
//
// The objective of this test is ensure the scope construct works as
// intended. The scope construct defines a structured block that is
// executed by all threads in a team but where additional OpenMP operation
// can be specified. This test follows the example given by the OpenMP
// 5.1 Specification Example sheet.
//-----------------------------------------------------------------------//

#include <omp.h>
#include <stdio.h>
#include <stdlib.h>
#include ""ompvv.h""
#include <math.h>

#define N 1024

int test_scope(int n, int a[], int s){
        int errors = 0;
        #pragma omp parallel shared(s)
        {
                int loc_s = 0;
                #pragma omp for
                        for (int i = 0; i < n; i++)
                                loc_s += a[i];
                /* single removed */
                {
                        s = 0;
                }
                #pragma omp scope reduction(+:s)
                {
                        s += loc_s;
                }
        }
        OMPVV_TEST_AND_SET_VERBOSE(errors, s != 1024);
        OMPVV_INFOMSG_IF(s == 0, ""sum was not set"");
        return errors;
}

int main(){
        int a[N];
        int s = 0;
        int errors = 0;
        for (int i = 0; i < N; i++){
                a[i] = 1;
        }
        OMPVV_TEST_OFFLOADING;
        OMPVV_TEST_AND_SET_VERBOSE(errors, test_scope(N,a,s) != 0);
        OMPVV_REPORT_AND_RETURN(errors);
}
",openmp_batch_131_150_optionA_full_multivariant.csv,False,unknown,REMOVE_CONSTRUCT,error,general_code,tests/5.1/scope,5.1
tests/5.1/taskloop/test_taskloop_grainsize_strict.c,taskloop,reduction,REMOVE_REDUCTION,high,#pragma omp taskloop reduction(+: parallel_sum) grainsize(strict:1000),#pragma omp taskloop grainsize(strict:1000),parallel_sum == sum,taskloop updates parallel_sum without reduction,25,test_taskloop_grainsize_strict_REMOVE_REDUCTION.c,"//===--- test_strict_grainsize.c -----------------------------------------------===//
//
//  OpenMP API Version 5.1 Aug 2021
//
// This test checks the behavior of taskloop's clause grainsize, when the strict
// modifier is present. The grainsize strict expressions specifies the exact number of
// logical iterations which should be performed per task, except for the sequentially
// last iteration which may have fewer than the specified iterations.
////===--------------------------------------------------------------------------------------===//
#include <omp.h>
#include <stdio.h>
#include <stdlib.h>
#include ""ompvv.h""
#include <math.h>

#define N 1024

int errors;

int test_strict_grainsize() {
  int arr[N];
  int sum = 0;
  int parallel_sum = 0;
  for (int i=0; i<N; i++){
        arr[i] = 1;
        sum += arr[i];
 }
#pragma omp parallel num_threads(OMPVV_NUM_THREADS_HOST)
#pragma omp single
#pragma omp taskloop reduction(+: parallel_sum) grainsize(strict:1000)
  for (int i = 0; i < N; i++) {
        parallel_sum += arr[i];
  }
  OMPVV_TEST_AND_SET_VERBOSE(errors, parallel_sum != sum);
  OMPVV_INFOMSG_IF(sum == 0, ""Array was not initialized."");
  OMPVV_INFOMSG_IF(parallel_sum == 0, ""Data sharing of parallel_sum was wrong."");
  OMPVV_INFOMSG_IF(parallel_sum == sum, ""Test passed."");
  OMPVV_INFOMSG_IF(parallel_sum != sum, ""Test did not pass."");
  return errors;
}

int main() {
  errors = 0;
  OMPVV_TEST_AND_SET_VERBOSE(errors, test_strict_grainsize() != 0);
  OMPVV_REPORT_AND_RETURN(errors);
}
","//===--- test_strict_grainsize.c -----------------------------------------------===//
//
//  OpenMP API Version 5.1 Aug 2021
//
// This test checks the behavior of taskloop's clause grainsize, when the strict
// modifier is present. The grainsize strict expressions specifies the exact number of
// logical iterations which should be performed per task, except for the sequentially
// last iteration which may have fewer than the specified iterations.
////===--------------------------------------------------------------------------------------===//
#include <omp.h>
#include <stdio.h>
#include <stdlib.h>
#include ""ompvv.h""
#include <math.h>

#define N 1024

int errors;

int test_strict_grainsize() {
  int arr[N];
  int sum = 0;
  int parallel_sum = 0;
  for (int i=0; i<N; i++){
        arr[i] = 1;
        sum += arr[i];
 }
#pragma omp parallel num_threads(OMPVV_NUM_THREADS_HOST)
#pragma omp single
#pragma omp taskloop grainsize(strict:1000)
  for (int i = 0; i < N; i++) {
        parallel_sum += arr[i];
  }
  OMPVV_TEST_AND_SET_VERBOSE(errors, parallel_sum != sum);
  OMPVV_INFOMSG_IF(sum == 0, ""Array was not initialized."");
  OMPVV_INFOMSG_IF(parallel_sum == 0, ""Data sharing of parallel_sum was wrong."");
  OMPVV_INFOMSG_IF(parallel_sum == sum, ""Test passed."");
  OMPVV_INFOMSG_IF(parallel_sum != sum, ""Test did not pass."");
  return errors;
}

int main() {
  errors = 0;
  OMPVV_TEST_AND_SET_VERBOSE(errors, test_strict_grainsize() != 0);
  OMPVV_REPORT_AND_RETURN(errors);
}
",openmp_batch_131_150_optionA_full_multivariant.csv,False,unknown,REMOVE_CLAUSE,taskloop,reduction,tests/5.1/taskloop,5.1
tests/5.1/taskloop/test_taskloop_grainsize_strict.c,taskloop,loop_bounds,SKIP_LAST_ITERATION,high,for (int i = 0; i < N; i++) {,for (int i = 0; i < N - 1; i++) {,parallel_sum == sum,last array contribution is skipped,26,test_taskloop_grainsize_strict_SKIP_LAST_ITER.c,"//===--- test_strict_grainsize.c -----------------------------------------------===//
//
//  OpenMP API Version 5.1 Aug 2021
//
// This test checks the behavior of taskloop's clause grainsize, when the strict
// modifier is present. The grainsize strict expressions specifies the exact number of
// logical iterations which should be performed per task, except for the sequentially
// last iteration which may have fewer than the specified iterations.
////===--------------------------------------------------------------------------------------===//
#include <omp.h>
#include <stdio.h>
#include <stdlib.h>
#include ""ompvv.h""
#include <math.h>

#define N 1024

int errors;

int test_strict_grainsize() {
  int arr[N];
  int sum = 0;
  int parallel_sum = 0;
  for (int i=0; i<N; i++){
        arr[i] = 1;
        sum += arr[i];
 }
#pragma omp parallel num_threads(OMPVV_NUM_THREADS_HOST)
#pragma omp single
#pragma omp taskloop reduction(+: parallel_sum) grainsize(strict:1000)
  for (int i = 0; i < N; i++) {
        parallel_sum += arr[i];
  }
  OMPVV_TEST_AND_SET_VERBOSE(errors, parallel_sum != sum);
  OMPVV_INFOMSG_IF(sum == 0, ""Array was not initialized."");
  OMPVV_INFOMSG_IF(parallel_sum == 0, ""Data sharing of parallel_sum was wrong."");
  OMPVV_INFOMSG_IF(parallel_sum == sum, ""Test passed."");
  OMPVV_INFOMSG_IF(parallel_sum != sum, ""Test did not pass."");
  return errors;
}

int main() {
  errors = 0;
  OMPVV_TEST_AND_SET_VERBOSE(errors, test_strict_grainsize() != 0);
  OMPVV_REPORT_AND_RETURN(errors);
}
","//===--- test_strict_grainsize.c -----------------------------------------------===//
//
//  OpenMP API Version 5.1 Aug 2021
//
// This test checks the behavior of taskloop's clause grainsize, when the strict
// modifier is present. The grainsize strict expressions specifies the exact number of
// logical iterations which should be performed per task, except for the sequentially
// last iteration which may have fewer than the specified iterations.
////===--------------------------------------------------------------------------------------===//
#include <omp.h>
#include <stdio.h>
#include <stdlib.h>
#include ""ompvv.h""
#include <math.h>

#define N 1024

int errors;

int test_strict_grainsize() {
  int arr[N];
  int sum = 0;
  int parallel_sum = 0;
  for (int i=0; i<N; i++){
        arr[i] = 1;
        sum += arr[i];
 }
#pragma omp parallel num_threads(OMPVV_NUM_THREADS_HOST)
#pragma omp single
#pragma omp taskloop reduction(+: parallel_sum) grainsize(strict:1000)
  for (int i = 0; i < N - 1; i++) {
        parallel_sum += arr[i];
  }
  OMPVV_TEST_AND_SET_VERBOSE(errors, parallel_sum != sum);
  OMPVV_INFOMSG_IF(sum == 0, ""Array was not initialized."");
  OMPVV_INFOMSG_IF(parallel_sum == 0, ""Data sharing of parallel_sum was wrong."");
  OMPVV_INFOMSG_IF(parallel_sum == sum, ""Test passed."");
  OMPVV_INFOMSG_IF(parallel_sum != sum, ""Test did not pass."");
  return errors;
}

int main() {
  errors = 0;
  OMPVV_TEST_AND_SET_VERBOSE(errors, test_strict_grainsize() != 0);
  OMPVV_REPORT_AND_RETURN(errors);
}
",openmp_batch_131_150_optionA_full_multivariant.csv,False,unknown,CHANGE_LOOP_BOUND,loop,loop,tests/5.1/taskloop,5.1
tests/5.1/taskloop/test_taskloop_numtask_strict.c,taskloop,reduction,REMOVE_REDUCTION,high,#pragma omp taskloop num_tasks(strict: 100) reduction(+: parallel_sum),#pragma omp taskloop num_tasks(strict: 100),parallel_sum == sum,taskloop updates parallel_sum without reduction,25,test_taskloop_numtask_strict_REMOVE_REDUCTION.c,"//===--- test_taskloop_strict_numtasks.c -----------------------------------------------===//
//
//  OpenMP API Version 5.1 Aug 2021
//
// This test checks the behavior of taskloop's clause num_tasks when the strict
// modifier is present. The num_task strict expression specifies the exact number of
// tasks which should be given logical iterations, except for the sequentially
// last task which may have fewer than the specified iterations.
////===--------------------------------------------------------------------------------------===//
#include <omp.h>
#include <stdio.h>
#include <stdlib.h>
#include ""ompvv.h""
#include <math.h>

#define N 1024

int errors;

int test_taskloop_strict_numtasks() {
  int arr[N];
  int sum = 0;
  int parallel_sum = 0;
  for (int i=0; i<N; i++){
        arr[i] = 1;
        sum += arr[i];
 }
#pragma omp parallel num_threads(OMPVV_NUM_THREADS_HOST)
#pragma omp single
#pragma omp taskloop num_tasks(strict: 100) reduction(+: parallel_sum)
  for (int i = 0; i < N; i++) {
        parallel_sum += arr[i];
  }
  OMPVV_TEST_AND_SET_VERBOSE(errors, parallel_sum != sum);
  OMPVV_INFOMSG_IF(sum == 0, ""Array was not initialized."");
  OMPVV_INFOMSG_IF(parallel_sum == 0, ""Data sharing of parallel_sum was wrong."");
  OMPVV_INFOMSG_IF(parallel_sum == sum, ""Test passed."");
  OMPVV_INFOMSG_IF(parallel_sum != sum, ""Test did not pass."");
  return errors;
}

int main() {
  errors = 0;
  OMPVV_TEST_OFFLOADING;
  OMPVV_TEST_AND_SET_VERBOSE(errors, test_taskloop_strict_numtasks() != 0);
  OMPVV_REPORT_AND_RETURN(errors);
}
","//===--- test_taskloop_strict_numtasks.c -----------------------------------------------===//
//
//  OpenMP API Version 5.1 Aug 2021
//
// This test checks the behavior of taskloop's clause num_tasks when the strict
// modifier is present. The num_task strict expression specifies the exact number of
// tasks which should be given logical iterations, except for the sequentially
// last task which may have fewer than the specified iterations.
////===--------------------------------------------------------------------------------------===//
#include <omp.h>
#include <stdio.h>
#include <stdlib.h>
#include ""ompvv.h""
#include <math.h>

#define N 1024

int errors;

int test_taskloop_strict_numtasks() {
  int arr[N];
  int sum = 0;
  int parallel_sum = 0;
  for (int i=0; i<N; i++){
        arr[i] = 1;
        sum += arr[i];
 }
#pragma omp parallel num_threads(OMPVV_NUM_THREADS_HOST)
#pragma omp single
#pragma omp taskloop num_tasks(strict: 100)
  for (int i = 0; i < N; i++) {
        parallel_sum += arr[i];
  }
  OMPVV_TEST_AND_SET_VERBOSE(errors, parallel_sum != sum);
  OMPVV_INFOMSG_IF(sum == 0, ""Array was not initialized."");
  OMPVV_INFOMSG_IF(parallel_sum == 0, ""Data sharing of parallel_sum was wrong."");
  OMPVV_INFOMSG_IF(parallel_sum == sum, ""Test passed."");
  OMPVV_INFOMSG_IF(parallel_sum != sum, ""Test did not pass."");
  return errors;
}

int main() {
  errors = 0;
  OMPVV_TEST_OFFLOADING;
  OMPVV_TEST_AND_SET_VERBOSE(errors, test_taskloop_strict_numtasks() != 0);
  OMPVV_REPORT_AND_RETURN(errors);
}
",openmp_batch_131_150_optionA_full_multivariant.csv,False,unknown,REMOVE_CLAUSE,taskloop,reduction,tests/5.1/taskloop,5.1
tests/5.1/taskloop/test_taskloop_numtask_strict.c,taskloop,loop_bounds,SKIP_LAST_ITERATION,high,for (int i = 0; i < N; i++) {,for (int i = 0; i < N - 1; i++) {,parallel_sum == sum,last array contribution is skipped,26,test_taskloop_numtask_strict_SKIP_LAST_ITER.c,"//===--- test_taskloop_strict_numtasks.c -----------------------------------------------===//
//
//  OpenMP API Version 5.1 Aug 2021
//
// This test checks the behavior of taskloop's clause num_tasks when the strict
// modifier is present. The num_task strict expression specifies the exact number of
// tasks which should be given logical iterations, except for the sequentially
// last task which may have fewer than the specified iterations.
////===--------------------------------------------------------------------------------------===//
#include <omp.h>
#include <stdio.h>
#include <stdlib.h>
#include ""ompvv.h""
#include <math.h>

#define N 1024

int errors;

int test_taskloop_strict_numtasks() {
  int arr[N];
  int sum = 0;
  int parallel_sum = 0;
  for (int i=0; i<N; i++){
        arr[i] = 1;
        sum += arr[i];
 }
#pragma omp parallel num_threads(OMPVV_NUM_THREADS_HOST)
#pragma omp single
#pragma omp taskloop num_tasks(strict: 100) reduction(+: parallel_sum)
  for (int i = 0; i < N; i++) {
        parallel_sum += arr[i];
  }
  OMPVV_TEST_AND_SET_VERBOSE(errors, parallel_sum != sum);
  OMPVV_INFOMSG_IF(sum == 0, ""Array was not initialized."");
  OMPVV_INFOMSG_IF(parallel_sum == 0, ""Data sharing of parallel_sum was wrong."");
  OMPVV_INFOMSG_IF(parallel_sum == sum, ""Test passed."");
  OMPVV_INFOMSG_IF(parallel_sum != sum, ""Test did not pass."");
  return errors;
}

int main() {
  errors = 0;
  OMPVV_TEST_OFFLOADING;
  OMPVV_TEST_AND_SET_VERBOSE(errors, test_taskloop_strict_numtasks() != 0);
  OMPVV_REPORT_AND_RETURN(errors);
}
","//===--- test_taskloop_strict_numtasks.c -----------------------------------------------===//
//
//  OpenMP API Version 5.1 Aug 2021
//
// This test checks the behavior of taskloop's clause num_tasks when the strict
// modifier is present. The num_task strict expression specifies the exact number of
// tasks which should be given logical iterations, except for the sequentially
// last task which may have fewer than the specified iterations.
////===--------------------------------------------------------------------------------------===//
#include <omp.h>
#include <stdio.h>
#include <stdlib.h>
#include ""ompvv.h""
#include <math.h>

#define N 1024

int errors;

int test_taskloop_strict_numtasks() {
  int arr[N];
  int sum = 0;
  int parallel_sum = 0;
  for (int i=0; i<N; i++){
        arr[i] = 1;
        sum += arr[i];
 }
#pragma omp parallel num_threads(OMPVV_NUM_THREADS_HOST)
#pragma omp single
#pragma omp taskloop num_tasks(strict: 100) reduction(+: parallel_sum)
  for (int i = 0; i < N - 1; i++) {
        parallel_sum += arr[i];
  }
  OMPVV_TEST_AND_SET_VERBOSE(errors, parallel_sum != sum);
  OMPVV_INFOMSG_IF(sum == 0, ""Array was not initialized."");
  OMPVV_INFOMSG_IF(parallel_sum == 0, ""Data sharing of parallel_sum was wrong."");
  OMPVV_INFOMSG_IF(parallel_sum == sum, ""Test passed."");
  OMPVV_INFOMSG_IF(parallel_sum != sum, ""Test did not pass."");
  return errors;
}

int main() {
  errors = 0;
  OMPVV_TEST_OFFLOADING;
  OMPVV_TEST_AND_SET_VERBOSE(errors, test_taskloop_strict_numtasks() != 0);
  OMPVV_REPORT_AND_RETURN(errors);
}
",openmp_batch_131_150_optionA_full_multivariant.csv,False,unknown,CHANGE_LOOP_BOUND,loop,loop,tests/5.1/taskloop,5.1
tests/5.1/taskwait/test_task_nowait.c,taskwait,synchronization,REMOVE_TASKWAIT_NOWAIT_DEPEND,high,#pragma omp taskwait nowait depend(inout: test_scalar) depend(out: test_arr),/* taskwait nowait depend removed */,test_scalar == 2 and new_sum == 2048,array task may not wait for scalar dependence before proceeding,31,test_task_nowait_REMOVE_TASKWAIT_DEPEND.c,"//--------------- test_taskwait_nowait.c---------------------------------//
//
// OpenMP API Version 5.1 Aug 2021
//
// Tests the behavior of taskwait when nowait is specified.
// The behavior of this should be similar to that of using task construct.
// Test was adapted to use the depend clauses which the nowait clause should ignore
// It is important to note that all depenend tasks must be finished first.
//-----------------------------------------------------------------------//


#include <omp.h>
#include <stdio.h>
#include <stdlib.h>
#include ""ompvv.h""
#include <math.h>
#include <unistd.h>

#define N 1024

int test_task_nowait(){
        int errors = 0;
        int test_scalar = 1;
        int test_arr[N];
        int sum = 0;
        for (int i =0; i<N; i++){
                test_arr[i] = 1;
                sum += i;
        }
        #pragma omp parallel
        #pragma omp single
        {
                #pragma omp task depend(inout: test_scalar) shared(test_scalar)
                {
                        usleep(10);
                        test_scalar += 1;
                }
                #pragma omp taskwait nowait depend(inout: test_scalar) depend(out: test_arr)
                #pragma omp task depend(inout : test_arr) shared(test_arr)
                {
                        for (int i=0; i<N; i++){
                                test_arr[i] += 1;
                        }
                }
        }
        int new_sum = 0;
        for (int i = 0; i < N; i++){
                new_sum += test_arr[i];
        }
        OMPVV_TEST_AND_SET_VERBOSE(errors, test_scalar != 2);
        OMPVV_INFOMSG_IF(test_scalar == 1, ""Scalar task region failed"");
        OMPVV_TEST_AND_SET_VERBOSE(errors, new_sum != 2048);
        OMPVV_INFOMSG_IF(sum == new_sum, ""Array taskwait region failed"");
        return errors;

}

int main(){
        int errors = 0;
        OMPVV_TEST_OFFLOADING;
        OMPVV_TEST_AND_SET_VERBOSE(errors, test_task_nowait() != 0);
        OMPVV_REPORT_AND_RETURN(errors);
}
","//--------------- test_taskwait_nowait.c---------------------------------//
//
// OpenMP API Version 5.1 Aug 2021
//
// Tests the behavior of taskwait when nowait is specified.
// The behavior of this should be similar to that of using task construct.
// Test was adapted to use the depend clauses which the nowait clause should ignore
// It is important to note that all depenend tasks must be finished first.
//-----------------------------------------------------------------------//


#include <omp.h>
#include <stdio.h>
#include <stdlib.h>
#include ""ompvv.h""
#include <math.h>
#include <unistd.h>

#define N 1024

int test_task_nowait(){
        int errors = 0;
        int test_scalar = 1;
        int test_arr[N];
        int sum = 0;
        for (int i =0; i<N; i++){
                test_arr[i] = 1;
                sum += i;
        }
        #pragma omp parallel
        #pragma omp single
        {
                #pragma omp task depend(inout: test_scalar) shared(test_scalar)
                {
                        usleep(10);
                        test_scalar += 1;
                }
                /* taskwait nowait depend removed */
                #pragma omp task depend(inout : test_arr) shared(test_arr)
                {
                        for (int i=0; i<N; i++){
                                test_arr[i] += 1;
                        }
                }
        }
        int new_sum = 0;
        for (int i = 0; i < N; i++){
                new_sum += test_arr[i];
        }
        OMPVV_TEST_AND_SET_VERBOSE(errors, test_scalar != 2);
        OMPVV_INFOMSG_IF(test_scalar == 1, ""Scalar task region failed"");
        OMPVV_TEST_AND_SET_VERBOSE(errors, new_sum != 2048);
        OMPVV_INFOMSG_IF(sum == new_sum, ""Array taskwait region failed"");
        return errors;

}

int main(){
        int errors = 0;
        OMPVV_TEST_OFFLOADING;
        OMPVV_TEST_AND_SET_VERBOSE(errors, test_task_nowait() != 0);
        OMPVV_REPORT_AND_RETURN(errors);
}
",openmp_batch_131_150_optionA_full_multivariant.csv,False,unknown,REMOVE_SYNCHRONIZATION,taskwait,dependency,tests/5.1/taskwait,5.1
tests/5.1/taskwait/test_task_nowait.c,taskwait,task_dependency,REMOVE_TASK_DEPEND_SCALAR,high,#pragma omp task depend(inout: test_scalar) shared(test_scalar),#pragma omp task shared(test_scalar),test_scalar == 2,taskwait depend no longer matches the scalar task dependence,26,test_task_nowait_REMOVE_SCALAR_DEPEND.c,"//--------------- test_taskwait_nowait.c---------------------------------//
//
// OpenMP API Version 5.1 Aug 2021
//
// Tests the behavior of taskwait when nowait is specified.
// The behavior of this should be similar to that of using task construct.
// Test was adapted to use the depend clauses which the nowait clause should ignore
// It is important to note that all depenend tasks must be finished first.
//-----------------------------------------------------------------------//


#include <omp.h>
#include <stdio.h>
#include <stdlib.h>
#include ""ompvv.h""
#include <math.h>
#include <unistd.h>

#define N 1024

int test_task_nowait(){
        int errors = 0;
        int test_scalar = 1;
        int test_arr[N];
        int sum = 0;
        for (int i =0; i<N; i++){
                test_arr[i] = 1;
                sum += i;
        }
        #pragma omp parallel
        #pragma omp single
        {
                #pragma omp task depend(inout: test_scalar) shared(test_scalar)
                {
                        usleep(10);
                        test_scalar += 1;
                }
                #pragma omp taskwait nowait depend(inout: test_scalar) depend(out: test_arr)
                #pragma omp task depend(inout : test_arr) shared(test_arr)
                {
                        for (int i=0; i<N; i++){
                                test_arr[i] += 1;
                        }
                }
        }
        int new_sum = 0;
        for (int i = 0; i < N; i++){
                new_sum += test_arr[i];
        }
        OMPVV_TEST_AND_SET_VERBOSE(errors, test_scalar != 2);
        OMPVV_INFOMSG_IF(test_scalar == 1, ""Scalar task region failed"");
        OMPVV_TEST_AND_SET_VERBOSE(errors, new_sum != 2048);
        OMPVV_INFOMSG_IF(sum == new_sum, ""Array taskwait region failed"");
        return errors;

}

int main(){
        int errors = 0;
        OMPVV_TEST_OFFLOADING;
        OMPVV_TEST_AND_SET_VERBOSE(errors, test_task_nowait() != 0);
        OMPVV_REPORT_AND_RETURN(errors);
}
","//--------------- test_taskwait_nowait.c---------------------------------//
//
// OpenMP API Version 5.1 Aug 2021
//
// Tests the behavior of taskwait when nowait is specified.
// The behavior of this should be similar to that of using task construct.
// Test was adapted to use the depend clauses which the nowait clause should ignore
// It is important to note that all depenend tasks must be finished first.
//-----------------------------------------------------------------------//


#include <omp.h>
#include <stdio.h>
#include <stdlib.h>
#include ""ompvv.h""
#include <math.h>
#include <unistd.h>

#define N 1024

int test_task_nowait(){
        int errors = 0;
        int test_scalar = 1;
        int test_arr[N];
        int sum = 0;
        for (int i =0; i<N; i++){
                test_arr[i] = 1;
                sum += i;
        }
        #pragma omp parallel
        #pragma omp single
        {
                #pragma omp task shared(test_scalar)
                {
                        usleep(10);
                        test_scalar += 1;
                }
                #pragma omp taskwait nowait depend(inout: test_scalar) depend(out: test_arr)
                #pragma omp task depend(inout : test_arr) shared(test_arr)
                {
                        for (int i=0; i<N; i++){
                                test_arr[i] += 1;
                        }
                }
        }
        int new_sum = 0;
        for (int i = 0; i < N; i++){
                new_sum += test_arr[i];
        }
        OMPVV_TEST_AND_SET_VERBOSE(errors, test_scalar != 2);
        OMPVV_INFOMSG_IF(test_scalar == 1, ""Scalar task region failed"");
        OMPVV_TEST_AND_SET_VERBOSE(errors, new_sum != 2048);
        OMPVV_INFOMSG_IF(sum == new_sum, ""Array taskwait region failed"");
        return errors;

}

int main(){
        int errors = 0;
        OMPVV_TEST_OFFLOADING;
        OMPVV_TEST_AND_SET_VERBOSE(errors, test_task_nowait() != 0);
        OMPVV_REPORT_AND_RETURN(errors);
}
",openmp_batch_131_150_optionA_full_multivariant.csv,False,unknown,REMOVE_CONSTRUCT,taskwait,dependency,tests/5.1/taskwait,5.1
tests/5.1/taskwait/test_task_nowait.c,taskwait,task_dependency,REMOVE_TASK_DEPEND_ARRAY,high,#pragma omp task depend(inout : test_arr) shared(test_arr),#pragma omp task shared(test_arr),new_sum == 2048,array task is no longer ordered through the intended dependence,32,test_task_nowait_REMOVE_ARRAY_DEPEND.c,"//--------------- test_taskwait_nowait.c---------------------------------//
//
// OpenMP API Version 5.1 Aug 2021
//
// Tests the behavior of taskwait when nowait is specified.
// The behavior of this should be similar to that of using task construct.
// Test was adapted to use the depend clauses which the nowait clause should ignore
// It is important to note that all depenend tasks must be finished first.
//-----------------------------------------------------------------------//


#include <omp.h>
#include <stdio.h>
#include <stdlib.h>
#include ""ompvv.h""
#include <math.h>
#include <unistd.h>

#define N 1024

int test_task_nowait(){
        int errors = 0;
        int test_scalar = 1;
        int test_arr[N];
        int sum = 0;
        for (int i =0; i<N; i++){
                test_arr[i] = 1;
                sum += i;
        }
        #pragma omp parallel
        #pragma omp single
        {
                #pragma omp task depend(inout: test_scalar) shared(test_scalar)
                {
                        usleep(10);
                        test_scalar += 1;
                }
                #pragma omp taskwait nowait depend(inout: test_scalar) depend(out: test_arr)
                #pragma omp task depend(inout : test_arr) shared(test_arr)
                {
                        for (int i=0; i<N; i++){
                                test_arr[i] += 1;
                        }
                }
        }
        int new_sum = 0;
        for (int i = 0; i < N; i++){
                new_sum += test_arr[i];
        }
        OMPVV_TEST_AND_SET_VERBOSE(errors, test_scalar != 2);
        OMPVV_INFOMSG_IF(test_scalar == 1, ""Scalar task region failed"");
        OMPVV_TEST_AND_SET_VERBOSE(errors, new_sum != 2048);
        OMPVV_INFOMSG_IF(sum == new_sum, ""Array taskwait region failed"");
        return errors;

}

int main(){
        int errors = 0;
        OMPVV_TEST_OFFLOADING;
        OMPVV_TEST_AND_SET_VERBOSE(errors, test_task_nowait() != 0);
        OMPVV_REPORT_AND_RETURN(errors);
}
","//--------------- test_taskwait_nowait.c---------------------------------//
//
// OpenMP API Version 5.1 Aug 2021
//
// Tests the behavior of taskwait when nowait is specified.
// The behavior of this should be similar to that of using task construct.
// Test was adapted to use the depend clauses which the nowait clause should ignore
// It is important to note that all depenend tasks must be finished first.
//-----------------------------------------------------------------------//


#include <omp.h>
#include <stdio.h>
#include <stdlib.h>
#include ""ompvv.h""
#include <math.h>
#include <unistd.h>

#define N 1024

int test_task_nowait(){
        int errors = 0;
        int test_scalar = 1;
        int test_arr[N];
        int sum = 0;
        for (int i =0; i<N; i++){
                test_arr[i] = 1;
                sum += i;
        }
        #pragma omp parallel
        #pragma omp single
        {
                #pragma omp task depend(inout: test_scalar) shared(test_scalar)
                {
                        usleep(10);
                        test_scalar += 1;
                }
                #pragma omp taskwait nowait depend(inout: test_scalar) depend(out: test_arr)
                #pragma omp task shared(test_arr)
                {
                        for (int i=0; i<N; i++){
                                test_arr[i] += 1;
                        }
                }
        }
        int new_sum = 0;
        for (int i = 0; i < N; i++){
                new_sum += test_arr[i];
        }
        OMPVV_TEST_AND_SET_VERBOSE(errors, test_scalar != 2);
        OMPVV_INFOMSG_IF(test_scalar == 1, ""Scalar task region failed"");
        OMPVV_TEST_AND_SET_VERBOSE(errors, new_sum != 2048);
        OMPVV_INFOMSG_IF(sum == new_sum, ""Array taskwait region failed"");
        return errors;

}

int main(){
        int errors = 0;
        OMPVV_TEST_OFFLOADING;
        OMPVV_TEST_AND_SET_VERBOSE(errors, test_task_nowait() != 0);
        OMPVV_REPORT_AND_RETURN(errors);
}
",openmp_batch_131_150_optionA_full_multivariant.csv,False,unknown,REMOVE_CONSTRUCT,taskwait,dependency,tests/5.1/taskwait,5.1
tests/5.1/taskwait/test_task_nowait.c,taskwait,loop_bounds,SKIP_LAST_ITERATION,high,for (int i=0; i<N; i++){,for (int i=0; i<N - 1; i++){,new_sum == 2048,last array element is not incremented,35,test_task_nowait_SKIP_LAST_ARRAY_UPDATE.c,"//--------------- test_taskwait_nowait.c---------------------------------//
//
// OpenMP API Version 5.1 Aug 2021
//
// Tests the behavior of taskwait when nowait is specified.
// The behavior of this should be similar to that of using task construct.
// Test was adapted to use the depend clauses which the nowait clause should ignore
// It is important to note that all depenend tasks must be finished first.
//-----------------------------------------------------------------------//


#include <omp.h>
#include <stdio.h>
#include <stdlib.h>
#include ""ompvv.h""
#include <math.h>
#include <unistd.h>

#define N 1024

int test_task_nowait(){
        int errors = 0;
        int test_scalar = 1;
        int test_arr[N];
        int sum = 0;
        for (int i =0; i<N; i++){
                test_arr[i] = 1;
                sum += i;
        }
        #pragma omp parallel
        #pragma omp single
        {
                #pragma omp task depend(inout: test_scalar) shared(test_scalar)
                {
                        usleep(10);
                        test_scalar += 1;
                }
                #pragma omp taskwait nowait depend(inout: test_scalar) depend(out: test_arr)
                #pragma omp task depend(inout : test_arr) shared(test_arr)
                {
                        for (int i=0; i<N; i++){
                                test_arr[i] += 1;
                        }
                }
        }
        int new_sum = 0;
        for (int i = 0; i < N; i++){
                new_sum += test_arr[i];
        }
        OMPVV_TEST_AND_SET_VERBOSE(errors, test_scalar != 2);
        OMPVV_INFOMSG_IF(test_scalar == 1, ""Scalar task region failed"");
        OMPVV_TEST_AND_SET_VERBOSE(errors, new_sum != 2048);
        OMPVV_INFOMSG_IF(sum == new_sum, ""Array taskwait region failed"");
        return errors;

}

int main(){
        int errors = 0;
        OMPVV_TEST_OFFLOADING;
        OMPVV_TEST_AND_SET_VERBOSE(errors, test_task_nowait() != 0);
        OMPVV_REPORT_AND_RETURN(errors);
}
","//--------------- test_taskwait_nowait.c---------------------------------//
//
// OpenMP API Version 5.1 Aug 2021
//
// Tests the behavior of taskwait when nowait is specified.
// The behavior of this should be similar to that of using task construct.
// Test was adapted to use the depend clauses which the nowait clause should ignore
// It is important to note that all depenend tasks must be finished first.
//-----------------------------------------------------------------------//


#include <omp.h>
#include <stdio.h>
#include <stdlib.h>
#include ""ompvv.h""
#include <math.h>
#include <unistd.h>

#define N 1024

int test_task_nowait(){
        int errors = 0;
        int test_scalar = 1;
        int test_arr[N];
        int sum = 0;
        for (int i =0; i<N; i++){
                test_arr[i] = 1;
                sum += i;
        }
        #pragma omp parallel
        #pragma omp single
        {
                #pragma omp task depend(inout: test_scalar) shared(test_scalar)
                {
                        usleep(10);
                        test_scalar += 1;
                }
                #pragma omp taskwait nowait depend(inout: test_scalar) depend(out: test_arr)
                #pragma omp task depend(inout : test_arr) shared(test_arr)
                {
                        for (int i=0; i<N - 1; i++){
                                test_arr[i] += 1;
                        }
                }
        }
        int new_sum = 0;
        for (int i = 0; i < N; i++){
                new_sum += test_arr[i];
        }
        OMPVV_TEST_AND_SET_VERBOSE(errors, test_scalar != 2);
        OMPVV_INFOMSG_IF(test_scalar == 1, ""Scalar task region failed"");
        OMPVV_TEST_AND_SET_VERBOSE(errors, new_sum != 2048);
        OMPVV_INFOMSG_IF(sum == new_sum, ""Array taskwait region failed"");
        return errors;

}

int main(){
        int errors = 0;
        OMPVV_TEST_OFFLOADING;
        OMPVV_TEST_AND_SET_VERBOSE(errors, test_task_nowait() != 0);
        OMPVV_REPORT_AND_RETURN(errors);
}
",openmp_batch_131_150_optionA_full_multivariant.csv,False,unknown,CHANGE_LOOP_BOUND,loop,loop,tests/5.1/taskwait,5.1
tests/5.1/teams/test_teams_set_num_teams.c,teams,runtime_call,SET_NUM_TEAMS_WRONG_VALUE,high,omp_set_num_teams(8);,omp_set_num_teams(7);,omp_get_max_teams() == 8,default number of teams is set to the wrong value,14,test_teams_set_num_teams_SET_8_TO_7.c,"//===--------------------- test_teams_set_num_teams.c ----------------------===//
//
// OpenMP API Version 5.1 Nov 2020
//
// This test uses the omp_set_num_teams utility to set the default number of
// teams allocated for team clauses. The test runs teams and checks to see if
// the number allocated is correct and reflective of the new default set. It
// then checks to see if an explicitly stated num_teams clause overrides
// the omp_set_num_teams properly.
//
//===------------------------------------------------------------------------===//

#include <omp.h>
#include <stdio.h>
#include <stdlib.h>
#include ""ompvv.h""

int main() {


        int errors = 0;
        int num_teams = 0;
        omp_set_num_teams(8);

        num_teams = omp_get_max_teams();

        OMPVV_ERROR_IF(num_teams != 8, ""Upper bound of the number of teams is not the number set by omp_set_num_teams()"");
        OMPVV_TEST_AND_SET(errors, num_teams != 8);

        #pragma omp teams
        {
                if (omp_get_team_num() == 0 ) {
                        num_teams = omp_get_num_teams();
                }
        }
        OMPVV_ERROR_IF(num_teams > 8, ""Incorrect number of teams detected when num_teams clause was not specified"");
        OMPVV_TEST_AND_SET(errors, num_teams > 8);

        #pragma omp teams num_teams(OMPVV_NUM_TEAMS_HOST)
        {
                if (omp_get_team_num() == 0 ) {
                        num_teams = omp_get_num_teams();
                }
        }
        OMPVV_ERROR_IF(num_teams != OMPVV_NUM_TEAMS_HOST, ""The number of teams was not overriden by the num_teams clause"");
        OMPVV_TEST_AND_SET(errors, num_teams != OMPVV_NUM_TEAMS_HOST);



        OMPVV_REPORT_AND_RETURN(errors);
}
","//===--------------------- test_teams_set_num_teams.c ----------------------===//
//
// OpenMP API Version 5.1 Nov 2020
//
// This test uses the omp_set_num_teams utility to set the default number of
// teams allocated for team clauses. The test runs teams and checks to see if
// the number allocated is correct and reflective of the new default set. It
// then checks to see if an explicitly stated num_teams clause overrides
// the omp_set_num_teams properly.
//
//===------------------------------------------------------------------------===//

#include <omp.h>
#include <stdio.h>
#include <stdlib.h>
#include ""ompvv.h""

int main() {


        int errors = 0;
        int num_teams = 0;
        omp_set_num_teams(7);

        num_teams = omp_get_max_teams();

        OMPVV_ERROR_IF(num_teams != 8, ""Upper bound of the number of teams is not the number set by omp_set_num_teams()"");
        OMPVV_TEST_AND_SET(errors, num_teams != 8);

        #pragma omp teams
        {
                if (omp_get_team_num() == 0 ) {
                        num_teams = omp_get_num_teams();
                }
        }
        OMPVV_ERROR_IF(num_teams > 8, ""Incorrect number of teams detected when num_teams clause was not specified"");
        OMPVV_TEST_AND_SET(errors, num_teams > 8);

        #pragma omp teams num_teams(OMPVV_NUM_TEAMS_HOST)
        {
                if (omp_get_team_num() == 0 ) {
                        num_teams = omp_get_num_teams();
                }
        }
        OMPVV_ERROR_IF(num_teams != OMPVV_NUM_TEAMS_HOST, ""The number of teams was not overriden by the num_teams clause"");
        OMPVV_TEST_AND_SET(errors, num_teams != OMPVV_NUM_TEAMS_HOST);



        OMPVV_REPORT_AND_RETURN(errors);
}
",openmp_batch_131_150_optionA_full_multivariant.csv,False,unknown,CHANGE_CONFIGURATION,teams,configuration,tests/5.1/teams,5.1
tests/5.1/teams/test_teams_set_num_teams.c,teams,teams_configuration,WRONG_NUM_TEAMS_OVERRIDE,high,#pragma omp teams num_teams(OMPVV_NUM_TEAMS_HOST),#pragma omp teams num_teams(1),explicit num_teams clause overrides default to OMPVV_NUM_TEAMS_HOST,explicit override creates the wrong number of teams,30,test_teams_set_num_teams_OVERRIDE_ONE.c,"//===--------------------- test_teams_set_num_teams.c ----------------------===//
//
// OpenMP API Version 5.1 Nov 2020
//
// This test uses the omp_set_num_teams utility to set the default number of
// teams allocated for team clauses. The test runs teams and checks to see if
// the number allocated is correct and reflective of the new default set. It
// then checks to see if an explicitly stated num_teams clause overrides
// the omp_set_num_teams properly.
//
//===------------------------------------------------------------------------===//

#include <omp.h>
#include <stdio.h>
#include <stdlib.h>
#include ""ompvv.h""

int main() {


        int errors = 0;
        int num_teams = 0;
        omp_set_num_teams(8);

        num_teams = omp_get_max_teams();

        OMPVV_ERROR_IF(num_teams != 8, ""Upper bound of the number of teams is not the number set by omp_set_num_teams()"");
        OMPVV_TEST_AND_SET(errors, num_teams != 8);

        #pragma omp teams
        {
                if (omp_get_team_num() == 0 ) {
                        num_teams = omp_get_num_teams();
                }
        }
        OMPVV_ERROR_IF(num_teams > 8, ""Incorrect number of teams detected when num_teams clause was not specified"");
        OMPVV_TEST_AND_SET(errors, num_teams > 8);

        #pragma omp teams num_teams(OMPVV_NUM_TEAMS_HOST)
        {
                if (omp_get_team_num() == 0 ) {
                        num_teams = omp_get_num_teams();
                }
        }
        OMPVV_ERROR_IF(num_teams != OMPVV_NUM_TEAMS_HOST, ""The number of teams was not overriden by the num_teams clause"");
        OMPVV_TEST_AND_SET(errors, num_teams != OMPVV_NUM_TEAMS_HOST);



        OMPVV_REPORT_AND_RETURN(errors);
}
","//===--------------------- test_teams_set_num_teams.c ----------------------===//
//
// OpenMP API Version 5.1 Nov 2020
//
// This test uses the omp_set_num_teams utility to set the default number of
// teams allocated for team clauses. The test runs teams and checks to see if
// the number allocated is correct and reflective of the new default set. It
// then checks to see if an explicitly stated num_teams clause overrides
// the omp_set_num_teams properly.
//
//===------------------------------------------------------------------------===//

#include <omp.h>
#include <stdio.h>
#include <stdlib.h>
#include ""ompvv.h""

int main() {


        int errors = 0;
        int num_teams = 0;
        omp_set_num_teams(8);

        num_teams = omp_get_max_teams();

        OMPVV_ERROR_IF(num_teams != 8, ""Upper bound of the number of teams is not the number set by omp_set_num_teams()"");
        OMPVV_TEST_AND_SET(errors, num_teams != 8);

        #pragma omp teams
        {
                if (omp_get_team_num() == 0 ) {
                        num_teams = omp_get_num_teams();
                }
        }
        OMPVV_ERROR_IF(num_teams > 8, ""Incorrect number of teams detected when num_teams clause was not specified"");
        OMPVV_TEST_AND_SET(errors, num_teams > 8);

        #pragma omp teams num_teams(1)
        {
                if (omp_get_team_num() == 0 ) {
                        num_teams = omp_get_num_teams();
                }
        }
        OMPVV_ERROR_IF(num_teams != OMPVV_NUM_TEAMS_HOST, ""The number of teams was not overriden by the num_teams clause"");
        OMPVV_TEST_AND_SET(errors, num_teams != OMPVV_NUM_TEAMS_HOST);



        OMPVV_REPORT_AND_RETURN(errors);
}
",openmp_batch_131_150_optionA_full_multivariant.csv,False,unknown,CHANGE_CONFIGURATION,teams,configuration,tests/5.1/teams,5.1
tests/5.1/tile/test_tile.c,tile,tile_clause,TILE_SIZE_4_TO_2,high,"#pragma omp tile sizes(4, 4)","#pragma omp tile sizes(2, 2)",result[i][j] matches expected 4x4 lexicographic tiling order,tile traversal order no longer matches the expected 4x4 tiling,36,test_tile_complete_WRONG_TILE_SIZE.c,"//===--- test_tile.c --------------------------------------------------------===//
//
// OpenMP API Version 5.1 Nov 2020
//
// This test checks the tile directive with required sizes clause. The tile
// directive reorganizes `n` of the nested loops into `2n` tiled loops
// according to the sizes provided in the sizes clause, where `n` is the
// number of sizes provided in the sizes clause. The nested loops under a
// tile directive must be perfectly nested and rectangular, and there must be
// at least `n` of them. The loop tiles are iterated over in lexographic
// order, and two iterations may be reordered by an implementation if at
// least one of them is from a partial tile and if thier logical iteration
// vectors do not have a product order relation. Thus, this test checks that
// a completely-tiled loop nest is tiled in the correct order, but only
// checks results correctness for a tiling with some partial tiles.
//
////===----------------------------------------------------------------------===//
#include <assert.h>
#include <omp.h>
#include <stdio.h>
#include <stdlib.h>
#include ""ompvv.h""

#define N 8

int test_tile_complete() {
  OMPVV_INFOMSG(""test_tile_complete"");
  int errors = 0;
  int result[N][N];
  int expected[N][N];
  int time = 0;

  for (int i = 0; i < N; i++) {
    for (int j = 0; j < N; j++) {
      result[i][j] = 0;
      expected[i][j] = 0;
    }
  }

#pragma omp tile sizes(4, 4)
  for (int i = 0; i < N; i++) {
    for (int j = 0; j < N; j++) {
      result[i][j] = time++;
    }
  }

  time = 0;

  for (int i1 = 0; i1 < N; i1 += 4) {
    for (int j1 = 0; j1 < N; j1 += 4) {
      for (int i2 = i1; i2 < i1 + 4; i2 += 1) {
        for (int j2 = j1; j2 < j1 + 4; j2 += 1) {
          expected[i2][j2] = time++;
        }
      }
    }
  }

  for (int i = 0; i < N; i++) {
    for (int j = 0; j < N; j++) {
      OMPVV_TEST_AND_SET(errors, result[i][j] != expected[i][j]);
    }
  }

  return errors;
}

int test_tile_partial() {
  OMPVV_INFOMSG(""test_tile_partial"");
  int errors = 0;
  int result[N][N];

  for (int i = 0; i < N; i++) {
    for (int j = 0; j < N; j++) {
      result[i][j] = 1;
    }
  }

#pragma omp tile sizes(3, 3)
  for (int i = 0; i < N; i++) {
    for (int j = 0; j < N; j++) {
      result[i][j] += i*j;
    }
  }

  for (int i = 0; i < N; i++) {
    for (int j = 0; j < N; j++) {
      OMPVV_TEST_AND_SET_VERBOSE(errors, result[i][j] != 1 + i*j);
    }
  }

  return errors;
}

int main() {
  int errors = 0;

  OMPVV_TEST_AND_SET_VERBOSE(errors, test_tile_complete());
  OMPVV_TEST_AND_SET_VERBOSE(errors, test_tile_partial());

  OMPVV_REPORT_AND_RETURN(errors);
}
","//===--- test_tile.c --------------------------------------------------------===//
//
// OpenMP API Version 5.1 Nov 2020
//
// This test checks the tile directive with required sizes clause. The tile
// directive reorganizes `n` of the nested loops into `2n` tiled loops
// according to the sizes provided in the sizes clause, where `n` is the
// number of sizes provided in the sizes clause. The nested loops under a
// tile directive must be perfectly nested and rectangular, and there must be
// at least `n` of them. The loop tiles are iterated over in lexographic
// order, and two iterations may be reordered by an implementation if at
// least one of them is from a partial tile and if thier logical iteration
// vectors do not have a product order relation. Thus, this test checks that
// a completely-tiled loop nest is tiled in the correct order, but only
// checks results correctness for a tiling with some partial tiles.
//
////===----------------------------------------------------------------------===//
#include <assert.h>
#include <omp.h>
#include <stdio.h>
#include <stdlib.h>
#include ""ompvv.h""

#define N 8

int test_tile_complete() {
  OMPVV_INFOMSG(""test_tile_complete"");
  int errors = 0;
  int result[N][N];
  int expected[N][N];
  int time = 0;

  for (int i = 0; i < N; i++) {
    for (int j = 0; j < N; j++) {
      result[i][j] = 0;
      expected[i][j] = 0;
    }
  }

#pragma omp tile sizes(2, 2)
  for (int i = 0; i < N; i++) {
    for (int j = 0; j < N; j++) {
      result[i][j] = time++;
    }
  }

  time = 0;

  for (int i1 = 0; i1 < N; i1 += 4) {
    for (int j1 = 0; j1 < N; j1 += 4) {
      for (int i2 = i1; i2 < i1 + 4; i2 += 1) {
        for (int j2 = j1; j2 < j1 + 4; j2 += 1) {
          expected[i2][j2] = time++;
        }
      }
    }
  }

  for (int i = 0; i < N; i++) {
    for (int j = 0; j < N; j++) {
      OMPVV_TEST_AND_SET(errors, result[i][j] != expected[i][j]);
    }
  }

  return errors;
}

int test_tile_partial() {
  OMPVV_INFOMSG(""test_tile_partial"");
  int errors = 0;
  int result[N][N];

  for (int i = 0; i < N; i++) {
    for (int j = 0; j < N; j++) {
      result[i][j] = 1;
    }
  }

#pragma omp tile sizes(3, 3)
  for (int i = 0; i < N; i++) {
    for (int j = 0; j < N; j++) {
      result[i][j] += i*j;
    }
  }

  for (int i = 0; i < N; i++) {
    for (int j = 0; j < N; j++) {
      OMPVV_TEST_AND_SET_VERBOSE(errors, result[i][j] != 1 + i*j);
    }
  }

  return errors;
}

int main() {
  int errors = 0;

  OMPVV_TEST_AND_SET_VERBOSE(errors, test_tile_complete());
  OMPVV_TEST_AND_SET_VERBOSE(errors, test_tile_partial());

  OMPVV_REPORT_AND_RETURN(errors);
}
",openmp_batch_131_150_optionA_full_multivariant.csv,False,unknown,CHANGE_CONFIGURATION,tile,general_code,tests/5.1/tile,5.1
tests/5.1/tile/test_tile.c,tile,loop_body,WRONG_TIME_ASSIGNMENT,high,result[i][j] = time++;,result[i][j] = ++time;,result[i][j] matches expected tiling order values,result values are shifted relative to expected,39,test_tile_complete_WRONG_ASSIGNMENT.c,"//===--- test_tile.c --------------------------------------------------------===//
//
// OpenMP API Version 5.1 Nov 2020
//
// This test checks the tile directive with required sizes clause. The tile
// directive reorganizes `n` of the nested loops into `2n` tiled loops
// according to the sizes provided in the sizes clause, where `n` is the
// number of sizes provided in the sizes clause. The nested loops under a
// tile directive must be perfectly nested and rectangular, and there must be
// at least `n` of them. The loop tiles are iterated over in lexographic
// order, and two iterations may be reordered by an implementation if at
// least one of them is from a partial tile and if thier logical iteration
// vectors do not have a product order relation. Thus, this test checks that
// a completely-tiled loop nest is tiled in the correct order, but only
// checks results correctness for a tiling with some partial tiles.
//
////===----------------------------------------------------------------------===//
#include <assert.h>
#include <omp.h>
#include <stdio.h>
#include <stdlib.h>
#include ""ompvv.h""

#define N 8

int test_tile_complete() {
  OMPVV_INFOMSG(""test_tile_complete"");
  int errors = 0;
  int result[N][N];
  int expected[N][N];
  int time = 0;

  for (int i = 0; i < N; i++) {
    for (int j = 0; j < N; j++) {
      result[i][j] = 0;
      expected[i][j] = 0;
    }
  }

#pragma omp tile sizes(4, 4)
  for (int i = 0; i < N; i++) {
    for (int j = 0; j < N; j++) {
      result[i][j] = time++;
    }
  }

  time = 0;

  for (int i1 = 0; i1 < N; i1 += 4) {
    for (int j1 = 0; j1 < N; j1 += 4) {
      for (int i2 = i1; i2 < i1 + 4; i2 += 1) {
        for (int j2 = j1; j2 < j1 + 4; j2 += 1) {
          expected[i2][j2] = time++;
        }
      }
    }
  }

  for (int i = 0; i < N; i++) {
    for (int j = 0; j < N; j++) {
      OMPVV_TEST_AND_SET(errors, result[i][j] != expected[i][j]);
    }
  }

  return errors;
}

int test_tile_partial() {
  OMPVV_INFOMSG(""test_tile_partial"");
  int errors = 0;
  int result[N][N];

  for (int i = 0; i < N; i++) {
    for (int j = 0; j < N; j++) {
      result[i][j] = 1;
    }
  }

#pragma omp tile sizes(3, 3)
  for (int i = 0; i < N; i++) {
    for (int j = 0; j < N; j++) {
      result[i][j] += i*j;
    }
  }

  for (int i = 0; i < N; i++) {
    for (int j = 0; j < N; j++) {
      OMPVV_TEST_AND_SET_VERBOSE(errors, result[i][j] != 1 + i*j);
    }
  }

  return errors;
}

int main() {
  int errors = 0;

  OMPVV_TEST_AND_SET_VERBOSE(errors, test_tile_complete());
  OMPVV_TEST_AND_SET_VERBOSE(errors, test_tile_partial());

  OMPVV_REPORT_AND_RETURN(errors);
}
","//===--- test_tile.c --------------------------------------------------------===//
//
// OpenMP API Version 5.1 Nov 2020
//
// This test checks the tile directive with required sizes clause. The tile
// directive reorganizes `n` of the nested loops into `2n` tiled loops
// according to the sizes provided in the sizes clause, where `n` is the
// number of sizes provided in the sizes clause. The nested loops under a
// tile directive must be perfectly nested and rectangular, and there must be
// at least `n` of them. The loop tiles are iterated over in lexographic
// order, and two iterations may be reordered by an implementation if at
// least one of them is from a partial tile and if thier logical iteration
// vectors do not have a product order relation. Thus, this test checks that
// a completely-tiled loop nest is tiled in the correct order, but only
// checks results correctness for a tiling with some partial tiles.
//
////===----------------------------------------------------------------------===//
#include <assert.h>
#include <omp.h>
#include <stdio.h>
#include <stdlib.h>
#include ""ompvv.h""

#define N 8

int test_tile_complete() {
  OMPVV_INFOMSG(""test_tile_complete"");
  int errors = 0;
  int result[N][N];
  int expected[N][N];
  int time = 0;

  for (int i = 0; i < N; i++) {
    for (int j = 0; j < N; j++) {
      result[i][j] = 0;
      expected[i][j] = 0;
    }
  }

#pragma omp tile sizes(4, 4)
  for (int i = 0; i < N; i++) {
    for (int j = 0; j < N; j++) {
      result[i][j] = ++time;
    }
  }

  time = 0;

  for (int i1 = 0; i1 < N; i1 += 4) {
    for (int j1 = 0; j1 < N; j1 += 4) {
      for (int i2 = i1; i2 < i1 + 4; i2 += 1) {
        for (int j2 = j1; j2 < j1 + 4; j2 += 1) {
          expected[i2][j2] = time++;
        }
      }
    }
  }

  for (int i = 0; i < N; i++) {
    for (int j = 0; j < N; j++) {
      OMPVV_TEST_AND_SET(errors, result[i][j] != expected[i][j]);
    }
  }

  return errors;
}

int test_tile_partial() {
  OMPVV_INFOMSG(""test_tile_partial"");
  int errors = 0;
  int result[N][N];

  for (int i = 0; i < N; i++) {
    for (int j = 0; j < N; j++) {
      result[i][j] = 1;
    }
  }

#pragma omp tile sizes(3, 3)
  for (int i = 0; i < N; i++) {
    for (int j = 0; j < N; j++) {
      result[i][j] += i*j;
    }
  }

  for (int i = 0; i < N; i++) {
    for (int j = 0; j < N; j++) {
      OMPVV_TEST_AND_SET_VERBOSE(errors, result[i][j] != 1 + i*j);
    }
  }

  return errors;
}

int main() {
  int errors = 0;

  OMPVV_TEST_AND_SET_VERBOSE(errors, test_tile_complete());
  OMPVV_TEST_AND_SET_VERBOSE(errors, test_tile_partial());

  OMPVV_REPORT_AND_RETURN(errors);
}
",openmp_batch_131_150_optionA_full_multivariant.csv,False,unknown,CHANGE_ASSIGNMENT,tile,loop_body,tests/5.1/tile,5.1
tests/5.1/tile/test_tile.c,tile,tile_clause,TILE_SIZE_3_TO_4,medium,"#pragma omp tile sizes(3, 3)","#pragma omp tile sizes(4, 4)",result[i][j] == 1 + i*j for partial tiling,changes the tested partial tile shape though value oracle may still pass,66,test_tile_partial_WRONG_TILE_SIZE.c,"//===--- test_tile.c --------------------------------------------------------===//
//
// OpenMP API Version 5.1 Nov 2020
//
// This test checks the tile directive with required sizes clause. The tile
// directive reorganizes `n` of the nested loops into `2n` tiled loops
// according to the sizes provided in the sizes clause, where `n` is the
// number of sizes provided in the sizes clause. The nested loops under a
// tile directive must be perfectly nested and rectangular, and there must be
// at least `n` of them. The loop tiles are iterated over in lexographic
// order, and two iterations may be reordered by an implementation if at
// least one of them is from a partial tile and if thier logical iteration
// vectors do not have a product order relation. Thus, this test checks that
// a completely-tiled loop nest is tiled in the correct order, but only
// checks results correctness for a tiling with some partial tiles.
//
////===----------------------------------------------------------------------===//
#include <assert.h>
#include <omp.h>
#include <stdio.h>
#include <stdlib.h>
#include ""ompvv.h""

#define N 8

int test_tile_complete() {
  OMPVV_INFOMSG(""test_tile_complete"");
  int errors = 0;
  int result[N][N];
  int expected[N][N];
  int time = 0;

  for (int i = 0; i < N; i++) {
    for (int j = 0; j < N; j++) {
      result[i][j] = 0;
      expected[i][j] = 0;
    }
  }

#pragma omp tile sizes(4, 4)
  for (int i = 0; i < N; i++) {
    for (int j = 0; j < N; j++) {
      result[i][j] = time++;
    }
  }

  time = 0;

  for (int i1 = 0; i1 < N; i1 += 4) {
    for (int j1 = 0; j1 < N; j1 += 4) {
      for (int i2 = i1; i2 < i1 + 4; i2 += 1) {
        for (int j2 = j1; j2 < j1 + 4; j2 += 1) {
          expected[i2][j2] = time++;
        }
      }
    }
  }

  for (int i = 0; i < N; i++) {
    for (int j = 0; j < N; j++) {
      OMPVV_TEST_AND_SET(errors, result[i][j] != expected[i][j]);
    }
  }

  return errors;
}

int test_tile_partial() {
  OMPVV_INFOMSG(""test_tile_partial"");
  int errors = 0;
  int result[N][N];

  for (int i = 0; i < N; i++) {
    for (int j = 0; j < N; j++) {
      result[i][j] = 1;
    }
  }

#pragma omp tile sizes(3, 3)
  for (int i = 0; i < N; i++) {
    for (int j = 0; j < N; j++) {
      result[i][j] += i*j;
    }
  }

  for (int i = 0; i < N; i++) {
    for (int j = 0; j < N; j++) {
      OMPVV_TEST_AND_SET_VERBOSE(errors, result[i][j] != 1 + i*j);
    }
  }

  return errors;
}

int main() {
  int errors = 0;

  OMPVV_TEST_AND_SET_VERBOSE(errors, test_tile_complete());
  OMPVV_TEST_AND_SET_VERBOSE(errors, test_tile_partial());

  OMPVV_REPORT_AND_RETURN(errors);
}
","//===--- test_tile.c --------------------------------------------------------===//
//
// OpenMP API Version 5.1 Nov 2020
//
// This test checks the tile directive with required sizes clause. The tile
// directive reorganizes `n` of the nested loops into `2n` tiled loops
// according to the sizes provided in the sizes clause, where `n` is the
// number of sizes provided in the sizes clause. The nested loops under a
// tile directive must be perfectly nested and rectangular, and there must be
// at least `n` of them. The loop tiles are iterated over in lexographic
// order, and two iterations may be reordered by an implementation if at
// least one of them is from a partial tile and if thier logical iteration
// vectors do not have a product order relation. Thus, this test checks that
// a completely-tiled loop nest is tiled in the correct order, but only
// checks results correctness for a tiling with some partial tiles.
//
////===----------------------------------------------------------------------===//
#include <assert.h>
#include <omp.h>
#include <stdio.h>
#include <stdlib.h>
#include ""ompvv.h""

#define N 8

int test_tile_complete() {
  OMPVV_INFOMSG(""test_tile_complete"");
  int errors = 0;
  int result[N][N];
  int expected[N][N];
  int time = 0;

  for (int i = 0; i < N; i++) {
    for (int j = 0; j < N; j++) {
      result[i][j] = 0;
      expected[i][j] = 0;
    }
  }

#pragma omp tile sizes(4, 4)
  for (int i = 0; i < N; i++) {
    for (int j = 0; j < N; j++) {
      result[i][j] = time++;
    }
  }

  time = 0;

  for (int i1 = 0; i1 < N; i1 += 4) {
    for (int j1 = 0; j1 < N; j1 += 4) {
      for (int i2 = i1; i2 < i1 + 4; i2 += 1) {
        for (int j2 = j1; j2 < j1 + 4; j2 += 1) {
          expected[i2][j2] = time++;
        }
      }
    }
  }

  for (int i = 0; i < N; i++) {
    for (int j = 0; j < N; j++) {
      OMPVV_TEST_AND_SET(errors, result[i][j] != expected[i][j]);
    }
  }

  return errors;
}

int test_tile_partial() {
  OMPVV_INFOMSG(""test_tile_partial"");
  int errors = 0;
  int result[N][N];

  for (int i = 0; i < N; i++) {
    for (int j = 0; j < N; j++) {
      result[i][j] = 1;
    }
  }

#pragma omp tile sizes(4, 4)
  for (int i = 0; i < N; i++) {
    for (int j = 0; j < N; j++) {
      result[i][j] += i*j;
    }
  }

  for (int i = 0; i < N; i++) {
    for (int j = 0; j < N; j++) {
      OMPVV_TEST_AND_SET_VERBOSE(errors, result[i][j] != 1 + i*j);
    }
  }

  return errors;
}

int main() {
  int errors = 0;

  OMPVV_TEST_AND_SET_VERBOSE(errors, test_tile_complete());
  OMPVV_TEST_AND_SET_VERBOSE(errors, test_tile_partial());

  OMPVV_REPORT_AND_RETURN(errors);
}
",openmp_batch_131_150_optionA_full_multivariant.csv,False,unknown,CHANGE_CONFIGURATION,tile,general_code,tests/5.1/tile,5.1
tests/5.1/tile/test_tile.c,tile,loop_bounds,SKIP_LAST_ITERATION,high,for (int i = 0; i < N; i++) {,for (int i = 0; i < N - 1; i++) {,"result[i][j] == 1 + i*j for all i,j",last row is not updated by the tiled loop,67,test_tile_partial_SKIP_LAST_I.c,"//===--- test_tile.c --------------------------------------------------------===//
//
// OpenMP API Version 5.1 Nov 2020
//
// This test checks the tile directive with required sizes clause. The tile
// directive reorganizes `n` of the nested loops into `2n` tiled loops
// according to the sizes provided in the sizes clause, where `n` is the
// number of sizes provided in the sizes clause. The nested loops under a
// tile directive must be perfectly nested and rectangular, and there must be
// at least `n` of them. The loop tiles are iterated over in lexographic
// order, and two iterations may be reordered by an implementation if at
// least one of them is from a partial tile and if thier logical iteration
// vectors do not have a product order relation. Thus, this test checks that
// a completely-tiled loop nest is tiled in the correct order, but only
// checks results correctness for a tiling with some partial tiles.
//
////===----------------------------------------------------------------------===//
#include <assert.h>
#include <omp.h>
#include <stdio.h>
#include <stdlib.h>
#include ""ompvv.h""

#define N 8

int test_tile_complete() {
  OMPVV_INFOMSG(""test_tile_complete"");
  int errors = 0;
  int result[N][N];
  int expected[N][N];
  int time = 0;

  for (int i = 0; i < N; i++) {
    for (int j = 0; j < N; j++) {
      result[i][j] = 0;
      expected[i][j] = 0;
    }
  }

#pragma omp tile sizes(4, 4)
  for (int i = 0; i < N; i++) {
    for (int j = 0; j < N; j++) {
      result[i][j] = time++;
    }
  }

  time = 0;

  for (int i1 = 0; i1 < N; i1 += 4) {
    for (int j1 = 0; j1 < N; j1 += 4) {
      for (int i2 = i1; i2 < i1 + 4; i2 += 1) {
        for (int j2 = j1; j2 < j1 + 4; j2 += 1) {
          expected[i2][j2] = time++;
        }
      }
    }
  }

  for (int i = 0; i < N; i++) {
    for (int j = 0; j < N; j++) {
      OMPVV_TEST_AND_SET(errors, result[i][j] != expected[i][j]);
    }
  }

  return errors;
}

int test_tile_partial() {
  OMPVV_INFOMSG(""test_tile_partial"");
  int errors = 0;
  int result[N][N];

  for (int i = 0; i < N; i++) {
    for (int j = 0; j < N; j++) {
      result[i][j] = 1;
    }
  }

#pragma omp tile sizes(3, 3)
  for (int i = 0; i < N; i++) {
    for (int j = 0; j < N; j++) {
      result[i][j] += i*j;
    }
  }

  for (int i = 0; i < N; i++) {
    for (int j = 0; j < N; j++) {
      OMPVV_TEST_AND_SET_VERBOSE(errors, result[i][j] != 1 + i*j);
    }
  }

  return errors;
}

int main() {
  int errors = 0;

  OMPVV_TEST_AND_SET_VERBOSE(errors, test_tile_complete());
  OMPVV_TEST_AND_SET_VERBOSE(errors, test_tile_partial());

  OMPVV_REPORT_AND_RETURN(errors);
}
","//===--- test_tile.c --------------------------------------------------------===//
//
// OpenMP API Version 5.1 Nov 2020
//
// This test checks the tile directive with required sizes clause. The tile
// directive reorganizes `n` of the nested loops into `2n` tiled loops
// according to the sizes provided in the sizes clause, where `n` is the
// number of sizes provided in the sizes clause. The nested loops under a
// tile directive must be perfectly nested and rectangular, and there must be
// at least `n` of them. The loop tiles are iterated over in lexographic
// order, and two iterations may be reordered by an implementation if at
// least one of them is from a partial tile and if thier logical iteration
// vectors do not have a product order relation. Thus, this test checks that
// a completely-tiled loop nest is tiled in the correct order, but only
// checks results correctness for a tiling with some partial tiles.
//
////===----------------------------------------------------------------------===//
#include <assert.h>
#include <omp.h>
#include <stdio.h>
#include <stdlib.h>
#include ""ompvv.h""

#define N 8

int test_tile_complete() {
  OMPVV_INFOMSG(""test_tile_complete"");
  int errors = 0;
  int result[N][N];
  int expected[N][N];
  int time = 0;

  for (int i = 0; i < N; i++) {
    for (int j = 0; j < N; j++) {
      result[i][j] = 0;
      expected[i][j] = 0;
    }
  }

#pragma omp tile sizes(4, 4)
  for (int i = 0; i < N; i++) {
    for (int j = 0; j < N; j++) {
      result[i][j] = time++;
    }
  }

  time = 0;

  for (int i1 = 0; i1 < N; i1 += 4) {
    for (int j1 = 0; j1 < N; j1 += 4) {
      for (int i2 = i1; i2 < i1 + 4; i2 += 1) {
        for (int j2 = j1; j2 < j1 + 4; j2 += 1) {
          expected[i2][j2] = time++;
        }
      }
    }
  }

  for (int i = 0; i < N; i++) {
    for (int j = 0; j < N; j++) {
      OMPVV_TEST_AND_SET(errors, result[i][j] != expected[i][j]);
    }
  }

  return errors;
}

int test_tile_partial() {
  OMPVV_INFOMSG(""test_tile_partial"");
  int errors = 0;
  int result[N][N];

  for (int i = 0; i < N; i++) {
    for (int j = 0; j < N; j++) {
      result[i][j] = 1;
    }
  }

#pragma omp tile sizes(3, 3)
  for (int i = 0; i < N - 1; i++) {
    for (int j = 0; j < N; j++) {
      result[i][j] += i*j;
    }
  }

  for (int i = 0; i < N; i++) {
    for (int j = 0; j < N; j++) {
      OMPVV_TEST_AND_SET_VERBOSE(errors, result[i][j] != 1 + i*j);
    }
  }

  return errors;
}

int main() {
  int errors = 0;

  OMPVV_TEST_AND_SET_VERBOSE(errors, test_tile_complete());
  OMPVV_TEST_AND_SET_VERBOSE(errors, test_tile_partial());

  OMPVV_REPORT_AND_RETURN(errors);
}
",openmp_batch_131_150_optionA_full_multivariant.csv,False,unknown,CHANGE_LOOP_BOUND,loop,loop,tests/5.1/tile,5.1
tests/5.2/declare_mapper/test_declare_mapper_iterator.c,declare_mapper,mapping,MAPPER_TOFROM_TO_TO,high,"#pragma omp declare mapper(myvec_t v) map(iterator(it = 0:v.len), tofrom: v.data[it])","#pragma omp declare mapper(myvec_t v) map(iterator(it = 0:v.len), to: v.data[it])",s.data[i] == i after target init,mapped data elements are not copied back from target,22,test_declare_mapper_iterator_MAP_TOFROM_TO.c,"//===---- test_declare_mapper_iterator.c -------------------------------------===//
//
// OpenMP API Version 5.2
//
// This example has been adapted from the 5.2 OpenMP Examples document:
// ""declare mapper Directive"", and ""OpenMP Directive Syntax -> complex iterator""
// The declare mapper directive will be used to automatically map variable
// according to its prescription:  full structure, plus the dynamic storage of the
// data element. The mapper can include an iterator modifier of map
//
//===-------------------------------------------------------------------------------===//

#include <omp.h>
#include <stdio.h>
#include <stdlib.h>
#include ""ompvv.h""

#define N 1000

typedef struct myvec{
    size_t len;
    double *data;
} myvec_t;


#pragma omp declare mapper(myvec_t v) map(iterator(it = 0:v.len), tofrom: v.data[it])

void init( myvec_t *s )
{
  for(size_t i = 0; i < s->len; i++)
    s->data[i] = i;
}


int test_declare_mapper_iterator() {

  OMPVV_INFOMSG(""test_declare_mapper_iterator"");
  int errors = 0;

   myvec_t s;

   s.data = (double *)calloc(N,sizeof(double));
   s.len  = N;

  #pragma omp target
  {
    init(&s);
  }

  for (int i = 0; i < N; ++i) {
    OMPVV_TEST_AND_SET(errors, s.data[i] != i);
  }

  return errors;
}

int main () {
  OMPVV_TEST_OFFLOADING;

  int errors = 0;

  OMPVV_TEST_AND_SET_VERBOSE(errors, test_declare_mapper_iterator());

  OMPVV_REPORT_AND_RETURN(errors);
}
","//===---- test_declare_mapper_iterator.c -------------------------------------===//
//
// OpenMP API Version 5.2
//
// This example has been adapted from the 5.2 OpenMP Examples document:
// ""declare mapper Directive"", and ""OpenMP Directive Syntax -> complex iterator""
// The declare mapper directive will be used to automatically map variable
// according to its prescription:  full structure, plus the dynamic storage of the
// data element. The mapper can include an iterator modifier of map
//
//===-------------------------------------------------------------------------------===//

#include <omp.h>
#include <stdio.h>
#include <stdlib.h>
#include ""ompvv.h""

#define N 1000

typedef struct myvec{
    size_t len;
    double *data;
} myvec_t;


#pragma omp declare mapper(myvec_t v) map(iterator(it = 0:v.len), to: v.data[it])

void init( myvec_t *s )
{
  for(size_t i = 0; i < s->len; i++)
    s->data[i] = i;
}


int test_declare_mapper_iterator() {

  OMPVV_INFOMSG(""test_declare_mapper_iterator"");
  int errors = 0;

   myvec_t s;

   s.data = (double *)calloc(N,sizeof(double));
   s.len  = N;

  #pragma omp target
  {
    init(&s);
  }

  for (int i = 0; i < N; ++i) {
    OMPVV_TEST_AND_SET(errors, s.data[i] != i);
  }

  return errors;
}

int main () {
  OMPVV_TEST_OFFLOADING;

  int errors = 0;

  OMPVV_TEST_AND_SET_VERBOSE(errors, test_declare_mapper_iterator());

  OMPVV_REPORT_AND_RETURN(errors);
}
",openmp_batch_131_150_optionA_full_multivariant.csv,False,unknown,CHANGE_MAPPING,declare_mapper,mapping,tests/5.2/declare_mapper,5.2
tests/5.2/declare_mapper/test_declare_mapper_iterator.c,declare_mapper,mapping,REMOVE_TARGET,medium,#pragma omp target,/* target removed */,s.data[i] == i after target init and mapper is exercised,declare mapper target behavior is no longer exercised,36,test_declare_mapper_iterator_REMOVE_TARGET.c,"//===---- test_declare_mapper_iterator.c -------------------------------------===//
//
// OpenMP API Version 5.2
//
// This example has been adapted from the 5.2 OpenMP Examples document:
// ""declare mapper Directive"", and ""OpenMP Directive Syntax -> complex iterator""
// The declare mapper directive will be used to automatically map variable
// according to its prescription:  full structure, plus the dynamic storage of the
// data element. The mapper can include an iterator modifier of map
//
//===-------------------------------------------------------------------------------===//

#include <omp.h>
#include <stdio.h>
#include <stdlib.h>
#include ""ompvv.h""

#define N 1000

typedef struct myvec{
    size_t len;
    double *data;
} myvec_t;


#pragma omp declare mapper(myvec_t v) map(iterator(it = 0:v.len), tofrom: v.data[it])

void init( myvec_t *s )
{
  for(size_t i = 0; i < s->len; i++)
    s->data[i] = i;
}


int test_declare_mapper_iterator() {

  OMPVV_INFOMSG(""test_declare_mapper_iterator"");
  int errors = 0;

   myvec_t s;

   s.data = (double *)calloc(N,sizeof(double));
   s.len  = N;

  #pragma omp target
  {
    init(&s);
  }

  for (int i = 0; i < N; ++i) {
    OMPVV_TEST_AND_SET(errors, s.data[i] != i);
  }

  return errors;
}

int main () {
  OMPVV_TEST_OFFLOADING;

  int errors = 0;

  OMPVV_TEST_AND_SET_VERBOSE(errors, test_declare_mapper_iterator());

  OMPVV_REPORT_AND_RETURN(errors);
}
","//===---- test_declare_mapper_iterator.c -------------------------------------===//
//
// OpenMP API Version 5.2
//
// This example has been adapted from the 5.2 OpenMP Examples document:
// ""declare mapper Directive"", and ""OpenMP Directive Syntax -> complex iterator""
// The declare mapper directive will be used to automatically map variable
// according to its prescription:  full structure, plus the dynamic storage of the
// data element. The mapper can include an iterator modifier of map
//
//===-------------------------------------------------------------------------------===//

#include <omp.h>
#include <stdio.h>
#include <stdlib.h>
#include ""ompvv.h""

#define N 1000

typedef struct myvec{
    size_t len;
    double *data;
} myvec_t;


#pragma omp declare mapper(myvec_t v) map(iterator(it = 0:v.len), tofrom: v.data[it])

void init( myvec_t *s )
{
  for(size_t i = 0; i < s->len; i++)
    s->data[i] = i;
}


int test_declare_mapper_iterator() {

  OMPVV_INFOMSG(""test_declare_mapper_iterator"");
  int errors = 0;

   myvec_t s;

   s.data = (double *)calloc(N,sizeof(double));
   s.len  = N;

  /* target removed */
  {
    init(&s);
  }

  for (int i = 0; i < N; ++i) {
    OMPVV_TEST_AND_SET(errors, s.data[i] != i);
  }

  return errors;
}

int main () {
  OMPVV_TEST_OFFLOADING;

  int errors = 0;

  OMPVV_TEST_AND_SET_VERBOSE(errors, test_declare_mapper_iterator());

  OMPVV_REPORT_AND_RETURN(errors);
}
",openmp_batch_131_150_optionA_full_multivariant.csv,False,unknown,REMOVE_CONSTRUCT,declare_mapper,general_code,tests/5.2/declare_mapper,5.2
tests/5.2/declare_mapper/test_declare_mapper_iterator.c,declare_mapper,loop_bounds,SKIP_LAST_ITERATION,high,for(size_t i = 0; i < s->len; i++),for(size_t i = 0; i < s->len - 1; i++),s.data[i] == i for all i,last mapped element is not initialized,27,test_declare_mapper_iterator_SKIP_LAST_INIT.c,"//===---- test_declare_mapper_iterator.c -------------------------------------===//
//
// OpenMP API Version 5.2
//
// This example has been adapted from the 5.2 OpenMP Examples document:
// ""declare mapper Directive"", and ""OpenMP Directive Syntax -> complex iterator""
// The declare mapper directive will be used to automatically map variable
// according to its prescription:  full structure, plus the dynamic storage of the
// data element. The mapper can include an iterator modifier of map
//
//===-------------------------------------------------------------------------------===//

#include <omp.h>
#include <stdio.h>
#include <stdlib.h>
#include ""ompvv.h""

#define N 1000

typedef struct myvec{
    size_t len;
    double *data;
} myvec_t;


#pragma omp declare mapper(myvec_t v) map(iterator(it = 0:v.len), tofrom: v.data[it])

void init( myvec_t *s )
{
  for(size_t i = 0; i < s->len; i++)
    s->data[i] = i;
}


int test_declare_mapper_iterator() {

  OMPVV_INFOMSG(""test_declare_mapper_iterator"");
  int errors = 0;

   myvec_t s;

   s.data = (double *)calloc(N,sizeof(double));
   s.len  = N;

  #pragma omp target
  {
    init(&s);
  }

  for (int i = 0; i < N; ++i) {
    OMPVV_TEST_AND_SET(errors, s.data[i] != i);
  }

  return errors;
}

int main () {
  OMPVV_TEST_OFFLOADING;

  int errors = 0;

  OMPVV_TEST_AND_SET_VERBOSE(errors, test_declare_mapper_iterator());

  OMPVV_REPORT_AND_RETURN(errors);
}
","//===---- test_declare_mapper_iterator.c -------------------------------------===//
//
// OpenMP API Version 5.2
//
// This example has been adapted from the 5.2 OpenMP Examples document:
// ""declare mapper Directive"", and ""OpenMP Directive Syntax -> complex iterator""
// The declare mapper directive will be used to automatically map variable
// according to its prescription:  full structure, plus the dynamic storage of the
// data element. The mapper can include an iterator modifier of map
//
//===-------------------------------------------------------------------------------===//

#include <omp.h>
#include <stdio.h>
#include <stdlib.h>
#include ""ompvv.h""

#define N 1000

typedef struct myvec{
    size_t len;
    double *data;
} myvec_t;


#pragma omp declare mapper(myvec_t v) map(iterator(it = 0:v.len), tofrom: v.data[it])

void init( myvec_t *s )
{
  for(size_t i = 0; i < s->len - 1; i++)
    s->data[i] = i;
}


int test_declare_mapper_iterator() {

  OMPVV_INFOMSG(""test_declare_mapper_iterator"");
  int errors = 0;

   myvec_t s;

   s.data = (double *)calloc(N,sizeof(double));
   s.len  = N;

  #pragma omp target
  {
    init(&s);
  }

  for (int i = 0; i < N; ++i) {
    OMPVV_TEST_AND_SET(errors, s.data[i] != i);
  }

  return errors;
}

int main () {
  OMPVV_TEST_OFFLOADING;

  int errors = 0;

  OMPVV_TEST_AND_SET_VERBOSE(errors, test_declare_mapper_iterator());

  OMPVV_REPORT_AND_RETURN(errors);
}
",openmp_batch_131_150_optionA_full_multivariant.csv,False,unknown,CHANGE_LOOP_BOUND,loop,loop,tests/5.2/declare_mapper,5.2
tests/5.2/declare_mapper/test_declare_mapper_present.c,declare_mapper,mapping,REMOVE_ALWAYS_MODIFIER,high,"#pragma omp declare mapper(default:myvec_t v) map(always, present, from: v, v.len, v.data[0:v.len])","#pragma omp declare mapper(default:myvec_t v) map(present, from: v, v.len, v.data[0:v.len])",s.data[i] == i after target and mapper update,mapper no longer forces update of present mapped data,31,test_declare_mapper_present_REMOVE_ALWAYS.c,"//===---- test_declare_mapper_present.c -------------------------------------===//
//
// OpenMP API Version 5.2
//
// This example has been adapted from the 5.2 OpenMP Examples document:
// ""declare mapper Directive"", and ""OpenMP Directive Syntax -> complex iterator""
// The declare mapper directive will be used to automatically map variables
// according to its prescription:  full structure, plus the dynamic storage of the
// data element. These variable should be present on the device.
//
//===-------------------------------------------------------------------------------===//

#include <omp.h>
#include <stdio.h>
#include <stdlib.h>
#include ""ompvv.h""

#define N 1000

typedef struct myvec{
    size_t len;
    int *data;
} myvec_t;

// In addition to the present modifier, the always is requiered
// Given that the present and default modifiers are to be tested
// the struct has to be in the GPU prior to the default mapper
// is tested, therefore the ""omp target enter data"" with ""to""
// is used. Furthermore, given that it is the ""from"" that is to be
// checked, the ""omp target exit data"" is set to ""delete""
// in this scenario if the always is not on the declare mapper
// the ""omp target"" is inside the ""omp target enter data""
// with the ""map to"", which would prevent the effect of the
// declared mapped to have effects outside. Therefore, by adding
// the always, the mapper force the update of the declared mapper
// to be seen outside the ""target data region""

#pragma omp declare mapper(default:myvec_t v) map(always, present, from: v, v.len, v.data[0:v.len])


void init( myvec_t *s )
{
  for(int i = 0; i < s->len; i++)
    s->data[i] = i;
}


int test_declare_mapper_present() {

  OMPVV_INFOMSG(""test_declare_mapper_present"");
  int errors = 0;

  myvec_t s;
  s.data = (int *)calloc(N,sizeof(int));
  s.len  = N;

  #pragma omp target enter data map(to: s.len, s.data[0:s.len]) map(alloc: s.data)

  #pragma omp target
  {
    init(&s);
  }

  #pragma omp target exit data map(delete: s.len, s.data, s.data[0:s.len])

  for (int i = 0; i < N; ++i) {
    OMPVV_TEST_AND_SET(errors, s.data[i] != i);
  }

  return errors;
}

int main () {
  OMPVV_TEST_OFFLOADING;

  int errors = 0;

  OMPVV_TEST_AND_SET_VERBOSE(errors, test_declare_mapper_present());

  OMPVV_REPORT_AND_RETURN(errors);
}
","//===---- test_declare_mapper_present.c -------------------------------------===//
//
// OpenMP API Version 5.2
//
// This example has been adapted from the 5.2 OpenMP Examples document:
// ""declare mapper Directive"", and ""OpenMP Directive Syntax -> complex iterator""
// The declare mapper directive will be used to automatically map variables
// according to its prescription:  full structure, plus the dynamic storage of the
// data element. These variable should be present on the device.
//
//===-------------------------------------------------------------------------------===//

#include <omp.h>
#include <stdio.h>
#include <stdlib.h>
#include ""ompvv.h""

#define N 1000

typedef struct myvec{
    size_t len;
    int *data;
} myvec_t;

// In addition to the present modifier, the always is requiered
// Given that the present and default modifiers are to be tested
// the struct has to be in the GPU prior to the default mapper
// is tested, therefore the ""omp target enter data"" with ""to""
// is used. Furthermore, given that it is the ""from"" that is to be
// checked, the ""omp target exit data"" is set to ""delete""
// in this scenario if the always is not on the declare mapper
// the ""omp target"" is inside the ""omp target enter data""
// with the ""map to"", which would prevent the effect of the
// declared mapped to have effects outside. Therefore, by adding
// the always, the mapper force the update of the declared mapper
// to be seen outside the ""target data region""

#pragma omp declare mapper(default:myvec_t v) map(present, from: v, v.len, v.data[0:v.len])


void init( myvec_t *s )
{
  for(int i = 0; i < s->len; i++)
    s->data[i] = i;
}


int test_declare_mapper_present() {

  OMPVV_INFOMSG(""test_declare_mapper_present"");
  int errors = 0;

  myvec_t s;
  s.data = (int *)calloc(N,sizeof(int));
  s.len  = N;

  #pragma omp target enter data map(to: s.len, s.data[0:s.len]) map(alloc: s.data)

  #pragma omp target
  {
    init(&s);
  }

  #pragma omp target exit data map(delete: s.len, s.data, s.data[0:s.len])

  for (int i = 0; i < N; ++i) {
    OMPVV_TEST_AND_SET(errors, s.data[i] != i);
  }

  return errors;
}

int main () {
  OMPVV_TEST_OFFLOADING;

  int errors = 0;

  OMPVV_TEST_AND_SET_VERBOSE(errors, test_declare_mapper_present());

  OMPVV_REPORT_AND_RETURN(errors);
}
",openmp_batch_131_150_optionA_full_multivariant.csv,False,unknown,REMOVE_CONSTRUCT,declare_mapper,mapping,tests/5.2/declare_mapper,5.2
tests/5.2/declare_mapper/test_declare_mapper_present.c,declare_mapper,mapping,MAPPER_FROM_TO_TO,high,"#pragma omp declare mapper(default:myvec_t v) map(always, present, from: v, v.len, v.data[0:v.len])","#pragma omp declare mapper(default:myvec_t v) map(always, present, to: v, v.len, v.data[0:v.len])",s.data[i] == i after target and mapper update,mapper does not copy target-updated data back,31,test_declare_mapper_present_FROM_TO_TO.c,"//===---- test_declare_mapper_present.c -------------------------------------===//
//
// OpenMP API Version 5.2
//
// This example has been adapted from the 5.2 OpenMP Examples document:
// ""declare mapper Directive"", and ""OpenMP Directive Syntax -> complex iterator""
// The declare mapper directive will be used to automatically map variables
// according to its prescription:  full structure, plus the dynamic storage of the
// data element. These variable should be present on the device.
//
//===-------------------------------------------------------------------------------===//

#include <omp.h>
#include <stdio.h>
#include <stdlib.h>
#include ""ompvv.h""

#define N 1000

typedef struct myvec{
    size_t len;
    int *data;
} myvec_t;

// In addition to the present modifier, the always is requiered
// Given that the present and default modifiers are to be tested
// the struct has to be in the GPU prior to the default mapper
// is tested, therefore the ""omp target enter data"" with ""to""
// is used. Furthermore, given that it is the ""from"" that is to be
// checked, the ""omp target exit data"" is set to ""delete""
// in this scenario if the always is not on the declare mapper
// the ""omp target"" is inside the ""omp target enter data""
// with the ""map to"", which would prevent the effect of the
// declared mapped to have effects outside. Therefore, by adding
// the always, the mapper force the update of the declared mapper
// to be seen outside the ""target data region""

#pragma omp declare mapper(default:myvec_t v) map(always, present, from: v, v.len, v.data[0:v.len])


void init( myvec_t *s )
{
  for(int i = 0; i < s->len; i++)
    s->data[i] = i;
}


int test_declare_mapper_present() {

  OMPVV_INFOMSG(""test_declare_mapper_present"");
  int errors = 0;

  myvec_t s;
  s.data = (int *)calloc(N,sizeof(int));
  s.len  = N;

  #pragma omp target enter data map(to: s.len, s.data[0:s.len]) map(alloc: s.data)

  #pragma omp target
  {
    init(&s);
  }

  #pragma omp target exit data map(delete: s.len, s.data, s.data[0:s.len])

  for (int i = 0; i < N; ++i) {
    OMPVV_TEST_AND_SET(errors, s.data[i] != i);
  }

  return errors;
}

int main () {
  OMPVV_TEST_OFFLOADING;

  int errors = 0;

  OMPVV_TEST_AND_SET_VERBOSE(errors, test_declare_mapper_present());

  OMPVV_REPORT_AND_RETURN(errors);
}
","//===---- test_declare_mapper_present.c -------------------------------------===//
//
// OpenMP API Version 5.2
//
// This example has been adapted from the 5.2 OpenMP Examples document:
// ""declare mapper Directive"", and ""OpenMP Directive Syntax -> complex iterator""
// The declare mapper directive will be used to automatically map variables
// according to its prescription:  full structure, plus the dynamic storage of the
// data element. These variable should be present on the device.
//
//===-------------------------------------------------------------------------------===//

#include <omp.h>
#include <stdio.h>
#include <stdlib.h>
#include ""ompvv.h""

#define N 1000

typedef struct myvec{
    size_t len;
    int *data;
} myvec_t;

// In addition to the present modifier, the always is requiered
// Given that the present and default modifiers are to be tested
// the struct has to be in the GPU prior to the default mapper
// is tested, therefore the ""omp target enter data"" with ""to""
// is used. Furthermore, given that it is the ""from"" that is to be
// checked, the ""omp target exit data"" is set to ""delete""
// in this scenario if the always is not on the declare mapper
// the ""omp target"" is inside the ""omp target enter data""
// with the ""map to"", which would prevent the effect of the
// declared mapped to have effects outside. Therefore, by adding
// the always, the mapper force the update of the declared mapper
// to be seen outside the ""target data region""

#pragma omp declare mapper(default:myvec_t v) map(always, present, to: v, v.len, v.data[0:v.len])


void init( myvec_t *s )
{
  for(int i = 0; i < s->len; i++)
    s->data[i] = i;
}


int test_declare_mapper_present() {

  OMPVV_INFOMSG(""test_declare_mapper_present"");
  int errors = 0;

  myvec_t s;
  s.data = (int *)calloc(N,sizeof(int));
  s.len  = N;

  #pragma omp target enter data map(to: s.len, s.data[0:s.len]) map(alloc: s.data)

  #pragma omp target
  {
    init(&s);
  }

  #pragma omp target exit data map(delete: s.len, s.data, s.data[0:s.len])

  for (int i = 0; i < N; ++i) {
    OMPVV_TEST_AND_SET(errors, s.data[i] != i);
  }

  return errors;
}

int main () {
  OMPVV_TEST_OFFLOADING;

  int errors = 0;

  OMPVV_TEST_AND_SET_VERBOSE(errors, test_declare_mapper_present());

  OMPVV_REPORT_AND_RETURN(errors);
}
",openmp_batch_131_150_optionA_full_multivariant.csv,False,unknown,CHANGE_MAPPING,declare_mapper,mapping,tests/5.2/declare_mapper,5.2
tests/5.2/declare_mapper/test_declare_mapper_present.c,declare_mapper,mapping,REMOVE_TARGET_ENTER_DATA,high,"#pragma omp target enter data map(to: s.len, s.data[0:s.len]) map(alloc: s.data)",/* target enter data removed */,present mapper has data present on device and s.data[i] == i after target,data required by present mapper is not present on device,48,test_declare_mapper_present_REMOVE_ENTER_DATA.c,"//===---- test_declare_mapper_present.c -------------------------------------===//
//
// OpenMP API Version 5.2
//
// This example has been adapted from the 5.2 OpenMP Examples document:
// ""declare mapper Directive"", and ""OpenMP Directive Syntax -> complex iterator""
// The declare mapper directive will be used to automatically map variables
// according to its prescription:  full structure, plus the dynamic storage of the
// data element. These variable should be present on the device.
//
//===-------------------------------------------------------------------------------===//

#include <omp.h>
#include <stdio.h>
#include <stdlib.h>
#include ""ompvv.h""

#define N 1000

typedef struct myvec{
    size_t len;
    int *data;
} myvec_t;

// In addition to the present modifier, the always is requiered
// Given that the present and default modifiers are to be tested
// the struct has to be in the GPU prior to the default mapper
// is tested, therefore the ""omp target enter data"" with ""to""
// is used. Furthermore, given that it is the ""from"" that is to be
// checked, the ""omp target exit data"" is set to ""delete""
// in this scenario if the always is not on the declare mapper
// the ""omp target"" is inside the ""omp target enter data""
// with the ""map to"", which would prevent the effect of the
// declared mapped to have effects outside. Therefore, by adding
// the always, the mapper force the update of the declared mapper
// to be seen outside the ""target data region""

#pragma omp declare mapper(default:myvec_t v) map(always, present, from: v, v.len, v.data[0:v.len])


void init( myvec_t *s )
{
  for(int i = 0; i < s->len; i++)
    s->data[i] = i;
}


int test_declare_mapper_present() {

  OMPVV_INFOMSG(""test_declare_mapper_present"");
  int errors = 0;

  myvec_t s;
  s.data = (int *)calloc(N,sizeof(int));
  s.len  = N;

  #pragma omp target enter data map(to: s.len, s.data[0:s.len]) map(alloc: s.data)

  #pragma omp target
  {
    init(&s);
  }

  #pragma omp target exit data map(delete: s.len, s.data, s.data[0:s.len])

  for (int i = 0; i < N; ++i) {
    OMPVV_TEST_AND_SET(errors, s.data[i] != i);
  }

  return errors;
}

int main () {
  OMPVV_TEST_OFFLOADING;

  int errors = 0;

  OMPVV_TEST_AND_SET_VERBOSE(errors, test_declare_mapper_present());

  OMPVV_REPORT_AND_RETURN(errors);
}
","//===---- test_declare_mapper_present.c -------------------------------------===//
//
// OpenMP API Version 5.2
//
// This example has been adapted from the 5.2 OpenMP Examples document:
// ""declare mapper Directive"", and ""OpenMP Directive Syntax -> complex iterator""
// The declare mapper directive will be used to automatically map variables
// according to its prescription:  full structure, plus the dynamic storage of the
// data element. These variable should be present on the device.
//
//===-------------------------------------------------------------------------------===//

#include <omp.h>
#include <stdio.h>
#include <stdlib.h>
#include ""ompvv.h""

#define N 1000

typedef struct myvec{
    size_t len;
    int *data;
} myvec_t;

// In addition to the present modifier, the always is requiered
// Given that the present and default modifiers are to be tested
// the struct has to be in the GPU prior to the default mapper
// is tested, therefore the ""omp target enter data"" with ""to""
// is used. Furthermore, given that it is the ""from"" that is to be
// checked, the ""omp target exit data"" is set to ""delete""
// in this scenario if the always is not on the declare mapper
// the ""omp target"" is inside the ""omp target enter data""
// with the ""map to"", which would prevent the effect of the
// declared mapped to have effects outside. Therefore, by adding
// the always, the mapper force the update of the declared mapper
// to be seen outside the ""target data region""

#pragma omp declare mapper(default:myvec_t v) map(always, present, from: v, v.len, v.data[0:v.len])


void init( myvec_t *s )
{
  for(int i = 0; i < s->len; i++)
    s->data[i] = i;
}


int test_declare_mapper_present() {

  OMPVV_INFOMSG(""test_declare_mapper_present"");
  int errors = 0;

  myvec_t s;
  s.data = (int *)calloc(N,sizeof(int));
  s.len  = N;

  /* target enter data removed */

  #pragma omp target
  {
    init(&s);
  }

  #pragma omp target exit data map(delete: s.len, s.data, s.data[0:s.len])

  for (int i = 0; i < N; ++i) {
    OMPVV_TEST_AND_SET(errors, s.data[i] != i);
  }

  return errors;
}

int main () {
  OMPVV_TEST_OFFLOADING;

  int errors = 0;

  OMPVV_TEST_AND_SET_VERBOSE(errors, test_declare_mapper_present());

  OMPVV_REPORT_AND_RETURN(errors);
}
",openmp_batch_131_150_optionA_full_multivariant.csv,False,unknown,CHANGE_MAPPING,declare_mapper,mapping,tests/5.2/declare_mapper,5.2
tests/5.2/declare_mapper/test_declare_mapper_present.c,declare_mapper,loop_bounds,SKIP_LAST_ITERATION,high,for(int i = 0; i < s->len; i++),for(int i = 0; i < s->len - 1; i++),s.data[i] == i for all i,last mapped element is not initialized,36,test_declare_mapper_present_SKIP_LAST_INIT.c,"//===---- test_declare_mapper_present.c -------------------------------------===//
//
// OpenMP API Version 5.2
//
// This example has been adapted from the 5.2 OpenMP Examples document:
// ""declare mapper Directive"", and ""OpenMP Directive Syntax -> complex iterator""
// The declare mapper directive will be used to automatically map variables
// according to its prescription:  full structure, plus the dynamic storage of the
// data element. These variable should be present on the device.
//
//===-------------------------------------------------------------------------------===//

#include <omp.h>
#include <stdio.h>
#include <stdlib.h>
#include ""ompvv.h""

#define N 1000

typedef struct myvec{
    size_t len;
    int *data;
} myvec_t;

// In addition to the present modifier, the always is requiered
// Given that the present and default modifiers are to be tested
// the struct has to be in the GPU prior to the default mapper
// is tested, therefore the ""omp target enter data"" with ""to""
// is used. Furthermore, given that it is the ""from"" that is to be
// checked, the ""omp target exit data"" is set to ""delete""
// in this scenario if the always is not on the declare mapper
// the ""omp target"" is inside the ""omp target enter data""
// with the ""map to"", which would prevent the effect of the
// declared mapped to have effects outside. Therefore, by adding
// the always, the mapper force the update of the declared mapper
// to be seen outside the ""target data region""

#pragma omp declare mapper(default:myvec_t v) map(always, present, from: v, v.len, v.data[0:v.len])


void init( myvec_t *s )
{
  for(int i = 0; i < s->len; i++)
    s->data[i] = i;
}


int test_declare_mapper_present() {

  OMPVV_INFOMSG(""test_declare_mapper_present"");
  int errors = 0;

  myvec_t s;
  s.data = (int *)calloc(N,sizeof(int));
  s.len  = N;

  #pragma omp target enter data map(to: s.len, s.data[0:s.len]) map(alloc: s.data)

  #pragma omp target
  {
    init(&s);
  }

  #pragma omp target exit data map(delete: s.len, s.data, s.data[0:s.len])

  for (int i = 0; i < N; ++i) {
    OMPVV_TEST_AND_SET(errors, s.data[i] != i);
  }

  return errors;
}

int main () {
  OMPVV_TEST_OFFLOADING;

  int errors = 0;

  OMPVV_TEST_AND_SET_VERBOSE(errors, test_declare_mapper_present());

  OMPVV_REPORT_AND_RETURN(errors);
}
","//===---- test_declare_mapper_present.c -------------------------------------===//
//
// OpenMP API Version 5.2
//
// This example has been adapted from the 5.2 OpenMP Examples document:
// ""declare mapper Directive"", and ""OpenMP Directive Syntax -> complex iterator""
// The declare mapper directive will be used to automatically map variables
// according to its prescription:  full structure, plus the dynamic storage of the
// data element. These variable should be present on the device.
//
//===-------------------------------------------------------------------------------===//

#include <omp.h>
#include <stdio.h>
#include <stdlib.h>
#include ""ompvv.h""

#define N 1000

typedef struct myvec{
    size_t len;
    int *data;
} myvec_t;

// In addition to the present modifier, the always is requiered
// Given that the present and default modifiers are to be tested
// the struct has to be in the GPU prior to the default mapper
// is tested, therefore the ""omp target enter data"" with ""to""
// is used. Furthermore, given that it is the ""from"" that is to be
// checked, the ""omp target exit data"" is set to ""delete""
// in this scenario if the always is not on the declare mapper
// the ""omp target"" is inside the ""omp target enter data""
// with the ""map to"", which would prevent the effect of the
// declared mapped to have effects outside. Therefore, by adding
// the always, the mapper force the update of the declared mapper
// to be seen outside the ""target data region""

#pragma omp declare mapper(default:myvec_t v) map(always, present, from: v, v.len, v.data[0:v.len])


void init( myvec_t *s )
{
  for(int i = 0; i < s->len - 1; i++)
    s->data[i] = i;
}


int test_declare_mapper_present() {

  OMPVV_INFOMSG(""test_declare_mapper_present"");
  int errors = 0;

  myvec_t s;
  s.data = (int *)calloc(N,sizeof(int));
  s.len  = N;

  #pragma omp target enter data map(to: s.len, s.data[0:s.len]) map(alloc: s.data)

  #pragma omp target
  {
    init(&s);
  }

  #pragma omp target exit data map(delete: s.len, s.data, s.data[0:s.len])

  for (int i = 0; i < N; ++i) {
    OMPVV_TEST_AND_SET(errors, s.data[i] != i);
  }

  return errors;
}

int main () {
  OMPVV_TEST_OFFLOADING;

  int errors = 0;

  OMPVV_TEST_AND_SET_VERBOSE(errors, test_declare_mapper_present());

  OMPVV_REPORT_AND_RETURN(errors);
}
",openmp_batch_131_150_optionA_full_multivariant.csv,False,unknown,CHANGE_LOOP_BOUND,loop,loop,tests/5.2/declare_mapper,5.2
tests/5.2/ordered/test_ordered_doacross.c,ordered,ordered_doacross,REMOVE_DOACROSS_SINK,high,#pragma omp ordered doacross(sink: i-1),/* ordered doacross sink removed */,b[i] == i-1 and c[i] == (i-1)+i for all i,"cross-iteration dependence is removed, so b[i] may read stale a[i-1]",32,test_ordered_doacross_REMOVE_SINK.c,"//===---- test_ordered_doacross.c -------------------------------------===//
//
// OpenMP API Version 5.2
//
// This example has been adapted from the 5.2 OpenMP Examples document:
// ""9.10 Doacross Loop Nest""
//
// OpenMP specification states that ""the doacross clause identifies cross-iteration
// dependences that imply additional constraints on the scheduling of loop iterations.""
// This test uses the arrays a, b, and c to test before the sink, after the sink, and
// after the source. Array b relies on the previous iteration, which changes array a,
// which would normally be a race condition. Doacross ensures that the previous iteration
// has already reached this point before changing b[i].
//
// The specification states that if the vector for source is ommited, it assumed to be
// omp_cur_iteration.
//===-------------------------------------------------------------------------------===//

#include <omp.h>
#include <stdio.h>
#include <stdlib.h>
#include ""ompvv.h""
#include <math.h>

#define N 1024

int errors;
int arr[N];

int ordered_doacross(){

  int a[N];
  int b[N];
  int c[N];
  a[0] = 0;
  b[0] = 0;
  c[0] = 0;

  #pragma omp parallel for ordered
  for(int i = 1; i < N; i++){
    a[i] = i;
    #pragma omp ordered doacross(sink: i-1)
    b[i] = a[i-1];
    #pragma omp ordered doacross(source:)
    c[i] = a[i] + b[i];
  }
  for(int i = 1; i < N; i++){
    OMPVV_TEST_AND_SET(errors, a[i] != i);
    OMPVV_TEST_AND_SET(errors, b[i] != i-1)
    OMPVV_TEST_AND_SET(errors, c[i] != (i-1) + i);
  }
  return errors;

}

int main() {
   errors = 0;
   OMPVV_TEST_AND_SET_VERBOSE(errors, ordered_doacross() != 0);
   OMPVV_REPORT_AND_RETURN(errors);

}
","//===---- test_ordered_doacross.c -------------------------------------===//
//
// OpenMP API Version 5.2
//
// This example has been adapted from the 5.2 OpenMP Examples document:
// ""9.10 Doacross Loop Nest""
//
// OpenMP specification states that ""the doacross clause identifies cross-iteration
// dependences that imply additional constraints on the scheduling of loop iterations.""
// This test uses the arrays a, b, and c to test before the sink, after the sink, and
// after the source. Array b relies on the previous iteration, which changes array a,
// which would normally be a race condition. Doacross ensures that the previous iteration
// has already reached this point before changing b[i].
//
// The specification states that if the vector for source is ommited, it assumed to be
// omp_cur_iteration.
//===-------------------------------------------------------------------------------===//

#include <omp.h>
#include <stdio.h>
#include <stdlib.h>
#include ""ompvv.h""
#include <math.h>

#define N 1024

int errors;
int arr[N];

int ordered_doacross(){

  int a[N];
  int b[N];
  int c[N];
  a[0] = 0;
  b[0] = 0;
  c[0] = 0;

  #pragma omp parallel for ordered
  for(int i = 1; i < N; i++){
    a[i] = i;
    /* ordered doacross sink removed */
    b[i] = a[i-1];
    #pragma omp ordered doacross(source:)
    c[i] = a[i] + b[i];
  }
  for(int i = 1; i < N; i++){
    OMPVV_TEST_AND_SET(errors, a[i] != i);
    OMPVV_TEST_AND_SET(errors, b[i] != i-1)
    OMPVV_TEST_AND_SET(errors, c[i] != (i-1) + i);
  }
  return errors;

}

int main() {
   errors = 0;
   OMPVV_TEST_AND_SET_VERBOSE(errors, ordered_doacross() != 0);
   OMPVV_REPORT_AND_RETURN(errors);

}
",openmp_batch_131_150_optionA_full_multivariant.csv,False,unknown,REMOVE_DEPENDENCY,ordered,dependency,tests/5.2/ordered,5.2
tests/5.2/ordered/test_ordered_doacross.c,ordered,ordered_doacross,REMOVE_DOACROSS_SOURCE,high,#pragma omp ordered doacross(source:),/* ordered doacross source removed */,b[i] == i-1 and c[i] == (i-1)+i for all i,source dependence event is not produced for sink operations,34,test_ordered_doacross_REMOVE_SOURCE.c,"//===---- test_ordered_doacross.c -------------------------------------===//
//
// OpenMP API Version 5.2
//
// This example has been adapted from the 5.2 OpenMP Examples document:
// ""9.10 Doacross Loop Nest""
//
// OpenMP specification states that ""the doacross clause identifies cross-iteration
// dependences that imply additional constraints on the scheduling of loop iterations.""
// This test uses the arrays a, b, and c to test before the sink, after the sink, and
// after the source. Array b relies on the previous iteration, which changes array a,
// which would normally be a race condition. Doacross ensures that the previous iteration
// has already reached this point before changing b[i].
//
// The specification states that if the vector for source is ommited, it assumed to be
// omp_cur_iteration.
//===-------------------------------------------------------------------------------===//

#include <omp.h>
#include <stdio.h>
#include <stdlib.h>
#include ""ompvv.h""
#include <math.h>

#define N 1024

int errors;
int arr[N];

int ordered_doacross(){

  int a[N];
  int b[N];
  int c[N];
  a[0] = 0;
  b[0] = 0;
  c[0] = 0;

  #pragma omp parallel for ordered
  for(int i = 1; i < N; i++){
    a[i] = i;
    #pragma omp ordered doacross(sink: i-1)
    b[i] = a[i-1];
    #pragma omp ordered doacross(source:)
    c[i] = a[i] + b[i];
  }
  for(int i = 1; i < N; i++){
    OMPVV_TEST_AND_SET(errors, a[i] != i);
    OMPVV_TEST_AND_SET(errors, b[i] != i-1)
    OMPVV_TEST_AND_SET(errors, c[i] != (i-1) + i);
  }
  return errors;

}

int main() {
   errors = 0;
   OMPVV_TEST_AND_SET_VERBOSE(errors, ordered_doacross() != 0);
   OMPVV_REPORT_AND_RETURN(errors);

}
","//===---- test_ordered_doacross.c -------------------------------------===//
//
// OpenMP API Version 5.2
//
// This example has been adapted from the 5.2 OpenMP Examples document:
// ""9.10 Doacross Loop Nest""
//
// OpenMP specification states that ""the doacross clause identifies cross-iteration
// dependences that imply additional constraints on the scheduling of loop iterations.""
// This test uses the arrays a, b, and c to test before the sink, after the sink, and
// after the source. Array b relies on the previous iteration, which changes array a,
// which would normally be a race condition. Doacross ensures that the previous iteration
// has already reached this point before changing b[i].
//
// The specification states that if the vector for source is ommited, it assumed to be
// omp_cur_iteration.
//===-------------------------------------------------------------------------------===//

#include <omp.h>
#include <stdio.h>
#include <stdlib.h>
#include ""ompvv.h""
#include <math.h>

#define N 1024

int errors;
int arr[N];

int ordered_doacross(){

  int a[N];
  int b[N];
  int c[N];
  a[0] = 0;
  b[0] = 0;
  c[0] = 0;

  #pragma omp parallel for ordered
  for(int i = 1; i < N; i++){
    a[i] = i;
    #pragma omp ordered doacross(sink: i-1)
    b[i] = a[i-1];
    /* ordered doacross source removed */
    c[i] = a[i] + b[i];
  }
  for(int i = 1; i < N; i++){
    OMPVV_TEST_AND_SET(errors, a[i] != i);
    OMPVV_TEST_AND_SET(errors, b[i] != i-1)
    OMPVV_TEST_AND_SET(errors, c[i] != (i-1) + i);
  }
  return errors;

}

int main() {
   errors = 0;
   OMPVV_TEST_AND_SET_VERBOSE(errors, ordered_doacross() != 0);
   OMPVV_REPORT_AND_RETURN(errors);

}
",openmp_batch_131_150_optionA_full_multivariant.csv,False,unknown,REMOVE_DEPENDENCY,ordered,dependency,tests/5.2/ordered,5.2
tests/5.2/ordered/test_ordered_doacross_omp_cur_iteration.c,ordered,ordered_doacross,REMOVE_DOACROSS_SINK,high,#pragma omp ordered doacross(sink: i-1),/* ordered doacross sink removed */,b[i] == i-1 and c[i] == (i-1)+i for all i,"cross-iteration dependence is removed, so b[i] may read stale a[i-1]",32,test_ordered_doacross_omp_cur_iteration_REMOVE_SINK.c,"//===---- test_ordered_doacross_omp_cur_iteration.c -------------------------------------===//
//
// OpenMP API Version 5.2
//
// This example has been adapted from the 5.2 OpenMP Examples document:
// ""9.10 Doacross Loop Nest""
//
// OpenMP specification states that ""the doacross clause identifies cross-iteration
// dependences that imply additional constraints on the scheduling of loop iterations.""
// This test uses the arrays a, b, and c to test before the sink, after the sink, and
// after the source. Array b relies on the previous iteration, which changes array a,
// which would normally be a race condition. Doacross ensures that the previous iteration
// has already reached this point before changing b[i].
//
// The specification states that if the vector for source is ommited, it assumed to be
// omp_cur_iteration.
//===-------------------------------------------------------------------------------===//

#include <omp.h>
#include <stdio.h>
#include <stdlib.h>
#include ""ompvv.h""
#include <math.h>

#define N 1024

int errors;
int arr[N];

int ordered_doacross(){

  int a[N];
  int b[N];
  int c[N];
  a[0] = 0;
  b[0] = 0;
  c[0] = 0;

  #pragma omp parallel for ordered
  for(int i = 1; i < N; i++){
    a[i] = i;
    #pragma omp ordered doacross(sink: i-1)
    b[i] = a[i-1];
    #pragma omp ordered doacross(source:omp_cur_iteration)
    c[i] = a[i] + b[i];
  }
  for(int i = 1; i < N; i++){
    OMPVV_TEST_AND_SET(errors, a[i] != i);
    OMPVV_TEST_AND_SET(errors, b[i] != i-1)
    OMPVV_TEST_AND_SET(errors, c[i] != (i-1) + i);
  }
  return errors;

}

int main() {
   errors = 0;
   OMPVV_TEST_AND_SET_VERBOSE(errors, ordered_doacross() != 0);
   OMPVV_REPORT_AND_RETURN(errors);

}
","//===---- test_ordered_doacross_omp_cur_iteration.c -------------------------------------===//
//
// OpenMP API Version 5.2
//
// This example has been adapted from the 5.2 OpenMP Examples document:
// ""9.10 Doacross Loop Nest""
//
// OpenMP specification states that ""the doacross clause identifies cross-iteration
// dependences that imply additional constraints on the scheduling of loop iterations.""
// This test uses the arrays a, b, and c to test before the sink, after the sink, and
// after the source. Array b relies on the previous iteration, which changes array a,
// which would normally be a race condition. Doacross ensures that the previous iteration
// has already reached this point before changing b[i].
//
// The specification states that if the vector for source is ommited, it assumed to be
// omp_cur_iteration.
//===-------------------------------------------------------------------------------===//

#include <omp.h>
#include <stdio.h>
#include <stdlib.h>
#include ""ompvv.h""
#include <math.h>

#define N 1024

int errors;
int arr[N];

int ordered_doacross(){

  int a[N];
  int b[N];
  int c[N];
  a[0] = 0;
  b[0] = 0;
  c[0] = 0;

  #pragma omp parallel for ordered
  for(int i = 1; i < N; i++){
    a[i] = i;
    /* ordered doacross sink removed */
    b[i] = a[i-1];
    #pragma omp ordered doacross(source:omp_cur_iteration)
    c[i] = a[i] + b[i];
  }
  for(int i = 1; i < N; i++){
    OMPVV_TEST_AND_SET(errors, a[i] != i);
    OMPVV_TEST_AND_SET(errors, b[i] != i-1)
    OMPVV_TEST_AND_SET(errors, c[i] != (i-1) + i);
  }
  return errors;

}

int main() {
   errors = 0;
   OMPVV_TEST_AND_SET_VERBOSE(errors, ordered_doacross() != 0);
   OMPVV_REPORT_AND_RETURN(errors);

}
",openmp_batch_131_150_optionA_full_multivariant.csv,False,unknown,REMOVE_DEPENDENCY,ordered,dependency,tests/5.2/ordered,5.2
tests/5.2/ordered/test_ordered_doacross_omp_cur_iteration.c,ordered,ordered_doacross,REMOVE_DOACROSS_SOURCE,high,#pragma omp ordered doacross(source:omp_cur_iteration),/* ordered doacross source removed */,b[i] == i-1 and c[i] == (i-1)+i for all i,source dependence event is not produced for sink operations,34,test_ordered_doacross_omp_cur_iteration_REMOVE_SOURCE.c,"//===---- test_ordered_doacross_omp_cur_iteration.c -------------------------------------===//
//
// OpenMP API Version 5.2
//
// This example has been adapted from the 5.2 OpenMP Examples document:
// ""9.10 Doacross Loop Nest""
//
// OpenMP specification states that ""the doacross clause identifies cross-iteration
// dependences that imply additional constraints on the scheduling of loop iterations.""
// This test uses the arrays a, b, and c to test before the sink, after the sink, and
// after the source. Array b relies on the previous iteration, which changes array a,
// which would normally be a race condition. Doacross ensures that the previous iteration
// has already reached this point before changing b[i].
//
// The specification states that if the vector for source is ommited, it assumed to be
// omp_cur_iteration.
//===-------------------------------------------------------------------------------===//

#include <omp.h>
#include <stdio.h>
#include <stdlib.h>
#include ""ompvv.h""
#include <math.h>

#define N 1024

int errors;
int arr[N];

int ordered_doacross(){

  int a[N];
  int b[N];
  int c[N];
  a[0] = 0;
  b[0] = 0;
  c[0] = 0;

  #pragma omp parallel for ordered
  for(int i = 1; i < N; i++){
    a[i] = i;
    #pragma omp ordered doacross(sink: i-1)
    b[i] = a[i-1];
    #pragma omp ordered doacross(source:omp_cur_iteration)
    c[i] = a[i] + b[i];
  }
  for(int i = 1; i < N; i++){
    OMPVV_TEST_AND_SET(errors, a[i] != i);
    OMPVV_TEST_AND_SET(errors, b[i] != i-1)
    OMPVV_TEST_AND_SET(errors, c[i] != (i-1) + i);
  }
  return errors;

}

int main() {
   errors = 0;
   OMPVV_TEST_AND_SET_VERBOSE(errors, ordered_doacross() != 0);
   OMPVV_REPORT_AND_RETURN(errors);

}
","//===---- test_ordered_doacross_omp_cur_iteration.c -------------------------------------===//
//
// OpenMP API Version 5.2
//
// This example has been adapted from the 5.2 OpenMP Examples document:
// ""9.10 Doacross Loop Nest""
//
// OpenMP specification states that ""the doacross clause identifies cross-iteration
// dependences that imply additional constraints on the scheduling of loop iterations.""
// This test uses the arrays a, b, and c to test before the sink, after the sink, and
// after the source. Array b relies on the previous iteration, which changes array a,
// which would normally be a race condition. Doacross ensures that the previous iteration
// has already reached this point before changing b[i].
//
// The specification states that if the vector for source is ommited, it assumed to be
// omp_cur_iteration.
//===-------------------------------------------------------------------------------===//

#include <omp.h>
#include <stdio.h>
#include <stdlib.h>
#include ""ompvv.h""
#include <math.h>

#define N 1024

int errors;
int arr[N];

int ordered_doacross(){

  int a[N];
  int b[N];
  int c[N];
  a[0] = 0;
  b[0] = 0;
  c[0] = 0;

  #pragma omp parallel for ordered
  for(int i = 1; i < N; i++){
    a[i] = i;
    #pragma omp ordered doacross(sink: i-1)
    b[i] = a[i-1];
    /* ordered doacross source removed */
    c[i] = a[i] + b[i];
  }
  for(int i = 1; i < N; i++){
    OMPVV_TEST_AND_SET(errors, a[i] != i);
    OMPVV_TEST_AND_SET(errors, b[i] != i-1)
    OMPVV_TEST_AND_SET(errors, c[i] != (i-1) + i);
  }
  return errors;

}

int main() {
   errors = 0;
   OMPVV_TEST_AND_SET_VERBOSE(errors, ordered_doacross() != 0);
   OMPVV_REPORT_AND_RETURN(errors);

}
",openmp_batch_131_150_optionA_full_multivariant.csv,False,unknown,REMOVE_DEPENDENCY,ordered,dependency,tests/5.2/ordered,5.2
tests/5.2/scope/test_scope_allocate_construct.c,scope,data_sharing,REMOVE_PRIVATE_FROM_SCOPE_ALLOCATE,medium,#pragma omp scope private(arr) allocate(allocator(omp_low_lat_mem_alloc) : arr),#pragma omp scope allocate(allocator(omp_low_lat_mem_alloc) : arr),arr[j] == j inside allocated private scope,allocate clause restrictions/semantics requiring private arr are broken,18,test_scope_allocate_REMOVE_PRIVATE.c,"//--------------- test_scope_allocate_construct.c ----------------------------//
//
// OpenMP API Version 5.2 Nov 2021
//
// This test checks that the scope directive with the allocate clause is
// working correctly.
// Note: restrictions for the allocate clause require that a private clause
// be present when allocate is used with scope.
// The allocator() argument to the allocate clause selects one of the
// predefined allocators which are listed under Table 6.3 on pg. 174
// in the specifications.
//
// In this test, the clause is used to allocate memory to an array of integers,
// which is then written to. Each section of the array is subsequently read
// to check if the correct integer values are present.
//----------------------------------------------------------------------------//

#include ""ompvv.h""
#include <omp.h>
#include <stdio.h>
#include <stdlib.h>

#define N 1024

int test_allocate() {
  int errors = 0;
  int arr[N];

  #pragma omp target parallel map(tofrom : errors)
  #pragma omp scope private(arr) allocate(allocator(omp_low_lat_mem_alloc) : arr)
  {
    int err = 0;
    for (int i = 0; i < N; i++) {
      arr[i] = i;
    }
    for (int j = 0; j < N; j++) {
      if (arr[j] != j)
        err++;
    }
    #pragma omp atomic update
    errors += err;
  }
  return errors;
}

int main() {
  int errors = 0;
  OMPVV_TEST_OFFLOADING;
  OMPVV_TEST_AND_SET_VERBOSE(errors, test_allocate() != 0);
  OMPVV_REPORT_AND_RETURN(errors);
}
","//--------------- test_scope_allocate_construct.c ----------------------------//
//
// OpenMP API Version 5.2 Nov 2021
//
// This test checks that the scope directive with the allocate clause is
// working correctly.
// Note: restrictions for the allocate clause require that a private clause
// be present when allocate is used with scope.
// The allocator() argument to the allocate clause selects one of the
// predefined allocators which are listed under Table 6.3 on pg. 174
// in the specifications.
//
// In this test, the clause is used to allocate memory to an array of integers,
// which is then written to. Each section of the array is subsequently read
// to check if the correct integer values are present.
//----------------------------------------------------------------------------//

#include ""ompvv.h""
#include <omp.h>
#include <stdio.h>
#include <stdlib.h>

#define N 1024

int test_allocate() {
  int errors = 0;
  int arr[N];

  #pragma omp target parallel map(tofrom : errors)
  #pragma omp scope allocate(allocator(omp_low_lat_mem_alloc) : arr)
  {
    int err = 0;
    for (int i = 0; i < N; i++) {
      arr[i] = i;
    }
    for (int j = 0; j < N; j++) {
      if (arr[j] != j)
        err++;
    }
    #pragma omp atomic update
    errors += err;
  }
  return errors;
}

int main() {
  int errors = 0;
  OMPVV_TEST_OFFLOADING;
  OMPVV_TEST_AND_SET_VERBOSE(errors, test_allocate() != 0);
  OMPVV_REPORT_AND_RETURN(errors);
}
",openmp_batch_131_150_optionA_full_multivariant.csv,False,unknown,REMOVE_CLAUSE,scope,data_sharing,tests/5.2/scope,5.2
tests/5.2/scope/test_scope_firstprivate_construct.c,scope,data_sharing,FIRSTPRIVATE_TO_PRIVATE,high,#pragma omp scope firstprivate(test_int),#pragma omp scope private(test_int),inside scope test_int == 2 and outside scope test_int == 1,private variable is not initialized from the original value,20,test_scope_firstprivate_TO_PRIVATE.c,"//--------------- test_scope_firstprivate_construct.c -----------------------------//
//
// OpenMP API Version 5.2 Nov 2021
//
// This test checks that the scope firstprivate construct clause is properly working.
// The test itself passes a test integer into the scope pragma and ensures that
// all changes made to it are not kept outside of the scope region.
//----------------------------------------------------------------------------//


#include <omp.h>
#include <stdio.h>
#include <stdlib.h>
#include ""ompvv.h""
#include <math.h>

int test_scope(){
        int errors = 0;
        int test_int = 1;
        #pragma omp target parallel map(tofrom: errors)
        {
                #pragma omp scope firstprivate(test_int)
                {
                        test_int += 1;
                        OMPVV_TEST_AND_SET(errors,test_int != 2);
                }
        }
        OMPVV_ERROR_IF(errors, ""firstprivate int is not updating correctly"");
        OMPVV_TEST_AND_SET_VERBOSE(errors,test_int != 1);
        OMPVV_INFOMSG_IF(test_int == 2, ""test int was not firstprivate"");
        return errors;
}

int main(){
        int errors = 0;
        OMPVV_TEST_OFFLOADING;
        OMPVV_TEST_AND_SET_VERBOSE(errors, test_scope() != 0);
        OMPVV_REPORT_AND_RETURN(errors);
}
","//--------------- test_scope_firstprivate_construct.c -----------------------------//
//
// OpenMP API Version 5.2 Nov 2021
//
// This test checks that the scope firstprivate construct clause is properly working.
// The test itself passes a test integer into the scope pragma and ensures that
// all changes made to it are not kept outside of the scope region.
//----------------------------------------------------------------------------//


#include <omp.h>
#include <stdio.h>
#include <stdlib.h>
#include ""ompvv.h""
#include <math.h>

int test_scope(){
        int errors = 0;
        int test_int = 1;
        #pragma omp target parallel map(tofrom: errors)
        {
                #pragma omp scope private(test_int)
                {
                        test_int += 1;
                        OMPVV_TEST_AND_SET(errors,test_int != 2);
                }
        }
        OMPVV_ERROR_IF(errors, ""firstprivate int is not updating correctly"");
        OMPVV_TEST_AND_SET_VERBOSE(errors,test_int != 1);
        OMPVV_INFOMSG_IF(test_int == 2, ""test int was not firstprivate"");
        return errors;
}

int main(){
        int errors = 0;
        OMPVV_TEST_OFFLOADING;
        OMPVV_TEST_AND_SET_VERBOSE(errors, test_scope() != 0);
        OMPVV_REPORT_AND_RETURN(errors);
}
",openmp_batch_131_150_optionA_full_multivariant.csv,False,unknown,CHANGE_CLAUSE,taskloop,data_sharing,tests/5.2/scope,5.2
tests/5.2/scope/test_scope_firstprivate_construct.c,scope,data_sharing,REMOVE_FIRSTPRIVATE,high,#pragma omp scope firstprivate(test_int),#pragma omp scope,outside scope test_int == 1,scope body updates shared outer test_int,20,test_scope_firstprivate_REMOVE_FIRSTPRIVATE.c,"//--------------- test_scope_firstprivate_construct.c -----------------------------//
//
// OpenMP API Version 5.2 Nov 2021
//
// This test checks that the scope firstprivate construct clause is properly working.
// The test itself passes a test integer into the scope pragma and ensures that
// all changes made to it are not kept outside of the scope region.
//----------------------------------------------------------------------------//


#include <omp.h>
#include <stdio.h>
#include <stdlib.h>
#include ""ompvv.h""
#include <math.h>

int test_scope(){
        int errors = 0;
        int test_int = 1;
        #pragma omp target parallel map(tofrom: errors)
        {
                #pragma omp scope firstprivate(test_int)
                {
                        test_int += 1;
                        OMPVV_TEST_AND_SET(errors,test_int != 2);
                }
        }
        OMPVV_ERROR_IF(errors, ""firstprivate int is not updating correctly"");
        OMPVV_TEST_AND_SET_VERBOSE(errors,test_int != 1);
        OMPVV_INFOMSG_IF(test_int == 2, ""test int was not firstprivate"");
        return errors;
}

int main(){
        int errors = 0;
        OMPVV_TEST_OFFLOADING;
        OMPVV_TEST_AND_SET_VERBOSE(errors, test_scope() != 0);
        OMPVV_REPORT_AND_RETURN(errors);
}
","//--------------- test_scope_firstprivate_construct.c -----------------------------//
//
// OpenMP API Version 5.2 Nov 2021
//
// This test checks that the scope firstprivate construct clause is properly working.
// The test itself passes a test integer into the scope pragma and ensures that
// all changes made to it are not kept outside of the scope region.
//----------------------------------------------------------------------------//


#include <omp.h>
#include <stdio.h>
#include <stdlib.h>
#include ""ompvv.h""
#include <math.h>

int test_scope(){
        int errors = 0;
        int test_int = 1;
        #pragma omp target parallel map(tofrom: errors)
        {
                #pragma omp scope
                {
                        test_int += 1;
                        OMPVV_TEST_AND_SET(errors,test_int != 2);
                }
        }
        OMPVV_ERROR_IF(errors, ""firstprivate int is not updating correctly"");
        OMPVV_TEST_AND_SET_VERBOSE(errors,test_int != 1);
        OMPVV_INFOMSG_IF(test_int == 2, ""test int was not firstprivate"");
        return errors;
}

int main(){
        int errors = 0;
        OMPVV_TEST_OFFLOADING;
        OMPVV_TEST_AND_SET_VERBOSE(errors, test_scope() != 0);
        OMPVV_REPORT_AND_RETURN(errors);
}
",openmp_batch_131_150_optionA_full_multivariant.csv,False,unknown,REMOVE_CLAUSE,scope,data_sharing,tests/5.2/scope,5.2
tests/6.0/assume/test_assume_noopenmpconstructs.c,assume,assumption,CAN_ASSUME_TRUE_TO_FALSE,medium,#define can_assume 1,#define can_assume 0,all four sums match expected values,assumption argument no longer states the intended true assumption,20,test_assume_noopenmpconstructs_CAN_ASSUME_TO_ZERO.c,"//--------------test_assume_noopenmpconstructs.c----------------------------------//
// OpenMP API Version 6.0 November 2024
// Pg. 900, line 22
// ***********
// DIRECTIVE:assume
// CLAUSE:no_openmp_constructs
// ***********
// The no_openmp_constructs clause is used to guarantee that the section of code
// which applies to the assumes directive does not contain any OpenMP
// constructs. The argument supplied to the clause is the ""can_assume"" int
// variable. If the variable is 1, the no_openmp_constructs assumes that the
// assumption is true. If the variable is 0, the clause assumes that the
// assumption is false. If the argument is not specified (empty) then the default
// assumption is true. If the clause is working correctly, then the array A will
// be updated with the expected values and the sum of those values will be
// checked for correctness.
//---------------------------------------------------------------------------------//
#include ""ompvv.h""
#include <omp.h>

#define N 10
#define can_assume 1
#define cannot_assume 0

int test_assumes_no_openmp_constructs() {
  int A[N] = {0};
  int errors = 0, sum = 0;
  int i;

  //parallel for construct
  #pragma omp assume no_openmp_constructs(cannot_assume)
  {
    #pragma omp parallel for
    for (i = 0; i < N; ++i) {
      A[i] = i + 1;
    }
  }

  for (i = 0; i < N; ++i) {
    sum += A[i];
    A[i] = 0;
  }

  if (sum != N * (N + 1) / 2)
    ++errors;

  sum = 0;

  //no constructs
  #pragma omp assume no_openmp_constructs(can_assume)
  {
    for (i = 0; i < N; ++i) {
      A[i] = 2 * (i + 1);
    }
  }

  for (i = 0; i < N; ++i) {
    sum += A[i];
    A[i] = 0;
  }
  if (sum != 2 * N * (N + 1) / 2)
    ++errors;

  sum = 0;
  //omp.h routine
  #pragma omp assume no_openmp_constructs(can_assume)
  {
    for (i = 0; i < N; ++i) {
      A[i] = 2 * (i + 1);
    }

    for (i = 0; i < N; ++i) {
      if (omp_in_parallel() == 0){
        sum += A[i];
        A[i] = 0;
      }
    }
  }

  if (sum != 2 * N * (N + 1) / 2)
    ++errors;

  sum = 0;

  //no constructs
  #pragma omp assume no_openmp_constructs
  {
    for (i = 0; i < N; ++i) {
      A[i] = 3 * (i + 1);
    }
  }

  for (i = 0; i < N; ++i) {
    sum += A[i];
  }

  if (sum != 3 * N * (N + 1) / 2)
    ++errors;

  return errors;
}

int main() {
  int errors = 0;
  OMPVV_TEST_AND_SET(errors, test_assumes_no_openmp_constructs() != 0);
  OMPVV_REPORT_AND_RETURN(errors);
  return errors;
}
","//--------------test_assume_noopenmpconstructs.c----------------------------------//
// OpenMP API Version 6.0 November 2024
// Pg. 900, line 22
// ***********
// DIRECTIVE:assume
// CLAUSE:no_openmp_constructs
// ***********
// The no_openmp_constructs clause is used to guarantee that the section of code
// which applies to the assumes directive does not contain any OpenMP
// constructs. The argument supplied to the clause is the ""can_assume"" int
// variable. If the variable is 1, the no_openmp_constructs assumes that the
// assumption is true. If the variable is 0, the clause assumes that the
// assumption is false. If the argument is not specified (empty) then the default
// assumption is true. If the clause is working correctly, then the array A will
// be updated with the expected values and the sum of those values will be
// checked for correctness.
//---------------------------------------------------------------------------------//
#include ""ompvv.h""
#include <omp.h>

#define N 10
#define can_assume 0
#define cannot_assume 0

int test_assumes_no_openmp_constructs() {
  int A[N] = {0};
  int errors = 0, sum = 0;
  int i;

  //parallel for construct
  #pragma omp assume no_openmp_constructs(cannot_assume)
  {
    #pragma omp parallel for
    for (i = 0; i < N; ++i) {
      A[i] = i + 1;
    }
  }

  for (i = 0; i < N; ++i) {
    sum += A[i];
    A[i] = 0;
  }

  if (sum != N * (N + 1) / 2)
    ++errors;

  sum = 0;

  //no constructs
  #pragma omp assume no_openmp_constructs(can_assume)
  {
    for (i = 0; i < N; ++i) {
      A[i] = 2 * (i + 1);
    }
  }

  for (i = 0; i < N; ++i) {
    sum += A[i];
    A[i] = 0;
  }
  if (sum != 2 * N * (N + 1) / 2)
    ++errors;

  sum = 0;
  //omp.h routine
  #pragma omp assume no_openmp_constructs(can_assume)
  {
    for (i = 0; i < N; ++i) {
      A[i] = 2 * (i + 1);
    }

    for (i = 0; i < N; ++i) {
      if (omp_in_parallel() == 0){
        sum += A[i];
        A[i] = 0;
      }
    }
  }

  if (sum != 2 * N * (N + 1) / 2)
    ++errors;

  sum = 0;

  //no constructs
  #pragma omp assume no_openmp_constructs
  {
    for (i = 0; i < N; ++i) {
      A[i] = 3 * (i + 1);
    }
  }

  for (i = 0; i < N; ++i) {
    sum += A[i];
  }

  if (sum != 3 * N * (N + 1) / 2)
    ++errors;

  return errors;
}

int main() {
  int errors = 0;
  OMPVV_TEST_AND_SET(errors, test_assumes_no_openmp_constructs() != 0);
  OMPVV_REPORT_AND_RETURN(errors);
  return errors;
}
",openmp_batch_131_150_optionA_full_multivariant.csv,False,unknown,CHANGE_CONDITION,assume,general_code,tests/6.0/assume,6.0
tests/6.0/assume/test_assume_noopenmpconstructs.c,assume,assumption,CANNOT_ASSUME_FALSE_TO_TRUE,medium,#define cannot_assume 0,#define cannot_assume 1,parallel construct region computes sum N*(N+1)/2,assume clause incorrectly claims no OpenMP constructs where parallel for exists,21,test_assume_noopenmpconstructs_CANNOT_ASSUME_TO_ONE.c,"//--------------test_assume_noopenmpconstructs.c----------------------------------//
// OpenMP API Version 6.0 November 2024
// Pg. 900, line 22
// ***********
// DIRECTIVE:assume
// CLAUSE:no_openmp_constructs
// ***********
// The no_openmp_constructs clause is used to guarantee that the section of code
// which applies to the assumes directive does not contain any OpenMP
// constructs. The argument supplied to the clause is the ""can_assume"" int
// variable. If the variable is 1, the no_openmp_constructs assumes that the
// assumption is true. If the variable is 0, the clause assumes that the
// assumption is false. If the argument is not specified (empty) then the default
// assumption is true. If the clause is working correctly, then the array A will
// be updated with the expected values and the sum of those values will be
// checked for correctness.
//---------------------------------------------------------------------------------//
#include ""ompvv.h""
#include <omp.h>

#define N 10
#define can_assume 1
#define cannot_assume 0

int test_assumes_no_openmp_constructs() {
  int A[N] = {0};
  int errors = 0, sum = 0;
  int i;

  //parallel for construct
  #pragma omp assume no_openmp_constructs(cannot_assume)
  {
    #pragma omp parallel for
    for (i = 0; i < N; ++i) {
      A[i] = i + 1;
    }
  }

  for (i = 0; i < N; ++i) {
    sum += A[i];
    A[i] = 0;
  }

  if (sum != N * (N + 1) / 2)
    ++errors;

  sum = 0;

  //no constructs
  #pragma omp assume no_openmp_constructs(can_assume)
  {
    for (i = 0; i < N; ++i) {
      A[i] = 2 * (i + 1);
    }
  }

  for (i = 0; i < N; ++i) {
    sum += A[i];
    A[i] = 0;
  }
  if (sum != 2 * N * (N + 1) / 2)
    ++errors;

  sum = 0;
  //omp.h routine
  #pragma omp assume no_openmp_constructs(can_assume)
  {
    for (i = 0; i < N; ++i) {
      A[i] = 2 * (i + 1);
    }

    for (i = 0; i < N; ++i) {
      if (omp_in_parallel() == 0){
        sum += A[i];
        A[i] = 0;
      }
    }
  }

  if (sum != 2 * N * (N + 1) / 2)
    ++errors;

  sum = 0;

  //no constructs
  #pragma omp assume no_openmp_constructs
  {
    for (i = 0; i < N; ++i) {
      A[i] = 3 * (i + 1);
    }
  }

  for (i = 0; i < N; ++i) {
    sum += A[i];
  }

  if (sum != 3 * N * (N + 1) / 2)
    ++errors;

  return errors;
}

int main() {
  int errors = 0;
  OMPVV_TEST_AND_SET(errors, test_assumes_no_openmp_constructs() != 0);
  OMPVV_REPORT_AND_RETURN(errors);
  return errors;
}
","//--------------test_assume_noopenmpconstructs.c----------------------------------//
// OpenMP API Version 6.0 November 2024
// Pg. 900, line 22
// ***********
// DIRECTIVE:assume
// CLAUSE:no_openmp_constructs
// ***********
// The no_openmp_constructs clause is used to guarantee that the section of code
// which applies to the assumes directive does not contain any OpenMP
// constructs. The argument supplied to the clause is the ""can_assume"" int
// variable. If the variable is 1, the no_openmp_constructs assumes that the
// assumption is true. If the variable is 0, the clause assumes that the
// assumption is false. If the argument is not specified (empty) then the default
// assumption is true. If the clause is working correctly, then the array A will
// be updated with the expected values and the sum of those values will be
// checked for correctness.
//---------------------------------------------------------------------------------//
#include ""ompvv.h""
#include <omp.h>

#define N 10
#define can_assume 1
#define cannot_assume 1

int test_assumes_no_openmp_constructs() {
  int A[N] = {0};
  int errors = 0, sum = 0;
  int i;

  //parallel for construct
  #pragma omp assume no_openmp_constructs(cannot_assume)
  {
    #pragma omp parallel for
    for (i = 0; i < N; ++i) {
      A[i] = i + 1;
    }
  }

  for (i = 0; i < N; ++i) {
    sum += A[i];
    A[i] = 0;
  }

  if (sum != N * (N + 1) / 2)
    ++errors;

  sum = 0;

  //no constructs
  #pragma omp assume no_openmp_constructs(can_assume)
  {
    for (i = 0; i < N; ++i) {
      A[i] = 2 * (i + 1);
    }
  }

  for (i = 0; i < N; ++i) {
    sum += A[i];
    A[i] = 0;
  }
  if (sum != 2 * N * (N + 1) / 2)
    ++errors;

  sum = 0;
  //omp.h routine
  #pragma omp assume no_openmp_constructs(can_assume)
  {
    for (i = 0; i < N; ++i) {
      A[i] = 2 * (i + 1);
    }

    for (i = 0; i < N; ++i) {
      if (omp_in_parallel() == 0){
        sum += A[i];
        A[i] = 0;
      }
    }
  }

  if (sum != 2 * N * (N + 1) / 2)
    ++errors;

  sum = 0;

  //no constructs
  #pragma omp assume no_openmp_constructs
  {
    for (i = 0; i < N; ++i) {
      A[i] = 3 * (i + 1);
    }
  }

  for (i = 0; i < N; ++i) {
    sum += A[i];
  }

  if (sum != 3 * N * (N + 1) / 2)
    ++errors;

  return errors;
}

int main() {
  int errors = 0;
  OMPVV_TEST_AND_SET(errors, test_assumes_no_openmp_constructs() != 0);
  OMPVV_REPORT_AND_RETURN(errors);
  return errors;
}
",openmp_batch_131_150_optionA_full_multivariant.csv,False,unknown,CHANGE_CONDITION,assume,general_code,tests/6.0/assume,6.0
tests/6.0/assume/test_assume_noopenmpconstructs.c,assume,loop_bounds,SKIP_LAST_ITERATION,high,for (i = 0; i < N; ++i) {,for (i = 0; i < N - 1; ++i) {,first sum == N*(N+1)/2,last element is not initialized in the parallel-for region,30,test_assume_noopenmpconstructs_SKIP_FIRST_REGION_LAST_ITER.c,"//--------------test_assume_noopenmpconstructs.c----------------------------------//
// OpenMP API Version 6.0 November 2024
// Pg. 900, line 22
// ***********
// DIRECTIVE:assume
// CLAUSE:no_openmp_constructs
// ***********
// The no_openmp_constructs clause is used to guarantee that the section of code
// which applies to the assumes directive does not contain any OpenMP
// constructs. The argument supplied to the clause is the ""can_assume"" int
// variable. If the variable is 1, the no_openmp_constructs assumes that the
// assumption is true. If the variable is 0, the clause assumes that the
// assumption is false. If the argument is not specified (empty) then the default
// assumption is true. If the clause is working correctly, then the array A will
// be updated with the expected values and the sum of those values will be
// checked for correctness.
//---------------------------------------------------------------------------------//
#include ""ompvv.h""
#include <omp.h>

#define N 10
#define can_assume 1
#define cannot_assume 0

int test_assumes_no_openmp_constructs() {
  int A[N] = {0};
  int errors = 0, sum = 0;
  int i;

  //parallel for construct
  #pragma omp assume no_openmp_constructs(cannot_assume)
  {
    #pragma omp parallel for
    for (i = 0; i < N; ++i) {
      A[i] = i + 1;
    }
  }

  for (i = 0; i < N; ++i) {
    sum += A[i];
    A[i] = 0;
  }

  if (sum != N * (N + 1) / 2)
    ++errors;

  sum = 0;

  //no constructs
  #pragma omp assume no_openmp_constructs(can_assume)
  {
    for (i = 0; i < N; ++i) {
      A[i] = 2 * (i + 1);
    }
  }

  for (i = 0; i < N; ++i) {
    sum += A[i];
    A[i] = 0;
  }
  if (sum != 2 * N * (N + 1) / 2)
    ++errors;

  sum = 0;
  //omp.h routine
  #pragma omp assume no_openmp_constructs(can_assume)
  {
    for (i = 0; i < N; ++i) {
      A[i] = 2 * (i + 1);
    }

    for (i = 0; i < N; ++i) {
      if (omp_in_parallel() == 0){
        sum += A[i];
        A[i] = 0;
      }
    }
  }

  if (sum != 2 * N * (N + 1) / 2)
    ++errors;

  sum = 0;

  //no constructs
  #pragma omp assume no_openmp_constructs
  {
    for (i = 0; i < N; ++i) {
      A[i] = 3 * (i + 1);
    }
  }

  for (i = 0; i < N; ++i) {
    sum += A[i];
  }

  if (sum != 3 * N * (N + 1) / 2)
    ++errors;

  return errors;
}

int main() {
  int errors = 0;
  OMPVV_TEST_AND_SET(errors, test_assumes_no_openmp_constructs() != 0);
  OMPVV_REPORT_AND_RETURN(errors);
  return errors;
}
","//--------------test_assume_noopenmpconstructs.c----------------------------------//
// OpenMP API Version 6.0 November 2024
// Pg. 900, line 22
// ***********
// DIRECTIVE:assume
// CLAUSE:no_openmp_constructs
// ***********
// The no_openmp_constructs clause is used to guarantee that the section of code
// which applies to the assumes directive does not contain any OpenMP
// constructs. The argument supplied to the clause is the ""can_assume"" int
// variable. If the variable is 1, the no_openmp_constructs assumes that the
// assumption is true. If the variable is 0, the clause assumes that the
// assumption is false. If the argument is not specified (empty) then the default
// assumption is true. If the clause is working correctly, then the array A will
// be updated with the expected values and the sum of those values will be
// checked for correctness.
//---------------------------------------------------------------------------------//
#include ""ompvv.h""
#include <omp.h>

#define N 10
#define can_assume 1
#define cannot_assume 0

int test_assumes_no_openmp_constructs() {
  int A[N] = {0};
  int errors = 0, sum = 0;
  int i;

  //parallel for construct
  #pragma omp assume no_openmp_constructs(cannot_assume)
  {
    #pragma omp parallel for
    for (i = 0; i < N - 1; ++i) {
      A[i] = i + 1;
    }
  }

  for (i = 0; i < N; ++i) {
    sum += A[i];
    A[i] = 0;
  }

  if (sum != N * (N + 1) / 2)
    ++errors;

  sum = 0;

  //no constructs
  #pragma omp assume no_openmp_constructs(can_assume)
  {
    for (i = 0; i < N; ++i) {
      A[i] = 2 * (i + 1);
    }
  }

  for (i = 0; i < N; ++i) {
    sum += A[i];
    A[i] = 0;
  }
  if (sum != 2 * N * (N + 1) / 2)
    ++errors;

  sum = 0;
  //omp.h routine
  #pragma omp assume no_openmp_constructs(can_assume)
  {
    for (i = 0; i < N; ++i) {
      A[i] = 2 * (i + 1);
    }

    for (i = 0; i < N; ++i) {
      if (omp_in_parallel() == 0){
        sum += A[i];
        A[i] = 0;
      }
    }
  }

  if (sum != 2 * N * (N + 1) / 2)
    ++errors;

  sum = 0;

  //no constructs
  #pragma omp assume no_openmp_constructs
  {
    for (i = 0; i < N; ++i) {
      A[i] = 3 * (i + 1);
    }
  }

  for (i = 0; i < N; ++i) {
    sum += A[i];
  }

  if (sum != 3 * N * (N + 1) / 2)
    ++errors;

  return errors;
}

int main() {
  int errors = 0;
  OMPVV_TEST_AND_SET(errors, test_assumes_no_openmp_constructs() != 0);
  OMPVV_REPORT_AND_RETURN(errors);
  return errors;
}
",openmp_batch_131_150_optionA_full_multivariant.csv,False,unknown,CHANGE_LOOP_BOUND,loop,loop,tests/6.0/assume,6.0
tests/6.0/assume/test_assume_noopenmpconstructs.c,assume,loop_body,WRONG_ASSIGNMENT_SCALE,high,A[i] = 2 * (i + 1);,A[i] = 3 * (i + 1);,third sum == 2*N*(N+1)/2,assignment uses wrong multiplier in the runtime-routine assume region,60,test_assume_noopenmpconstructs_WRONG_THIRD_SCALE.c,"//--------------test_assume_noopenmpconstructs.c----------------------------------//
// OpenMP API Version 6.0 November 2024
// Pg. 900, line 22
// ***********
// DIRECTIVE:assume
// CLAUSE:no_openmp_constructs
// ***********
// The no_openmp_constructs clause is used to guarantee that the section of code
// which applies to the assumes directive does not contain any OpenMP
// constructs. The argument supplied to the clause is the ""can_assume"" int
// variable. If the variable is 1, the no_openmp_constructs assumes that the
// assumption is true. If the variable is 0, the clause assumes that the
// assumption is false. If the argument is not specified (empty) then the default
// assumption is true. If the clause is working correctly, then the array A will
// be updated with the expected values and the sum of those values will be
// checked for correctness.
//---------------------------------------------------------------------------------//
#include ""ompvv.h""
#include <omp.h>

#define N 10
#define can_assume 1
#define cannot_assume 0

int test_assumes_no_openmp_constructs() {
  int A[N] = {0};
  int errors = 0, sum = 0;
  int i;

  //parallel for construct
  #pragma omp assume no_openmp_constructs(cannot_assume)
  {
    #pragma omp parallel for
    for (i = 0; i < N; ++i) {
      A[i] = i + 1;
    }
  }

  for (i = 0; i < N; ++i) {
    sum += A[i];
    A[i] = 0;
  }

  if (sum != N * (N + 1) / 2)
    ++errors;

  sum = 0;

  //no constructs
  #pragma omp assume no_openmp_constructs(can_assume)
  {
    for (i = 0; i < N; ++i) {
      A[i] = 2 * (i + 1);
    }
  }

  for (i = 0; i < N; ++i) {
    sum += A[i];
    A[i] = 0;
  }
  if (sum != 2 * N * (N + 1) / 2)
    ++errors;

  sum = 0;
  //omp.h routine
  #pragma omp assume no_openmp_constructs(can_assume)
  {
    for (i = 0; i < N; ++i) {
      A[i] = 2 * (i + 1);
    }

    for (i = 0; i < N; ++i) {
      if (omp_in_parallel() == 0){
        sum += A[i];
        A[i] = 0;
      }
    }
  }

  if (sum != 2 * N * (N + 1) / 2)
    ++errors;

  sum = 0;

  //no constructs
  #pragma omp assume no_openmp_constructs
  {
    for (i = 0; i < N; ++i) {
      A[i] = 3 * (i + 1);
    }
  }

  for (i = 0; i < N; ++i) {
    sum += A[i];
  }

  if (sum != 3 * N * (N + 1) / 2)
    ++errors;

  return errors;
}

int main() {
  int errors = 0;
  OMPVV_TEST_AND_SET(errors, test_assumes_no_openmp_constructs() != 0);
  OMPVV_REPORT_AND_RETURN(errors);
  return errors;
}
","//--------------test_assume_noopenmpconstructs.c----------------------------------//
// OpenMP API Version 6.0 November 2024
// Pg. 900, line 22
// ***********
// DIRECTIVE:assume
// CLAUSE:no_openmp_constructs
// ***********
// The no_openmp_constructs clause is used to guarantee that the section of code
// which applies to the assumes directive does not contain any OpenMP
// constructs. The argument supplied to the clause is the ""can_assume"" int
// variable. If the variable is 1, the no_openmp_constructs assumes that the
// assumption is true. If the variable is 0, the clause assumes that the
// assumption is false. If the argument is not specified (empty) then the default
// assumption is true. If the clause is working correctly, then the array A will
// be updated with the expected values and the sum of those values will be
// checked for correctness.
//---------------------------------------------------------------------------------//
#include ""ompvv.h""
#include <omp.h>

#define N 10
#define can_assume 1
#define cannot_assume 0

int test_assumes_no_openmp_constructs() {
  int A[N] = {0};
  int errors = 0, sum = 0;
  int i;

  //parallel for construct
  #pragma omp assume no_openmp_constructs(cannot_assume)
  {
    #pragma omp parallel for
    for (i = 0; i < N; ++i) {
      A[i] = i + 1;
    }
  }

  for (i = 0; i < N; ++i) {
    sum += A[i];
    A[i] = 0;
  }

  if (sum != N * (N + 1) / 2)
    ++errors;

  sum = 0;

  //no constructs
  #pragma omp assume no_openmp_constructs(can_assume)
  {
    for (i = 0; i < N; ++i) {
      A[i] = 2 * (i + 1);
    }
  }

  for (i = 0; i < N; ++i) {
    sum += A[i];
    A[i] = 0;
  }
  if (sum != 2 * N * (N + 1) / 2)
    ++errors;

  sum = 0;
  //omp.h routine
  #pragma omp assume no_openmp_constructs(can_assume)
  {
    for (i = 0; i < N; ++i) {
      A[i] = 3 * (i + 1);
    }

    for (i = 0; i < N; ++i) {
      if (omp_in_parallel() == 0){
        sum += A[i];
        A[i] = 0;
      }
    }
  }

  if (sum != 2 * N * (N + 1) / 2)
    ++errors;

  sum = 0;

  //no constructs
  #pragma omp assume no_openmp_constructs
  {
    for (i = 0; i < N; ++i) {
      A[i] = 3 * (i + 1);
    }
  }

  for (i = 0; i < N; ++i) {
    sum += A[i];
  }

  if (sum != 3 * N * (N + 1) / 2)
    ++errors;

  return errors;
}

int main() {
  int errors = 0;
  OMPVV_TEST_AND_SET(errors, test_assumes_no_openmp_constructs() != 0);
  OMPVV_REPORT_AND_RETURN(errors);
  return errors;
}
",openmp_batch_131_150_optionA_full_multivariant.csv,False,unknown,CHANGE_ASSIGNMENT,assume,general_code,tests/6.0/assume,6.0
tests/6.0/fuse/test_fuse_apply_looprange.c,fuse,loop_bounds,SKIP_LAST_ITERATION,high,for (j = 0; j < N; ++j),for (j = 0; j < N - 1; ++j),A[0][j] == j + 1 for all j,last element of A[0] remains zero,26,test_fuse_apply_looprange_SKIP_LAST_LOOP0.c,"//-------------- test_fuse_apply_looprange.c----------------------------------//
// OpenMP API Version 6.0 August 2024
// Pg. 868, line 16
// ***********
// DIRECTIVE:fuse
// CLAUSE:apply, looprange
// ***********
// The looprange clause for the fuse directive is being tested with the apply
// clause. The looprange clause takes count of the number of loops (4) and
// begins fusion at loop 2 (left value). 2 loops are specified as the right
// value, so only 2 consecutive loops will be merged. Thus, the number of
// remaining loops will be 3. The apply clause performs an unroll transformation
// on the fused loop resulting from the application of looprange. If the array
// updates occur incorrectly during fusion, the test will fail.
//----------------------------------------------------------------------------//
#include ""ompvv.h""

#define N 4

int test_apply_looprange() {
  int A[4][N] = {0};
  int errors = 0;
  int j;

  #pragma omp fuse apply(fused : unroll) looprange(2, 2)
  {
    for (j = 0; j < N; ++j)
      A[0][j] = j + 1;
    for (j = 0; j < N; ++j)
      A[1][j] = N + j + 1;
    for (j = 0; j < N; ++j)
      A[2][j] = 2 * N + j + 1;
    for (j = 0; j < N; ++j)
      A[3][j] = 3 * N + j + 1;
  }

  for (int i = 0; i < 4; ++i) {
    for (j = 0; j < N; ++j) {
      if (A[i][j] != i * N + j + 1)
        ++errors;
    }
  }

  return errors;
}

int main() {
  int errors = 0;
  OMPVV_TEST_AND_SET(errors, test_apply_looprange() != 0);
  OMPVV_REPORT_AND_RETURN(errors);
  return errors;
}
","//-------------- test_fuse_apply_looprange.c----------------------------------//
// OpenMP API Version 6.0 August 2024
// Pg. 868, line 16
// ***********
// DIRECTIVE:fuse
// CLAUSE:apply, looprange
// ***********
// The looprange clause for the fuse directive is being tested with the apply
// clause. The looprange clause takes count of the number of loops (4) and
// begins fusion at loop 2 (left value). 2 loops are specified as the right
// value, so only 2 consecutive loops will be merged. Thus, the number of
// remaining loops will be 3. The apply clause performs an unroll transformation
// on the fused loop resulting from the application of looprange. If the array
// updates occur incorrectly during fusion, the test will fail.
//----------------------------------------------------------------------------//
#include ""ompvv.h""

#define N 4

int test_apply_looprange() {
  int A[4][N] = {0};
  int errors = 0;
  int j;

  #pragma omp fuse apply(fused : unroll) looprange(2, 2)
  {
    for (j = 0; j < N - 1; ++j)
      A[0][j] = j + 1;
    for (j = 0; j < N; ++j)
      A[1][j] = N + j + 1;
    for (j = 0; j < N; ++j)
      A[2][j] = 2 * N + j + 1;
    for (j = 0; j < N; ++j)
      A[3][j] = 3 * N + j + 1;
  }

  for (int i = 0; i < 4; ++i) {
    for (j = 0; j < N; ++j) {
      if (A[i][j] != i * N + j + 1)
        ++errors;
    }
  }

  return errors;
}

int main() {
  int errors = 0;
  OMPVV_TEST_AND_SET(errors, test_apply_looprange() != 0);
  OMPVV_REPORT_AND_RETURN(errors);
  return errors;
}
",openmp_batch_151_170_optionA_full_multivariant.csv,False,unknown,CHANGE_LOOP_BOUND,loop,loop,tests/6.0/fuse,6.0
tests/6.0/fuse/test_fuse_apply_looprange.c,fuse,loop_body,WRONG_ASSIGNMENT,high,A[2][j] = 2 * N + j + 1;,A[2][j] = 2 * N + j;,A[2][j] == 2*N + j + 1 for all j,third logical loop writes values one too small,30,test_fuse_apply_looprange_WRONG_ASSIGN_LOOP2.c,"//-------------- test_fuse_apply_looprange.c----------------------------------//
// OpenMP API Version 6.0 August 2024
// Pg. 868, line 16
// ***********
// DIRECTIVE:fuse
// CLAUSE:apply, looprange
// ***********
// The looprange clause for the fuse directive is being tested with the apply
// clause. The looprange clause takes count of the number of loops (4) and
// begins fusion at loop 2 (left value). 2 loops are specified as the right
// value, so only 2 consecutive loops will be merged. Thus, the number of
// remaining loops will be 3. The apply clause performs an unroll transformation
// on the fused loop resulting from the application of looprange. If the array
// updates occur incorrectly during fusion, the test will fail.
//----------------------------------------------------------------------------//
#include ""ompvv.h""

#define N 4

int test_apply_looprange() {
  int A[4][N] = {0};
  int errors = 0;
  int j;

  #pragma omp fuse apply(fused : unroll) looprange(2, 2)
  {
    for (j = 0; j < N; ++j)
      A[0][j] = j + 1;
    for (j = 0; j < N; ++j)
      A[1][j] = N + j + 1;
    for (j = 0; j < N; ++j)
      A[2][j] = 2 * N + j + 1;
    for (j = 0; j < N; ++j)
      A[3][j] = 3 * N + j + 1;
  }

  for (int i = 0; i < 4; ++i) {
    for (j = 0; j < N; ++j) {
      if (A[i][j] != i * N + j + 1)
        ++errors;
    }
  }

  return errors;
}

int main() {
  int errors = 0;
  OMPVV_TEST_AND_SET(errors, test_apply_looprange() != 0);
  OMPVV_REPORT_AND_RETURN(errors);
  return errors;
}
","//-------------- test_fuse_apply_looprange.c----------------------------------//
// OpenMP API Version 6.0 August 2024
// Pg. 868, line 16
// ***********
// DIRECTIVE:fuse
// CLAUSE:apply, looprange
// ***********
// The looprange clause for the fuse directive is being tested with the apply
// clause. The looprange clause takes count of the number of loops (4) and
// begins fusion at loop 2 (left value). 2 loops are specified as the right
// value, so only 2 consecutive loops will be merged. Thus, the number of
// remaining loops will be 3. The apply clause performs an unroll transformation
// on the fused loop resulting from the application of looprange. If the array
// updates occur incorrectly during fusion, the test will fail.
//----------------------------------------------------------------------------//
#include ""ompvv.h""

#define N 4

int test_apply_looprange() {
  int A[4][N] = {0};
  int errors = 0;
  int j;

  #pragma omp fuse apply(fused : unroll) looprange(2, 2)
  {
    for (j = 0; j < N; ++j)
      A[0][j] = j + 1;
    for (j = 0; j < N; ++j)
      A[1][j] = N + j + 1;
    for (j = 0; j < N; ++j)
      A[2][j] = 2 * N + j;
    for (j = 0; j < N; ++j)
      A[3][j] = 3 * N + j + 1;
  }

  for (int i = 0; i < 4; ++i) {
    for (j = 0; j < N; ++j) {
      if (A[i][j] != i * N + j + 1)
        ++errors;
    }
  }

  return errors;
}

int main() {
  int errors = 0;
  OMPVV_TEST_AND_SET(errors, test_apply_looprange() != 0);
  OMPVV_REPORT_AND_RETURN(errors);
  return errors;
}
",openmp_batch_151_170_optionA_full_multivariant.csv,False,unknown,CHANGE_ASSIGNMENT,fuse,general_code,tests/6.0/fuse,6.0
tests/6.0/fuse/test_fuse_looprange.c,fuse,loop_bounds,SKIP_LAST_ITERATION,high,for (j = 0; j < N; ++j),for (j = 0; j < N - 1; ++j),A[0][j] == j + 1 for all j,last element of A[0] remains zero,26,test_fuse_looprange_SKIP_LAST_LOOP0.c,"//--------------- test_fuse_looprange.c---------------------------------------//
// OpenMP API Version 6.0 August 2024
// Pg. 868, line 16
// ***********
// DIRECTIVE:fuse
// CLAUSE:looprange
// ***********
// The looprange clause for the fuse directive is being tested. The clause takes
// counts the number of loops (4) and begins fusion at loop 2 (left value). 2
// loops are specified as the right value, so only 2 consecutive loops will be
// merged. Thus, the number of remaining loops will be 3. If the array updates
// occur incorrectly during fusion, the test will fail.
//----------------------------------------------------------------------------//
#include ""ompvv.h""

#define N 4

int test_looprange() {
  int A[4][N] = {0};
  int errors = 0;
  int j;

  #pragma omp fuse looprange(2, 2)
  {
    for (j = 0; j < N; ++j)
      A[0][j] = j + 1;
    for (j = 0; j < N; ++j)
      A[1][j] = N + j + 1;
    for (j = 0; j < N; ++j)
      A[2][j] = 2 * N + j + 1;
    for (j = 0; j < N; ++j)
      A[3][j] = 3 * N + j + 1;
  }

  for (int i = 0; i < 4; ++i) {
    for (j = 0; j < N; ++j) {
      if (A[i][j] != i * N + j + 1)
        ++errors;
    }
  }

  return errors;
}

int main() {
  int errors = 0;
  OMPVV_TEST_AND_SET(errors, test_looprange() != 0);
  OMPVV_REPORT_AND_RETURN(errors);
  return errors;
}
","//--------------- test_fuse_looprange.c---------------------------------------//
// OpenMP API Version 6.0 August 2024
// Pg. 868, line 16
// ***********
// DIRECTIVE:fuse
// CLAUSE:looprange
// ***********
// The looprange clause for the fuse directive is being tested. The clause takes
// counts the number of loops (4) and begins fusion at loop 2 (left value). 2
// loops are specified as the right value, so only 2 consecutive loops will be
// merged. Thus, the number of remaining loops will be 3. If the array updates
// occur incorrectly during fusion, the test will fail.
//----------------------------------------------------------------------------//
#include ""ompvv.h""

#define N 4

int test_looprange() {
  int A[4][N] = {0};
  int errors = 0;
  int j;

  #pragma omp fuse looprange(2, 2)
  {
    for (j = 0; j < N - 1; ++j)
      A[0][j] = j + 1;
    for (j = 0; j < N; ++j)
      A[1][j] = N + j + 1;
    for (j = 0; j < N; ++j)
      A[2][j] = 2 * N + j + 1;
    for (j = 0; j < N; ++j)
      A[3][j] = 3 * N + j + 1;
  }

  for (int i = 0; i < 4; ++i) {
    for (j = 0; j < N; ++j) {
      if (A[i][j] != i * N + j + 1)
        ++errors;
    }
  }

  return errors;
}

int main() {
  int errors = 0;
  OMPVV_TEST_AND_SET(errors, test_looprange() != 0);
  OMPVV_REPORT_AND_RETURN(errors);
  return errors;
}
",openmp_batch_151_170_optionA_full_multivariant.csv,False,unknown,CHANGE_LOOP_BOUND,loop,loop,tests/6.0/fuse,6.0
tests/6.0/fuse/test_fuse_looprange.c,fuse,loop_body,WRONG_ASSIGNMENT,high,A[2][j] = 2 * N + j + 1;,A[2][j] = 2 * N + j;,A[2][j] == 2*N + j + 1 for all j,third logical loop writes values one too small,30,test_fuse_looprange_WRONG_ASSIGN_LOOP2.c,"//--------------- test_fuse_looprange.c---------------------------------------//
// OpenMP API Version 6.0 August 2024
// Pg. 868, line 16
// ***********
// DIRECTIVE:fuse
// CLAUSE:looprange
// ***********
// The looprange clause for the fuse directive is being tested. The clause takes
// counts the number of loops (4) and begins fusion at loop 2 (left value). 2
// loops are specified as the right value, so only 2 consecutive loops will be
// merged. Thus, the number of remaining loops will be 3. If the array updates
// occur incorrectly during fusion, the test will fail.
//----------------------------------------------------------------------------//
#include ""ompvv.h""

#define N 4

int test_looprange() {
  int A[4][N] = {0};
  int errors = 0;
  int j;

  #pragma omp fuse looprange(2, 2)
  {
    for (j = 0; j < N; ++j)
      A[0][j] = j + 1;
    for (j = 0; j < N; ++j)
      A[1][j] = N + j + 1;
    for (j = 0; j < N; ++j)
      A[2][j] = 2 * N + j + 1;
    for (j = 0; j < N; ++j)
      A[3][j] = 3 * N + j + 1;
  }

  for (int i = 0; i < 4; ++i) {
    for (j = 0; j < N; ++j) {
      if (A[i][j] != i * N + j + 1)
        ++errors;
    }
  }

  return errors;
}

int main() {
  int errors = 0;
  OMPVV_TEST_AND_SET(errors, test_looprange() != 0);
  OMPVV_REPORT_AND_RETURN(errors);
  return errors;
}
","//--------------- test_fuse_looprange.c---------------------------------------//
// OpenMP API Version 6.0 August 2024
// Pg. 868, line 16
// ***********
// DIRECTIVE:fuse
// CLAUSE:looprange
// ***********
// The looprange clause for the fuse directive is being tested. The clause takes
// counts the number of loops (4) and begins fusion at loop 2 (left value). 2
// loops are specified as the right value, so only 2 consecutive loops will be
// merged. Thus, the number of remaining loops will be 3. If the array updates
// occur incorrectly during fusion, the test will fail.
//----------------------------------------------------------------------------//
#include ""ompvv.h""

#define N 4

int test_looprange() {
  int A[4][N] = {0};
  int errors = 0;
  int j;

  #pragma omp fuse looprange(2, 2)
  {
    for (j = 0; j < N; ++j)
      A[0][j] = j + 1;
    for (j = 0; j < N; ++j)
      A[1][j] = N + j + 1;
    for (j = 0; j < N; ++j)
      A[2][j] = 2 * N + j;
    for (j = 0; j < N; ++j)
      A[3][j] = 3 * N + j + 1;
  }

  for (int i = 0; i < 4; ++i) {
    for (j = 0; j < N; ++j) {
      if (A[i][j] != i * N + j + 1)
        ++errors;
    }
  }

  return errors;
}

int main() {
  int errors = 0;
  OMPVV_TEST_AND_SET(errors, test_looprange() != 0);
  OMPVV_REPORT_AND_RETURN(errors);
  return errors;
}
",openmp_batch_151_170_optionA_full_multivariant.csv,False,unknown,CHANGE_ASSIGNMENT,fuse,general_code,tests/6.0/fuse,6.0
tests/6.0/map-type_modifier/test_map-type_modifier_default.c,map-type_modifier,mapping,EXIT_DATA_FROM_TO_DELETE,high,#pragma omp target exit data map(from: a),#pragma omp target exit data map(delete: a),a == N after target exit data,target-updated a is deleted instead of copied back,27,test_map_type_modifier_default_EXIT_FROM_TO_DELETE.c,"//--------------test_map-type_modifier_default.c-----------------------------------//
// OpenMP API Version 6.0 November 2024
// Pg. 899, line 12
// ***********
// DIRECTIVE:target
// CLAUSE:map
// ***********
// The default properties behavior of the map-type modifier supplied to the map
// clause is being tested. Providing the present modifier with no additional
// map-type modifier ensures that more than one modifier is not needed for
// the map. This is in accordance with the modifier defaults column in Table 5.1
// on page 159. If a tofrom behavior is observed at runtime, then the test passes.
//---------------------------------------------------------------------------------//
#include ""ompvv.h""

#define N 2

int test_maptype_modifier_default() {
  int errors = 0, a = 1;

  #pragma omp target enter data map(to : a)

  #pragma omp target map(present: a)
  {
    a = a * N;
  }

  #pragma omp target exit data map(from: a)

  OMPVV_TEST_AND_SET_VERBOSE(errors, a != N)
  return errors;
}

int main() {
  int errors = 0;
  OMPVV_TEST_AND_SET(errors, test_maptype_modifier_default() != 0);
  OMPVV_REPORT_AND_RETURN(errors);
  return errors;
}
","//--------------test_map-type_modifier_default.c-----------------------------------//
// OpenMP API Version 6.0 November 2024
// Pg. 899, line 12
// ***********
// DIRECTIVE:target
// CLAUSE:map
// ***********
// The default properties behavior of the map-type modifier supplied to the map
// clause is being tested. Providing the present modifier with no additional
// map-type modifier ensures that more than one modifier is not needed for
// the map. This is in accordance with the modifier defaults column in Table 5.1
// on page 159. If a tofrom behavior is observed at runtime, then the test passes.
//---------------------------------------------------------------------------------//
#include ""ompvv.h""

#define N 2

int test_maptype_modifier_default() {
  int errors = 0, a = 1;

  #pragma omp target enter data map(to : a)

  #pragma omp target map(present: a)
  {
    a = a * N;
  }

  #pragma omp target exit data map(delete: a)

  OMPVV_TEST_AND_SET_VERBOSE(errors, a != N)
  return errors;
}

int main() {
  int errors = 0;
  OMPVV_TEST_AND_SET(errors, test_maptype_modifier_default() != 0);
  OMPVV_REPORT_AND_RETURN(errors);
  return errors;
}
",openmp_batch_151_170_optionA_full_multivariant.csv,False,unknown,CHANGE_MAPPING,target_mapping,mapping,tests/6.0/map-type_modifier,6.0
tests/6.0/map-type_modifier/test_map-type_modifier_default.c,map-type_modifier,loop_body,WRONG_ASSIGNMENT,high,a = a * N;,a = a + N;,a == N after target update,target update computes the wrong value,24,test_map_type_modifier_default_WRONG_UPDATE.c,"//--------------test_map-type_modifier_default.c-----------------------------------//
// OpenMP API Version 6.0 November 2024
// Pg. 899, line 12
// ***********
// DIRECTIVE:target
// CLAUSE:map
// ***********
// The default properties behavior of the map-type modifier supplied to the map
// clause is being tested. Providing the present modifier with no additional
// map-type modifier ensures that more than one modifier is not needed for
// the map. This is in accordance with the modifier defaults column in Table 5.1
// on page 159. If a tofrom behavior is observed at runtime, then the test passes.
//---------------------------------------------------------------------------------//
#include ""ompvv.h""

#define N 2

int test_maptype_modifier_default() {
  int errors = 0, a = 1;

  #pragma omp target enter data map(to : a)

  #pragma omp target map(present: a)
  {
    a = a * N;
  }

  #pragma omp target exit data map(from: a)

  OMPVV_TEST_AND_SET_VERBOSE(errors, a != N)
  return errors;
}

int main() {
  int errors = 0;
  OMPVV_TEST_AND_SET(errors, test_maptype_modifier_default() != 0);
  OMPVV_REPORT_AND_RETURN(errors);
  return errors;
}
","//--------------test_map-type_modifier_default.c-----------------------------------//
// OpenMP API Version 6.0 November 2024
// Pg. 899, line 12
// ***********
// DIRECTIVE:target
// CLAUSE:map
// ***********
// The default properties behavior of the map-type modifier supplied to the map
// clause is being tested. Providing the present modifier with no additional
// map-type modifier ensures that more than one modifier is not needed for
// the map. This is in accordance with the modifier defaults column in Table 5.1
// on page 159. If a tofrom behavior is observed at runtime, then the test passes.
//---------------------------------------------------------------------------------//
#include ""ompvv.h""

#define N 2

int test_maptype_modifier_default() {
  int errors = 0, a = 1;

  #pragma omp target enter data map(to : a)

  #pragma omp target map(present: a)
  {
    a = a + N;
  }

  #pragma omp target exit data map(from: a)

  OMPVV_TEST_AND_SET_VERBOSE(errors, a != N)
  return errors;
}

int main() {
  int errors = 0;
  OMPVV_TEST_AND_SET(errors, test_maptype_modifier_default() != 0);
  OMPVV_REPORT_AND_RETURN(errors);
  return errors;
}
",openmp_batch_151_170_optionA_full_multivariant.csv,False,unknown,CHANGE_ASSIGNMENT,fuse,general_code,tests/6.0/map-type_modifier,6.0
tests/6.0/modifiers/test_directive_name_modifier.c,modifiers,data_sharing,FIRSTPRIVATE_TARGET_TO_PRIVATE,high,#pragma omp target teams distribute firstprivate(target : shared_value) num_teams(M) \,#pragma omp target teams distribute private(shared_value) num_teams(M) \,shared_value == 0 and final_shared == N after target firstprivate region,"private value is not initialized from shared_value, breaking target firstprivate behavior",23,test_directive_name_modifier_FIRSTPRIVATE_TARGET_TO_PRIVATE.c,"//--------------- test_directive_name_modifier.c -----------------------------//
// OpenMP API Version 6.0 November 2024
// Pg. 898, line 3
// CLAUSE:firstprivate
// All modifiers to clauses were extended to accept directive-name-modifiers.
// In this case, the firstprivate clause is being used with the target
// directive-name-modifier. If the threads correctly firstprivatize
// shared_value, then the test will pass.
//----------------------------------------------------------------------------//

#include ""ompvv.h""
#include <omp.h>

#define N 1000
#define M OMPVV_NUM_TEAMS_DEVICE

int test_directive_name_modifier() {
  int errors = 0;
  int shared_value = 0;
  int final_shared = 0;
  int i = 0;

  #pragma omp target teams distribute firstprivate(target : shared_value) num_teams(M) \
    map(from : final_shared)
  for (i = 0; i < N; ++i) {
    #pragma omp atomic update
    shared_value++;
    #pragma omp atomic write
    final_shared = shared_value;
  }
  OMPVV_TEST_AND_SET(errors, shared_value != 0);
  OMPVV_TEST_AND_SET(errors, final_shared != N);

  shared_value = 5;
  int shared_val_arr[M] = {-1};

  #pragma omp target teams distribute firstprivate(teams : shared_value) num_teams(M) \
    map(from : shared_val_arr)
  for (i = 0; i < M; ++i) {
    shared_value += omp_get_team_num();
    shared_val_arr[omp_get_team_num()] = shared_value;
  }

  for (i = 0; i < M; ++i) {
    OMPVV_TEST_AND_SET(errors, shared_val_arr[i] != 5 + i);
  }
  OMPVV_TEST_AND_SET(errors, shared_value != 5);

  return errors;
}

int main() {
  int errors = 0;
  OMPVV_TEST_OFFLOADING;
  OMPVV_TEST_AND_SET(errors, test_directive_name_modifier() != 0);
  OMPVV_REPORT_AND_RETURN(errors);
  return errors;
}
","//--------------- test_directive_name_modifier.c -----------------------------//
// OpenMP API Version 6.0 November 2024
// Pg. 898, line 3
// CLAUSE:firstprivate
// All modifiers to clauses were extended to accept directive-name-modifiers.
// In this case, the firstprivate clause is being used with the target
// directive-name-modifier. If the threads correctly firstprivatize
// shared_value, then the test will pass.
//----------------------------------------------------------------------------//

#include ""ompvv.h""
#include <omp.h>

#define N 1000
#define M OMPVV_NUM_TEAMS_DEVICE

int test_directive_name_modifier() {
  int errors = 0;
  int shared_value = 0;
  int final_shared = 0;
  int i = 0;

  #pragma omp target teams distribute private(shared_value) num_teams(M) \
    map(from : final_shared)
  for (i = 0; i < N; ++i) {
    #pragma omp atomic update
    shared_value++;
    #pragma omp atomic write
    final_shared = shared_value;
  }
  OMPVV_TEST_AND_SET(errors, shared_value != 0);
  OMPVV_TEST_AND_SET(errors, final_shared != N);

  shared_value = 5;
  int shared_val_arr[M] = {-1};

  #pragma omp target teams distribute firstprivate(teams : shared_value) num_teams(M) \
    map(from : shared_val_arr)
  for (i = 0; i < M; ++i) {
    shared_value += omp_get_team_num();
    shared_val_arr[omp_get_team_num()] = shared_value;
  }

  for (i = 0; i < M; ++i) {
    OMPVV_TEST_AND_SET(errors, shared_val_arr[i] != 5 + i);
  }
  OMPVV_TEST_AND_SET(errors, shared_value != 5);

  return errors;
}

int main() {
  int errors = 0;
  OMPVV_TEST_OFFLOADING;
  OMPVV_TEST_AND_SET(errors, test_directive_name_modifier() != 0);
  OMPVV_REPORT_AND_RETURN(errors);
  return errors;
}
",openmp_batch_151_170_optionA_full_multivariant.csv,False,unknown,CHANGE_CLAUSE,modifiers,data_sharing,tests/6.0/modifiers,6.0
tests/6.0/modifiers/test_directive_name_modifier.c,modifiers,synchronization,REMOVE_ATOMIC_UPDATE,high,#pragma omp atomic update,/* atomic update removed */,final_shared == N after all increments,updates to shared_value race across teams/threads,26,test_directive_name_modifier_REMOVE_ATOMIC_UPDATE.c,"//--------------- test_directive_name_modifier.c -----------------------------//
// OpenMP API Version 6.0 November 2024
// Pg. 898, line 3
// CLAUSE:firstprivate
// All modifiers to clauses were extended to accept directive-name-modifiers.
// In this case, the firstprivate clause is being used with the target
// directive-name-modifier. If the threads correctly firstprivatize
// shared_value, then the test will pass.
//----------------------------------------------------------------------------//

#include ""ompvv.h""
#include <omp.h>

#define N 1000
#define M OMPVV_NUM_TEAMS_DEVICE

int test_directive_name_modifier() {
  int errors = 0;
  int shared_value = 0;
  int final_shared = 0;
  int i = 0;

  #pragma omp target teams distribute firstprivate(target : shared_value) num_teams(M) \
    map(from : final_shared)
  for (i = 0; i < N; ++i) {
    #pragma omp atomic update
    shared_value++;
    #pragma omp atomic write
    final_shared = shared_value;
  }
  OMPVV_TEST_AND_SET(errors, shared_value != 0);
  OMPVV_TEST_AND_SET(errors, final_shared != N);

  shared_value = 5;
  int shared_val_arr[M] = {-1};

  #pragma omp target teams distribute firstprivate(teams : shared_value) num_teams(M) \
    map(from : shared_val_arr)
  for (i = 0; i < M; ++i) {
    shared_value += omp_get_team_num();
    shared_val_arr[omp_get_team_num()] = shared_value;
  }

  for (i = 0; i < M; ++i) {
    OMPVV_TEST_AND_SET(errors, shared_val_arr[i] != 5 + i);
  }
  OMPVV_TEST_AND_SET(errors, shared_value != 5);

  return errors;
}

int main() {
  int errors = 0;
  OMPVV_TEST_OFFLOADING;
  OMPVV_TEST_AND_SET(errors, test_directive_name_modifier() != 0);
  OMPVV_REPORT_AND_RETURN(errors);
  return errors;
}
","//--------------- test_directive_name_modifier.c -----------------------------//
// OpenMP API Version 6.0 November 2024
// Pg. 898, line 3
// CLAUSE:firstprivate
// All modifiers to clauses were extended to accept directive-name-modifiers.
// In this case, the firstprivate clause is being used with the target
// directive-name-modifier. If the threads correctly firstprivatize
// shared_value, then the test will pass.
//----------------------------------------------------------------------------//

#include ""ompvv.h""
#include <omp.h>

#define N 1000
#define M OMPVV_NUM_TEAMS_DEVICE

int test_directive_name_modifier() {
  int errors = 0;
  int shared_value = 0;
  int final_shared = 0;
  int i = 0;

  #pragma omp target teams distribute firstprivate(target : shared_value) num_teams(M) \
    map(from : final_shared)
  for (i = 0; i < N; ++i) {
    /* atomic update removed */
    shared_value++;
    #pragma omp atomic write
    final_shared = shared_value;
  }
  OMPVV_TEST_AND_SET(errors, shared_value != 0);
  OMPVV_TEST_AND_SET(errors, final_shared != N);

  shared_value = 5;
  int shared_val_arr[M] = {-1};

  #pragma omp target teams distribute firstprivate(teams : shared_value) num_teams(M) \
    map(from : shared_val_arr)
  for (i = 0; i < M; ++i) {
    shared_value += omp_get_team_num();
    shared_val_arr[omp_get_team_num()] = shared_value;
  }

  for (i = 0; i < M; ++i) {
    OMPVV_TEST_AND_SET(errors, shared_val_arr[i] != 5 + i);
  }
  OMPVV_TEST_AND_SET(errors, shared_value != 5);

  return errors;
}

int main() {
  int errors = 0;
  OMPVV_TEST_OFFLOADING;
  OMPVV_TEST_AND_SET(errors, test_directive_name_modifier() != 0);
  OMPVV_REPORT_AND_RETURN(errors);
  return errors;
}
",openmp_batch_151_170_optionA_full_multivariant.csv,False,unknown,REMOVE_SYNCHRONIZATION,atomic,atomic,tests/6.0/modifiers,6.0
tests/6.0/modifiers/test_directive_name_modifier.c,modifiers,data_sharing,FIRSTPRIVATE_TEAMS_TO_PRIVATE,high,#pragma omp target teams distribute firstprivate(teams : shared_value) num_teams(M) \,#pragma omp target teams distribute private(shared_value) num_teams(M) \,shared_val_arr[i] == 5 + i for each team,team-private value is not initialized from shared_value=5,36,test_directive_name_modifier_FIRSTPRIVATE_TEAMS_TO_PRIVATE.c,"//--------------- test_directive_name_modifier.c -----------------------------//
// OpenMP API Version 6.0 November 2024
// Pg. 898, line 3
// CLAUSE:firstprivate
// All modifiers to clauses were extended to accept directive-name-modifiers.
// In this case, the firstprivate clause is being used with the target
// directive-name-modifier. If the threads correctly firstprivatize
// shared_value, then the test will pass.
//----------------------------------------------------------------------------//

#include ""ompvv.h""
#include <omp.h>

#define N 1000
#define M OMPVV_NUM_TEAMS_DEVICE

int test_directive_name_modifier() {
  int errors = 0;
  int shared_value = 0;
  int final_shared = 0;
  int i = 0;

  #pragma omp target teams distribute firstprivate(target : shared_value) num_teams(M) \
    map(from : final_shared)
  for (i = 0; i < N; ++i) {
    #pragma omp atomic update
    shared_value++;
    #pragma omp atomic write
    final_shared = shared_value;
  }
  OMPVV_TEST_AND_SET(errors, shared_value != 0);
  OMPVV_TEST_AND_SET(errors, final_shared != N);

  shared_value = 5;
  int shared_val_arr[M] = {-1};

  #pragma omp target teams distribute firstprivate(teams : shared_value) num_teams(M) \
    map(from : shared_val_arr)
  for (i = 0; i < M; ++i) {
    shared_value += omp_get_team_num();
    shared_val_arr[omp_get_team_num()] = shared_value;
  }

  for (i = 0; i < M; ++i) {
    OMPVV_TEST_AND_SET(errors, shared_val_arr[i] != 5 + i);
  }
  OMPVV_TEST_AND_SET(errors, shared_value != 5);

  return errors;
}

int main() {
  int errors = 0;
  OMPVV_TEST_OFFLOADING;
  OMPVV_TEST_AND_SET(errors, test_directive_name_modifier() != 0);
  OMPVV_REPORT_AND_RETURN(errors);
  return errors;
}
","//--------------- test_directive_name_modifier.c -----------------------------//
// OpenMP API Version 6.0 November 2024
// Pg. 898, line 3
// CLAUSE:firstprivate
// All modifiers to clauses were extended to accept directive-name-modifiers.
// In this case, the firstprivate clause is being used with the target
// directive-name-modifier. If the threads correctly firstprivatize
// shared_value, then the test will pass.
//----------------------------------------------------------------------------//

#include ""ompvv.h""
#include <omp.h>

#define N 1000
#define M OMPVV_NUM_TEAMS_DEVICE

int test_directive_name_modifier() {
  int errors = 0;
  int shared_value = 0;
  int final_shared = 0;
  int i = 0;

  #pragma omp target teams distribute firstprivate(target : shared_value) num_teams(M) \
    map(from : final_shared)
  for (i = 0; i < N; ++i) {
    #pragma omp atomic update
    shared_value++;
    #pragma omp atomic write
    final_shared = shared_value;
  }
  OMPVV_TEST_AND_SET(errors, shared_value != 0);
  OMPVV_TEST_AND_SET(errors, final_shared != N);

  shared_value = 5;
  int shared_val_arr[M] = {-1};

  #pragma omp target teams distribute private(shared_value) num_teams(M) \
    map(from : shared_val_arr)
  for (i = 0; i < M; ++i) {
    shared_value += omp_get_team_num();
    shared_val_arr[omp_get_team_num()] = shared_value;
  }

  for (i = 0; i < M; ++i) {
    OMPVV_TEST_AND_SET(errors, shared_val_arr[i] != 5 + i);
  }
  OMPVV_TEST_AND_SET(errors, shared_value != 5);

  return errors;
}

int main() {
  int errors = 0;
  OMPVV_TEST_OFFLOADING;
  OMPVV_TEST_AND_SET(errors, test_directive_name_modifier() != 0);
  OMPVV_REPORT_AND_RETURN(errors);
  return errors;
}
",openmp_batch_151_170_optionA_full_multivariant.csv,False,unknown,CHANGE_CLAUSE,modifiers,data_sharing,tests/6.0/modifiers,6.0
tests/6.0/modifiers/test_directive_name_modifier.c,modifiers,loop_body,WRONG_ASSIGNMENT,high,shared_val_arr[omp_get_team_num()] = shared_value;,shared_val_arr[omp_get_team_num()] = shared_value + 1;,shared_val_arr[i] == 5 + i for each team,team result is offset by one,40,test_directive_name_modifier_WRONG_TEAM_ASSIGN.c,"//--------------- test_directive_name_modifier.c -----------------------------//
// OpenMP API Version 6.0 November 2024
// Pg. 898, line 3
// CLAUSE:firstprivate
// All modifiers to clauses were extended to accept directive-name-modifiers.
// In this case, the firstprivate clause is being used with the target
// directive-name-modifier. If the threads correctly firstprivatize
// shared_value, then the test will pass.
//----------------------------------------------------------------------------//

#include ""ompvv.h""
#include <omp.h>

#define N 1000
#define M OMPVV_NUM_TEAMS_DEVICE

int test_directive_name_modifier() {
  int errors = 0;
  int shared_value = 0;
  int final_shared = 0;
  int i = 0;

  #pragma omp target teams distribute firstprivate(target : shared_value) num_teams(M) \
    map(from : final_shared)
  for (i = 0; i < N; ++i) {
    #pragma omp atomic update
    shared_value++;
    #pragma omp atomic write
    final_shared = shared_value;
  }
  OMPVV_TEST_AND_SET(errors, shared_value != 0);
  OMPVV_TEST_AND_SET(errors, final_shared != N);

  shared_value = 5;
  int shared_val_arr[M] = {-1};

  #pragma omp target teams distribute firstprivate(teams : shared_value) num_teams(M) \
    map(from : shared_val_arr)
  for (i = 0; i < M; ++i) {
    shared_value += omp_get_team_num();
    shared_val_arr[omp_get_team_num()] = shared_value;
  }

  for (i = 0; i < M; ++i) {
    OMPVV_TEST_AND_SET(errors, shared_val_arr[i] != 5 + i);
  }
  OMPVV_TEST_AND_SET(errors, shared_value != 5);

  return errors;
}

int main() {
  int errors = 0;
  OMPVV_TEST_OFFLOADING;
  OMPVV_TEST_AND_SET(errors, test_directive_name_modifier() != 0);
  OMPVV_REPORT_AND_RETURN(errors);
  return errors;
}
","//--------------- test_directive_name_modifier.c -----------------------------//
// OpenMP API Version 6.0 November 2024
// Pg. 898, line 3
// CLAUSE:firstprivate
// All modifiers to clauses were extended to accept directive-name-modifiers.
// In this case, the firstprivate clause is being used with the target
// directive-name-modifier. If the threads correctly firstprivatize
// shared_value, then the test will pass.
//----------------------------------------------------------------------------//

#include ""ompvv.h""
#include <omp.h>

#define N 1000
#define M OMPVV_NUM_TEAMS_DEVICE

int test_directive_name_modifier() {
  int errors = 0;
  int shared_value = 0;
  int final_shared = 0;
  int i = 0;

  #pragma omp target teams distribute firstprivate(target : shared_value) num_teams(M) \
    map(from : final_shared)
  for (i = 0; i < N; ++i) {
    #pragma omp atomic update
    shared_value++;
    #pragma omp atomic write
    final_shared = shared_value;
  }
  OMPVV_TEST_AND_SET(errors, shared_value != 0);
  OMPVV_TEST_AND_SET(errors, final_shared != N);

  shared_value = 5;
  int shared_val_arr[M] = {-1};

  #pragma omp target teams distribute firstprivate(teams : shared_value) num_teams(M) \
    map(from : shared_val_arr)
  for (i = 0; i < M; ++i) {
    shared_value += omp_get_team_num();
    shared_val_arr[omp_get_team_num()] = shared_value + 1;
  }

  for (i = 0; i < M; ++i) {
    OMPVV_TEST_AND_SET(errors, shared_val_arr[i] != 5 + i);
  }
  OMPVV_TEST_AND_SET(errors, shared_value != 5);

  return errors;
}

int main() {
  int errors = 0;
  OMPVV_TEST_OFFLOADING;
  OMPVV_TEST_AND_SET(errors, test_directive_name_modifier() != 0);
  OMPVV_REPORT_AND_RETURN(errors);
  return errors;
}
",openmp_batch_151_170_optionA_full_multivariant.csv,False,unknown,CHANGE_ASSIGNMENT,fuse,general_code,tests/6.0/modifiers,6.0
tests/6.0/parallel/test_parallel_message.c,parallel,parallel_directive,REMOVE_PARALLEL_MESSAGE_REGION,high,"#pragma omp parallel message(""Entering first parallel region."")",/* parallel message region removed */,test_message() == 0,return_value is never decremented by the parallel region,19,test_parallel_message_REMOVE_PARALLEL.c,"//--------------- test_parallel_message.c------------------------------------//
// OpenMP API Version 6.0 August 2024
// Pg. 870, line 25
// ***********
// DIRECTIVE:parallel
// CLAUSE:message
// ***********
// The message clause for the parallel directive is being tested. If the clause
// executes correctly, than the user will see a message corresponding to the top
// parallel region. Otherwise, the user should notice a message corresponding to
// the second region. Additionally, the return value of the test function should
// be non-zero.
//----------------------------------------------------------------------------//
#include ""ompvv.h""
#include <omp.h>

int test_message() {
  int return_value = 1;
  if (_OPENMP) {
    #pragma omp parallel message(""Entering first parallel region."")
    {
      if (omp_get_thread_num() == 0)
        --return_value;
    }
  } else {
    #pragma omp parallel message(""Entering second parallel region."")
    {
    }
  }

  return return_value;
}

int main() {
  int errors = 0;
  OMPVV_TEST_AND_SET(errors, test_message() != 0);
  OMPVV_REPORT_AND_RETURN(errors);
  return errors;
}
","//--------------- test_parallel_message.c------------------------------------//
// OpenMP API Version 6.0 August 2024
// Pg. 870, line 25
// ***********
// DIRECTIVE:parallel
// CLAUSE:message
// ***********
// The message clause for the parallel directive is being tested. If the clause
// executes correctly, than the user will see a message corresponding to the top
// parallel region. Otherwise, the user should notice a message corresponding to
// the second region. Additionally, the return value of the test function should
// be non-zero.
//----------------------------------------------------------------------------//
#include ""ompvv.h""
#include <omp.h>

int test_message() {
  int return_value = 1;
  if (_OPENMP) {
    /* parallel message region removed */
    {
      if (omp_get_thread_num() == 0)
        --return_value;
    }
  } else {
    #pragma omp parallel message(""Entering second parallel region."")
    {
    }
  }

  return return_value;
}

int main() {
  int errors = 0;
  OMPVV_TEST_AND_SET(errors, test_message() != 0);
  OMPVV_REPORT_AND_RETURN(errors);
  return errors;
}
",openmp_batch_151_170_optionA_full_multivariant.csv,False,unknown,REMOVE_CONSTRUCT,parallel,message_or_severity,tests/6.0/parallel,6.0
tests/6.0/parallel/test_parallel_message.c,parallel,loop_body,WRONG_RETURN_UPDATE,high,--return_value;,++return_value;,test_message() == 0,primary thread updates return_value in the wrong direction,22,test_parallel_message_WRONG_INCREMENT.c,"//--------------- test_parallel_message.c------------------------------------//
// OpenMP API Version 6.0 August 2024
// Pg. 870, line 25
// ***********
// DIRECTIVE:parallel
// CLAUSE:message
// ***********
// The message clause for the parallel directive is being tested. If the clause
// executes correctly, than the user will see a message corresponding to the top
// parallel region. Otherwise, the user should notice a message corresponding to
// the second region. Additionally, the return value of the test function should
// be non-zero.
//----------------------------------------------------------------------------//
#include ""ompvv.h""
#include <omp.h>

int test_message() {
  int return_value = 1;
  if (_OPENMP) {
    #pragma omp parallel message(""Entering first parallel region."")
    {
      if (omp_get_thread_num() == 0)
        --return_value;
    }
  } else {
    #pragma omp parallel message(""Entering second parallel region."")
    {
    }
  }

  return return_value;
}

int main() {
  int errors = 0;
  OMPVV_TEST_AND_SET(errors, test_message() != 0);
  OMPVV_REPORT_AND_RETURN(errors);
  return errors;
}
","//--------------- test_parallel_message.c------------------------------------//
// OpenMP API Version 6.0 August 2024
// Pg. 870, line 25
// ***********
// DIRECTIVE:parallel
// CLAUSE:message
// ***********
// The message clause for the parallel directive is being tested. If the clause
// executes correctly, than the user will see a message corresponding to the top
// parallel region. Otherwise, the user should notice a message corresponding to
// the second region. Additionally, the return value of the test function should
// be non-zero.
//----------------------------------------------------------------------------//
#include ""ompvv.h""
#include <omp.h>

int test_message() {
  int return_value = 1;
  if (_OPENMP) {
    #pragma omp parallel message(""Entering first parallel region."")
    {
      if (omp_get_thread_num() == 0)
        ++return_value;
    }
  } else {
    #pragma omp parallel message(""Entering second parallel region."")
    {
    }
  }

  return return_value;
}

int main() {
  int errors = 0;
  OMPVV_TEST_AND_SET(errors, test_message() != 0);
  OMPVV_REPORT_AND_RETURN(errors);
  return errors;
}
",openmp_batch_151_170_optionA_full_multivariant.csv,False,unknown,CHANGE_ASSIGNMENT,parallel,general_code,tests/6.0/parallel,6.0
tests/6.0/parallel/test_parallel_message.c,parallel,parallel_clause,ADD_NUM_THREADS_ONE,medium,"#pragma omp parallel message(""Entering first parallel region."")","#pragma omp parallel num_threads(1) message(""Entering first parallel region."")",parallel message clause executes and return_value reaches 0,changes the parallel region configuration while preserving the message feature,19,test_parallel_message_NUM_THREADS_ONE.c,"//--------------- test_parallel_message.c------------------------------------//
// OpenMP API Version 6.0 August 2024
// Pg. 870, line 25
// ***********
// DIRECTIVE:parallel
// CLAUSE:message
// ***********
// The message clause for the parallel directive is being tested. If the clause
// executes correctly, than the user will see a message corresponding to the top
// parallel region. Otherwise, the user should notice a message corresponding to
// the second region. Additionally, the return value of the test function should
// be non-zero.
//----------------------------------------------------------------------------//
#include ""ompvv.h""
#include <omp.h>

int test_message() {
  int return_value = 1;
  if (_OPENMP) {
    #pragma omp parallel message(""Entering first parallel region."")
    {
      if (omp_get_thread_num() == 0)
        --return_value;
    }
  } else {
    #pragma omp parallel message(""Entering second parallel region."")
    {
    }
  }

  return return_value;
}

int main() {
  int errors = 0;
  OMPVV_TEST_AND_SET(errors, test_message() != 0);
  OMPVV_REPORT_AND_RETURN(errors);
  return errors;
}
","//--------------- test_parallel_message.c------------------------------------//
// OpenMP API Version 6.0 August 2024
// Pg. 870, line 25
// ***********
// DIRECTIVE:parallel
// CLAUSE:message
// ***********
// The message clause for the parallel directive is being tested. If the clause
// executes correctly, than the user will see a message corresponding to the top
// parallel region. Otherwise, the user should notice a message corresponding to
// the second region. Additionally, the return value of the test function should
// be non-zero.
//----------------------------------------------------------------------------//
#include ""ompvv.h""
#include <omp.h>

int test_message() {
  int return_value = 1;
  if (_OPENMP) {
    #pragma omp parallel num_threads(1) message(""Entering first parallel region."")
    {
      if (omp_get_thread_num() == 0)
        --return_value;
    }
  } else {
    #pragma omp parallel message(""Entering second parallel region."")
    {
    }
  }

  return return_value;
}

int main() {
  int errors = 0;
  OMPVV_TEST_AND_SET(errors, test_message() != 0);
  OMPVV_REPORT_AND_RETURN(errors);
  return errors;
}
",openmp_batch_151_170_optionA_full_multivariant.csv,False,unknown,CHANGE_CONFIGURATION,parallel,configuration,tests/6.0/parallel,6.0
tests/6.0/parallel/test_parallel_safesync.c,parallel,synchronization,REMOVE_ATOMIC_CAPTURE,high,#pragma omp atomic capture,/* atomic capture removed */,a[i] == num_threads*b[i],ticket-lock counter update races,34,test_parallel_safesync_REMOVE_ATOMIC_CAPTURE.c,"//--------------- test_parallel_safesync.c------------------------------------//
// OpenMP API Version 6.0 November 2024
// Pg. 901, line 9
// ***********
// DIRECTIVE:parallel
// CLAUSE:safesync
// ***********
// Code is adapted from the safesync clause example in the 6.0 examples
// document. This example uses a ticket lock implementation which executes in
// the target region. On certain device architectures, OpenMP threads may not be
// able to synchronize with each other from logically divergent code. The result
// of this can be deadlock. The safesync clause is suppossed to ensure that such
// synchronization is possible. If no deadlock or improper update of the arrays
// occurs, then this indicates the safesync clause is working correctly.
//----------------------------------------------------------------------------//
#include ""ompvv.h""
#include <omp.h>

#define N 100

int test_directive() {
  int errors = 0;
  int a[N], b[N];
  int count1 = 0, count2 = 1;
  int num_threads = 0;

  for (int i = 0; i < N; i++)
    b[i] = i, a[i] = 0;

  #pragma omp target thread_limit(OMPVV_NUM_THREADS_DEVICE) \
    map(to : count1, count2) map(a) map(to : b) map(tofrom : num_threads)
  #pragma omp parallel num_threads(OMPVV_NUM_THREADS_DEVICE) safesync(1)
  {
    if (omp_get_thread_num() == 0) {
      num_threads = omp_get_num_threads();
    }
    int t, u;
    #pragma omp atomic capture
    t = ++count1;
    do {
      #pragma omp atomic read acquire
      u = count2;
    } while (u < t);

    for (int i = 0; i < N; i++) {
      a[i] += b[i];
    }
    #pragma omp atomic release
    count2++;
  }

  for (int i = 0; i < N; i++) {
    if (a[i] != num_threads * b[i]) {
      ++errors;
    }
  }

  return errors;
}

int main() {
  int errors = 0;
  OMPVV_TEST_OFFLOADING;
  OMPVV_TEST_AND_SET(errors, test_directive() != 0);
  OMPVV_REPORT_AND_RETURN(errors);
  return errors;
}
","//--------------- test_parallel_safesync.c------------------------------------//
// OpenMP API Version 6.0 November 2024
// Pg. 901, line 9
// ***********
// DIRECTIVE:parallel
// CLAUSE:safesync
// ***********
// Code is adapted from the safesync clause example in the 6.0 examples
// document. This example uses a ticket lock implementation which executes in
// the target region. On certain device architectures, OpenMP threads may not be
// able to synchronize with each other from logically divergent code. The result
// of this can be deadlock. The safesync clause is suppossed to ensure that such
// synchronization is possible. If no deadlock or improper update of the arrays
// occurs, then this indicates the safesync clause is working correctly.
//----------------------------------------------------------------------------//
#include ""ompvv.h""
#include <omp.h>

#define N 100

int test_directive() {
  int errors = 0;
  int a[N], b[N];
  int count1 = 0, count2 = 1;
  int num_threads = 0;

  for (int i = 0; i < N; i++)
    b[i] = i, a[i] = 0;

  #pragma omp target thread_limit(OMPVV_NUM_THREADS_DEVICE) \
    map(to : count1, count2) map(a) map(to : b) map(tofrom : num_threads)
  #pragma omp parallel num_threads(OMPVV_NUM_THREADS_DEVICE) safesync(1)
  {
    if (omp_get_thread_num() == 0) {
      num_threads = omp_get_num_threads();
    }
    int t, u;
    /* atomic capture removed */
    t = ++count1;
    do {
      #pragma omp atomic read acquire
      u = count2;
    } while (u < t);

    for (int i = 0; i < N; i++) {
      a[i] += b[i];
    }
    #pragma omp atomic release
    count2++;
  }

  for (int i = 0; i < N; i++) {
    if (a[i] != num_threads * b[i]) {
      ++errors;
    }
  }

  return errors;
}

int main() {
  int errors = 0;
  OMPVV_TEST_OFFLOADING;
  OMPVV_TEST_AND_SET(errors, test_directive() != 0);
  OMPVV_REPORT_AND_RETURN(errors);
  return errors;
}
",openmp_batch_151_170_optionA_full_multivariant.csv,False,unknown,REMOVE_SYNCHRONIZATION,parallel,atomic,tests/6.0/parallel,6.0
tests/6.0/parallel/test_parallel_safesync.c,parallel,synchronization,REMOVE_ATOMIC_RELEASE,high,#pragma omp atomic release,/* atomic release removed */,a[i] == num_threads*b[i] and lock progresses,"release update of count2 is not atomic, breaking ticket ordering",45,test_parallel_safesync_REMOVE_ATOMIC_RELEASE.c,"//--------------- test_parallel_safesync.c------------------------------------//
// OpenMP API Version 6.0 November 2024
// Pg. 901, line 9
// ***********
// DIRECTIVE:parallel
// CLAUSE:safesync
// ***********
// Code is adapted from the safesync clause example in the 6.0 examples
// document. This example uses a ticket lock implementation which executes in
// the target region. On certain device architectures, OpenMP threads may not be
// able to synchronize with each other from logically divergent code. The result
// of this can be deadlock. The safesync clause is suppossed to ensure that such
// synchronization is possible. If no deadlock or improper update of the arrays
// occurs, then this indicates the safesync clause is working correctly.
//----------------------------------------------------------------------------//
#include ""ompvv.h""
#include <omp.h>

#define N 100

int test_directive() {
  int errors = 0;
  int a[N], b[N];
  int count1 = 0, count2 = 1;
  int num_threads = 0;

  for (int i = 0; i < N; i++)
    b[i] = i, a[i] = 0;

  #pragma omp target thread_limit(OMPVV_NUM_THREADS_DEVICE) \
    map(to : count1, count2) map(a) map(to : b) map(tofrom : num_threads)
  #pragma omp parallel num_threads(OMPVV_NUM_THREADS_DEVICE) safesync(1)
  {
    if (omp_get_thread_num() == 0) {
      num_threads = omp_get_num_threads();
    }
    int t, u;
    #pragma omp atomic capture
    t = ++count1;
    do {
      #pragma omp atomic read acquire
      u = count2;
    } while (u < t);

    for (int i = 0; i < N; i++) {
      a[i] += b[i];
    }
    #pragma omp atomic release
    count2++;
  }

  for (int i = 0; i < N; i++) {
    if (a[i] != num_threads * b[i]) {
      ++errors;
    }
  }

  return errors;
}

int main() {
  int errors = 0;
  OMPVV_TEST_OFFLOADING;
  OMPVV_TEST_AND_SET(errors, test_directive() != 0);
  OMPVV_REPORT_AND_RETURN(errors);
  return errors;
}
","//--------------- test_parallel_safesync.c------------------------------------//
// OpenMP API Version 6.0 November 2024
// Pg. 901, line 9
// ***********
// DIRECTIVE:parallel
// CLAUSE:safesync
// ***********
// Code is adapted from the safesync clause example in the 6.0 examples
// document. This example uses a ticket lock implementation which executes in
// the target region. On certain device architectures, OpenMP threads may not be
// able to synchronize with each other from logically divergent code. The result
// of this can be deadlock. The safesync clause is suppossed to ensure that such
// synchronization is possible. If no deadlock or improper update of the arrays
// occurs, then this indicates the safesync clause is working correctly.
//----------------------------------------------------------------------------//
#include ""ompvv.h""
#include <omp.h>

#define N 100

int test_directive() {
  int errors = 0;
  int a[N], b[N];
  int count1 = 0, count2 = 1;
  int num_threads = 0;

  for (int i = 0; i < N; i++)
    b[i] = i, a[i] = 0;

  #pragma omp target thread_limit(OMPVV_NUM_THREADS_DEVICE) \
    map(to : count1, count2) map(a) map(to : b) map(tofrom : num_threads)
  #pragma omp parallel num_threads(OMPVV_NUM_THREADS_DEVICE) safesync(1)
  {
    if (omp_get_thread_num() == 0) {
      num_threads = omp_get_num_threads();
    }
    int t, u;
    #pragma omp atomic capture
    t = ++count1;
    do {
      #pragma omp atomic read acquire
      u = count2;
    } while (u < t);

    for (int i = 0; i < N; i++) {
      a[i] += b[i];
    }
    /* atomic release removed */
    count2++;
  }

  for (int i = 0; i < N; i++) {
    if (a[i] != num_threads * b[i]) {
      ++errors;
    }
  }

  return errors;
}

int main() {
  int errors = 0;
  OMPVV_TEST_OFFLOADING;
  OMPVV_TEST_AND_SET(errors, test_directive() != 0);
  OMPVV_REPORT_AND_RETURN(errors);
  return errors;
}
",openmp_batch_151_170_optionA_full_multivariant.csv,False,unknown,REMOVE_SYNCHRONIZATION,parallel,atomic,tests/6.0/parallel,6.0
tests/6.0/parallel/test_parallel_safesync.c,parallel,loop_body,WRONG_ARRAY_UPDATE,high,a[i] += b[i];,a[i] += b[i] + 1;,a[i] == num_threads*b[i],each thread contributes the wrong amount,43,test_parallel_safesync_WRONG_ACCUMULATION.c,"//--------------- test_parallel_safesync.c------------------------------------//
// OpenMP API Version 6.0 November 2024
// Pg. 901, line 9
// ***********
// DIRECTIVE:parallel
// CLAUSE:safesync
// ***********
// Code is adapted from the safesync clause example in the 6.0 examples
// document. This example uses a ticket lock implementation which executes in
// the target region. On certain device architectures, OpenMP threads may not be
// able to synchronize with each other from logically divergent code. The result
// of this can be deadlock. The safesync clause is suppossed to ensure that such
// synchronization is possible. If no deadlock or improper update of the arrays
// occurs, then this indicates the safesync clause is working correctly.
//----------------------------------------------------------------------------//
#include ""ompvv.h""
#include <omp.h>

#define N 100

int test_directive() {
  int errors = 0;
  int a[N], b[N];
  int count1 = 0, count2 = 1;
  int num_threads = 0;

  for (int i = 0; i < N; i++)
    b[i] = i, a[i] = 0;

  #pragma omp target thread_limit(OMPVV_NUM_THREADS_DEVICE) \
    map(to : count1, count2) map(a) map(to : b) map(tofrom : num_threads)
  #pragma omp parallel num_threads(OMPVV_NUM_THREADS_DEVICE) safesync(1)
  {
    if (omp_get_thread_num() == 0) {
      num_threads = omp_get_num_threads();
    }
    int t, u;
    #pragma omp atomic capture
    t = ++count1;
    do {
      #pragma omp atomic read acquire
      u = count2;
    } while (u < t);

    for (int i = 0; i < N; i++) {
      a[i] += b[i];
    }
    #pragma omp atomic release
    count2++;
  }

  for (int i = 0; i < N; i++) {
    if (a[i] != num_threads * b[i]) {
      ++errors;
    }
  }

  return errors;
}

int main() {
  int errors = 0;
  OMPVV_TEST_OFFLOADING;
  OMPVV_TEST_AND_SET(errors, test_directive() != 0);
  OMPVV_REPORT_AND_RETURN(errors);
  return errors;
}
","//--------------- test_parallel_safesync.c------------------------------------//
// OpenMP API Version 6.0 November 2024
// Pg. 901, line 9
// ***********
// DIRECTIVE:parallel
// CLAUSE:safesync
// ***********
// Code is adapted from the safesync clause example in the 6.0 examples
// document. This example uses a ticket lock implementation which executes in
// the target region. On certain device architectures, OpenMP threads may not be
// able to synchronize with each other from logically divergent code. The result
// of this can be deadlock. The safesync clause is suppossed to ensure that such
// synchronization is possible. If no deadlock or improper update of the arrays
// occurs, then this indicates the safesync clause is working correctly.
//----------------------------------------------------------------------------//
#include ""ompvv.h""
#include <omp.h>

#define N 100

int test_directive() {
  int errors = 0;
  int a[N], b[N];
  int count1 = 0, count2 = 1;
  int num_threads = 0;

  for (int i = 0; i < N; i++)
    b[i] = i, a[i] = 0;

  #pragma omp target thread_limit(OMPVV_NUM_THREADS_DEVICE) \
    map(to : count1, count2) map(a) map(to : b) map(tofrom : num_threads)
  #pragma omp parallel num_threads(OMPVV_NUM_THREADS_DEVICE) safesync(1)
  {
    if (omp_get_thread_num() == 0) {
      num_threads = omp_get_num_threads();
    }
    int t, u;
    #pragma omp atomic capture
    t = ++count1;
    do {
      #pragma omp atomic read acquire
      u = count2;
    } while (u < t);

    for (int i = 0; i < N; i++) {
      a[i] += b[i] + 1;
    }
    #pragma omp atomic release
    count2++;
  }

  for (int i = 0; i < N; i++) {
    if (a[i] != num_threads * b[i]) {
      ++errors;
    }
  }

  return errors;
}

int main() {
  int errors = 0;
  OMPVV_TEST_OFFLOADING;
  OMPVV_TEST_AND_SET(errors, test_directive() != 0);
  OMPVV_REPORT_AND_RETURN(errors);
  return errors;
}
",openmp_batch_151_170_optionA_full_multivariant.csv,False,unknown,CHANGE_ASSIGNMENT,parallel,loop_body,tests/6.0/parallel,6.0
tests/6.0/parallel/test_parallel_severity.c,parallel,parallel_directive,REMOVE_PARALLEL_SEVERITY_REGION,high,"#pragma omp parallel severity(warning) message(""Entering first parallel region."")",/* parallel severity region removed */,test_severity() == 0,return_value is never decremented by the parallel region,19,test_parallel_severity_REMOVE_PARALLEL.c,"//--------------- test_parallel_severity.c------------------------------------//
// OpenMP API Version 6.0 August 2024
// Pg. 870, line 25
// ***********
// DIRECTIVE:parallel
// CLAUSE:severity
// ***********
// The severity clause for the parallel directive is being tested. If the clause
// executes correctly, than the user will see a message corresponding to the top
// parallel region. Otherwise, the user should notice a message corresponding to
// the second region. Additionally, the return value of the test function should
// be non-zero.
//----------------------------------------------------------------------------//
#include ""ompvv.h""
#include <omp.h>

int test_severity() {
  int return_value = 1;
  if (_OPENMP) {
    #pragma omp parallel severity(warning) message(""Entering first parallel region."")
    {
      if (omp_get_thread_num() == 0)
        --return_value;
    }
  } else {
    #pragma omp parallel severity(warning) message(""Entering second parallel region."")
    {
    }
  }

  return return_value;
}

int main() {
  int errors = 0;
  OMPVV_TEST_AND_SET(errors, test_severity() != 0);
  OMPVV_REPORT_AND_RETURN(errors);
  return errors;
}
","//--------------- test_parallel_severity.c------------------------------------//
// OpenMP API Version 6.0 August 2024
// Pg. 870, line 25
// ***********
// DIRECTIVE:parallel
// CLAUSE:severity
// ***********
// The severity clause for the parallel directive is being tested. If the clause
// executes correctly, than the user will see a message corresponding to the top
// parallel region. Otherwise, the user should notice a message corresponding to
// the second region. Additionally, the return value of the test function should
// be non-zero.
//----------------------------------------------------------------------------//
#include ""ompvv.h""
#include <omp.h>

int test_severity() {
  int return_value = 1;
  if (_OPENMP) {
    /* parallel severity region removed */
    {
      if (omp_get_thread_num() == 0)
        --return_value;
    }
  } else {
    #pragma omp parallel severity(warning) message(""Entering second parallel region."")
    {
    }
  }

  return return_value;
}

int main() {
  int errors = 0;
  OMPVV_TEST_AND_SET(errors, test_severity() != 0);
  OMPVV_REPORT_AND_RETURN(errors);
  return errors;
}
",openmp_batch_151_170_optionA_full_multivariant.csv,False,unknown,REMOVE_CONSTRUCT,parallel,message_or_severity,tests/6.0/parallel,6.0
tests/6.0/parallel/test_parallel_severity.c,parallel,parallel_clause,SEVERITY_WARNING_TO_FATAL,medium,"#pragma omp parallel severity(warning) message(""Entering first parallel region."")","#pragma omp parallel severity(fatal) message(""Entering first parallel region."")",warning-severity parallel message executes without aborting,severity is changed from warning to fatal,19,test_parallel_severity_WARNING_TO_FATAL.c,"//--------------- test_parallel_severity.c------------------------------------//
// OpenMP API Version 6.0 August 2024
// Pg. 870, line 25
// ***********
// DIRECTIVE:parallel
// CLAUSE:severity
// ***********
// The severity clause for the parallel directive is being tested. If the clause
// executes correctly, than the user will see a message corresponding to the top
// parallel region. Otherwise, the user should notice a message corresponding to
// the second region. Additionally, the return value of the test function should
// be non-zero.
//----------------------------------------------------------------------------//
#include ""ompvv.h""
#include <omp.h>

int test_severity() {
  int return_value = 1;
  if (_OPENMP) {
    #pragma omp parallel severity(warning) message(""Entering first parallel region."")
    {
      if (omp_get_thread_num() == 0)
        --return_value;
    }
  } else {
    #pragma omp parallel severity(warning) message(""Entering second parallel region."")
    {
    }
  }

  return return_value;
}

int main() {
  int errors = 0;
  OMPVV_TEST_AND_SET(errors, test_severity() != 0);
  OMPVV_REPORT_AND_RETURN(errors);
  return errors;
}
","//--------------- test_parallel_severity.c------------------------------------//
// OpenMP API Version 6.0 August 2024
// Pg. 870, line 25
// ***********
// DIRECTIVE:parallel
// CLAUSE:severity
// ***********
// The severity clause for the parallel directive is being tested. If the clause
// executes correctly, than the user will see a message corresponding to the top
// parallel region. Otherwise, the user should notice a message corresponding to
// the second region. Additionally, the return value of the test function should
// be non-zero.
//----------------------------------------------------------------------------//
#include ""ompvv.h""
#include <omp.h>

int test_severity() {
  int return_value = 1;
  if (_OPENMP) {
    #pragma omp parallel severity(fatal) message(""Entering first parallel region."")
    {
      if (omp_get_thread_num() == 0)
        --return_value;
    }
  } else {
    #pragma omp parallel severity(warning) message(""Entering second parallel region."")
    {
    }
  }

  return return_value;
}

int main() {
  int errors = 0;
  OMPVV_TEST_AND_SET(errors, test_severity() != 0);
  OMPVV_REPORT_AND_RETURN(errors);
  return errors;
}
",openmp_batch_151_170_optionA_full_multivariant.csv,False,unknown,CHANGE_CLAUSE,parallel,severity,tests/6.0/parallel,6.0
tests/6.0/parallel/test_parallel_severity.c,parallel,loop_body,WRONG_RETURN_UPDATE,high,--return_value;,++return_value;,test_severity() == 0,primary thread updates return_value in the wrong direction,22,test_parallel_severity_WRONG_INCREMENT.c,"//--------------- test_parallel_severity.c------------------------------------//
// OpenMP API Version 6.0 August 2024
// Pg. 870, line 25
// ***********
// DIRECTIVE:parallel
// CLAUSE:severity
// ***********
// The severity clause for the parallel directive is being tested. If the clause
// executes correctly, than the user will see a message corresponding to the top
// parallel region. Otherwise, the user should notice a message corresponding to
// the second region. Additionally, the return value of the test function should
// be non-zero.
//----------------------------------------------------------------------------//
#include ""ompvv.h""
#include <omp.h>

int test_severity() {
  int return_value = 1;
  if (_OPENMP) {
    #pragma omp parallel severity(warning) message(""Entering first parallel region."")
    {
      if (omp_get_thread_num() == 0)
        --return_value;
    }
  } else {
    #pragma omp parallel severity(warning) message(""Entering second parallel region."")
    {
    }
  }

  return return_value;
}

int main() {
  int errors = 0;
  OMPVV_TEST_AND_SET(errors, test_severity() != 0);
  OMPVV_REPORT_AND_RETURN(errors);
  return errors;
}
","//--------------- test_parallel_severity.c------------------------------------//
// OpenMP API Version 6.0 August 2024
// Pg. 870, line 25
// ***********
// DIRECTIVE:parallel
// CLAUSE:severity
// ***********
// The severity clause for the parallel directive is being tested. If the clause
// executes correctly, than the user will see a message corresponding to the top
// parallel region. Otherwise, the user should notice a message corresponding to
// the second region. Additionally, the return value of the test function should
// be non-zero.
//----------------------------------------------------------------------------//
#include ""ompvv.h""
#include <omp.h>

int test_severity() {
  int return_value = 1;
  if (_OPENMP) {
    #pragma omp parallel severity(warning) message(""Entering first parallel region."")
    {
      if (omp_get_thread_num() == 0)
        ++return_value;
    }
  } else {
    #pragma omp parallel severity(warning) message(""Entering second parallel region."")
    {
    }
  }

  return return_value;
}

int main() {
  int errors = 0;
  OMPVV_TEST_AND_SET(errors, test_severity() != 0);
  OMPVV_REPORT_AND_RETURN(errors);
  return errors;
}
",openmp_batch_151_170_optionA_full_multivariant.csv,False,unknown,CHANGE_ASSIGNMENT,parallel,general_code,tests/6.0/parallel,6.0
tests/6.0/taskgraph/test_taskgraph.c,taskgraph,loop_bounds,SKIP_LAST_ITERATION,high,for (int j = 0 ; j < M ; ++j),for (int j = 0 ; j < M - 1 ; ++j),y == M*N,one task per taskgraph replay is skipped,34,test_taskgraph_SKIP_LAST_INNER_TASK.c,"//===-- test_taskgraph.c ------------------------------------------------===//
//
// OpenMP API Version 6.0 Nov 2024
//
// Description
// testTaskgraphReplay():
// N times, run a taskgraph construct spawning M tasks
// Ensures that the structured block is executed 0 to N times
// Ensures that the tasks structured block is executed M*N times
//===----------------------------------------------------------------------===//

#include <stdio.h>
#include <assert.h>
#include <stdlib.h>
#include <omp.h>
#include ""ompvv.h""

int testTaskgraphReplay(void)
{
    int errors = 0;
    # define N 16
    # define M 16

    int x = 0;
    int y = 0;

    #pragma omp parallel shared(x, y)
    {
        # pragma omp single
        {
            for (int i = 0 ; i < N ; ++i)
            {
                # pragma omp taskgraph
                {
                    ++x;
                    for (int j = 0 ; j < M ; ++j)
                    {
                        # pragma omp task shared(y)
                        {
                            # pragma omp atomic
                            ++y;
                        }
                    }
                }
            }
        }
    }
    OMPVV_TEST_AND_SET_VERBOSE(errors, !(0 <= x && x <= N));
    OMPVV_TEST_AND_SET_VERBOSE(errors, y != M*N);
    return errors;
}

int main(void)
{
    int errors = 0;
    OMPVV_TEST_AND_SET_VERBOSE(errors, testTaskgraphReplay());
    OMPVV_REPORT_AND_RETURN(errors);
}
","//===-- test_taskgraph.c ------------------------------------------------===//
//
// OpenMP API Version 6.0 Nov 2024
//
// Description
// testTaskgraphReplay():
// N times, run a taskgraph construct spawning M tasks
// Ensures that the structured block is executed 0 to N times
// Ensures that the tasks structured block is executed M*N times
//===----------------------------------------------------------------------===//

#include <stdio.h>
#include <assert.h>
#include <stdlib.h>
#include <omp.h>
#include ""ompvv.h""

int testTaskgraphReplay(void)
{
    int errors = 0;
    # define N 16
    # define M 16

    int x = 0;
    int y = 0;

    #pragma omp parallel shared(x, y)
    {
        # pragma omp single
        {
            for (int i = 0 ; i < N ; ++i)
            {
                # pragma omp taskgraph
                {
                    ++x;
                    for (int j = 0 ; j < M - 1 ; ++j)
                    {
                        # pragma omp task shared(y)
                        {
                            # pragma omp atomic
                            ++y;
                        }
                    }
                }
            }
        }
    }
    OMPVV_TEST_AND_SET_VERBOSE(errors, !(0 <= x && x <= N));
    OMPVV_TEST_AND_SET_VERBOSE(errors, y != M*N);
    return errors;
}

int main(void)
{
    int errors = 0;
    OMPVV_TEST_AND_SET_VERBOSE(errors, testTaskgraphReplay());
    OMPVV_REPORT_AND_RETURN(errors);
}
",openmp_batch_151_170_optionA_full_multivariant.csv,False,unknown,CHANGE_LOOP_BOUND,loop,loop,tests/6.0/taskgraph,6.0
tests/6.0/taskgraph/test_taskgraph_id.c,taskgraph,loop_bounds,SKIP_LAST_ITERATION,high,for (int k = 0 ; k < 3 ; ++k),for (int k = 0 ; k < 2 ; ++k),y[i] == 3*M for every i,each taskgraph creates only two tasks instead of three,40,test_taskgraph_id_SKIP_ONE_TASK.c,"//===-- test_taskgraph_id.c ------------------------------------------------===//
//
// OpenMP API Version 6.0 Nov 2024
//
// Description
// testTaskgraphId():
// M times, run N taskgraphs constructs with id '0<=i<N' that spawns 3 tasks
//  T1 -> T2 -> T3
// Ensure that each taskgraph' structured block executed 0 to M times
// Ensure that each triplets executed precisely M times
//===----------------------------------------------------------------------===//

#include <stdio.h>
#include <assert.h>
#include <stdlib.h>
#include <omp.h>
#include ""ompvv.h""

int testTaskgraphGraphId(void)
{
    int errors = 0;

    # define N 16
    # define M 16

    int x[N];
    int y[N];
    memset(x, 0, sizeof(x));
    memset(y, 0, sizeof(y));

    # pragma omp parallel shared(x, y)
    {
        # pragma omp single
        {
            for (int j = 0 ; j < M ; ++j)
            {
                for (int i = 0 ; i < N ; ++i)
                {
                    # pragma omp taskgraph graph_id(i)
                    {
                        ++x[i];
                        for (int k = 0 ; k < 3 ; ++k)
                        {
                            # pragma omp task depend(out: y) shared(y)
                            {
                                # pragma omp atomic
                                    ++y[i];
                            }
                        }
                    }
                }
            }
        }
    }

    for (int i = 0 ; i < N ; ++i)
    {
        // each taskgraph strucuted block must have executed 0 to M times
        OMPVV_TEST_AND_SET_VERBOSE(errors, !(0 <= x[i] && x[i] <= M));

        // each triplets must have executed M times
        OMPVV_TEST_AND_SET_VERBOSE(errors, y[i] != 3*M);
    }

    return errors;
}

int main(void)
{
    int errors = 0;
    OMPVV_TEST_AND_SET_VERBOSE(errors, testTaskgraphGraphId());
    OMPVV_REPORT_AND_RETURN(errors);
}
","//===-- test_taskgraph_id.c ------------------------------------------------===//
//
// OpenMP API Version 6.0 Nov 2024
//
// Description
// testTaskgraphId():
// M times, run N taskgraphs constructs with id '0<=i<N' that spawns 3 tasks
//  T1 -> T2 -> T3
// Ensure that each taskgraph' structured block executed 0 to M times
// Ensure that each triplets executed precisely M times
//===----------------------------------------------------------------------===//

#include <stdio.h>
#include <assert.h>
#include <stdlib.h>
#include <omp.h>
#include ""ompvv.h""

int testTaskgraphGraphId(void)
{
    int errors = 0;

    # define N 16
    # define M 16

    int x[N];
    int y[N];
    memset(x, 0, sizeof(x));
    memset(y, 0, sizeof(y));

    # pragma omp parallel shared(x, y)
    {
        # pragma omp single
        {
            for (int j = 0 ; j < M ; ++j)
            {
                for (int i = 0 ; i < N ; ++i)
                {
                    # pragma omp taskgraph graph_id(i)
                    {
                        ++x[i];
                        for (int k = 0 ; k < 2 ; ++k)
                        {
                            # pragma omp task depend(out: y) shared(y)
                            {
                                # pragma omp atomic
                                    ++y[i];
                            }
                        }
                    }
                }
            }
        }
    }

    for (int i = 0 ; i < N ; ++i)
    {
        // each taskgraph strucuted block must have executed 0 to M times
        OMPVV_TEST_AND_SET_VERBOSE(errors, !(0 <= x[i] && x[i] <= M));

        // each triplets must have executed M times
        OMPVV_TEST_AND_SET_VERBOSE(errors, y[i] != 3*M);
    }

    return errors;
}

int main(void)
{
    int errors = 0;
    OMPVV_TEST_AND_SET_VERBOSE(errors, testTaskgraphGraphId());
    OMPVV_REPORT_AND_RETURN(errors);
}
",openmp_batch_151_170_optionA_full_multivariant.csv,False,unknown,CHANGE_LOOP_BOUND,loop,loop,tests/6.0/taskgraph,6.0
tests/6.0/taskgraph/test_taskgraph_nogroup.c,taskgraph,loop_bounds,SKIP_LAST_ITERATION,high,for (int i = 0 ; i < N ; ++i),for (int i = 0 ; i < N - 1 ; ++i),y == N,one taskgraph iteration is skipped,26,test_taskgraph_nogroup_SKIP_LAST_ITER.c,"//===-- test_taskgraph_nogroup.c ------------------------------------------------===//
//
// OpenMP API Version 6.0 Nov 2024
//
// Description
// testTaskgraphNoGroup():
// Run a taskgraph nogroup construct N times with 1 task.
// Ensures the structured block is executed from 0 to N times
// Ensures the task is executed N times
//===----------------------------------------------------------------------===//

#include <stdio.h>
#include <assert.h>
#include <stdlib.h>
#include <omp.h>
#include ""ompvv.h""

int testTaskgraphNoGroup(void)
{
    int errors = 0;

    # define N 16
    int x = 0;
    int y = 0;
    #pragma omp parallel shared(x, y)
    {
        # pragma omp single
        {
            for (int i = 0 ; i < N ; ++i)
            {
                # pragma omp taskgraph nogroup
                {
                    ++x;
                    # pragma omp task shared(y)
                    {
                        # pragma omp atomic
                            ++y;
                    }
                }
            }
        }
    }
    OMPVV_TEST_AND_SET_VERBOSE(errors, !(0 <= x && x <= N));
    OMPVV_TEST_AND_SET_VERBOSE(errors, y != N);
    return errors;
}

int main(void)
{
    int errors = 0;
    OMPVV_TEST_AND_SET_VERBOSE(errors, testTaskgraphNoGroup());
    OMPVV_REPORT_AND_RETURN(errors);
}
","//===-- test_taskgraph_nogroup.c ------------------------------------------------===//
//
// OpenMP API Version 6.0 Nov 2024
//
// Description
// testTaskgraphNoGroup():
// Run a taskgraph nogroup construct N times with 1 task.
// Ensures the structured block is executed from 0 to N times
// Ensures the task is executed N times
//===----------------------------------------------------------------------===//

#include <stdio.h>
#include <assert.h>
#include <stdlib.h>
#include <omp.h>
#include ""ompvv.h""

int testTaskgraphNoGroup(void)
{
    int errors = 0;

    # define N 16
    int x = 0;
    int y = 0;
    #pragma omp parallel shared(x, y)
    {
        # pragma omp single
        {
            for (int i = 0 ; i < N - 1 ; ++i)
            {
                # pragma omp taskgraph nogroup
                {
                    ++x;
                    # pragma omp task shared(y)
                    {
                        # pragma omp atomic
                            ++y;
                    }
                }
            }
        }
    }
    OMPVV_TEST_AND_SET_VERBOSE(errors, !(0 <= x && x <= N));
    OMPVV_TEST_AND_SET_VERBOSE(errors, y != N);
    return errors;
}

int main(void)
{
    int errors = 0;
    OMPVV_TEST_AND_SET_VERBOSE(errors, testTaskgraphNoGroup());
    OMPVV_REPORT_AND_RETURN(errors);
}
",openmp_batch_151_170_optionA_full_multivariant.csv,False,unknown,CHANGE_LOOP_BOUND,loop,loop,tests/6.0/taskgraph,6.0
tests/6.0/taskgraph/test_taskgraph_reset.c,taskgraph,loop_bounds,SKIP_LAST_ITERATION,high,for (int i = 0 ; i < 3 ; ++i),for (int i = 0 ; i < 2 ; ++i),y == 3*N,each taskgraph creates only two tasks instead of three,37,test_taskgraph_reset_SKIP_TASK.c,"//===-- test_taskgraph_reset.c ------------------------------------------------===//
//
// OpenMP API Version 6.0 Nov 2024
//
// Description
// testTaskgraphGraphReset():
// Run the same taskgraph constructs N times, that spawns 3 tasks
//  T1 -> T2 -> T3
// with (T1, T3) on device, (T2) on host.
// while reseting every second iterations.
//
// Ensures that structured block executed N/2 to N times
//===----------------------------------------------------------------------===//

#include <stdio.h>
#include <assert.h>
#include <stdlib.h>
#include <omp.h>
#include ""ompvv.h""

int testTaskgraphGraphReset(void)
{
    int errors = 0;

    # define N 16
    _Static_assert(N % 2 == 0, ""N must be even"");

    int x = 0;
    int y = 0;

    # pragma omp parallel shared(x, y)
    {
        # pragma omp single
        {
            for (int i = 0 ; i < N ; ++i)
            {
                # pragma omp taskgraph graph_reset(i % 2 == 0)
                {
                    # pragma omp atomic
                        ++x;

                    for (int i = 0 ; i < 3 ; ++i)
                    {
                        # pragma omp task depend(out: y) shared(y)
                        {
                            # pragma omp atomic
                                ++y;
                        }
                    }
                }
            }
        }
    }

    // taskgraph structured block must have executed at least N/2 times
    // (if always creating a taskgraph record on the first taskgraph construct encounter),
    // and at most N times (if never creating a taskgraph record)
    OMPVV_TEST_AND_SET_VERBOSE(errors, !(N/2 <= x && x <= N));

    // each triplets must have executed N times
    OMPVV_TEST_AND_SET_VERBOSE(errors, y != 3*N);

    return errors;
}

int main(void)
{
    int errors = 0;
    OMPVV_TEST_AND_SET_VERBOSE(errors, testTaskgraphGraphReset());
    OMPVV_REPORT_AND_RETURN(errors);
}
","//===-- test_taskgraph_reset.c ------------------------------------------------===//
//
// OpenMP API Version 6.0 Nov 2024
//
// Description
// testTaskgraphGraphReset():
// Run the same taskgraph constructs N times, that spawns 3 tasks
//  T1 -> T2 -> T3
// with (T1, T3) on device, (T2) on host.
// while reseting every second iterations.
//
// Ensures that structured block executed N/2 to N times
//===----------------------------------------------------------------------===//

#include <stdio.h>
#include <assert.h>
#include <stdlib.h>
#include <omp.h>
#include ""ompvv.h""

int testTaskgraphGraphReset(void)
{
    int errors = 0;

    # define N 16
    _Static_assert(N % 2 == 0, ""N must be even"");

    int x = 0;
    int y = 0;

    # pragma omp parallel shared(x, y)
    {
        # pragma omp single
        {
            for (int i = 0 ; i < N ; ++i)
            {
                # pragma omp taskgraph graph_reset(i % 2 == 0)
                {
                    # pragma omp atomic
                        ++x;

                    for (int i = 0 ; i < 2 ; ++i)
                    {
                        # pragma omp task depend(out: y) shared(y)
                        {
                            # pragma omp atomic
                                ++y;
                        }
                    }
                }
            }
        }
    }

    // taskgraph structured block must have executed at least N/2 times
    // (if always creating a taskgraph record on the first taskgraph construct encounter),
    // and at most N times (if never creating a taskgraph record)
    OMPVV_TEST_AND_SET_VERBOSE(errors, !(N/2 <= x && x <= N));

    // each triplets must have executed N times
    OMPVV_TEST_AND_SET_VERBOSE(errors, y != 3*N);

    return errors;
}

int main(void)
{
    int errors = 0;
    OMPVV_TEST_AND_SET_VERBOSE(errors, testTaskgraphGraphReset());
    OMPVV_REPORT_AND_RETURN(errors);
}
",openmp_batch_151_170_optionA_full_multivariant.csv,False,unknown,CHANGE_LOOP_BOUND,loop,loop,tests/6.0/taskgraph,6.0
tests/6.0/task/test_task_threadset_ancestor_THREADS_RESERVE.c,task,threadset,THREADSET_POOL_TO_TEAM,medium,#pragma omp task shared(i) threadset(omp_pool),#pragma omp task shared(i) threadset(omp_team),fib result equals fib_seq(n) and pool threadset behavior is exercised,"pool task uses omp_team instead, so free-agent behavior is no longer tested",42,test_task_threadset_ancestor_POOL_TO_TEAM_FIRST.c,"//--------------test_task_threadset_ancestor_THREADS_RESERVE.c----------------//
// OpenMP API Version 6.0 November 2024
// Pg. 901, line 30
// Pg. 588, line 22
// ***********
// DIRECTIVE:task
// CLAUSE:threadset
// ***********
// This test checks the functionality of the threadset clause with the task
// directive, while also checking for the correct use of the
// omp_ancestor_is_free_agent() routine. The example referenced here is ""5.10
// Free Agent Threads"" which is taken from the 6.0 examples document. It checks
// if the task is executed by a free-agent thread when threadset(omp_pool) is
// used, and that the result of the Fibonacci calculation is correct when both
// omp_pool and omp_team is used.
//----------------------------------------------------------------------------//

#include ""ompvv.h""
#include <omp.h>

// not too large
#define N 5

int ancestor_count = 0;

int fib_seq(int n) {
  if (n < 2)
    return n;
  return fib_seq(n - 1) + fib_seq(n - 2);
}

int fib(int n, int use_pool) {
  int i, j;

  if (use_pool) {
    for (int k = 0; k <= omp_get_level(); ++k) {
      if (omp_ancestor_is_free_agent(k)) {
        #pragma omp atomic
        ancestor_count++;
      }
    }
  }
  if (n < 2)
    return n;
  if (use_pool) {
    #pragma omp task shared(i) threadset(omp_pool)
    i = fib(n - 1, use_pool);
    #pragma omp task shared(j) threadset(omp_pool)
    j = fib(n - 2, use_pool);
    #pragma omp taskwait
  } else {
    #pragma omp task shared(i) threadset(omp_team)
    i = fib(n - 1, use_pool);
    #pragma omp task shared(j) threadset(omp_team)
    j = fib(n - 2, use_pool);
    #pragma omp taskwait
  }

  return (i + j);
}

int task_work(int n, int use_pool) {
  int errors = 0;
  ancestor_count = 0;
  int result;

  omp_set_num_threads(OMPVV_NUM_THREADS_HOST);
  #pragma omp parallel
  #pragma omp single
  {
    result = fib(n, use_pool);
  }
  if (use_pool) {
    OMPVV_WARNING_IF(
        ancestor_count == 0,
        ""no ancestor free-agent threads in region""); // ancestor_count should be
                                                     // greater than 0 if a
                                                     // free-agent ancestor
                                                     // thread executed the task
  }
  OMPVV_TEST_AND_SET(errors, result != fib_seq(n));
  return errors;
}

int test_task_threadset() {
  int errors = 0;
  int n = N;

  // Test task with threadset(omp_pool)
  errors += task_work(n, 1);

  // Test task with threadset omp_team
  errors += task_work(n, 0);

  return errors;
}

int main() {
  int errors = 0;
  OMPVV_TEST_AND_SET(errors, test_task_threadset() != 0);
  OMPVV_REPORT_AND_RETURN(errors);
}
","//--------------test_task_threadset_ancestor_THREADS_RESERVE.c----------------//
// OpenMP API Version 6.0 November 2024
// Pg. 901, line 30
// Pg. 588, line 22
// ***********
// DIRECTIVE:task
// CLAUSE:threadset
// ***********
// This test checks the functionality of the threadset clause with the task
// directive, while also checking for the correct use of the
// omp_ancestor_is_free_agent() routine. The example referenced here is ""5.10
// Free Agent Threads"" which is taken from the 6.0 examples document. It checks
// if the task is executed by a free-agent thread when threadset(omp_pool) is
// used, and that the result of the Fibonacci calculation is correct when both
// omp_pool and omp_team is used.
//----------------------------------------------------------------------------//

#include ""ompvv.h""
#include <omp.h>

// not too large
#define N 5

int ancestor_count = 0;

int fib_seq(int n) {
  if (n < 2)
    return n;
  return fib_seq(n - 1) + fib_seq(n - 2);
}

int fib(int n, int use_pool) {
  int i, j;

  if (use_pool) {
    for (int k = 0; k <= omp_get_level(); ++k) {
      if (omp_ancestor_is_free_agent(k)) {
        #pragma omp atomic
        ancestor_count++;
      }
    }
  }
  if (n < 2)
    return n;
  if (use_pool) {
    #pragma omp task shared(i) threadset(omp_team)
    i = fib(n - 1, use_pool);
    #pragma omp task shared(j) threadset(omp_pool)
    j = fib(n - 2, use_pool);
    #pragma omp taskwait
  } else {
    #pragma omp task shared(i) threadset(omp_team)
    i = fib(n - 1, use_pool);
    #pragma omp task shared(j) threadset(omp_team)
    j = fib(n - 2, use_pool);
    #pragma omp taskwait
  }

  return (i + j);
}

int task_work(int n, int use_pool) {
  int errors = 0;
  ancestor_count = 0;
  int result;

  omp_set_num_threads(OMPVV_NUM_THREADS_HOST);
  #pragma omp parallel
  #pragma omp single
  {
    result = fib(n, use_pool);
  }
  if (use_pool) {
    OMPVV_WARNING_IF(
        ancestor_count == 0,
        ""no ancestor free-agent threads in region""); // ancestor_count should be
                                                     // greater than 0 if a
                                                     // free-agent ancestor
                                                     // thread executed the task
  }
  OMPVV_TEST_AND_SET(errors, result != fib_seq(n));
  return errors;
}

int test_task_threadset() {
  int errors = 0;
  int n = N;

  // Test task with threadset(omp_pool)
  errors += task_work(n, 1);

  // Test task with threadset omp_team
  errors += task_work(n, 0);

  return errors;
}

int main() {
  int errors = 0;
  OMPVV_TEST_AND_SET(errors, test_task_threadset() != 0);
  OMPVV_REPORT_AND_RETURN(errors);
}
",openmp_batch_151_170_optionA_full_multivariant.csv,False,unknown,CHANGE_CLAUSE,task,data_sharing,tests/6.0/task,6.0
tests/6.0/task/test_task_threadset_ancestor_THREADS_RESERVE.c,task,synchronization,REMOVE_TASKWAIT,high,#pragma omp taskwait,/* taskwait removed */,result == fib_seq(n),fib returns before child tasks assign i and j,46,test_task_threadset_ancestor_REMOVE_TASKWAIT.c,"//--------------test_task_threadset_ancestor_THREADS_RESERVE.c----------------//
// OpenMP API Version 6.0 November 2024
// Pg. 901, line 30
// Pg. 588, line 22
// ***********
// DIRECTIVE:task
// CLAUSE:threadset
// ***********
// This test checks the functionality of the threadset clause with the task
// directive, while also checking for the correct use of the
// omp_ancestor_is_free_agent() routine. The example referenced here is ""5.10
// Free Agent Threads"" which is taken from the 6.0 examples document. It checks
// if the task is executed by a free-agent thread when threadset(omp_pool) is
// used, and that the result of the Fibonacci calculation is correct when both
// omp_pool and omp_team is used.
//----------------------------------------------------------------------------//

#include ""ompvv.h""
#include <omp.h>

// not too large
#define N 5

int ancestor_count = 0;

int fib_seq(int n) {
  if (n < 2)
    return n;
  return fib_seq(n - 1) + fib_seq(n - 2);
}

int fib(int n, int use_pool) {
  int i, j;

  if (use_pool) {
    for (int k = 0; k <= omp_get_level(); ++k) {
      if (omp_ancestor_is_free_agent(k)) {
        #pragma omp atomic
        ancestor_count++;
      }
    }
  }
  if (n < 2)
    return n;
  if (use_pool) {
    #pragma omp task shared(i) threadset(omp_pool)
    i = fib(n - 1, use_pool);
    #pragma omp task shared(j) threadset(omp_pool)
    j = fib(n - 2, use_pool);
    #pragma omp taskwait
  } else {
    #pragma omp task shared(i) threadset(omp_team)
    i = fib(n - 1, use_pool);
    #pragma omp task shared(j) threadset(omp_team)
    j = fib(n - 2, use_pool);
    #pragma omp taskwait
  }

  return (i + j);
}

int task_work(int n, int use_pool) {
  int errors = 0;
  ancestor_count = 0;
  int result;

  omp_set_num_threads(OMPVV_NUM_THREADS_HOST);
  #pragma omp parallel
  #pragma omp single
  {
    result = fib(n, use_pool);
  }
  if (use_pool) {
    OMPVV_WARNING_IF(
        ancestor_count == 0,
        ""no ancestor free-agent threads in region""); // ancestor_count should be
                                                     // greater than 0 if a
                                                     // free-agent ancestor
                                                     // thread executed the task
  }
  OMPVV_TEST_AND_SET(errors, result != fib_seq(n));
  return errors;
}

int test_task_threadset() {
  int errors = 0;
  int n = N;

  // Test task with threadset(omp_pool)
  errors += task_work(n, 1);

  // Test task with threadset omp_team
  errors += task_work(n, 0);

  return errors;
}

int main() {
  int errors = 0;
  OMPVV_TEST_AND_SET(errors, test_task_threadset() != 0);
  OMPVV_REPORT_AND_RETURN(errors);
}
","//--------------test_task_threadset_ancestor_THREADS_RESERVE.c----------------//
// OpenMP API Version 6.0 November 2024
// Pg. 901, line 30
// Pg. 588, line 22
// ***********
// DIRECTIVE:task
// CLAUSE:threadset
// ***********
// This test checks the functionality of the threadset clause with the task
// directive, while also checking for the correct use of the
// omp_ancestor_is_free_agent() routine. The example referenced here is ""5.10
// Free Agent Threads"" which is taken from the 6.0 examples document. It checks
// if the task is executed by a free-agent thread when threadset(omp_pool) is
// used, and that the result of the Fibonacci calculation is correct when both
// omp_pool and omp_team is used.
//----------------------------------------------------------------------------//

#include ""ompvv.h""
#include <omp.h>

// not too large
#define N 5

int ancestor_count = 0;

int fib_seq(int n) {
  if (n < 2)
    return n;
  return fib_seq(n - 1) + fib_seq(n - 2);
}

int fib(int n, int use_pool) {
  int i, j;

  if (use_pool) {
    for (int k = 0; k <= omp_get_level(); ++k) {
      if (omp_ancestor_is_free_agent(k)) {
        #pragma omp atomic
        ancestor_count++;
      }
    }
  }
  if (n < 2)
    return n;
  if (use_pool) {
    #pragma omp task shared(i) threadset(omp_pool)
    i = fib(n - 1, use_pool);
    #pragma omp task shared(j) threadset(omp_pool)
    j = fib(n - 2, use_pool);
    /* taskwait removed */
  } else {
    #pragma omp task shared(i) threadset(omp_team)
    i = fib(n - 1, use_pool);
    #pragma omp task shared(j) threadset(omp_team)
    j = fib(n - 2, use_pool);
    #pragma omp taskwait
  }

  return (i + j);
}

int task_work(int n, int use_pool) {
  int errors = 0;
  ancestor_count = 0;
  int result;

  omp_set_num_threads(OMPVV_NUM_THREADS_HOST);
  #pragma omp parallel
  #pragma omp single
  {
    result = fib(n, use_pool);
  }
  if (use_pool) {
    OMPVV_WARNING_IF(
        ancestor_count == 0,
        ""no ancestor free-agent threads in region""); // ancestor_count should be
                                                     // greater than 0 if a
                                                     // free-agent ancestor
                                                     // thread executed the task
  }
  OMPVV_TEST_AND_SET(errors, result != fib_seq(n));
  return errors;
}

int test_task_threadset() {
  int errors = 0;
  int n = N;

  // Test task with threadset(omp_pool)
  errors += task_work(n, 1);

  // Test task with threadset omp_team
  errors += task_work(n, 0);

  return errors;
}

int main() {
  int errors = 0;
  OMPVV_TEST_AND_SET(errors, test_task_threadset() != 0);
  OMPVV_REPORT_AND_RETURN(errors);
}
",openmp_batch_151_170_optionA_full_multivariant.csv,False,unknown,REMOVE_SYNCHRONIZATION,task,taskwait,tests/6.0/task,6.0
tests/6.0/task/test_task_threadset_ancestor_THREADS_RESERVE.c,task,loop_body,WRONG_FIB_COMBINE,high,return (i + j);,return (i - j);,fib result equals fib_seq(n),recursive combination uses the wrong operator,52,test_task_threadset_ancestor_WRONG_RETURN.c,"//--------------test_task_threadset_ancestor_THREADS_RESERVE.c----------------//
// OpenMP API Version 6.0 November 2024
// Pg. 901, line 30
// Pg. 588, line 22
// ***********
// DIRECTIVE:task
// CLAUSE:threadset
// ***********
// This test checks the functionality of the threadset clause with the task
// directive, while also checking for the correct use of the
// omp_ancestor_is_free_agent() routine. The example referenced here is ""5.10
// Free Agent Threads"" which is taken from the 6.0 examples document. It checks
// if the task is executed by a free-agent thread when threadset(omp_pool) is
// used, and that the result of the Fibonacci calculation is correct when both
// omp_pool and omp_team is used.
//----------------------------------------------------------------------------//

#include ""ompvv.h""
#include <omp.h>

// not too large
#define N 5

int ancestor_count = 0;

int fib_seq(int n) {
  if (n < 2)
    return n;
  return fib_seq(n - 1) + fib_seq(n - 2);
}

int fib(int n, int use_pool) {
  int i, j;

  if (use_pool) {
    for (int k = 0; k <= omp_get_level(); ++k) {
      if (omp_ancestor_is_free_agent(k)) {
        #pragma omp atomic
        ancestor_count++;
      }
    }
  }
  if (n < 2)
    return n;
  if (use_pool) {
    #pragma omp task shared(i) threadset(omp_pool)
    i = fib(n - 1, use_pool);
    #pragma omp task shared(j) threadset(omp_pool)
    j = fib(n - 2, use_pool);
    #pragma omp taskwait
  } else {
    #pragma omp task shared(i) threadset(omp_team)
    i = fib(n - 1, use_pool);
    #pragma omp task shared(j) threadset(omp_team)
    j = fib(n - 2, use_pool);
    #pragma omp taskwait
  }

  return (i + j);
}

int task_work(int n, int use_pool) {
  int errors = 0;
  ancestor_count = 0;
  int result;

  omp_set_num_threads(OMPVV_NUM_THREADS_HOST);
  #pragma omp parallel
  #pragma omp single
  {
    result = fib(n, use_pool);
  }
  if (use_pool) {
    OMPVV_WARNING_IF(
        ancestor_count == 0,
        ""no ancestor free-agent threads in region""); // ancestor_count should be
                                                     // greater than 0 if a
                                                     // free-agent ancestor
                                                     // thread executed the task
  }
  OMPVV_TEST_AND_SET(errors, result != fib_seq(n));
  return errors;
}

int test_task_threadset() {
  int errors = 0;
  int n = N;

  // Test task with threadset(omp_pool)
  errors += task_work(n, 1);

  // Test task with threadset omp_team
  errors += task_work(n, 0);

  return errors;
}

int main() {
  int errors = 0;
  OMPVV_TEST_AND_SET(errors, test_task_threadset() != 0);
  OMPVV_REPORT_AND_RETURN(errors);
}
","//--------------test_task_threadset_ancestor_THREADS_RESERVE.c----------------//
// OpenMP API Version 6.0 November 2024
// Pg. 901, line 30
// Pg. 588, line 22
// ***********
// DIRECTIVE:task
// CLAUSE:threadset
// ***********
// This test checks the functionality of the threadset clause with the task
// directive, while also checking for the correct use of the
// omp_ancestor_is_free_agent() routine. The example referenced here is ""5.10
// Free Agent Threads"" which is taken from the 6.0 examples document. It checks
// if the task is executed by a free-agent thread when threadset(omp_pool) is
// used, and that the result of the Fibonacci calculation is correct when both
// omp_pool and omp_team is used.
//----------------------------------------------------------------------------//

#include ""ompvv.h""
#include <omp.h>

// not too large
#define N 5

int ancestor_count = 0;

int fib_seq(int n) {
  if (n < 2)
    return n;
  return fib_seq(n - 1) + fib_seq(n - 2);
}

int fib(int n, int use_pool) {
  int i, j;

  if (use_pool) {
    for (int k = 0; k <= omp_get_level(); ++k) {
      if (omp_ancestor_is_free_agent(k)) {
        #pragma omp atomic
        ancestor_count++;
      }
    }
  }
  if (n < 2)
    return n;
  if (use_pool) {
    #pragma omp task shared(i) threadset(omp_pool)
    i = fib(n - 1, use_pool);
    #pragma omp task shared(j) threadset(omp_pool)
    j = fib(n - 2, use_pool);
    #pragma omp taskwait
  } else {
    #pragma omp task shared(i) threadset(omp_team)
    i = fib(n - 1, use_pool);
    #pragma omp task shared(j) threadset(omp_team)
    j = fib(n - 2, use_pool);
    #pragma omp taskwait
  }

  return (i - j);
}

int task_work(int n, int use_pool) {
  int errors = 0;
  ancestor_count = 0;
  int result;

  omp_set_num_threads(OMPVV_NUM_THREADS_HOST);
  #pragma omp parallel
  #pragma omp single
  {
    result = fib(n, use_pool);
  }
  if (use_pool) {
    OMPVV_WARNING_IF(
        ancestor_count == 0,
        ""no ancestor free-agent threads in region""); // ancestor_count should be
                                                     // greater than 0 if a
                                                     // free-agent ancestor
                                                     // thread executed the task
  }
  OMPVV_TEST_AND_SET(errors, result != fib_seq(n));
  return errors;
}

int test_task_threadset() {
  int errors = 0;
  int n = N;

  // Test task with threadset(omp_pool)
  errors += task_work(n, 1);

  // Test task with threadset omp_team
  errors += task_work(n, 0);

  return errors;
}

int main() {
  int errors = 0;
  OMPVV_TEST_AND_SET(errors, test_task_threadset() != 0);
  OMPVV_REPORT_AND_RETURN(errors);
}
",openmp_batch_151_170_optionA_full_multivariant.csv,False,unknown,CHANGE_ASSIGNMENT,task,general_code,tests/6.0/task,6.0
tests/6.0/task/test_task_threadset_THREADS_RESERVE.c,task,threadset,THREADSET_POOL_TO_TEAM,medium,#pragma omp task shared(i) threadset(omp_pool),#pragma omp task shared(i) threadset(omp_team),fib result equals fib_seq(n) and pool threadset behavior is exercised,"pool task uses omp_team instead, so free-agent behavior is no longer tested",42,test_task_threadset_POOL_TO_TEAM_FIRST.c,"//--------------test_task_threadset_THREADS_RESERVE.c-------------------------//
// OpenMP API Version 6.0 November 2024
// Pg. 901, line 30
// Pg. 588, line 8
// ***********
// DIRECTIVE:task
// CLAUSE:threadset
// ***********
// This test checks the functionality of the threadset clause with the task
// directive, while also checking for the correct use of the omp_is_free_agent()
// routine. The example referenced here is ""5.10 Free Agent Threads"" which is
// taken from the 6.0 examples document. It checks if the task is executed by a
// free-agent thread when threadset(omp_pool) is used, and that the result of
// the Fibonacci calculation is correct when both omp_pool and omp_team is used.
//----------------------------------------------------------------------------//

#include ""ompvv.h""
#include <omp.h>

// not too large
#define N 5

int count = 0;

int fib_seq(int n) {
  if (n < 2)
    return n;
  return fib_seq(n - 1) + fib_seq(n - 2);
}

int fib(int n, int use_pool) {
  int i, j;

  if (use_pool) {
    if (omp_is_free_agent()) {
      #pragma omp atomic
      count++;
    }
  }
  if (n < 2)
    return n;
  if (use_pool) {
    #pragma omp task shared(i) threadset(omp_pool)
    i = fib(n - 1, use_pool);
    #pragma omp task shared(j) threadset(omp_pool)
    j = fib(n - 2, use_pool);
    #pragma omp taskwait
  } else {
    #pragma omp task shared(i) threadset(omp_team)
    i = fib(n - 1, use_pool);
    #pragma omp task shared(j) threadset(omp_team)
    j = fib(n - 2, use_pool);
    #pragma omp taskwait
  }

  return (i + j);
}

int task_work(int n, int use_pool) {
  int errors = 0;
  count = 0;
  int result;

  omp_set_num_threads(OMPVV_NUM_THREADS_HOST);
  #pragma omp parallel
  #pragma omp single
  {
    result = fib(n, use_pool);
  }
  if (use_pool) {
    OMPVV_WARNING_IF(
        count == 0,
        ""no free-agent threads in region""); // count should be greater than 0 if
                                            // a free-agent thread executed the
                                            // task
  }
  OMPVV_TEST_AND_SET(errors, result != fib_seq(n));
  return errors;
}

int test_task_threadset() {
  int errors = 0;
  int n = N;

  // Test task with threadset(omp_pool)
  errors += task_work(n, 1);

  // Test task with threadset omp_team
  errors += task_work(n, 0);

  return errors;
}

int main() {
  int errors = 0;
  OMPVV_TEST_AND_SET(errors, test_task_threadset() != 0);
  OMPVV_REPORT_AND_RETURN(errors);
}
","//--------------test_task_threadset_THREADS_RESERVE.c-------------------------//
// OpenMP API Version 6.0 November 2024
// Pg. 901, line 30
// Pg. 588, line 8
// ***********
// DIRECTIVE:task
// CLAUSE:threadset
// ***********
// This test checks the functionality of the threadset clause with the task
// directive, while also checking for the correct use of the omp_is_free_agent()
// routine. The example referenced here is ""5.10 Free Agent Threads"" which is
// taken from the 6.0 examples document. It checks if the task is executed by a
// free-agent thread when threadset(omp_pool) is used, and that the result of
// the Fibonacci calculation is correct when both omp_pool and omp_team is used.
//----------------------------------------------------------------------------//

#include ""ompvv.h""
#include <omp.h>

// not too large
#define N 5

int count = 0;

int fib_seq(int n) {
  if (n < 2)
    return n;
  return fib_seq(n - 1) + fib_seq(n - 2);
}

int fib(int n, int use_pool) {
  int i, j;

  if (use_pool) {
    if (omp_is_free_agent()) {
      #pragma omp atomic
      count++;
    }
  }
  if (n < 2)
    return n;
  if (use_pool) {
    #pragma omp task shared(i) threadset(omp_team)
    i = fib(n - 1, use_pool);
    #pragma omp task shared(j) threadset(omp_pool)
    j = fib(n - 2, use_pool);
    #pragma omp taskwait
  } else {
    #pragma omp task shared(i) threadset(omp_team)
    i = fib(n - 1, use_pool);
    #pragma omp task shared(j) threadset(omp_team)
    j = fib(n - 2, use_pool);
    #pragma omp taskwait
  }

  return (i + j);
}

int task_work(int n, int use_pool) {
  int errors = 0;
  count = 0;
  int result;

  omp_set_num_threads(OMPVV_NUM_THREADS_HOST);
  #pragma omp parallel
  #pragma omp single
  {
    result = fib(n, use_pool);
  }
  if (use_pool) {
    OMPVV_WARNING_IF(
        count == 0,
        ""no free-agent threads in region""); // count should be greater than 0 if
                                            // a free-agent thread executed the
                                            // task
  }
  OMPVV_TEST_AND_SET(errors, result != fib_seq(n));
  return errors;
}

int test_task_threadset() {
  int errors = 0;
  int n = N;

  // Test task with threadset(omp_pool)
  errors += task_work(n, 1);

  // Test task with threadset omp_team
  errors += task_work(n, 0);

  return errors;
}

int main() {
  int errors = 0;
  OMPVV_TEST_AND_SET(errors, test_task_threadset() != 0);
  OMPVV_REPORT_AND_RETURN(errors);
}
",openmp_batch_151_170_optionA_full_multivariant.csv,False,unknown,CHANGE_CLAUSE,task,data_sharing,tests/6.0/task,6.0
tests/6.0/task/test_task_threadset_THREADS_RESERVE.c,task,synchronization,REMOVE_TASKWAIT,high,#pragma omp taskwait,/* taskwait removed */,result == fib_seq(n),fib returns before child tasks assign i and j,46,test_task_threadset_REMOVE_TASKWAIT.c,"//--------------test_task_threadset_THREADS_RESERVE.c-------------------------//
// OpenMP API Version 6.0 November 2024
// Pg. 901, line 30
// Pg. 588, line 8
// ***********
// DIRECTIVE:task
// CLAUSE:threadset
// ***********
// This test checks the functionality of the threadset clause with the task
// directive, while also checking for the correct use of the omp_is_free_agent()
// routine. The example referenced here is ""5.10 Free Agent Threads"" which is
// taken from the 6.0 examples document. It checks if the task is executed by a
// free-agent thread when threadset(omp_pool) is used, and that the result of
// the Fibonacci calculation is correct when both omp_pool and omp_team is used.
//----------------------------------------------------------------------------//

#include ""ompvv.h""
#include <omp.h>

// not too large
#define N 5

int count = 0;

int fib_seq(int n) {
  if (n < 2)
    return n;
  return fib_seq(n - 1) + fib_seq(n - 2);
}

int fib(int n, int use_pool) {
  int i, j;

  if (use_pool) {
    if (omp_is_free_agent()) {
      #pragma omp atomic
      count++;
    }
  }
  if (n < 2)
    return n;
  if (use_pool) {
    #pragma omp task shared(i) threadset(omp_pool)
    i = fib(n - 1, use_pool);
    #pragma omp task shared(j) threadset(omp_pool)
    j = fib(n - 2, use_pool);
    #pragma omp taskwait
  } else {
    #pragma omp task shared(i) threadset(omp_team)
    i = fib(n - 1, use_pool);
    #pragma omp task shared(j) threadset(omp_team)
    j = fib(n - 2, use_pool);
    #pragma omp taskwait
  }

  return (i + j);
}

int task_work(int n, int use_pool) {
  int errors = 0;
  count = 0;
  int result;

  omp_set_num_threads(OMPVV_NUM_THREADS_HOST);
  #pragma omp parallel
  #pragma omp single
  {
    result = fib(n, use_pool);
  }
  if (use_pool) {
    OMPVV_WARNING_IF(
        count == 0,
        ""no free-agent threads in region""); // count should be greater than 0 if
                                            // a free-agent thread executed the
                                            // task
  }
  OMPVV_TEST_AND_SET(errors, result != fib_seq(n));
  return errors;
}

int test_task_threadset() {
  int errors = 0;
  int n = N;

  // Test task with threadset(omp_pool)
  errors += task_work(n, 1);

  // Test task with threadset omp_team
  errors += task_work(n, 0);

  return errors;
}

int main() {
  int errors = 0;
  OMPVV_TEST_AND_SET(errors, test_task_threadset() != 0);
  OMPVV_REPORT_AND_RETURN(errors);
}
","//--------------test_task_threadset_THREADS_RESERVE.c-------------------------//
// OpenMP API Version 6.0 November 2024
// Pg. 901, line 30
// Pg. 588, line 8
// ***********
// DIRECTIVE:task
// CLAUSE:threadset
// ***********
// This test checks the functionality of the threadset clause with the task
// directive, while also checking for the correct use of the omp_is_free_agent()
// routine. The example referenced here is ""5.10 Free Agent Threads"" which is
// taken from the 6.0 examples document. It checks if the task is executed by a
// free-agent thread when threadset(omp_pool) is used, and that the result of
// the Fibonacci calculation is correct when both omp_pool and omp_team is used.
//----------------------------------------------------------------------------//

#include ""ompvv.h""
#include <omp.h>

// not too large
#define N 5

int count = 0;

int fib_seq(int n) {
  if (n < 2)
    return n;
  return fib_seq(n - 1) + fib_seq(n - 2);
}

int fib(int n, int use_pool) {
  int i, j;

  if (use_pool) {
    if (omp_is_free_agent()) {
      #pragma omp atomic
      count++;
    }
  }
  if (n < 2)
    return n;
  if (use_pool) {
    #pragma omp task shared(i) threadset(omp_pool)
    i = fib(n - 1, use_pool);
    #pragma omp task shared(j) threadset(omp_pool)
    j = fib(n - 2, use_pool);
    /* taskwait removed */
  } else {
    #pragma omp task shared(i) threadset(omp_team)
    i = fib(n - 1, use_pool);
    #pragma omp task shared(j) threadset(omp_team)
    j = fib(n - 2, use_pool);
    #pragma omp taskwait
  }

  return (i + j);
}

int task_work(int n, int use_pool) {
  int errors = 0;
  count = 0;
  int result;

  omp_set_num_threads(OMPVV_NUM_THREADS_HOST);
  #pragma omp parallel
  #pragma omp single
  {
    result = fib(n, use_pool);
  }
  if (use_pool) {
    OMPVV_WARNING_IF(
        count == 0,
        ""no free-agent threads in region""); // count should be greater than 0 if
                                            // a free-agent thread executed the
                                            // task
  }
  OMPVV_TEST_AND_SET(errors, result != fib_seq(n));
  return errors;
}

int test_task_threadset() {
  int errors = 0;
  int n = N;

  // Test task with threadset(omp_pool)
  errors += task_work(n, 1);

  // Test task with threadset omp_team
  errors += task_work(n, 0);

  return errors;
}

int main() {
  int errors = 0;
  OMPVV_TEST_AND_SET(errors, test_task_threadset() != 0);
  OMPVV_REPORT_AND_RETURN(errors);
}
",openmp_batch_151_170_optionA_full_multivariant.csv,False,unknown,REMOVE_SYNCHRONIZATION,task,taskwait,tests/6.0/task,6.0
tests/6.0/task/test_task_threadset_THREADS_RESERVE.c,task,loop_body,WRONG_FIB_COMBINE,high,return (i + j);,return (i - j);,fib result equals fib_seq(n),recursive combination uses the wrong operator,52,test_task_threadset_WRONG_RETURN.c,"//--------------test_task_threadset_THREADS_RESERVE.c-------------------------//
// OpenMP API Version 6.0 November 2024
// Pg. 901, line 30
// Pg. 588, line 8
// ***********
// DIRECTIVE:task
// CLAUSE:threadset
// ***********
// This test checks the functionality of the threadset clause with the task
// directive, while also checking for the correct use of the omp_is_free_agent()
// routine. The example referenced here is ""5.10 Free Agent Threads"" which is
// taken from the 6.0 examples document. It checks if the task is executed by a
// free-agent thread when threadset(omp_pool) is used, and that the result of
// the Fibonacci calculation is correct when both omp_pool and omp_team is used.
//----------------------------------------------------------------------------//

#include ""ompvv.h""
#include <omp.h>

// not too large
#define N 5

int count = 0;

int fib_seq(int n) {
  if (n < 2)
    return n;
  return fib_seq(n - 1) + fib_seq(n - 2);
}

int fib(int n, int use_pool) {
  int i, j;

  if (use_pool) {
    if (omp_is_free_agent()) {
      #pragma omp atomic
      count++;
    }
  }
  if (n < 2)
    return n;
  if (use_pool) {
    #pragma omp task shared(i) threadset(omp_pool)
    i = fib(n - 1, use_pool);
    #pragma omp task shared(j) threadset(omp_pool)
    j = fib(n - 2, use_pool);
    #pragma omp taskwait
  } else {
    #pragma omp task shared(i) threadset(omp_team)
    i = fib(n - 1, use_pool);
    #pragma omp task shared(j) threadset(omp_team)
    j = fib(n - 2, use_pool);
    #pragma omp taskwait
  }

  return (i + j);
}

int task_work(int n, int use_pool) {
  int errors = 0;
  count = 0;
  int result;

  omp_set_num_threads(OMPVV_NUM_THREADS_HOST);
  #pragma omp parallel
  #pragma omp single
  {
    result = fib(n, use_pool);
  }
  if (use_pool) {
    OMPVV_WARNING_IF(
        count == 0,
        ""no free-agent threads in region""); // count should be greater than 0 if
                                            // a free-agent thread executed the
                                            // task
  }
  OMPVV_TEST_AND_SET(errors, result != fib_seq(n));
  return errors;
}

int test_task_threadset() {
  int errors = 0;
  int n = N;

  // Test task with threadset(omp_pool)
  errors += task_work(n, 1);

  // Test task with threadset omp_team
  errors += task_work(n, 0);

  return errors;
}

int main() {
  int errors = 0;
  OMPVV_TEST_AND_SET(errors, test_task_threadset() != 0);
  OMPVV_REPORT_AND_RETURN(errors);
}
","//--------------test_task_threadset_THREADS_RESERVE.c-------------------------//
// OpenMP API Version 6.0 November 2024
// Pg. 901, line 30
// Pg. 588, line 8
// ***********
// DIRECTIVE:task
// CLAUSE:threadset
// ***********
// This test checks the functionality of the threadset clause with the task
// directive, while also checking for the correct use of the omp_is_free_agent()
// routine. The example referenced here is ""5.10 Free Agent Threads"" which is
// taken from the 6.0 examples document. It checks if the task is executed by a
// free-agent thread when threadset(omp_pool) is used, and that the result of
// the Fibonacci calculation is correct when both omp_pool and omp_team is used.
//----------------------------------------------------------------------------//

#include ""ompvv.h""
#include <omp.h>

// not too large
#define N 5

int count = 0;

int fib_seq(int n) {
  if (n < 2)
    return n;
  return fib_seq(n - 1) + fib_seq(n - 2);
}

int fib(int n, int use_pool) {
  int i, j;

  if (use_pool) {
    if (omp_is_free_agent()) {
      #pragma omp atomic
      count++;
    }
  }
  if (n < 2)
    return n;
  if (use_pool) {
    #pragma omp task shared(i) threadset(omp_pool)
    i = fib(n - 1, use_pool);
    #pragma omp task shared(j) threadset(omp_pool)
    j = fib(n - 2, use_pool);
    #pragma omp taskwait
  } else {
    #pragma omp task shared(i) threadset(omp_team)
    i = fib(n - 1, use_pool);
    #pragma omp task shared(j) threadset(omp_team)
    j = fib(n - 2, use_pool);
    #pragma omp taskwait
  }

  return (i - j);
}

int task_work(int n, int use_pool) {
  int errors = 0;
  count = 0;
  int result;

  omp_set_num_threads(OMPVV_NUM_THREADS_HOST);
  #pragma omp parallel
  #pragma omp single
  {
    result = fib(n, use_pool);
  }
  if (use_pool) {
    OMPVV_WARNING_IF(
        count == 0,
        ""no free-agent threads in region""); // count should be greater than 0 if
                                            // a free-agent thread executed the
                                            // task
  }
  OMPVV_TEST_AND_SET(errors, result != fib_seq(n));
  return errors;
}

int test_task_threadset() {
  int errors = 0;
  int n = N;

  // Test task with threadset(omp_pool)
  errors += task_work(n, 1);

  // Test task with threadset omp_team
  errors += task_work(n, 0);

  return errors;
}

int main() {
  int errors = 0;
  OMPVV_TEST_AND_SET(errors, test_task_threadset() != 0);
  OMPVV_REPORT_AND_RETURN(errors);
}
",openmp_batch_151_170_optionA_full_multivariant.csv,False,unknown,CHANGE_ASSIGNMENT,task,general_code,tests/6.0/task,6.0
tests/6.0/task/test_task_transparent.c,task,synchronization,REMOVE_ATOMIC_UPDATE,high,# pragma omp atomic,/* atomic removed */,x == 5 after five transparent tasks,increment to shared x is not atomic,24,test_task_transparent_REMOVE_ATOMIC_FIRST.c,"//===-- test_task_transparent.c ------------------------------------------------===//
//
// OpenMP API Version 6.0 Nov 2024
//
// Description
// testTaskTransparent():
// Test all arguments of the transparent clause
//===----------------------------------------------------------------------===//

#include <stdio.h>
#include <omp.h>
#include ""ompvv.h""

int testTaskTransparent(void)
{
    int errors = 0;
    int x = 0;

    #pragma omp parallel shared(x) num_threads(OMPVV_NUM_THREADS_HOST)
    {
        # pragma omp single
        {
            # pragma omp task shared(x) transparent
            {
                # pragma omp atomic
                    ++x;
            }

            # pragma omp task shared(x) transparent(omp_not_impex)
            {
                # pragma omp atomic
                    ++x;
            }

            # pragma omp task shared(x) transparent(omp_import)
            {
                # pragma omp atomic
                    ++x;
            }

            # pragma omp task shared(x) transparent(omp_export)
            {
                # pragma omp atomic
                    ++x;
            }

            # pragma omp task shared(x) transparent(omp_impex)
            {
                # pragma omp atomic
                    ++x;
            }
        }
    }
    OMPVV_TEST_AND_SET_VERBOSE(errors, x != 5);
    return errors;
}

int main(void)
{
    int errors = 0;
    OMPVV_TEST_AND_SET_VERBOSE(errors, testTaskTransparent());
    OMPVV_REPORT_AND_RETURN(errors);
}
","//===-- test_task_transparent.c ------------------------------------------------===//
//
// OpenMP API Version 6.0 Nov 2024
//
// Description
// testTaskTransparent():
// Test all arguments of the transparent clause
//===----------------------------------------------------------------------===//

#include <stdio.h>
#include <omp.h>
#include ""ompvv.h""

int testTaskTransparent(void)
{
    int errors = 0;
    int x = 0;

    #pragma omp parallel shared(x) num_threads(OMPVV_NUM_THREADS_HOST)
    {
        # pragma omp single
        {
            # pragma omp task shared(x) transparent
            {
                /* atomic removed */
                    ++x;
            }

            # pragma omp task shared(x) transparent(omp_not_impex)
            {
                # pragma omp atomic
                    ++x;
            }

            # pragma omp task shared(x) transparent(omp_import)
            {
                # pragma omp atomic
                    ++x;
            }

            # pragma omp task shared(x) transparent(omp_export)
            {
                # pragma omp atomic
                    ++x;
            }

            # pragma omp task shared(x) transparent(omp_impex)
            {
                # pragma omp atomic
                    ++x;
            }
        }
    }
    OMPVV_TEST_AND_SET_VERBOSE(errors, x != 5);
    return errors;
}

int main(void)
{
    int errors = 0;
    OMPVV_TEST_AND_SET_VERBOSE(errors, testTaskTransparent());
    OMPVV_REPORT_AND_RETURN(errors);
}
",openmp_batch_151_170_optionA_full_multivariant.csv,False,unknown,REMOVE_SYNCHRONIZATION,atomic,atomic,tests/6.0/task,6.0
tests/6.0/task/test_task_transparent.c,task,task_semantics,REMOVE_TRANSPARENT_TASK,high,# pragma omp task shared(x) transparent(omp_import),/* transparent import task removed */,x == 5 after five transparent tasks,"one transparent task is removed, so x increments only four times",33,test_task_transparent_SKIP_ONE_TASK.c,"//===-- test_task_transparent.c ------------------------------------------------===//
//
// OpenMP API Version 6.0 Nov 2024
//
// Description
// testTaskTransparent():
// Test all arguments of the transparent clause
//===----------------------------------------------------------------------===//

#include <stdio.h>
#include <omp.h>
#include ""ompvv.h""

int testTaskTransparent(void)
{
    int errors = 0;
    int x = 0;

    #pragma omp parallel shared(x) num_threads(OMPVV_NUM_THREADS_HOST)
    {
        # pragma omp single
        {
            # pragma omp task shared(x) transparent
            {
                # pragma omp atomic
                    ++x;
            }

            # pragma omp task shared(x) transparent(omp_not_impex)
            {
                # pragma omp atomic
                    ++x;
            }

            # pragma omp task shared(x) transparent(omp_import)
            {
                # pragma omp atomic
                    ++x;
            }

            # pragma omp task shared(x) transparent(omp_export)
            {
                # pragma omp atomic
                    ++x;
            }

            # pragma omp task shared(x) transparent(omp_impex)
            {
                # pragma omp atomic
                    ++x;
            }
        }
    }
    OMPVV_TEST_AND_SET_VERBOSE(errors, x != 5);
    return errors;
}

int main(void)
{
    int errors = 0;
    OMPVV_TEST_AND_SET_VERBOSE(errors, testTaskTransparent());
    OMPVV_REPORT_AND_RETURN(errors);
}
","//===-- test_task_transparent.c ------------------------------------------------===//
//
// OpenMP API Version 6.0 Nov 2024
//
// Description
// testTaskTransparent():
// Test all arguments of the transparent clause
//===----------------------------------------------------------------------===//

#include <stdio.h>
#include <omp.h>
#include ""ompvv.h""

int testTaskTransparent(void)
{
    int errors = 0;
    int x = 0;

    #pragma omp parallel shared(x) num_threads(OMPVV_NUM_THREADS_HOST)
    {
        # pragma omp single
        {
            # pragma omp task shared(x) transparent
            {
                # pragma omp atomic
                    ++x;
            }

            # pragma omp task shared(x) transparent(omp_not_impex)
            {
                # pragma omp atomic
                    ++x;
            }

            /* transparent import task removed */
            {
                # pragma omp atomic
                    ++x;
            }

            # pragma omp task shared(x) transparent(omp_export)
            {
                # pragma omp atomic
                    ++x;
            }

            # pragma omp task shared(x) transparent(omp_impex)
            {
                # pragma omp atomic
                    ++x;
            }
        }
    }
    OMPVV_TEST_AND_SET_VERBOSE(errors, x != 5);
    return errors;
}

int main(void)
{
    int errors = 0;
    OMPVV_TEST_AND_SET_VERBOSE(errors, testTaskTransparent());
    OMPVV_REPORT_AND_RETURN(errors);
}
",openmp_batch_151_170_optionA_full_multivariant.csv,False,unknown,REMOVE_CLAUSE,task,data_sharing,tests/6.0/task,6.0
tests/6.0/task/test_task_transparent.c,task,loop_body,WRONG_INCREMENT,high,++x;,x += 2;,x == 5 after five transparent tasks,one task increments by two instead of one,25,test_task_transparent_WRONG_INCREMENT.c,"//===-- test_task_transparent.c ------------------------------------------------===//
//
// OpenMP API Version 6.0 Nov 2024
//
// Description
// testTaskTransparent():
// Test all arguments of the transparent clause
//===----------------------------------------------------------------------===//

#include <stdio.h>
#include <omp.h>
#include ""ompvv.h""

int testTaskTransparent(void)
{
    int errors = 0;
    int x = 0;

    #pragma omp parallel shared(x) num_threads(OMPVV_NUM_THREADS_HOST)
    {
        # pragma omp single
        {
            # pragma omp task shared(x) transparent
            {
                # pragma omp atomic
                    ++x;
            }

            # pragma omp task shared(x) transparent(omp_not_impex)
            {
                # pragma omp atomic
                    ++x;
            }

            # pragma omp task shared(x) transparent(omp_import)
            {
                # pragma omp atomic
                    ++x;
            }

            # pragma omp task shared(x) transparent(omp_export)
            {
                # pragma omp atomic
                    ++x;
            }

            # pragma omp task shared(x) transparent(omp_impex)
            {
                # pragma omp atomic
                    ++x;
            }
        }
    }
    OMPVV_TEST_AND_SET_VERBOSE(errors, x != 5);
    return errors;
}

int main(void)
{
    int errors = 0;
    OMPVV_TEST_AND_SET_VERBOSE(errors, testTaskTransparent());
    OMPVV_REPORT_AND_RETURN(errors);
}
","//===-- test_task_transparent.c ------------------------------------------------===//
//
// OpenMP API Version 6.0 Nov 2024
//
// Description
// testTaskTransparent():
// Test all arguments of the transparent clause
//===----------------------------------------------------------------------===//

#include <stdio.h>
#include <omp.h>
#include ""ompvv.h""

int testTaskTransparent(void)
{
    int errors = 0;
    int x = 0;

    #pragma omp parallel shared(x) num_threads(OMPVV_NUM_THREADS_HOST)
    {
        # pragma omp single
        {
            # pragma omp task shared(x) transparent
            {
                # pragma omp atomic
                    x += 2;
            }

            # pragma omp task shared(x) transparent(omp_not_impex)
            {
                # pragma omp atomic
                    ++x;
            }

            # pragma omp task shared(x) transparent(omp_import)
            {
                # pragma omp atomic
                    ++x;
            }

            # pragma omp task shared(x) transparent(omp_export)
            {
                # pragma omp atomic
                    ++x;
            }

            # pragma omp task shared(x) transparent(omp_impex)
            {
                # pragma omp atomic
                    ++x;
            }
        }
    }
    OMPVV_TEST_AND_SET_VERBOSE(errors, x != 5);
    return errors;
}

int main(void)
{
    int errors = 0;
    OMPVV_TEST_AND_SET_VERBOSE(errors, testTaskTransparent());
    OMPVV_REPORT_AND_RETURN(errors);
}
",openmp_batch_151_170_optionA_full_multivariant.csv,False,unknown,CHANGE_ASSIGNMENT,task,general_code,tests/6.0/task,6.0
tests/6.0/task/test_task_transparent_export.c,task,transparent,REMOVE_TRANSPARENT_CLAUSE,high,"# pragma omp task shared(x, errors) transparent(omp_export)","# pragma omp task shared(x, errors)",ordered transparent task dependencies produce x == 2,"transparent clause is removed, so cross-level dependency ordering is broken",20,test_task_transparent_export_REMOVE_TRANSPARENT.c,"//===-- test_task_transparent_export.c ------------------------------------------------===//
//
// OpenMP API Version 6.0 Nov 2024
//
// Description
// testTaskTransparentExport():
// Ensure the correct execution order of an exporting task and its uncle task
//===----------------------------------------------------------------------===//

#include <stdio.h>
#include <omp.h>
#include ""ompvv.h""

int testTaskTransparentExport(void)
{
    int errors = 0;
    int x = 0;

    #pragma omp parallel shared(x) num_threads(OMPVV_NUM_THREADS_HOST)
    {
        # pragma omp single
        {
            # pragma omp task shared(x, errors) transparent(omp_export)
            {
                # pragma omp task shared(x, errors) depend(out: x)
                {
                    OMPVV_TEST_AND_SET_VERBOSE(errors, x != 0);
                    ++x;
                }
            }

            # pragma omp task shared(x, errors) depend(in: x)
            {
                OMPVV_TEST_AND_SET_VERBOSE(errors, x != 1);
                ++x;
            }
        }
    }
    OMPVV_TEST_AND_SET_VERBOSE(errors, x != 2);
    return errors;
}

int main(void)
{
    int errors = 0;
    OMPVV_TEST_AND_SET_VERBOSE(errors, testTaskTransparentExport());
    OMPVV_REPORT_AND_RETURN(errors);
}
","//===-- test_task_transparent_export.c ------------------------------------------------===//
//
// OpenMP API Version 6.0 Nov 2024
//
// Description
// testTaskTransparentExport():
// Ensure the correct execution order of an exporting task and its uncle task
//===----------------------------------------------------------------------===//

#include <stdio.h>
#include <omp.h>
#include ""ompvv.h""

int testTaskTransparentExport(void)
{
    int errors = 0;
    int x = 0;

    #pragma omp parallel shared(x) num_threads(OMPVV_NUM_THREADS_HOST)
    {
        # pragma omp single
        {
            # pragma omp task shared(x, errors)
            {
                # pragma omp task shared(x, errors) depend(out: x)
                {
                    OMPVV_TEST_AND_SET_VERBOSE(errors, x != 0);
                    ++x;
                }
            }

            # pragma omp task shared(x, errors) depend(in: x)
            {
                OMPVV_TEST_AND_SET_VERBOSE(errors, x != 1);
                ++x;
            }
        }
    }
    OMPVV_TEST_AND_SET_VERBOSE(errors, x != 2);
    return errors;
}

int main(void)
{
    int errors = 0;
    OMPVV_TEST_AND_SET_VERBOSE(errors, testTaskTransparentExport());
    OMPVV_REPORT_AND_RETURN(errors);
}
",openmp_batch_151_170_optionA_full_multivariant.csv,False,unknown,REMOVE_CLAUSE,task,data_sharing,tests/6.0/task,6.0
tests/6.0/task/test_task_transparent_export.c,task,task_dependency,REMOVE_DEPEND,high,depend(out: x),,dependent task ordering keeps x checks at expected values,"task dependence is removed, so tasks may execute out of order",23,test_task_transparent_export_REMOVE_DEPEND.c,"//===-- test_task_transparent_export.c ------------------------------------------------===//
//
// OpenMP API Version 6.0 Nov 2024
//
// Description
// testTaskTransparentExport():
// Ensure the correct execution order of an exporting task and its uncle task
//===----------------------------------------------------------------------===//

#include <stdio.h>
#include <omp.h>
#include ""ompvv.h""

int testTaskTransparentExport(void)
{
    int errors = 0;
    int x = 0;

    #pragma omp parallel shared(x) num_threads(OMPVV_NUM_THREADS_HOST)
    {
        # pragma omp single
        {
            # pragma omp task shared(x, errors) transparent(omp_export)
            {
                # pragma omp task shared(x, errors) depend(out: x)
                {
                    OMPVV_TEST_AND_SET_VERBOSE(errors, x != 0);
                    ++x;
                }
            }

            # pragma omp task shared(x, errors) depend(in: x)
            {
                OMPVV_TEST_AND_SET_VERBOSE(errors, x != 1);
                ++x;
            }
        }
    }
    OMPVV_TEST_AND_SET_VERBOSE(errors, x != 2);
    return errors;
}

int main(void)
{
    int errors = 0;
    OMPVV_TEST_AND_SET_VERBOSE(errors, testTaskTransparentExport());
    OMPVV_REPORT_AND_RETURN(errors);
}
","//===-- test_task_transparent_export.c ------------------------------------------------===//
//
// OpenMP API Version 6.0 Nov 2024
//
// Description
// testTaskTransparentExport():
// Ensure the correct execution order of an exporting task and its uncle task
//===----------------------------------------------------------------------===//

#include <stdio.h>
#include <omp.h>
#include ""ompvv.h""

int testTaskTransparentExport(void)
{
    int errors = 0;
    int x = 0;

    #pragma omp parallel shared(x) num_threads(OMPVV_NUM_THREADS_HOST)
    {
        # pragma omp single
        {
            # pragma omp task shared(x, errors) transparent(omp_export)
            {
                # pragma omp task shared(x, errors) 
                {
                    OMPVV_TEST_AND_SET_VERBOSE(errors, x != 0);
                    ++x;
                }
            }

            # pragma omp task shared(x, errors) depend(in: x)
            {
                OMPVV_TEST_AND_SET_VERBOSE(errors, x != 1);
                ++x;
            }
        }
    }
    OMPVV_TEST_AND_SET_VERBOSE(errors, x != 2);
    return errors;
}

int main(void)
{
    int errors = 0;
    OMPVV_TEST_AND_SET_VERBOSE(errors, testTaskTransparentExport());
    OMPVV_REPORT_AND_RETURN(errors);
}
",openmp_batch_151_170_optionA_full_multivariant.csv,False,unknown,REMOVE_DEPENDENCY,task,dependency,tests/6.0/task,6.0
tests/6.0/task/test_task_transparent_export.c,task,loop_body,WRONG_INCREMENT,high,++x;,x += 2;,final x == 2,one task increments x by two instead of one,31,test_task_transparent_export_WRONG_FINAL_INCREMENT.c,"//===-- test_task_transparent_export.c ------------------------------------------------===//
//
// OpenMP API Version 6.0 Nov 2024
//
// Description
// testTaskTransparentExport():
// Ensure the correct execution order of an exporting task and its uncle task
//===----------------------------------------------------------------------===//

#include <stdio.h>
#include <omp.h>
#include ""ompvv.h""

int testTaskTransparentExport(void)
{
    int errors = 0;
    int x = 0;

    #pragma omp parallel shared(x) num_threads(OMPVV_NUM_THREADS_HOST)
    {
        # pragma omp single
        {
            # pragma omp task shared(x, errors) transparent(omp_export)
            {
                # pragma omp task shared(x, errors) depend(out: x)
                {
                    OMPVV_TEST_AND_SET_VERBOSE(errors, x != 0);
                    ++x;
                }
            }

            # pragma omp task shared(x, errors) depend(in: x)
            {
                OMPVV_TEST_AND_SET_VERBOSE(errors, x != 1);
                ++x;
            }
        }
    }
    OMPVV_TEST_AND_SET_VERBOSE(errors, x != 2);
    return errors;
}

int main(void)
{
    int errors = 0;
    OMPVV_TEST_AND_SET_VERBOSE(errors, testTaskTransparentExport());
    OMPVV_REPORT_AND_RETURN(errors);
}
","//===-- test_task_transparent_export.c ------------------------------------------------===//
//
// OpenMP API Version 6.0 Nov 2024
//
// Description
// testTaskTransparentExport():
// Ensure the correct execution order of an exporting task and its uncle task
//===----------------------------------------------------------------------===//

#include <stdio.h>
#include <omp.h>
#include ""ompvv.h""

int testTaskTransparentExport(void)
{
    int errors = 0;
    int x = 0;

    #pragma omp parallel shared(x) num_threads(OMPVV_NUM_THREADS_HOST)
    {
        # pragma omp single
        {
            # pragma omp task shared(x, errors) transparent(omp_export)
            {
                # pragma omp task shared(x, errors) depend(out: x)
                {
                    OMPVV_TEST_AND_SET_VERBOSE(errors, x != 0);
                    ++x;
                }
            }

            # pragma omp task shared(x, errors) depend(in: x)
            {
                OMPVV_TEST_AND_SET_VERBOSE(errors, x != 1);
                x += 2;
            }
        }
    }
    OMPVV_TEST_AND_SET_VERBOSE(errors, x != 2);
    return errors;
}

int main(void)
{
    int errors = 0;
    OMPVV_TEST_AND_SET_VERBOSE(errors, testTaskTransparentExport());
    OMPVV_REPORT_AND_RETURN(errors);
}
",openmp_batch_151_170_optionA_full_multivariant.csv,False,unknown,CHANGE_ASSIGNMENT,task,general_code,tests/6.0/task,6.0
tests/6.0/task/test_task_transparent_impex.c,task,transparent,REMOVE_TRANSPARENT_CLAUSE,high,"# pragma omp task shared(x, errors) transparent(omp_impex)","# pragma omp task shared(x, errors)",ordered transparent task dependencies produce x == 2,"transparent clause is removed, so cross-level dependency ordering is broken",20,test_task_transparent_impex_REMOVE_TRANSPARENT.c,"//===-- test_task_transparent_impex.c ------------------------------------------------===//
//
// OpenMP API Version 6.0 Nov 2024
//
// Description
// testTaskTransparentImpex():
// Ensure the correct order of execution of cousin tasks, with impex parents
//===----------------------------------------------------------------------===//

#include <stdio.h>
#include <omp.h>
#include ""ompvv.h""

int testTaskTransparentImpex(void)
{
    int errors = 0;
    int x = 0;

    #pragma omp parallel shared(x) num_threads(OMPVV_NUM_THREADS_HOST)
    {
        # pragma omp single
        {
            # pragma omp task shared(x, errors) transparent(omp_impex)
            {
                # pragma omp task shared(x, errors) depend(out: x)
                {
                    OMPVV_TEST_AND_SET_VERBOSE(errors, x != 0);
                    ++x;
                }
            }

            # pragma omp task shared(x, errors) transparent(omp_impex)
            {
                # pragma omp task shared(x, errors) depend(out: x)
                {
                    OMPVV_TEST_AND_SET_VERBOSE(errors, x != 1);
                    ++x;
                }
            }
        }
    }
    OMPVV_TEST_AND_SET_VERBOSE(errors, x != 2);
    return errors;
}

int main(void)
{
    int errors = 0;
    OMPVV_TEST_AND_SET_VERBOSE(errors, testTaskTransparentImpex());
    OMPVV_REPORT_AND_RETURN(errors);
}
","//===-- test_task_transparent_impex.c ------------------------------------------------===//
//
// OpenMP API Version 6.0 Nov 2024
//
// Description
// testTaskTransparentImpex():
// Ensure the correct order of execution of cousin tasks, with impex parents
//===----------------------------------------------------------------------===//

#include <stdio.h>
#include <omp.h>
#include ""ompvv.h""

int testTaskTransparentImpex(void)
{
    int errors = 0;
    int x = 0;

    #pragma omp parallel shared(x) num_threads(OMPVV_NUM_THREADS_HOST)
    {
        # pragma omp single
        {
            # pragma omp task shared(x, errors)
            {
                # pragma omp task shared(x, errors) depend(out: x)
                {
                    OMPVV_TEST_AND_SET_VERBOSE(errors, x != 0);
                    ++x;
                }
            }

            # pragma omp task shared(x, errors) transparent(omp_impex)
            {
                # pragma omp task shared(x, errors) depend(out: x)
                {
                    OMPVV_TEST_AND_SET_VERBOSE(errors, x != 1);
                    ++x;
                }
            }
        }
    }
    OMPVV_TEST_AND_SET_VERBOSE(errors, x != 2);
    return errors;
}

int main(void)
{
    int errors = 0;
    OMPVV_TEST_AND_SET_VERBOSE(errors, testTaskTransparentImpex());
    OMPVV_REPORT_AND_RETURN(errors);
}
",openmp_batch_151_170_optionA_full_multivariant.csv,False,unknown,REMOVE_CLAUSE,task,data_sharing,tests/6.0/task,6.0
tests/6.0/task/test_task_transparent_impex.c,task,task_dependency,REMOVE_DEPEND,high,depend(out: x),,dependent task ordering keeps x checks at expected values,"task dependence is removed, so tasks may execute out of order",23,test_task_transparent_impex_REMOVE_DEPEND.c,"//===-- test_task_transparent_impex.c ------------------------------------------------===//
//
// OpenMP API Version 6.0 Nov 2024
//
// Description
// testTaskTransparentImpex():
// Ensure the correct order of execution of cousin tasks, with impex parents
//===----------------------------------------------------------------------===//

#include <stdio.h>
#include <omp.h>
#include ""ompvv.h""

int testTaskTransparentImpex(void)
{
    int errors = 0;
    int x = 0;

    #pragma omp parallel shared(x) num_threads(OMPVV_NUM_THREADS_HOST)
    {
        # pragma omp single
        {
            # pragma omp task shared(x, errors) transparent(omp_impex)
            {
                # pragma omp task shared(x, errors) depend(out: x)
                {
                    OMPVV_TEST_AND_SET_VERBOSE(errors, x != 0);
                    ++x;
                }
            }

            # pragma omp task shared(x, errors) transparent(omp_impex)
            {
                # pragma omp task shared(x, errors) depend(out: x)
                {
                    OMPVV_TEST_AND_SET_VERBOSE(errors, x != 1);
                    ++x;
                }
            }
        }
    }
    OMPVV_TEST_AND_SET_VERBOSE(errors, x != 2);
    return errors;
}

int main(void)
{
    int errors = 0;
    OMPVV_TEST_AND_SET_VERBOSE(errors, testTaskTransparentImpex());
    OMPVV_REPORT_AND_RETURN(errors);
}
","//===-- test_task_transparent_impex.c ------------------------------------------------===//
//
// OpenMP API Version 6.0 Nov 2024
//
// Description
// testTaskTransparentImpex():
// Ensure the correct order of execution of cousin tasks, with impex parents
//===----------------------------------------------------------------------===//

#include <stdio.h>
#include <omp.h>
#include ""ompvv.h""

int testTaskTransparentImpex(void)
{
    int errors = 0;
    int x = 0;

    #pragma omp parallel shared(x) num_threads(OMPVV_NUM_THREADS_HOST)
    {
        # pragma omp single
        {
            # pragma omp task shared(x, errors) transparent(omp_impex)
            {
                # pragma omp task shared(x, errors) 
                {
                    OMPVV_TEST_AND_SET_VERBOSE(errors, x != 0);
                    ++x;
                }
            }

            # pragma omp task shared(x, errors) transparent(omp_impex)
            {
                # pragma omp task shared(x, errors) depend(out: x)
                {
                    OMPVV_TEST_AND_SET_VERBOSE(errors, x != 1);
                    ++x;
                }
            }
        }
    }
    OMPVV_TEST_AND_SET_VERBOSE(errors, x != 2);
    return errors;
}

int main(void)
{
    int errors = 0;
    OMPVV_TEST_AND_SET_VERBOSE(errors, testTaskTransparentImpex());
    OMPVV_REPORT_AND_RETURN(errors);
}
",openmp_batch_151_170_optionA_full_multivariant.csv,False,unknown,REMOVE_DEPENDENCY,task,dependency,tests/6.0/task,6.0
tests/6.0/task/test_task_transparent_impex.c,task,loop_body,WRONG_INCREMENT,high,++x;,x += 2;,final x == 2,one task increments x by two instead of one,31,test_task_transparent_impex_WRONG_FINAL_INCREMENT.c,"//===-- test_task_transparent_impex.c ------------------------------------------------===//
//
// OpenMP API Version 6.0 Nov 2024
//
// Description
// testTaskTransparentImpex():
// Ensure the correct order of execution of cousin tasks, with impex parents
//===----------------------------------------------------------------------===//

#include <stdio.h>
#include <omp.h>
#include ""ompvv.h""

int testTaskTransparentImpex(void)
{
    int errors = 0;
    int x = 0;

    #pragma omp parallel shared(x) num_threads(OMPVV_NUM_THREADS_HOST)
    {
        # pragma omp single
        {
            # pragma omp task shared(x, errors) transparent(omp_impex)
            {
                # pragma omp task shared(x, errors) depend(out: x)
                {
                    OMPVV_TEST_AND_SET_VERBOSE(errors, x != 0);
                    ++x;
                }
            }

            # pragma omp task shared(x, errors) transparent(omp_impex)
            {
                # pragma omp task shared(x, errors) depend(out: x)
                {
                    OMPVV_TEST_AND_SET_VERBOSE(errors, x != 1);
                    ++x;
                }
            }
        }
    }
    OMPVV_TEST_AND_SET_VERBOSE(errors, x != 2);
    return errors;
}

int main(void)
{
    int errors = 0;
    OMPVV_TEST_AND_SET_VERBOSE(errors, testTaskTransparentImpex());
    OMPVV_REPORT_AND_RETURN(errors);
}
","//===-- test_task_transparent_impex.c ------------------------------------------------===//
//
// OpenMP API Version 6.0 Nov 2024
//
// Description
// testTaskTransparentImpex():
// Ensure the correct order of execution of cousin tasks, with impex parents
//===----------------------------------------------------------------------===//

#include <stdio.h>
#include <omp.h>
#include ""ompvv.h""

int testTaskTransparentImpex(void)
{
    int errors = 0;
    int x = 0;

    #pragma omp parallel shared(x) num_threads(OMPVV_NUM_THREADS_HOST)
    {
        # pragma omp single
        {
            # pragma omp task shared(x, errors) transparent(omp_impex)
            {
                # pragma omp task shared(x, errors) depend(out: x)
                {
                    OMPVV_TEST_AND_SET_VERBOSE(errors, x != 0);
                    ++x;
                }
            }

            # pragma omp task shared(x, errors) transparent(omp_impex)
            {
                # pragma omp task shared(x, errors) depend(out: x)
                {
                    OMPVV_TEST_AND_SET_VERBOSE(errors, x != 1);
                    x += 2;
                }
            }
        }
    }
    OMPVV_TEST_AND_SET_VERBOSE(errors, x != 2);
    return errors;
}

int main(void)
{
    int errors = 0;
    OMPVV_TEST_AND_SET_VERBOSE(errors, testTaskTransparentImpex());
    OMPVV_REPORT_AND_RETURN(errors);
}
",openmp_batch_151_170_optionA_full_multivariant.csv,False,unknown,CHANGE_ASSIGNMENT,task,general_code,tests/6.0/task,6.0
tests/6.0/task/test_task_transparent_import.c,task,task_dependency,REMOVE_DEPEND,high,depend(out: x),,dependent task ordering keeps x checks at expected values,"task dependence is removed, so tasks may execute out of order",23,test_task_transparent_import_REMOVE_DEPEND.c,"//===-- test_task_transparent_import.c ------------------------------------------------===//
//
// OpenMP API Version 6.0 Nov 2024
//
// Description
// testTaskTransparentImport():
// Ensure the correct execution order of an importing task and its uncle task
//===----------------------------------------------------------------------===//

#include <stdio.h>
#include <omp.h>
#include ""ompvv.h""

int testTaskTransparentImport(void)
{
    int errors = 0;
    int x = 0;

    #pragma omp parallel shared(x) num_threads(OMPVV_NUM_THREADS_HOST)
    {
        # pragma omp single
        {
            # pragma omp task shared(x, errors) depend(out: x)
            {
                OMPVV_TEST_AND_SET_VERBOSE(errors, x != 0);
                ++x;
            }

            # pragma omp task shared(x, errors) transparent(omp_import)
            {
                # pragma omp task shared(x, errors) depend(in: x)
                {
                    OMPVV_TEST_AND_SET_VERBOSE(errors, x != 1);
                    ++x;
                }
            }
        }
    }
    OMPVV_TEST_AND_SET_VERBOSE(errors, x != 2);
    return errors;
}

int main(void)
{
    int errors = 0;
    OMPVV_TEST_AND_SET_VERBOSE(errors, testTaskTransparentImport());
    OMPVV_REPORT_AND_RETURN(errors);
}
","//===-- test_task_transparent_import.c ------------------------------------------------===//
//
// OpenMP API Version 6.0 Nov 2024
//
// Description
// testTaskTransparentImport():
// Ensure the correct execution order of an importing task and its uncle task
//===----------------------------------------------------------------------===//

#include <stdio.h>
#include <omp.h>
#include ""ompvv.h""

int testTaskTransparentImport(void)
{
    int errors = 0;
    int x = 0;

    #pragma omp parallel shared(x) num_threads(OMPVV_NUM_THREADS_HOST)
    {
        # pragma omp single
        {
            # pragma omp task shared(x, errors) 
            {
                OMPVV_TEST_AND_SET_VERBOSE(errors, x != 0);
                ++x;
            }

            # pragma omp task shared(x, errors) transparent(omp_import)
            {
                # pragma omp task shared(x, errors) depend(in: x)
                {
                    OMPVV_TEST_AND_SET_VERBOSE(errors, x != 1);
                    ++x;
                }
            }
        }
    }
    OMPVV_TEST_AND_SET_VERBOSE(errors, x != 2);
    return errors;
}

int main(void)
{
    int errors = 0;
    OMPVV_TEST_AND_SET_VERBOSE(errors, testTaskTransparentImport());
    OMPVV_REPORT_AND_RETURN(errors);
}
",openmp_batch_151_170_optionA_full_multivariant.csv,False,unknown,REMOVE_DEPENDENCY,task,dependency,tests/6.0/task,6.0
tests/6.0/task/test_task_transparent_import.c,task,loop_body,WRONG_INCREMENT,high,++x;,x += 2;,final x == 2,one task increments x by two instead of one,31,test_task_transparent_import_WRONG_FINAL_INCREMENT.c,"//===-- test_task_transparent_import.c ------------------------------------------------===//
//
// OpenMP API Version 6.0 Nov 2024
//
// Description
// testTaskTransparentImport():
// Ensure the correct execution order of an importing task and its uncle task
//===----------------------------------------------------------------------===//

#include <stdio.h>
#include <omp.h>
#include ""ompvv.h""

int testTaskTransparentImport(void)
{
    int errors = 0;
    int x = 0;

    #pragma omp parallel shared(x) num_threads(OMPVV_NUM_THREADS_HOST)
    {
        # pragma omp single
        {
            # pragma omp task shared(x, errors) depend(out: x)
            {
                OMPVV_TEST_AND_SET_VERBOSE(errors, x != 0);
                ++x;
            }

            # pragma omp task shared(x, errors) transparent(omp_import)
            {
                # pragma omp task shared(x, errors) depend(in: x)
                {
                    OMPVV_TEST_AND_SET_VERBOSE(errors, x != 1);
                    ++x;
                }
            }
        }
    }
    OMPVV_TEST_AND_SET_VERBOSE(errors, x != 2);
    return errors;
}

int main(void)
{
    int errors = 0;
    OMPVV_TEST_AND_SET_VERBOSE(errors, testTaskTransparentImport());
    OMPVV_REPORT_AND_RETURN(errors);
}
","//===-- test_task_transparent_import.c ------------------------------------------------===//
//
// OpenMP API Version 6.0 Nov 2024
//
// Description
// testTaskTransparentImport():
// Ensure the correct execution order of an importing task and its uncle task
//===----------------------------------------------------------------------===//

#include <stdio.h>
#include <omp.h>
#include ""ompvv.h""

int testTaskTransparentImport(void)
{
    int errors = 0;
    int x = 0;

    #pragma omp parallel shared(x) num_threads(OMPVV_NUM_THREADS_HOST)
    {
        # pragma omp single
        {
            # pragma omp task shared(x, errors) depend(out: x)
            {
                OMPVV_TEST_AND_SET_VERBOSE(errors, x != 0);
                ++x;
            }

            # pragma omp task shared(x, errors) transparent(omp_import)
            {
                # pragma omp task shared(x, errors) depend(in: x)
                {
                    OMPVV_TEST_AND_SET_VERBOSE(errors, x != 1);
                    x += 2;
                }
            }
        }
    }
    OMPVV_TEST_AND_SET_VERBOSE(errors, x != 2);
    return errors;
}

int main(void)
{
    int errors = 0;
    OMPVV_TEST_AND_SET_VERBOSE(errors, testTaskTransparentImport());
    OMPVV_REPORT_AND_RETURN(errors);
}
",openmp_batch_151_170_optionA_full_multivariant.csv,False,unknown,CHANGE_ASSIGNMENT,task,general_code,tests/6.0/task,6.0
tests/5.0/parallel_master_taskloop/test_parallel_master_taskloop.c,reduction,reduction,REMOVE_REDUCTION,high,reduction(+:sum),,sum == expected_sum,reduction variable not accumulated correctly,30,BUG_REMOVE_REDUCTION.c,"     1  //===--- test_parallel_master_taskloop.c -------------------------------===//
     2  //
     3  // OpenMP API Version 5.0 Nov 2018
     4  //
     5  // This test checks the parallel master taskloop directive. The test performs
     6  // simple operations on an int array which are then checked for correctness.
     7  //
     8  ////===----------------------------------------------------------------------===//
     9  #include <assert.h>
    10  #include <omp.h>
    11  #include <stdio.h>
    12  #include <stdlib.h>
    13  #include ""ompvv.h""
    14
    15  #define N 1024
    16
    17  int test_parallel_master_taskloop() {
    18    OMPVV_INFOMSG(""test_parallel_master_taskloop"");
    19    int errors = 0;
    20    int num_threads = -1;
    21    int x[N];
    22    int y[N];
    23    int z[N];
    24
    25    for (int i = 0; i < N; i++) {
    26      x[i] = 1;
    27      y[i] = i + 1;
    28      z[i] = 2*(i + 1);
    29    }
    30
    31  #pragma omp parallel master taskloop num_threads(OMPVV_NUM_THREADS_HOST) shared(x, y, z, num_threads)
    32    for (int i = 0; i < N; i++) {
    33      x[i] += y[i]*z[i];
    34      if (i == 0) {
    35        num_threads = omp_get_num_threads();
    36      }
    37    }
    38
    39    for (int i = 0; i < N; i++) {
    40      OMPVV_TEST_AND_SET_VERBOSE(errors, x[i] != 1 + (y[i]*z[i]));
    41    }
    42
    43    OMPVV_WARNING_IF(num_threads == 1, ""Test ran with one thread, so parallelism of taskloop can't be guaranteed."");
    44    OMPVV_ERROR_IF(num_threads < 1, ""Test returned an invalid number of threads."");
    45    OMPVV_TEST_AND_SET_VERBOSE(errors, num_threads < 1);
    46
    47    return errors;
    48  }
    49
    50
    51  int main() {
    52    int errors = 0;
    53
    54    OMPVV_TEST_OFFLOADING;
    55
    56    OMPVV_TEST_AND_SET_VERBOSE(errors, test_parallel_master_taskloop());
    57
    58    OMPVV_REPORT_AND_RETURN(errors);
    59  }
","     1  //===--- test_parallel_master_taskloop.c -------------------------------===//
     2  //
     3  // OpenMP API Version 5.0 Nov 2018
     4  //
     5  // This test checks the parallel master taskloop directive. The test performs
     6  // simple operations on an int array which are then checked for correctness.
     7  //
     8  ////===----------------------------------------------------------------------===//
     9  #include <assert.h>
    10  #include <omp.h>
    11  #include <stdio.h>
    12  #include <stdlib.h>
    13  #include ""ompvv.h""
    14
    15  #define N 1024
    16
    17  int test_parallel_master_taskloop() {
    18    OMPVV_INFOMSG(""test_parallel_master_taskloop"");
    19    int errors = 0;
    20    int num_threads = -1;
    21    int x[N];
    22    int y[N];
    23    int z[N];
    24
    25    for (int i = 0; i < N; i++) {
    26      x[i] = 1;
    27      y[i] = i + 1;
    28      z[i] = 2*(i + 1);
    29    }
    30
    31  #pragma omp parallel master taskloop num_threads(OMPVV_NUM_THREADS_HOST) shared(x, y, z, num_threads)
    32    for (int i = 0; i < N; i++) {
    33      x[i] += y[i]*z[i];
    34      if (i == 0) {
    35        num_threads = omp_get_num_threads();
    36      }
    37    }
    38
    39    for (int i = 0; i < N; i++) {
    40      OMPVV_TEST_AND_SET_VERBOSE(errors, x[i] != 1 + (y[i]*z[i]));
    41    }
    42
    43    OMPVV_WARNING_IF(num_threads == 1, ""Test ran with one thread, so parallelism of taskloop can't be guaranteed."");
    44    OMPVV_ERROR_IF(num_threads < 1, ""Test returned an invalid number of threads."");
    45    OMPVV_TEST_AND_SET_VERBOSE(errors, num_threads < 1);
    46
    47    return errors;
    48  }
    49
    50
    51  int main() {
    52    int errors = 0;
    53
    54    OMPVV_TEST_OFFLOADING;
    55
    56    OMPVV_TEST_AND_SET_VERBOSE(errors, test_parallel_master_taskloop());
    57
    58    OMPVV_REPORT_AND_RETURN(errors);
    59  }
",openmp_batch_51_70_optionA.csv,False,unknown,REMOVE_CLAUSE,taskloop,reduction,tests/5.0/parallel_master_taskloop,5.0
tests/5.0/parallel_master_taskloop/test_parallel_master_taskloop.c,parallel,parallel,REMOVE_PARALLEL,high,#pragma omp parallel,/* parallel removed */,parallel computation correct,code runs sequentially breaking semantics,30,BUG_REMOVE_PARALLEL.c,"     1  //===--- test_parallel_master_taskloop.c -------------------------------===//
     2  //
     3  // OpenMP API Version 5.0 Nov 2018
     4  //
     5  // This test checks the parallel master taskloop directive. The test performs
     6  // simple operations on an int array which are then checked for correctness.
     7  //
     8  ////===----------------------------------------------------------------------===//
     9  #include <assert.h>
    10  #include <omp.h>
    11  #include <stdio.h>
    12  #include <stdlib.h>
    13  #include ""ompvv.h""
    14
    15  #define N 1024
    16
    17  int test_parallel_master_taskloop() {
    18    OMPVV_INFOMSG(""test_parallel_master_taskloop"");
    19    int errors = 0;
    20    int num_threads = -1;
    21    int x[N];
    22    int y[N];
    23    int z[N];
    24
    25    for (int i = 0; i < N; i++) {
    26      x[i] = 1;
    27      y[i] = i + 1;
    28      z[i] = 2*(i + 1);
    29    }
    30
    31  #pragma omp parallel master taskloop num_threads(OMPVV_NUM_THREADS_HOST) shared(x, y, z, num_threads)
    32    for (int i = 0; i < N; i++) {
    33      x[i] += y[i]*z[i];
    34      if (i == 0) {
    35        num_threads = omp_get_num_threads();
    36      }
    37    }
    38
    39    for (int i = 0; i < N; i++) {
    40      OMPVV_TEST_AND_SET_VERBOSE(errors, x[i] != 1 + (y[i]*z[i]));
    41    }
    42
    43    OMPVV_WARNING_IF(num_threads == 1, ""Test ran with one thread, so parallelism of taskloop can't be guaranteed."");
    44    OMPVV_ERROR_IF(num_threads < 1, ""Test returned an invalid number of threads."");
    45    OMPVV_TEST_AND_SET_VERBOSE(errors, num_threads < 1);
    46
    47    return errors;
    48  }
    49
    50
    51  int main() {
    52    int errors = 0;
    53
    54    OMPVV_TEST_OFFLOADING;
    55
    56    OMPVV_TEST_AND_SET_VERBOSE(errors, test_parallel_master_taskloop());
    57
    58    OMPVV_REPORT_AND_RETURN(errors);
    59  }
","     1  //===--- test_parallel_master_taskloop.c -------------------------------===//
     2  //
     3  // OpenMP API Version 5.0 Nov 2018
     4  //
     5  // This test checks the parallel master taskloop directive. The test performs
     6  // simple operations on an int array which are then checked for correctness.
     7  //
     8  ////===----------------------------------------------------------------------===//
     9  #include <assert.h>
    10  #include <omp.h>
    11  #include <stdio.h>
    12  #include <stdlib.h>
    13  #include ""ompvv.h""
    14
    15  #define N 1024
    16
    17  int test_parallel_master_taskloop() {
    18    OMPVV_INFOMSG(""test_parallel_master_taskloop"");
    19    int errors = 0;
    20    int num_threads = -1;
    21    int x[N];
    22    int y[N];
    23    int z[N];
    24
    25    for (int i = 0; i < N; i++) {
    26      x[i] = 1;
    27      y[i] = i + 1;
    28      z[i] = 2*(i + 1);
    29    }
    30
    31  /* parallel removed */ master taskloop num_threads(OMPVV_NUM_THREADS_HOST) shared(x, y, z, num_threads)
    32    for (int i = 0; i < N; i++) {
    33      x[i] += y[i]*z[i];
    34      if (i == 0) {
    35        num_threads = omp_get_num_threads();
    36      }
    37    }
    38
    39    for (int i = 0; i < N; i++) {
    40      OMPVV_TEST_AND_SET_VERBOSE(errors, x[i] != 1 + (y[i]*z[i]));
    41    }
    42
    43    OMPVV_WARNING_IF(num_threads == 1, ""Test ran with one thread, so parallelism of taskloop can't be guaranteed."");
    44    OMPVV_ERROR_IF(num_threads < 1, ""Test returned an invalid number of threads."");
    45    OMPVV_TEST_AND_SET_VERBOSE(errors, num_threads < 1);
    46
    47    return errors;
    48  }
    49
    50
    51  int main() {
    52    int errors = 0;
    53
    54    OMPVV_TEST_OFFLOADING;
    55
    56    OMPVV_TEST_AND_SET_VERBOSE(errors, test_parallel_master_taskloop());
    57
    58    OMPVV_REPORT_AND_RETURN(errors);
    59  }
",openmp_batch_51_70_optionA.csv,False,unknown,REMOVE_CONSTRUCT,parallel_master_taskloop,general_code,tests/5.0/parallel_master_taskloop,5.0
tests/5.0/parallel_master/test_parallel_master.c,parallel,parallel,REMOVE_PARALLEL,high,#pragma omp parallel,/* parallel removed */,parallel computation correct,code runs sequentially breaking semantics,30,BUG_REMOVE_PARALLEL.c,"     1  //===--- test_parallel_master.c ---------------------------------------------===//
     2  //
     3  // OpenMP API Version 5.0 Nov 2018
     4  //
     5  // This test checks the parallel master directive. The test performs simple
     6  // operations on an int array which are then checked for correctness.
     7  //
     8  ////===----------------------------------------------------------------------===//
     9  #include <assert.h>
    10  #include <omp.h>
    11  #include <stdio.h>
    12  #include <stdlib.h>
    13  #include ""ompvv.h""
    14
    15  #define N 1024
    16
    17  int test_parallel_master() {
    18    OMPVV_INFOMSG(""test_parallel_master"");
    19    int errors = 0;
    20    int num_threads = -1;
    21    int x[N];
    22    int y[N];
    23    int z[N];
    24
    25    for (int i = 0; i < N; i++) {
    26      x[i] = 1;
    27      y[i] = i + 1;
    28      z[i] = 2*(i + 1);
    29    }
    30
    31  #pragma omp parallel master num_threads(OMPVV_NUM_THREADS_HOST) shared(x, y, z, num_threads)
    32    {
    33  #pragma omp taskloop
    34      for (int i = 0; i < N; i++) {
    35        x[i] += y[i]*z[i];
    36      }
    37      num_threads = omp_get_num_threads();
    38    }
    39
    40    for (int i = 0; i < N; i++) {
    41      OMPVV_TEST_AND_SET_VERBOSE(errors, x[i] != 1 + (y[i]*z[i]));
    42    }
    43
    44    OMPVV_WARNING_IF(num_threads == 1, ""Test ran with one thread, so parallelism of parallel master with taskloop can't be guaranteed."");
    45    OMPVV_ERROR_IF(num_threads < 1, ""Test returned an invalid number of threads."");
    46    OMPVV_TEST_AND_SET_VERBOSE(errors, num_threads < 1);
    47
    48    return errors;
    49  }
    50
    51
    52  int main() {
    53    int errors = 0;
    54
    55    OMPVV_TEST_AND_SET_VERBOSE(errors, test_parallel_master());
    56
    57    OMPVV_REPORT_AND_RETURN(errors);
    58  }
","     1  //===--- test_parallel_master.c ---------------------------------------------===//
     2  //
     3  // OpenMP API Version 5.0 Nov 2018
     4  //
     5  // This test checks the parallel master directive. The test performs simple
     6  // operations on an int array which are then checked for correctness.
     7  //
     8  ////===----------------------------------------------------------------------===//
     9  #include <assert.h>
    10  #include <omp.h>
    11  #include <stdio.h>
    12  #include <stdlib.h>
    13  #include ""ompvv.h""
    14
    15  #define N 1024
    16
    17  int test_parallel_master() {
    18    OMPVV_INFOMSG(""test_parallel_master"");
    19    int errors = 0;
    20    int num_threads = -1;
    21    int x[N];
    22    int y[N];
    23    int z[N];
    24
    25    for (int i = 0; i < N; i++) {
    26      x[i] = 1;
    27      y[i] = i + 1;
    28      z[i] = 2*(i + 1);
    29    }
    30
    31  /* parallel removed */ master num_threads(OMPVV_NUM_THREADS_HOST) shared(x, y, z, num_threads)
    32    {
    33  #pragma omp taskloop
    34      for (int i = 0; i < N; i++) {
    35        x[i] += y[i]*z[i];
    36      }
    37      num_threads = omp_get_num_threads();
    38    }
    39
    40    for (int i = 0; i < N; i++) {
    41      OMPVV_TEST_AND_SET_VERBOSE(errors, x[i] != 1 + (y[i]*z[i]));
    42    }
    43
    44    OMPVV_WARNING_IF(num_threads == 1, ""Test ran with one thread, so parallelism of parallel master with taskloop can't be guaranteed."");
    45    OMPVV_ERROR_IF(num_threads < 1, ""Test returned an invalid number of threads."");
    46    OMPVV_TEST_AND_SET_VERBOSE(errors, num_threads < 1);
    47
    48    return errors;
    49  }
    50
    51
    52  int main() {
    53    int errors = 0;
    54
    55    OMPVV_TEST_AND_SET_VERBOSE(errors, test_parallel_master());
    56
    57    OMPVV_REPORT_AND_RETURN(errors);
    58  }
",openmp_batch_51_70_optionA.csv,False,unknown,REMOVE_CONSTRUCT,parallel_master_taskloop,general_code,tests/5.0/parallel_master,5.0
tests/5.0/scan/test_scan.c,scan,scan,WRONG_SCAN_UPDATE,high,x += a[i];,x -= a[i];,prefix sum correct,scan accumulation incorrect,35,BUG_WRONG_SCAN.c,"     1  //===--- test_scan.c --------------------------------------------------------===//
     2  //
     3  // OpenMP API Version 5.0 Nov 2018
     4  //
     5  // This test checks the scan directive with both the inclusive and exclusive
     6  // clause, as well as the parallel for simd directive with the
     7  // reduction(inscan) clause. The test peforms the scan operation with the add
     8  // operator and then checks the results against an expected result from a
     9  // sequentially-computed prefix sum.
    10  //
    11  ////===----------------------------------------------------------------------===//
    12  #include <assert.h>
    13  #include <omp.h>
    14  #include <stdio.h>
    15  #include <stdlib.h>
    16  #include ""ompvv.h""
    17
    18  #define N 1024
    19
    20  int test_scan_inclusive() {
    21    OMPVV_INFOMSG(""test_scan_inclusive"");
    22    int errors = 0;
    23    int x = 0;
    24    int expected_x = 0;
    25    int a[N];
    26    int b[N];
    27
    28    for (int i = 0; i < N; i++) {
    29      a[i] = i;
    30      b[i] = 0;
    31    }
    32
    33  #pragma omp parallel for simd reduction(inscan, +: x) num_threads(OMPVV_NUM_THREADS_HOST)
    34    for (int i = 0; i < N; i++) {
    35      x += a[i];
    36  #pragma omp scan inclusive(x)
    37      b[i] = x;
    38    }
    39
    40    for (int i = 0; i < N; i++) {
    41      for (int j = 0; j <= i; j++) {
    42        expected_x += a[j];
    43      }
    44      OMPVV_TEST_AND_SET_VERBOSE(errors, b[i] != expected_x);
    45      expected_x = 0;
    46    }
    47
    48    return errors;
    49  }
    50
    51  int test_scan_exclusive() {
    52    OMPVV_INFOMSG(""test_scan_exclusive"");
    53    int errors = 0;
    54    int x = 0;
    55    int expected_x = 0;
    56    int a[N];
    57    int b[N];
    58
    59    for (int i = 0; i < N; i++) {
    60      a[i] = i;
    61      b[i] = 0;
    62    }
    63
    64  #pragma omp parallel for simd reduction(inscan, +: x) num_threads(OMPVV_NUM_THREADS_HOST)
    65    for (int i = 0; i < N; i++) {
    66      b[i] = x;
    67  #pragma omp scan exclusive(x)
    68      x += a[i];
    69    }
    70
    71    for (int i = 0; i < N; i++) {
    72      for (int j = 0; j < i; j++) {
    73        expected_x += a[j];
    74      }
    75      OMPVV_TEST_AND_SET_VERBOSE(errors, b[i] != expected_x);
    76      expected_x = 0;
    77    }
    78
    79    return errors;
    80  }
    81
    82  int main() {
    83    int errors = 0;
    84
    85    OMPVV_TEST_AND_SET_VERBOSE(errors, test_scan_inclusive());
    86    OMPVV_TEST_AND_SET_VERBOSE(errors, test_scan_exclusive());
    87
    88    OMPVV_REPORT_AND_RETURN(errors);
    89  }
","     1  //===--- test_scan.c --------------------------------------------------------===//
     2  //
     3  // OpenMP API Version 5.0 Nov 2018
     4  //
     5  // This test checks the scan directive with both the inclusive and exclusive
     6  // clause, as well as the parallel for simd directive with the
     7  // reduction(inscan) clause. The test peforms the scan operation with the add
     8  // operator and then checks the results against an expected result from a
     9  // sequentially-computed prefix sum.
    10  //
    11  ////===----------------------------------------------------------------------===//
    12  #include <assert.h>
    13  #include <omp.h>
    14  #include <stdio.h>
    15  #include <stdlib.h>
    16  #include ""ompvv.h""
    17
    18  #define N 1024
    19
    20  int test_scan_inclusive() {
    21    OMPVV_INFOMSG(""test_scan_inclusive"");
    22    int errors = 0;
    23    int x = 0;
    24    int expected_x = 0;
    25    int a[N];
    26    int b[N];
    27
    28    for (int i = 0; i < N; i++) {
    29      a[i] = i;
    30      b[i] = 0;
    31    }
    32
    33  #pragma omp parallel for simd reduction(inscan, +: x) num_threads(OMPVV_NUM_THREADS_HOST)
    34    for (int i = 0; i < N; i++) {
    35      x -= a[i];
    36  #pragma omp scan inclusive(x)
    37      b[i] = x;
    38    }
    39
    40    for (int i = 0; i < N; i++) {
    41      for (int j = 0; j <= i; j++) {
    42        expected_x += a[j];
    43      }
    44      OMPVV_TEST_AND_SET_VERBOSE(errors, b[i] != expected_x);
    45      expected_x = 0;
    46    }
    47
    48    return errors;
    49  }
    50
    51  int test_scan_exclusive() {
    52    OMPVV_INFOMSG(""test_scan_exclusive"");
    53    int errors = 0;
    54    int x = 0;
    55    int expected_x = 0;
    56    int a[N];
    57    int b[N];
    58
    59    for (int i = 0; i < N; i++) {
    60      a[i] = i;
    61      b[i] = 0;
    62    }
    63
    64  #pragma omp parallel for simd reduction(inscan, +: x) num_threads(OMPVV_NUM_THREADS_HOST)
    65    for (int i = 0; i < N; i++) {
    66      b[i] = x;
    67  #pragma omp scan exclusive(x)
    68      x += a[i];
    69    }
    70
    71    for (int i = 0; i < N; i++) {
    72      for (int j = 0; j < i; j++) {
    73        expected_x += a[j];
    74      }
    75      OMPVV_TEST_AND_SET_VERBOSE(errors, b[i] != expected_x);
    76      expected_x = 0;
    77    }
    78
    79    return errors;
    80  }
    81
    82  int main() {
    83    int errors = 0;
    84
    85    OMPVV_TEST_AND_SET_VERBOSE(errors, test_scan_inclusive());
    86    OMPVV_TEST_AND_SET_VERBOSE(errors, test_scan_exclusive());
    87
    88    OMPVV_REPORT_AND_RETURN(errors);
    89  }
",openmp_batch_51_70_optionA.csv,False,unknown,CHANGE_SCAN,scan,scan,tests/5.0/scan,5.0
tests/5.0/simd/test_simd_if.c,simd,loop_bounds,SKIP_LAST_ITER,high,i < N,i < N-1,all elements computed,last element incorrect,35,BUG_SKIP_LAST_ITER.c,"     1  //===--- test_simd_if.c ---------------------------------------------===//
     2  //
     3  // OpenMP API Version 5.0 Nov 2018
     4  //
     5  // This is a test of the simd construct with an 'if' clause specified.
     6  // When the statement in the 'if' clause evaluates to true,
     7  // the preferred number of iterations secified in the simdlen clause
     8  // will run concurrently. When the 'if' clause evaluates to be false,
     9  // the number of iterations that will execute concurrently is one.
    10  //
    11  ////===--------------------------------------------------------------===//
    12
    13  #include <stdlib.h>
    14  #include <stdio.h>
    15  #include <omp.h>
    16  #include ""ompvv.h""
    17
    18  #define N 1024
    19
    20  int test_simd_if () {
    21     int errors = 0;
    22     int i;
    23     int b[N], c[N];
    24
    25     struct new_struct {
    26        int a[N];
    27     };
    28
    29     struct new_struct struct_t;
    30
    31     for (i = 0; i < N; i++ ) {
    32        struct_t.a[i] = i;
    33        b[i] = i + 5;
    34        c[i] = 0;
    35     }
    36
    37     int k = N;
    38
    39     #pragma omp simd simdlen(64) if(k == N) // simdlen specifies # of concurrent iterations
    40        for (i = 0; i < N; i++) {
    41           c[i] = struct_t.a[i] * b[i];
    42        }
    43
    44     for (i = 0; i < N; i++) {
    45        OMPVV_TEST_AND_SET_VERBOSE(errors, c[i] != (struct_t.a[i] * b[i]));
    46     }
    47
    48     #pragma omp simd simdlen(64) if(k != N)
    49        for (i = 0; i < N; i++) {
    50           c[i] = struct_t.a[i] * 2 * b[i];
    51        }
    52
    53     for (i = 0; i < N; i++) {
    54        OMPVV_TEST_AND_SET_VERBOSE(errors, c[i] != (struct_t.a[i] * 2 * b[i]));
    55     }
    56
    57     return errors;
    58  }
    59
    60
    61  int main () {
    62     int errors = 0;
    63
    64     OMPVV_WARNING(""Vectorization resulting from the construct cannot be guaranteed"");
    65     OMPVV_TEST_AND_SET_VERBOSE(errors, test_simd_if());
    66     OMPVV_REPORT_AND_RETURN(errors);
    67  }
","     1  //===--- test_simd_if.c ---------------------------------------------===//
     2  //
     3  // OpenMP API Version 5.0 Nov 2018
     4  //
     5  // This is a test of the simd construct with an 'if' clause specified.
     6  // When the statement in the 'if' clause evaluates to true,
     7  // the preferred number of iterations secified in the simdlen clause
     8  // will run concurrently. When the 'if' clause evaluates to be false,
     9  // the number of iterations that will execute concurrently is one.
    10  //
    11  ////===--------------------------------------------------------------===//
    12
    13  #include <stdlib.h>
    14  #include <stdio.h>
    15  #include <omp.h>
    16  #include ""ompvv.h""
    17
    18  #define N 1024
    19
    20  int test_simd_if () {
    21     int errors = 0;
    22     int i;
    23     int b[N], c[N];
    24
    25     struct new_struct {
    26        int a[N];
    27     };
    28
    29     struct new_struct struct_t;
    30
    31     for (i = 0; i < N-1; i++ ) {
    32        struct_t.a[i] = i;
    33        b[i] = i + 5;
    34        c[i] = 0;
    35     }
    36
    37     int k = N;
    38
    39     #pragma omp simd simdlen(64) if(k == N) // simdlen specifies # of concurrent iterations
    40        for (i = 0; i < N; i++) {
    41           c[i] = struct_t.a[i] * b[i];
    42        }
    43
    44     for (i = 0; i < N; i++) {
    45        OMPVV_TEST_AND_SET_VERBOSE(errors, c[i] != (struct_t.a[i] * b[i]));
    46     }
    47
    48     #pragma omp simd simdlen(64) if(k != N)
    49        for (i = 0; i < N; i++) {
    50           c[i] = struct_t.a[i] * 2 * b[i];
    51        }
    52
    53     for (i = 0; i < N; i++) {
    54        OMPVV_TEST_AND_SET_VERBOSE(errors, c[i] != (struct_t.a[i] * 2 * b[i]));
    55     }
    56
    57     return errors;
    58  }
    59
    60
    61  int main () {
    62     int errors = 0;
    63
    64     OMPVV_WARNING(""Vectorization resulting from the construct cannot be guaranteed"");
    65     OMPVV_TEST_AND_SET_VERBOSE(errors, test_simd_if());
    66     OMPVV_REPORT_AND_RETURN(errors);
    67  }
",openmp_batch_51_70_optionA.csv,False,unknown,CHANGE_LOOP_BOUND,simd,general_code,tests/5.0/simd,5.0
tests/5.0/simd/test_simd_nontemporal.c,simd,loop_bounds,SKIP_LAST_ITER,high,i < N,i < N-1,all elements computed,last element incorrect,35,BUG_SKIP_LAST_ITER.c,"     1  //===--- test_simd_nontemporal.c -----------------------------------------------------===//
     2  //
     3  // OpenMP API Version 5.0 Nov 2018
     4  //
     5  // This test checks for support of the nontemporal clause on a simd construct.
     6  // The nontemporal clause indicates that accesses to the storage location of list
     7  // items have low temporal locality across the iterations in which those storage
     8  // locations are accessed.
     9  //
    10  ////===-------------------------------------------------------------------------------===//
    11
    12  #include <omp.h>
    13  #include <stdio.h>
    14  #include <stdlib.h>
    15  #include ""ompvv.h""
    16
    17  #define N 1028
    18  #define STRIDE_LEN 100
    19
    20  int test_simd_nontemporal() {
    21     int errors = 0;
    22     int i;
    23     int a[N], b[N], c[N];
    24
    25     for (i = 0; i < N; i++) {
    26        a[i] = 10;
    27        b[i] = i;
    28        c[i] = 2 * i;
    29     }
    30
    31     #pragma omp simd nontemporal (a, b, c)
    32        for (i = 0; i < N; i += STRIDE_LEN) {
    33           a[i] = b[i] * c[i];
    34        }
    35
    36     for (i = 0; i < N; i++) {
    37        if (i % STRIDE_LEN == 0) {
    38           OMPVV_TEST_AND_SET(errors, a[i] != (b[i] * c[i]));
    39        } else {
    40           OMPVV_TEST_AND_SET(errors, a[i] != 10);
    41        }
    42     }
    43
    44     return errors;
    45  }
    46
    47  int main () {
    48     int errors = 0;
    49     OMPVV_TEST_AND_SET_VERBOSE(errors, test_simd_nontemporal())
    50     OMPVV_REPORT_AND_RETURN(errors);
    51  }
    52
","     1  //===--- test_simd_nontemporal.c -----------------------------------------------------===//
     2  //
     3  // OpenMP API Version 5.0 Nov 2018
     4  //
     5  // This test checks for support of the nontemporal clause on a simd construct.
     6  // The nontemporal clause indicates that accesses to the storage location of list
     7  // items have low temporal locality across the iterations in which those storage
     8  // locations are accessed.
     9  //
    10  ////===-------------------------------------------------------------------------------===//
    11
    12  #include <omp.h>
    13  #include <stdio.h>
    14  #include <stdlib.h>
    15  #include ""ompvv.h""
    16
    17  #define N 1028
    18  #define STRIDE_LEN 100
    19
    20  int test_simd_nontemporal() {
    21     int errors = 0;
    22     int i;
    23     int a[N], b[N], c[N];
    24
    25     for (i = 0; i < N-1; i++) {
    26        a[i] = 10;
    27        b[i] = i;
    28        c[i] = 2 * i;
    29     }
    30
    31     #pragma omp simd nontemporal (a, b, c)
    32        for (i = 0; i < N; i += STRIDE_LEN) {
    33           a[i] = b[i] * c[i];
    34        }
    35
    36     for (i = 0; i < N; i++) {
    37        if (i % STRIDE_LEN == 0) {
    38           OMPVV_TEST_AND_SET(errors, a[i] != (b[i] * c[i]));
    39        } else {
    40           OMPVV_TEST_AND_SET(errors, a[i] != 10);
    41        }
    42     }
    43
    44     return errors;
    45  }
    46
    47  int main () {
    48     int errors = 0;
    49     OMPVV_TEST_AND_SET_VERBOSE(errors, test_simd_nontemporal())
    50     OMPVV_REPORT_AND_RETURN(errors);
    51  }
    52
",openmp_batch_51_70_optionA.csv,False,unknown,CHANGE_LOOP_BOUND,simd,general_code,tests/5.0/simd,5.0
tests/5.0/simd/test_simd_order_concurrent.c,simd,loop_bounds,SKIP_LAST_ITER,high,i < N,i < N-1,all elements computed,last element incorrect,35,BUG_SKIP_LAST_ITER.c,"     1  //===--- test_simd_order_concurrent.c ---------------------------------------------===//
     2  //
     3  // OpenMP API Version 5.0 Nov 2018
     4  //
     5  // This test checks for support of the order(concurrent) clause on a simd construct.
     6  // When an order(concurrent) clause is present on a simd construct, all of the same
     7  // restrictions from having a loop construct with an order(concurrent) also apply.
     8  //
     9  ////===----------------------------------------------------------------------------===//
    10
    11  #include <stdlib.h>
    12  #include <stdio.h>
    13  #include <omp.h>
    14  #include ""ompvv.h""
    15  #define N 1024
    16
    17  int test_simd_order_concurrent () {
    18     int errors = 0;
    19     int i;
    20     int b[N], c[N];
    21
    22     struct new_struct {
    23        int a[N];
    24     };
    25
    26     struct new_struct struct_t;
    27
    28     for (i = 0; i < N; i++ ) {
    29        struct_t.a[i] = i;
    30        b[i] = i + 5;
    31        c[i] = 0;
    32     }
    33
    34     #pragma omp simd order(concurrent)
    35        for (i = 0; i < N; i++) {
    36           c[i] = struct_t.a[i] * b[i];
    37        }
    38
    39     for (i = 0; i < N; i++) {
    40        OMPVV_TEST_AND_SET(errors, c[i] != (struct_t.a[i] * b[i]));
    41     }
    42
    43     return errors;
    44  }
    45
    46
    47  int main () {
    48     int errors = 0;
    49
    50     OMPVV_TEST_AND_SET_VERBOSE(errors, test_simd_order_concurrent());
    51     OMPVV_REPORT_AND_RETURN(errors);
    52  }
","     1  //===--- test_simd_order_concurrent.c ---------------------------------------------===//
     2  //
     3  // OpenMP API Version 5.0 Nov 2018
     4  //
     5  // This test checks for support of the order(concurrent) clause on a simd construct.
     6  // When an order(concurrent) clause is present on a simd construct, all of the same
     7  // restrictions from having a loop construct with an order(concurrent) also apply.
     8  //
     9  ////===----------------------------------------------------------------------------===//
    10
    11  #include <stdlib.h>
    12  #include <stdio.h>
    13  #include <omp.h>
    14  #include ""ompvv.h""
    15  #define N 1024
    16
    17  int test_simd_order_concurrent () {
    18     int errors = 0;
    19     int i;
    20     int b[N], c[N];
    21
    22     struct new_struct {
    23        int a[N];
    24     };
    25
    26     struct new_struct struct_t;
    27
    28     for (i = 0; i < N-1; i++ ) {
    29        struct_t.a[i] = i;
    30        b[i] = i + 5;
    31        c[i] = 0;
    32     }
    33
    34     #pragma omp simd order(concurrent)
    35        for (i = 0; i < N; i++) {
    36           c[i] = struct_t.a[i] * b[i];
    37        }
    38
    39     for (i = 0; i < N; i++) {
    40        OMPVV_TEST_AND_SET(errors, c[i] != (struct_t.a[i] * b[i]));
    41     }
    42
    43     return errors;
    44  }
    45
    46
    47  int main () {
    48     int errors = 0;
    49
    50     OMPVV_TEST_AND_SET_VERBOSE(errors, test_simd_order_concurrent());
    51     OMPVV_REPORT_AND_RETURN(errors);
    52  }
",openmp_batch_51_70_optionA.csv,False,unknown,CHANGE_LOOP_BOUND,simd,general_code,tests/5.0/simd,5.0
tests/5.0/taskgroup/test_taskgroup_task_reduction.c,reduction,reduction,REMOVE_REDUCTION,high,reduction(+:sum),,sum == expected_sum,reduction variable not accumulated correctly,30,BUG_REMOVE_REDUCTION.c,"     1  //===--- test_taskgroup_task_reduction.c ------------------------------------===//
     2  //
     3  // OpenMP API Version 5.0 Nov 2018
     4  //
     5  // This test checks the taskgroup construct with the task_reduction clause.
     6  // It uses a linked list data structure which is then traversed and reduced
     7  // over by a taskgroup. This test is based on a OpenMP 5.0 official example.
     8  //
     9  ////===----------------------------------------------------------------------===//
    10  #include <stdlib.h>
    11  #include <stdio.h>
    12  #include <omp.h>
    13  #include ""ompvv.h""
    14
    15  #define N 128
    16
    17  typedef struct node_tag {
    18    int val;
    19    struct node_tag *next;
    20  } node_t;
    21
    22  int linked_list_sum(node_t *p)
    23  {
    24    int result = 0;
    25  #pragma omp taskgroup task_reduction(+: result)
    26    {
    27      node_t* temp = p;
    28      while(temp != 0) {
    29  #pragma omp task in_reduction(+: result)
    30        result += temp->val;
    31        temp = temp->next;
    32      }
    33    }
    34    return result;
    35  }
    36
    37  int seq_linked_list_sum(node_t *p)
    38  {
    39    int result = 0;
    40    node_t* temp = p;
    41    while(temp != 0) {
    42      result += temp->val;
    43      temp = temp->next;
    44    }
    45    return result;
    46  }
    47
    48
    49  int main(int argc, char *argv[]) {
    50    int errors = 0, result = -1;
    51    node_t* root = (node_t*) malloc(sizeof(node_t));
    52    root->val = 1;
    53
    54    node_t* temp = root;
    55
    56    for(int i = 2; i <= N; ++i) {
    57      temp->next = (node_t*) malloc(sizeof(node_t));
    58      temp = temp->next;
    59      temp->val = i;
    60    }
    61
    62    temp->next = 0;
    63
    64  #pragma omp parallel shared(result) num_threads(OMPVV_NUM_THREADS_HOST)
    65  #pragma omp single
    66    {
    67      result = linked_list_sum(root);
    68    }
    69
    70    OMPVV_TEST_AND_SET_VERBOSE(errors, result != seq_linked_list_sum(root));
    71
    72    while (root) {
    73      temp = root;
    74      root = root->next;
    75      free(temp);
    76    }
    77
    78    OMPVV_REPORT_AND_RETURN(errors);
    79  }
","     1  //===--- test_taskgroup_task_reduction.c ------------------------------------===//
     2  //
     3  // OpenMP API Version 5.0 Nov 2018
     4  //
     5  // This test checks the taskgroup construct with the task_reduction clause.
     6  // It uses a linked list data structure which is then traversed and reduced
     7  // over by a taskgroup. This test is based on a OpenMP 5.0 official example.
     8  //
     9  ////===----------------------------------------------------------------------===//
    10  #include <stdlib.h>
    11  #include <stdio.h>
    12  #include <omp.h>
    13  #include ""ompvv.h""
    14
    15  #define N 128
    16
    17  typedef struct node_tag {
    18    int val;
    19    struct node_tag *next;
    20  } node_t;
    21
    22  int linked_list_sum(node_t *p)
    23  {
    24    int result = 0;
    25  #pragma omp taskgroup task_reduction(+: result)
    26    {
    27      node_t* temp = p;
    28      while(temp != 0) {
    29  #pragma omp task in_reduction(+: result)
    30        result += temp->val;
    31        temp = temp->next;
    32      }
    33    }
    34    return result;
    35  }
    36
    37  int seq_linked_list_sum(node_t *p)
    38  {
    39    int result = 0;
    40    node_t* temp = p;
    41    while(temp != 0) {
    42      result += temp->val;
    43      temp = temp->next;
    44    }
    45    return result;
    46  }
    47
    48
    49  int main(int argc, char *argv[]) {
    50    int errors = 0, result = -1;
    51    node_t* root = (node_t*) malloc(sizeof(node_t));
    52    root->val = 1;
    53
    54    node_t* temp = root;
    55
    56    for(int i = 2; i <= N; ++i) {
    57      temp->next = (node_t*) malloc(sizeof(node_t));
    58      temp = temp->next;
    59      temp->val = i;
    60    }
    61
    62    temp->next = 0;
    63
    64  #pragma omp parallel shared(result) num_threads(OMPVV_NUM_THREADS_HOST)
    65  #pragma omp single
    66    {
    67      result = linked_list_sum(root);
    68    }
    69
    70    OMPVV_TEST_AND_SET_VERBOSE(errors, result != seq_linked_list_sum(root));
    71
    72    while (root) {
    73      temp = root;
    74      root = root->next;
    75      free(temp);
    76    }
    77
    78    OMPVV_REPORT_AND_RETURN(errors);
    79  }
",openmp_batch_51_70_optionA.csv,False,unknown,REMOVE_CLAUSE,taskloop,reduction,tests/5.0/taskgroup,5.0
tests/5.0/taskloop_simd/test_taskloop_simd_in_reduction.c,reduction,reduction,REMOVE_REDUCTION,high,reduction(+:sum),,sum == expected_sum,reduction variable not accumulated correctly,30,BUG_REMOVE_REDUCTION.c,"     1  //===--- test_taskloop_simd_in_reduction.c -----------------------------------===//
     2  //
     3  // OpenMP API Version 5.0 Nov 2018
     4  //
     5  // This test checks the taskloop simd directive with the `in_reduction`
     6  // reduction participation clause. It performs simple array operations which
     7  // are added to a reduction variable in a taskloop with the in_reduction
     8  // clause.
     9  //
    10  ////===----------------------------------------------------------------------===//
    11  #include <assert.h>
    12  #include <omp.h>
    13  #include <stdio.h>
    14  #include <stdlib.h>
    15  #include ""ompvv.h""
    16
    17  #define N 1024
    18
    19  int test_taskloop_simd_in_reduction() {
    20    OMPVV_INFOMSG(""test_taskloop_simd_in_reduction"");
    21    int errors = 0;
    22    int num_threads = -1;
    23    int y[N];
    24    int z[N];
    25    int sum = 0;
    26    int expected_sum = 0;
    27
    28    for (int i = 0; i < N; i++) {
    29      y[i] = i + 1;
    30      z[i] = 2*(i + 1);
    31    }
    32
    33  #pragma omp parallel reduction(task, +: sum) num_threads(OMPVV_NUM_THREADS_HOST) shared(y, z, num_threads)
    34    {
    35  #pragma omp master
    36      {
    37  #pragma omp taskloop simd in_reduction(+: sum)
    38        for (int i = 0; i < N; i++) {
    39          sum += y[i]*z[i];
    40        }
    41        num_threads = omp_get_num_threads();
    42      }
    43    }
    44
    45    for (int i = 0; i < N; i++) {
    46      expected_sum += y[i]*z[i];
    47    }
    48
    49    OMPVV_TEST_AND_SET_VERBOSE(errors, sum != expected_sum);
    50
    51    OMPVV_WARNING_IF(num_threads == 1, ""Test ran with one thread, so parallelism of taskloop can't be guaranteed."");
    52    OMPVV_ERROR_IF(num_threads < 1, ""Test returned an invalid number of threads."");
    53    OMPVV_TEST_AND_SET_VERBOSE(errors, num_threads < 1);
    54
    55    return errors;
    56  }
    57
    58
    59  int main() {
    60    int errors = 0;
    61
    62    OMPVV_TEST_AND_SET_VERBOSE(errors, test_taskloop_simd_in_reduction());
    63
    64    OMPVV_REPORT_AND_RETURN(errors);
    65  }
","     1  //===--- test_taskloop_simd_in_reduction.c -----------------------------------===//
     2  //
     3  // OpenMP API Version 5.0 Nov 2018
     4  //
     5  // This test checks the taskloop simd directive with the `in_reduction`
     6  // reduction participation clause. It performs simple array operations which
     7  // are added to a reduction variable in a taskloop with the in_reduction
     8  // clause.
     9  //
    10  ////===----------------------------------------------------------------------===//
    11  #include <assert.h>
    12  #include <omp.h>
    13  #include <stdio.h>
    14  #include <stdlib.h>
    15  #include ""ompvv.h""
    16
    17  #define N 1024
    18
    19  int test_taskloop_simd_in_reduction() {
    20    OMPVV_INFOMSG(""test_taskloop_simd_in_reduction"");
    21    int errors = 0;
    22    int num_threads = -1;
    23    int y[N];
    24    int z[N];
    25    int sum = 0;
    26    int expected_sum = 0;
    27
    28    for (int i = 0; i < N; i++) {
    29      y[i] = i + 1;
    30      z[i] = 2*(i + 1);
    31    }
    32
    33  #pragma omp parallel reduction(task, +: sum) num_threads(OMPVV_NUM_THREADS_HOST) shared(y, z, num_threads)
    34    {
    35  #pragma omp master
    36      {
    37  #pragma omp taskloop simd in_reduction(+: sum)
    38        for (int i = 0; i < N; i++) {
    39          sum += y[i]*z[i];
    40        }
    41        num_threads = omp_get_num_threads();
    42      }
    43    }
    44
    45    for (int i = 0; i < N; i++) {
    46      expected_sum += y[i]*z[i];
    47    }
    48
    49    OMPVV_TEST_AND_SET_VERBOSE(errors, sum != expected_sum);
    50
    51    OMPVV_WARNING_IF(num_threads == 1, ""Test ran with one thread, so parallelism of taskloop can't be guaranteed."");
    52    OMPVV_ERROR_IF(num_threads < 1, ""Test returned an invalid number of threads."");
    53    OMPVV_TEST_AND_SET_VERBOSE(errors, num_threads < 1);
    54
    55    return errors;
    56  }
    57
    58
    59  int main() {
    60    int errors = 0;
    61
    62    OMPVV_TEST_AND_SET_VERBOSE(errors, test_taskloop_simd_in_reduction());
    63
    64    OMPVV_REPORT_AND_RETURN(errors);
    65  }
",openmp_batch_51_70_optionA.csv,False,unknown,REMOVE_CLAUSE,taskloop,reduction,tests/5.0/taskloop_simd,5.0
tests/5.0/taskloop_simd/test_taskloop_simd_in_reduction.c,simd,loop_bounds,SKIP_LAST_ITER,high,i < N,i < N-1,all elements computed,last element incorrect,35,BUG_SKIP_LAST_ITER.c,"     1  //===--- test_taskloop_simd_in_reduction.c -----------------------------------===//
     2  //
     3  // OpenMP API Version 5.0 Nov 2018
     4  //
     5  // This test checks the taskloop simd directive with the `in_reduction`
     6  // reduction participation clause. It performs simple array operations which
     7  // are added to a reduction variable in a taskloop with the in_reduction
     8  // clause.
     9  //
    10  ////===----------------------------------------------------------------------===//
    11  #include <assert.h>
    12  #include <omp.h>
    13  #include <stdio.h>
    14  #include <stdlib.h>
    15  #include ""ompvv.h""
    16
    17  #define N 1024
    18
    19  int test_taskloop_simd_in_reduction() {
    20    OMPVV_INFOMSG(""test_taskloop_simd_in_reduction"");
    21    int errors = 0;
    22    int num_threads = -1;
    23    int y[N];
    24    int z[N];
    25    int sum = 0;
    26    int expected_sum = 0;
    27
    28    for (int i = 0; i < N; i++) {
    29      y[i] = i + 1;
    30      z[i] = 2*(i + 1);
    31    }
    32
    33  #pragma omp parallel reduction(task, +: sum) num_threads(OMPVV_NUM_THREADS_HOST) shared(y, z, num_threads)
    34    {
    35  #pragma omp master
    36      {
    37  #pragma omp taskloop simd in_reduction(+: sum)
    38        for (int i = 0; i < N; i++) {
    39          sum += y[i]*z[i];
    40        }
    41        num_threads = omp_get_num_threads();
    42      }
    43    }
    44
    45    for (int i = 0; i < N; i++) {
    46      expected_sum += y[i]*z[i];
    47    }
    48
    49    OMPVV_TEST_AND_SET_VERBOSE(errors, sum != expected_sum);
    50
    51    OMPVV_WARNING_IF(num_threads == 1, ""Test ran with one thread, so parallelism of taskloop can't be guaranteed."");
    52    OMPVV_ERROR_IF(num_threads < 1, ""Test returned an invalid number of threads."");
    53    OMPVV_TEST_AND_SET_VERBOSE(errors, num_threads < 1);
    54
    55    return errors;
    56  }
    57
    58
    59  int main() {
    60    int errors = 0;
    61
    62    OMPVV_TEST_AND_SET_VERBOSE(errors, test_taskloop_simd_in_reduction());
    63
    64    OMPVV_REPORT_AND_RETURN(errors);
    65  }
","     1  //===--- test_taskloop_simd_in_reduction.c -----------------------------------===//
     2  //
     3  // OpenMP API Version 5.0 Nov 2018
     4  //
     5  // This test checks the taskloop simd directive with the `in_reduction`
     6  // reduction participation clause. It performs simple array operations which
     7  // are added to a reduction variable in a taskloop with the in_reduction
     8  // clause.
     9  //
    10  ////===----------------------------------------------------------------------===//
    11  #include <assert.h>
    12  #include <omp.h>
    13  #include <stdio.h>
    14  #include <stdlib.h>
    15  #include ""ompvv.h""
    16
    17  #define N 1024
    18
    19  int test_taskloop_simd_in_reduction() {
    20    OMPVV_INFOMSG(""test_taskloop_simd_in_reduction"");
    21    int errors = 0;
    22    int num_threads = -1;
    23    int y[N];
    24    int z[N];
    25    int sum = 0;
    26    int expected_sum = 0;
    27
    28    for (int i = 0; i < N-1; i++) {
    29      y[i] = i + 1;
    30      z[i] = 2*(i + 1);
    31    }
    32
    33  #pragma omp parallel reduction(task, +: sum) num_threads(OMPVV_NUM_THREADS_HOST) shared(y, z, num_threads)
    34    {
    35  #pragma omp master
    36      {
    37  #pragma omp taskloop simd in_reduction(+: sum)
    38        for (int i = 0; i < N; i++) {
    39          sum += y[i]*z[i];
    40        }
    41        num_threads = omp_get_num_threads();
    42      }
    43    }
    44
    45    for (int i = 0; i < N; i++) {
    46      expected_sum += y[i]*z[i];
    47    }
    48
    49    OMPVV_TEST_AND_SET_VERBOSE(errors, sum != expected_sum);
    50
    51    OMPVV_WARNING_IF(num_threads == 1, ""Test ran with one thread, so parallelism of taskloop can't be guaranteed."");
    52    OMPVV_ERROR_IF(num_threads < 1, ""Test returned an invalid number of threads."");
    53    OMPVV_TEST_AND_SET_VERBOSE(errors, num_threads < 1);
    54
    55    return errors;
    56  }
    57
    58
    59  int main() {
    60    int errors = 0;
    61
    62    OMPVV_TEST_AND_SET_VERBOSE(errors, test_taskloop_simd_in_reduction());
    63
    64    OMPVV_REPORT_AND_RETURN(errors);
    65  }
",openmp_batch_51_70_optionA.csv,False,unknown,CHANGE_LOOP_BOUND,simd,general_code,tests/5.0/taskloop_simd,5.0
tests/5.0/taskloop_simd/test_taskloop_simd_reduction.c,reduction,reduction,REMOVE_REDUCTION,high,reduction(+:sum),,sum == expected_sum,reduction variable not accumulated correctly,30,BUG_REMOVE_REDUCTION.c,"     1  //===--- test_taskloop_simd_reduction.c -------------------------------------===//
     2  //
     3  // OpenMP API Version 5.0 Nov 2018
     4  //
     5  // This test checks the taskloop simd combined directive with the reduction clause specified.
     6  //
     7  ////===----------------------------------------------------------------------===//
     8
     9  #include <omp.h>
    10  #include <stdio.h>
    11  #include <stdlib.h>
    12  #include ""ompvv.h""
    13
    14  #define N 1024
    15
    16  int test_taskloop_reduction() {
    17
    18     int errors = 0;
    19     int a[N];
    20     int b[N];
    21     int sum = 0;
    22     int num_threads = -1;
    23     int real_sum = 0;
    24
    25     for (int i = 0; i < N; i++) {
    26        a[i] = 5;
    27        b[i] = i * 2;
    28     }
    29
    30  #pragma omp parallel num_threads(OMPVV_NUM_THREADS_HOST) shared(a, b, num_threads, sum)
    31  {
    32     #pragma omp single
    33     #pragma omp taskloop simd reduction(+:sum)
    34     for (int i = 0; i < N; i++) {
    35        #pragma omp atomic
    36        sum += a[i]*b[i];
    37     }
    38     num_threads = omp_get_num_threads();
    39
    40     #pragma omp single
    41     #pragma omp taskloop simd reduction(+:sum)
    42     for (int i = 0; i < N; i++) {
    43        #pragma omp atomic
    44        sum++;
    45     }
    46
    47  }
    48
    49     real_sum += N;
    50
    51     for (int i = 0; i < N; i++) {
    52        real_sum += a[i]*b[i];
    53     }
    54
    55     OMPVV_TEST_AND_SET_VERBOSE(errors, sum != real_sum);
    56
    57     OMPVV_WARNING_IF(num_threads == 1, ""Test ran with one thread, so parallelism of taskloop can't be guaranteed."");
    58     OMPVV_ERROR_IF(num_threads < 1, ""Test returned an invalid number of threads."");
    59     OMPVV_TEST_AND_SET_VERBOSE(errors, num_threads < 1);
    60
    61
    62     return errors;
    63  }
    64
    65
    66  int main() {
    67
    68     int errors = 0;
    69
    70     OMPVV_TEST_AND_SET_VERBOSE(errors, test_taskloop_reduction());
    71
    72     OMPVV_REPORT_AND_RETURN(errors);
    73
    74  }
","     1  //===--- test_taskloop_simd_reduction.c -------------------------------------===//
     2  //
     3  // OpenMP API Version 5.0 Nov 2018
     4  //
     5  // This test checks the taskloop simd combined directive with the reduction clause specified.
     6  //
     7  ////===----------------------------------------------------------------------===//
     8
     9  #include <omp.h>
    10  #include <stdio.h>
    11  #include <stdlib.h>
    12  #include ""ompvv.h""
    13
    14  #define N 1024
    15
    16  int test_taskloop_reduction() {
    17
    18     int errors = 0;
    19     int a[N];
    20     int b[N];
    21     int sum = 0;
    22     int num_threads = -1;
    23     int real_sum = 0;
    24
    25     for (int i = 0; i < N; i++) {
    26        a[i] = 5;
    27        b[i] = i * 2;
    28     }
    29
    30  #pragma omp parallel num_threads(OMPVV_NUM_THREADS_HOST) shared(a, b, num_threads, sum)
    31  {
    32     #pragma omp single
    33     #pragma omp taskloop simd 
    34     for (int i = 0; i < N; i++) {
    35        #pragma omp atomic
    36        sum += a[i]*b[i];
    37     }
    38     num_threads = omp_get_num_threads();
    39
    40     #pragma omp single
    41     #pragma omp taskloop simd reduction(+:sum)
    42     for (int i = 0; i < N; i++) {
    43        #pragma omp atomic
    44        sum++;
    45     }
    46
    47  }
    48
    49     real_sum += N;
    50
    51     for (int i = 0; i < N; i++) {
    52        real_sum += a[i]*b[i];
    53     }
    54
    55     OMPVV_TEST_AND_SET_VERBOSE(errors, sum != real_sum);
    56
    57     OMPVV_WARNING_IF(num_threads == 1, ""Test ran with one thread, so parallelism of taskloop can't be guaranteed."");
    58     OMPVV_ERROR_IF(num_threads < 1, ""Test returned an invalid number of threads."");
    59     OMPVV_TEST_AND_SET_VERBOSE(errors, num_threads < 1);
    60
    61
    62     return errors;
    63  }
    64
    65
    66  int main() {
    67
    68     int errors = 0;
    69
    70     OMPVV_TEST_AND_SET_VERBOSE(errors, test_taskloop_reduction());
    71
    72     OMPVV_REPORT_AND_RETURN(errors);
    73
    74  }
",openmp_batch_51_70_optionA.csv,False,unknown,REMOVE_CLAUSE,taskloop,reduction,tests/5.0/taskloop_simd,5.0
tests/5.0/taskloop_simd/test_taskloop_simd_reduction.c,simd,loop_bounds,SKIP_LAST_ITER,high,i < N,i < N-1,all elements computed,last element incorrect,35,BUG_SKIP_LAST_ITER.c,"     1  //===--- test_taskloop_simd_reduction.c -------------------------------------===//
     2  //
     3  // OpenMP API Version 5.0 Nov 2018
     4  //
     5  // This test checks the taskloop simd combined directive with the reduction clause specified.
     6  //
     7  ////===----------------------------------------------------------------------===//
     8
     9  #include <omp.h>
    10  #include <stdio.h>
    11  #include <stdlib.h>
    12  #include ""ompvv.h""
    13
    14  #define N 1024
    15
    16  int test_taskloop_reduction() {
    17
    18     int errors = 0;
    19     int a[N];
    20     int b[N];
    21     int sum = 0;
    22     int num_threads = -1;
    23     int real_sum = 0;
    24
    25     for (int i = 0; i < N; i++) {
    26        a[i] = 5;
    27        b[i] = i * 2;
    28     }
    29
    30  #pragma omp parallel num_threads(OMPVV_NUM_THREADS_HOST) shared(a, b, num_threads, sum)
    31  {
    32     #pragma omp single
    33     #pragma omp taskloop simd reduction(+:sum)
    34     for (int i = 0; i < N; i++) {
    35        #pragma omp atomic
    36        sum += a[i]*b[i];
    37     }
    38     num_threads = omp_get_num_threads();
    39
    40     #pragma omp single
    41     #pragma omp taskloop simd reduction(+:sum)
    42     for (int i = 0; i < N; i++) {
    43        #pragma omp atomic
    44        sum++;
    45     }
    46
    47  }
    48
    49     real_sum += N;
    50
    51     for (int i = 0; i < N; i++) {
    52        real_sum += a[i]*b[i];
    53     }
    54
    55     OMPVV_TEST_AND_SET_VERBOSE(errors, sum != real_sum);
    56
    57     OMPVV_WARNING_IF(num_threads == 1, ""Test ran with one thread, so parallelism of taskloop can't be guaranteed."");
    58     OMPVV_ERROR_IF(num_threads < 1, ""Test returned an invalid number of threads."");
    59     OMPVV_TEST_AND_SET_VERBOSE(errors, num_threads < 1);
    60
    61
    62     return errors;
    63  }
    64
    65
    66  int main() {
    67
    68     int errors = 0;
    69
    70     OMPVV_TEST_AND_SET_VERBOSE(errors, test_taskloop_reduction());
    71
    72     OMPVV_REPORT_AND_RETURN(errors);
    73
    74  }
","     1  //===--- test_taskloop_simd_reduction.c -------------------------------------===//
     2  //
     3  // OpenMP API Version 5.0 Nov 2018
     4  //
     5  // This test checks the taskloop simd combined directive with the reduction clause specified.
     6  //
     7  ////===----------------------------------------------------------------------===//
     8
     9  #include <omp.h>
    10  #include <stdio.h>
    11  #include <stdlib.h>
    12  #include ""ompvv.h""
    13
    14  #define N 1024
    15
    16  int test_taskloop_reduction() {
    17
    18     int errors = 0;
    19     int a[N];
    20     int b[N];
    21     int sum = 0;
    22     int num_threads = -1;
    23     int real_sum = 0;
    24
    25     for (int i = 0; i < N-1; i++) {
    26        a[i] = 5;
    27        b[i] = i * 2;
    28     }
    29
    30  #pragma omp parallel num_threads(OMPVV_NUM_THREADS_HOST) shared(a, b, num_threads, sum)
    31  {
    32     #pragma omp single
    33     #pragma omp taskloop simd reduction(+:sum)
    34     for (int i = 0; i < N; i++) {
    35        #pragma omp atomic
    36        sum += a[i]*b[i];
    37     }
    38     num_threads = omp_get_num_threads();
    39
    40     #pragma omp single
    41     #pragma omp taskloop simd reduction(+:sum)
    42     for (int i = 0; i < N; i++) {
    43        #pragma omp atomic
    44        sum++;
    45     }
    46
    47  }
    48
    49     real_sum += N;
    50
    51     for (int i = 0; i < N; i++) {
    52        real_sum += a[i]*b[i];
    53     }
    54
    55     OMPVV_TEST_AND_SET_VERBOSE(errors, sum != real_sum);
    56
    57     OMPVV_WARNING_IF(num_threads == 1, ""Test ran with one thread, so parallelism of taskloop can't be guaranteed."");
    58     OMPVV_ERROR_IF(num_threads < 1, ""Test returned an invalid number of threads."");
    59     OMPVV_TEST_AND_SET_VERBOSE(errors, num_threads < 1);
    60
    61
    62     return errors;
    63  }
    64
    65
    66  int main() {
    67
    68     int errors = 0;
    69
    70     OMPVV_TEST_AND_SET_VERBOSE(errors, test_taskloop_reduction());
    71
    72     OMPVV_REPORT_AND_RETURN(errors);
    73
    74  }
",openmp_batch_51_70_optionA.csv,False,unknown,CHANGE_LOOP_BOUND,simd,general_code,tests/5.0/taskloop_simd,5.0
tests/5.0/taskloop/test_omp_cancellation_env_true.c,reduction,reduction,REMOVE_REDUCTION,high,reduction(+:sum),,sum == expected_sum,reduction variable not accumulated correctly,30,BUG_REMOVE_REDUCTION.c,"     1  //===--- test_omp_cancellation_env_1.c ------------------------------------------===//
     2  //
     3  // OpenMP API Version 5.0 Nov 2018
     4  //
     5  // This test checks the cancel directive for the taskloop directive
     6  // The omp cancel requires OMP_CANCELLATION enviromental variable to be set
     7  //
     8  ////===----------------------------------------------------------------------===//
     9
    10  #include <omp.h>
    11  #include <stdio.h>
    12  #include <stdlib.h>
    13  #include ""ompvv.h""
    14
    15  #define N 1024
    16
    17  int test_taskloop_reduction() {
    18
    19     int errors = 0;
    20     int a[N];
    21     int b[N];
    22     int sum = 0;
    23     int num_threads = -1;
    24     int real_sum = 0;
    25
    26     for (int i = 0; i < N; i++) {
    27        a[i] = 5;
    28        b[i] = i * 2;
    29     }
    30
    31  #pragma omp parallel num_threads(OMPVV_NUM_THREADS_HOST) shared(a, b, num_threads, sum)
    32  {
    33     #pragma omp single
    34     #pragma omp taskloop reduction(+:sum)
    35     for (int i = 0; i < N; i++) {
    36        sum += a[i]*b[i];
    37     }
    38     num_threads = omp_get_num_threads();
    39
    40     #pragma omp single
    41     #pragma omp taskloop reduction(+:sum)
    42     for (int i = 0; i < N; i++) {
    43        #pragma omp cancel taskgroup
    44        sum++;
    45     }
    46  }
    47
    48     real_sum += N;
    49
    50     for (int i = 0; i < N; i++) {
    51        real_sum += a[i]*b[i];
    52     }
    53
    54     if (omp_get_cancellation()) {
    55       OMPVV_TEST_AND_SET_VERBOSE(errors, sum == real_sum);
    56     } else {
    57       OMPVV_WARNING(""Enviromental Variable OMP_CANCELLATION not set, omp cancel cannot be tested"");
    58     }
    59
    60     OMPVV_ERROR_IF(num_threads < 1, ""Test returned an invalid number of threads."");
    61     OMPVV_TEST_AND_SET_VERBOSE(errors, num_threads < 1);
    62
    63     return errors;
    64  }
    65
    66
    67  int main() {
    68
    69     int errors = 0;
    70
    71     OMPVV_TEST_AND_SET_VERBOSE(errors, test_taskloop_reduction());
    72
    73     OMPVV_REPORT_AND_RETURN(errors);
    74
    75  }
","     1  //===--- test_omp_cancellation_env_1.c ------------------------------------------===//
     2  //
     3  // OpenMP API Version 5.0 Nov 2018
     4  //
     5  // This test checks the cancel directive for the taskloop directive
     6  // The omp cancel requires OMP_CANCELLATION enviromental variable to be set
     7  //
     8  ////===----------------------------------------------------------------------===//
     9
    10  #include <omp.h>
    11  #include <stdio.h>
    12  #include <stdlib.h>
    13  #include ""ompvv.h""
    14
    15  #define N 1024
    16
    17  int test_taskloop_reduction() {
    18
    19     int errors = 0;
    20     int a[N];
    21     int b[N];
    22     int sum = 0;
    23     int num_threads = -1;
    24     int real_sum = 0;
    25
    26     for (int i = 0; i < N; i++) {
    27        a[i] = 5;
    28        b[i] = i * 2;
    29     }
    30
    31  #pragma omp parallel num_threads(OMPVV_NUM_THREADS_HOST) shared(a, b, num_threads, sum)
    32  {
    33     #pragma omp single
    34     #pragma omp taskloop 
    35     for (int i = 0; i < N; i++) {
    36        sum += a[i]*b[i];
    37     }
    38     num_threads = omp_get_num_threads();
    39
    40     #pragma omp single
    41     #pragma omp taskloop reduction(+:sum)
    42     for (int i = 0; i < N; i++) {
    43        #pragma omp cancel taskgroup
    44        sum++;
    45     }
    46  }
    47
    48     real_sum += N;
    49
    50     for (int i = 0; i < N; i++) {
    51        real_sum += a[i]*b[i];
    52     }
    53
    54     if (omp_get_cancellation()) {
    55       OMPVV_TEST_AND_SET_VERBOSE(errors, sum == real_sum);
    56     } else {
    57       OMPVV_WARNING(""Enviromental Variable OMP_CANCELLATION not set, omp cancel cannot be tested"");
    58     }
    59
    60     OMPVV_ERROR_IF(num_threads < 1, ""Test returned an invalid number of threads."");
    61     OMPVV_TEST_AND_SET_VERBOSE(errors, num_threads < 1);
    62
    63     return errors;
    64  }
    65
    66
    67  int main() {
    68
    69     int errors = 0;
    70
    71     OMPVV_TEST_AND_SET_VERBOSE(errors, test_taskloop_reduction());
    72
    73     OMPVV_REPORT_AND_RETURN(errors);
    74
    75  }
",openmp_batch_51_70_optionA.csv,False,unknown,REMOVE_CLAUSE,taskloop,reduction,tests/5.0/taskloop,5.0
tests/5.0/taskloop/test_taskloop_in_reduction.c,reduction,reduction,REMOVE_REDUCTION,high,reduction(+:sum),,sum == expected_sum,reduction variable not accumulated correctly,30,BUG_REMOVE_REDUCTION.c,"     1  //===--- test_taskloop_in_reduction.c -------------------------------------------===//
     2  //
     3  // OpenMP API Version 5.0 Nov 2018
     4  //
     5  // This test checks the taskloop directive with the `in_reduction` reduction
     6  // participation clause. It performs simple array operations which are added
     7  // to a reduction variable in a taskloop with the in_reduction clause.
     8  //
     9  ////===----------------------------------------------------------------------===//
    10  #include <assert.h>
    11  #include <omp.h>
    12  #include <stdio.h>
    13  #include <stdlib.h>
    14  #include ""ompvv.h""
    15
    16  #define N 1024
    17
    18  int test_taskloop_in_reduction() {
    19    OMPVV_INFOMSG(""test_taskloop_in_reduction"");
    20    int errors = 0;
    21    int num_threads = -1;
    22    int y[N];
    23    int z[N];
    24    int sum = 0;
    25    int expected_sum = 0;
    26
    27    for (int i = 0; i < N; i++) {
    28      y[i] = i + 1;
    29      z[i] = 2*(i + 1);
    30    }
    31
    32  #pragma omp parallel reduction(task, +: sum) num_threads(OMPVV_NUM_THREADS_HOST) shared(y, z, num_threads)
    33    {
    34  #pragma omp master
    35      {
    36  #pragma omp taskloop in_reduction(+: sum)
    37        for (int i = 0; i < N; i++) {
    38          sum += y[i]*z[i];
    39        }
    40        num_threads = omp_get_num_threads();
    41      }
    42    }
    43
    44    for (int i = 0; i < N; i++) {
    45      expected_sum += y[i]*z[i];
    46    }
    47
    48    OMPVV_TEST_AND_SET_VERBOSE(errors, sum != expected_sum);
    49
    50    OMPVV_WARNING_IF(num_threads == 1, ""Test ran with one thread, so parallelism of taskloop can't be guaranteed."");
    51    OMPVV_ERROR_IF(num_threads < 1, ""Test returned an invalid number of threads."");
    52    OMPVV_TEST_AND_SET_VERBOSE(errors, num_threads < 1);
    53
    54    return errors;
    55  }
    56
    57
    58  int main() {
    59    int errors = 0;
    60
    61    OMPVV_TEST_AND_SET_VERBOSE(errors, test_taskloop_in_reduction());
    62
    63    OMPVV_REPORT_AND_RETURN(errors);
    64  }
","     1  //===--- test_taskloop_in_reduction.c -------------------------------------------===//
     2  //
     3  // OpenMP API Version 5.0 Nov 2018
     4  //
     5  // This test checks the taskloop directive with the `in_reduction` reduction
     6  // participation clause. It performs simple array operations which are added
     7  // to a reduction variable in a taskloop with the in_reduction clause.
     8  //
     9  ////===----------------------------------------------------------------------===//
    10  #include <assert.h>
    11  #include <omp.h>
    12  #include <stdio.h>
    13  #include <stdlib.h>
    14  #include ""ompvv.h""
    15
    16  #define N 1024
    17
    18  int test_taskloop_in_reduction() {
    19    OMPVV_INFOMSG(""test_taskloop_in_reduction"");
    20    int errors = 0;
    21    int num_threads = -1;
    22    int y[N];
    23    int z[N];
    24    int sum = 0;
    25    int expected_sum = 0;
    26
    27    for (int i = 0; i < N; i++) {
    28      y[i] = i + 1;
    29      z[i] = 2*(i + 1);
    30    }
    31
    32  #pragma omp parallel reduction(task, +: sum) num_threads(OMPVV_NUM_THREADS_HOST) shared(y, z, num_threads)
    33    {
    34  #pragma omp master
    35      {
    36  #pragma omp taskloop in_reduction(+: sum)
    37        for (int i = 0; i < N; i++) {
    38          sum += y[i]*z[i];
    39        }
    40        num_threads = omp_get_num_threads();
    41      }
    42    }
    43
    44    for (int i = 0; i < N; i++) {
    45      expected_sum += y[i]*z[i];
    46    }
    47
    48    OMPVV_TEST_AND_SET_VERBOSE(errors, sum != expected_sum);
    49
    50    OMPVV_WARNING_IF(num_threads == 1, ""Test ran with one thread, so parallelism of taskloop can't be guaranteed."");
    51    OMPVV_ERROR_IF(num_threads < 1, ""Test returned an invalid number of threads."");
    52    OMPVV_TEST_AND_SET_VERBOSE(errors, num_threads < 1);
    53
    54    return errors;
    55  }
    56
    57
    58  int main() {
    59    int errors = 0;
    60
    61    OMPVV_TEST_AND_SET_VERBOSE(errors, test_taskloop_in_reduction());
    62
    63    OMPVV_REPORT_AND_RETURN(errors);
    64  }
",openmp_batch_51_70_optionA.csv,False,unknown,REMOVE_CLAUSE,taskloop,reduction,tests/5.0/taskloop,5.0
tests/5.0/taskloop/test_taskloop_reduction.c,reduction,reduction,REMOVE_REDUCTION,high,reduction(+:sum),,sum == expected_sum,reduction variable not accumulated correctly,30,BUG_REMOVE_REDUCTION.c,"     1  //===--- test_taskloop_reduction.c ------------------------------------------===//
     2  //
     3  // OpenMP API Version 5.0 Nov 2018
     4  //
     5  // This test checks the taskloop directive with the reduction clause specified.
     6  //
     7  ////===----------------------------------------------------------------------===//
     8
     9  #include <omp.h>
    10  #include <stdio.h>
    11  #include <stdlib.h>
    12  #include ""ompvv.h""
    13
    14  #define N 1024
    15
    16  int test_taskloop_reduction() {
    17
    18     int errors = 0;
    19     int a[N];
    20     int b[N];
    21     int sum = 0;
    22     int num_threads = -1;
    23     int real_sum = 0;
    24
    25     for (int i = 0; i < N; i++) {
    26        a[i] = 5;
    27        b[i] = i * 2;
    28     }
    29
    30  #pragma omp parallel num_threads(OMPVV_NUM_THREADS_HOST) shared(a, b, num_threads, sum)
    31  {
    32     #pragma omp single
    33     #pragma omp taskloop reduction(+:sum)
    34     for (int i = 0; i < N; i++) {
    35        sum += a[i]*b[i];
    36     }
    37     num_threads = omp_get_num_threads();
    38
    39     #pragma omp single
    40     #pragma omp taskloop reduction(+:sum)
    41     for (int i = 0; i < N; i++) {
    42        sum++;
    43     }
    44  }
    45
    46     real_sum += N;
    47
    48     for (int i = 0; i < N; i++) {
    49        real_sum += a[i]*b[i];
    50     }
    51
    52
    53     OMPVV_TEST_AND_SET_VERBOSE(errors, sum != real_sum);
    54
    55     OMPVV_WARNING_IF(num_threads == 1, ""Test ran with one thread, so parallelism of taskloop can't be guaranteed."");
    56     OMPVV_ERROR_IF(num_threads < 1, ""Test returned an invalid number of threads."");
    57     OMPVV_TEST_AND_SET_VERBOSE(errors, num_threads < 1);
    58
    59     return errors;
    60  }
    61
    62
    63  int main() {
    64
    65     int errors = 0;
    66
    67     OMPVV_TEST_AND_SET_VERBOSE(errors, test_taskloop_reduction());
    68
    69     OMPVV_REPORT_AND_RETURN(errors);
    70
    71  }
","     1  //===--- test_taskloop_reduction.c ------------------------------------------===//
     2  //
     3  // OpenMP API Version 5.0 Nov 2018
     4  //
     5  // This test checks the taskloop directive with the reduction clause specified.
     6  //
     7  ////===----------------------------------------------------------------------===//
     8
     9  #include <omp.h>
    10  #include <stdio.h>
    11  #include <stdlib.h>
    12  #include ""ompvv.h""
    13
    14  #define N 1024
    15
    16  int test_taskloop_reduction() {
    17
    18     int errors = 0;
    19     int a[N];
    20     int b[N];
    21     int sum = 0;
    22     int num_threads = -1;
    23     int real_sum = 0;
    24
    25     for (int i = 0; i < N; i++) {
    26        a[i] = 5;
    27        b[i] = i * 2;
    28     }
    29
    30  #pragma omp parallel num_threads(OMPVV_NUM_THREADS_HOST) shared(a, b, num_threads, sum)
    31  {
    32     #pragma omp single
    33     #pragma omp taskloop 
    34     for (int i = 0; i < N; i++) {
    35        sum += a[i]*b[i];
    36     }
    37     num_threads = omp_get_num_threads();
    38
    39     #pragma omp single
    40     #pragma omp taskloop reduction(+:sum)
    41     for (int i = 0; i < N; i++) {
    42        sum++;
    43     }
    44  }
    45
    46     real_sum += N;
    47
    48     for (int i = 0; i < N; i++) {
    49        real_sum += a[i]*b[i];
    50     }
    51
    52
    53     OMPVV_TEST_AND_SET_VERBOSE(errors, sum != real_sum);
    54
    55     OMPVV_WARNING_IF(num_threads == 1, ""Test ran with one thread, so parallelism of taskloop can't be guaranteed."");
    56     OMPVV_ERROR_IF(num_threads < 1, ""Test returned an invalid number of threads."");
    57     OMPVV_TEST_AND_SET_VERBOSE(errors, num_threads < 1);
    58
    59     return errors;
    60  }
    61
    62
    63  int main() {
    64
    65     int errors = 0;
    66
    67     OMPVV_TEST_AND_SET_VERBOSE(errors, test_taskloop_reduction());
    68
    69     OMPVV_REPORT_AND_RETURN(errors);
    70
    71  }
",openmp_batch_51_70_optionA.csv,False,unknown,REMOVE_CLAUSE,taskloop,reduction,tests/5.0/taskloop,5.0
tests/5.0/task/test_parallel_for_reduction_task.c,reduction,reduction,REMOVE_REDUCTION,high,reduction(+:sum),,sum == expected_sum,reduction variable not accumulated correctly,30,BUG_REMOVE_REDUCTION.c,"     1  //===--- test_parallel_for_reduction_task.c ---------------------------------===//
     2  //
     3  // OpenMP API Version 5.0 Nov 2018
     4  //
     5  // This test checks the parallel for directive with the reduction clause and
     6  // task modifier. It performs simple array operations which are added to the
     7  // reduction variable in an explicit task with the in_reduction clause.
     8  //
     9  ////===----------------------------------------------------------------------===//
    10  #include <assert.h>
    11  #include <omp.h>
    12  #include <stdio.h>
    13  #include <stdlib.h>
    14  #include ""ompvv.h""
    15
    16  #define N 1024
    17
    18  int test_parallel_for_reduction_task() {
    19    OMPVV_INFOMSG(""test_parallel_for_reduction_task"");
    20    int errors = 0;
    21    int num_threads = -1;
    22    int y[N];
    23    int z[N];
    24    int sum = 0;
    25    int expected_sum = 0;
    26
    27    for (int i = 0; i < N; i++) {
    28      y[i] = i + 1;
    29      z[i] = 2*(i + 1);
    30    }
    31
    32  #pragma omp parallel for reduction(task, +: sum) num_threads(OMPVV_NUM_THREADS_HOST) shared(y, z, num_threads)
    33    for (int i = 0; i < N; i++) {
    34  #pragma omp task in_reduction(+: sum)
    35      sum += y[i]*z[i];
    36      if (omp_get_thread_num() == 0) {
    37        num_threads = omp_get_num_threads();
    38      }
    39    }
    40
    41    for (int i = 0; i < N; i++) {
    42      expected_sum += y[i]*z[i];
    43    }
    44
    45    OMPVV_TEST_AND_SET_VERBOSE(errors, sum != expected_sum);
    46
    47    OMPVV_WARNING_IF(num_threads == 1, ""Test ran with one thread, so parallelism of taskloop can't be guaranteed."");
    48    OMPVV_ERROR_IF(num_threads < 1, ""Test returned an invalid number of threads."");
    49    OMPVV_TEST_AND_SET_VERBOSE(errors, num_threads < 1);
    50
    51    return errors;
    52  }
    53
    54
    55  int main() {
    56    int errors = 0;
    57
    58    OMPVV_TEST_AND_SET_VERBOSE(errors, test_parallel_for_reduction_task());
    59
    60    OMPVV_REPORT_AND_RETURN(errors);
    61  }
","     1  //===--- test_parallel_for_reduction_task.c ---------------------------------===//
     2  //
     3  // OpenMP API Version 5.0 Nov 2018
     4  //
     5  // This test checks the parallel for directive with the reduction clause and
     6  // task modifier. It performs simple array operations which are added to the
     7  // reduction variable in an explicit task with the in_reduction clause.
     8  //
     9  ////===----------------------------------------------------------------------===//
    10  #include <assert.h>
    11  #include <omp.h>
    12  #include <stdio.h>
    13  #include <stdlib.h>
    14  #include ""ompvv.h""
    15
    16  #define N 1024
    17
    18  int test_parallel_for_reduction_task() {
    19    OMPVV_INFOMSG(""test_parallel_for_reduction_task"");
    20    int errors = 0;
    21    int num_threads = -1;
    22    int y[N];
    23    int z[N];
    24    int sum = 0;
    25    int expected_sum = 0;
    26
    27    for (int i = 0; i < N; i++) {
    28      y[i] = i + 1;
    29      z[i] = 2*(i + 1);
    30    }
    31
    32  #pragma omp parallel for reduction(task, +: sum) num_threads(OMPVV_NUM_THREADS_HOST) shared(y, z, num_threads)
    33    for (int i = 0; i < N; i++) {
    34  #pragma omp task in_reduction(+: sum)
    35      sum += y[i]*z[i];
    36      if (omp_get_thread_num() == 0) {
    37        num_threads = omp_get_num_threads();
    38      }
    39    }
    40
    41    for (int i = 0; i < N; i++) {
    42      expected_sum += y[i]*z[i];
    43    }
    44
    45    OMPVV_TEST_AND_SET_VERBOSE(errors, sum != expected_sum);
    46
    47    OMPVV_WARNING_IF(num_threads == 1, ""Test ran with one thread, so parallelism of taskloop can't be guaranteed."");
    48    OMPVV_ERROR_IF(num_threads < 1, ""Test returned an invalid number of threads."");
    49    OMPVV_TEST_AND_SET_VERBOSE(errors, num_threads < 1);
    50
    51    return errors;
    52  }
    53
    54
    55  int main() {
    56    int errors = 0;
    57
    58    OMPVV_TEST_AND_SET_VERBOSE(errors, test_parallel_for_reduction_task());
    59
    60    OMPVV_REPORT_AND_RETURN(errors);
    61  }
",openmp_batch_51_70_optionA.csv,False,unknown,REMOVE_CLAUSE,taskloop,reduction,tests/5.0/task,5.0
tests/5.0/task/test_parallel_for_reduction_task.c,parallel,parallel,REMOVE_PARALLEL,high,#pragma omp parallel,/* parallel removed */,parallel computation correct,code runs sequentially breaking semantics,30,BUG_REMOVE_PARALLEL.c,"     1  //===--- test_parallel_for_reduction_task.c ---------------------------------===//
     2  //
     3  // OpenMP API Version 5.0 Nov 2018
     4  //
     5  // This test checks the parallel for directive with the reduction clause and
     6  // task modifier. It performs simple array operations which are added to the
     7  // reduction variable in an explicit task with the in_reduction clause.
     8  //
     9  ////===----------------------------------------------------------------------===//
    10  #include <assert.h>
    11  #include <omp.h>
    12  #include <stdio.h>
    13  #include <stdlib.h>
    14  #include ""ompvv.h""
    15
    16  #define N 1024
    17
    18  int test_parallel_for_reduction_task() {
    19    OMPVV_INFOMSG(""test_parallel_for_reduction_task"");
    20    int errors = 0;
    21    int num_threads = -1;
    22    int y[N];
    23    int z[N];
    24    int sum = 0;
    25    int expected_sum = 0;
    26
    27    for (int i = 0; i < N; i++) {
    28      y[i] = i + 1;
    29      z[i] = 2*(i + 1);
    30    }
    31
    32  #pragma omp parallel for reduction(task, +: sum) num_threads(OMPVV_NUM_THREADS_HOST) shared(y, z, num_threads)
    33    for (int i = 0; i < N; i++) {
    34  #pragma omp task in_reduction(+: sum)
    35      sum += y[i]*z[i];
    36      if (omp_get_thread_num() == 0) {
    37        num_threads = omp_get_num_threads();
    38      }
    39    }
    40
    41    for (int i = 0; i < N; i++) {
    42      expected_sum += y[i]*z[i];
    43    }
    44
    45    OMPVV_TEST_AND_SET_VERBOSE(errors, sum != expected_sum);
    46
    47    OMPVV_WARNING_IF(num_threads == 1, ""Test ran with one thread, so parallelism of taskloop can't be guaranteed."");
    48    OMPVV_ERROR_IF(num_threads < 1, ""Test returned an invalid number of threads."");
    49    OMPVV_TEST_AND_SET_VERBOSE(errors, num_threads < 1);
    50
    51    return errors;
    52  }
    53
    54
    55  int main() {
    56    int errors = 0;
    57
    58    OMPVV_TEST_AND_SET_VERBOSE(errors, test_parallel_for_reduction_task());
    59
    60    OMPVV_REPORT_AND_RETURN(errors);
    61  }
","     1  //===--- test_parallel_for_reduction_task.c ---------------------------------===//
     2  //
     3  // OpenMP API Version 5.0 Nov 2018
     4  //
     5  // This test checks the parallel for directive with the reduction clause and
     6  // task modifier. It performs simple array operations which are added to the
     7  // reduction variable in an explicit task with the in_reduction clause.
     8  //
     9  ////===----------------------------------------------------------------------===//
    10  #include <assert.h>
    11  #include <omp.h>
    12  #include <stdio.h>
    13  #include <stdlib.h>
    14  #include ""ompvv.h""
    15
    16  #define N 1024
    17
    18  int test_parallel_for_reduction_task() {
    19    OMPVV_INFOMSG(""test_parallel_for_reduction_task"");
    20    int errors = 0;
    21    int num_threads = -1;
    22    int y[N];
    23    int z[N];
    24    int sum = 0;
    25    int expected_sum = 0;
    26
    27    for (int i = 0; i < N; i++) {
    28      y[i] = i + 1;
    29      z[i] = 2*(i + 1);
    30    }
    31
    32  /* parallel removed */ for reduction(task, +: sum) num_threads(OMPVV_NUM_THREADS_HOST) shared(y, z, num_threads)
    33    for (int i = 0; i < N; i++) {
    34  #pragma omp task in_reduction(+: sum)
    35      sum += y[i]*z[i];
    36      if (omp_get_thread_num() == 0) {
    37        num_threads = omp_get_num_threads();
    38      }
    39    }
    40
    41    for (int i = 0; i < N; i++) {
    42      expected_sum += y[i]*z[i];
    43    }
    44
    45    OMPVV_TEST_AND_SET_VERBOSE(errors, sum != expected_sum);
    46
    47    OMPVV_WARNING_IF(num_threads == 1, ""Test ran with one thread, so parallelism of taskloop can't be guaranteed."");
    48    OMPVV_ERROR_IF(num_threads < 1, ""Test returned an invalid number of threads."");
    49    OMPVV_TEST_AND_SET_VERBOSE(errors, num_threads < 1);
    50
    51    return errors;
    52  }
    53
    54
    55  int main() {
    56    int errors = 0;
    57
    58    OMPVV_TEST_AND_SET_VERBOSE(errors, test_parallel_for_reduction_task());
    59
    60    OMPVV_REPORT_AND_RETURN(errors);
    61  }
",openmp_batch_51_70_optionA.csv,False,unknown,REMOVE_CONSTRUCT,parallel_master_taskloop,general_code,tests/5.0/task,5.0
tests/5.0/task/test_task_depend_mutexinoutset.c,task,task_dependency,REMOVE_DEPEND_IN_C,high,#pragma omp task depend(in: c),#pragma omp task,d == 6,T6 may read c before T4 and T5 complete,38,test_task_depend_mutexinoutset_REMOVE_DEPEND_IN_C_T6.c,"//===--- test_task_depend_mutexinoutset.c ------------------------------------===//
//
// OpenMP API Version 5.0 Nov 2018
//
// This test verifies the working of the mutexinout on the depend clause.
// Here task T5 will be scheduled after tasks T1 and T3 are completed. Due to
// the mutexinoutset dependence type on c, T4 and T5 may be scheduled
// in any order with respect to each other, but not at the same time. Tasks
// T6 will be scheduled after both T4 and T5 are completed.
//
// Adapted from OpenMP Examples 5.0.
////===----------------------------------------------------------------------===//

#include <assert.h>
#include <omp.h>
#include <stdio.h>
#include <stdlib.h>
#include ""ompvv.h""

#define N 1024

int test_task_depend_mutexinoutset() {
  OMPVV_INFOMSG(""test_task_mutexinoutset"");
  int errors = 0;
  int a, b, c, d;

#pragma omp parallel
#pragma omp single
  {
#pragma omp task depend(out: c)
   c = 1; /* Task T1 */
 #pragma omp task depend(out: a)
   a = 2; /* Task T2 */
 #pragma omp task depend(out: b)
   b = 3; /* Task T3 */
 #pragma omp task depend(in: a) depend(mutexinoutset: c)
   c += a; /* Task T4 */
 #pragma omp task depend(in: b) depend(mutexinoutset: c)
   c += b; /* Task T5 */
 #pragma omp task depend(in: c)
   d = c; /* Task T6 */
  }
  OMPVV_TEST_AND_SET_VERBOSE(errors, d != 6);

  return errors;
}

int main() {
  int errors = 0;
  OMPVV_TEST_AND_SET_VERBOSE(errors, test_task_depend_mutexinoutset());

  OMPVV_REPORT_AND_RETURN(errors);
}
","//===--- test_task_depend_mutexinoutset.c ------------------------------------===//
//
// OpenMP API Version 5.0 Nov 2018
//
// This test verifies the working of the mutexinout on the depend clause.
// Here task T5 will be scheduled after tasks T1 and T3 are completed. Due to
// the mutexinoutset dependence type on c, T4 and T5 may be scheduled
// in any order with respect to each other, but not at the same time. Tasks
// T6 will be scheduled after both T4 and T5 are completed.
//
// Adapted from OpenMP Examples 5.0.
////===----------------------------------------------------------------------===//

#include <assert.h>
#include <omp.h>
#include <stdio.h>
#include <stdlib.h>
#include ""ompvv.h""

#define N 1024

int test_task_depend_mutexinoutset() {
  OMPVV_INFOMSG(""test_task_mutexinoutset"");
  int errors = 0;
  int a, b, c, d;

#pragma omp parallel
#pragma omp single
  {
#pragma omp task depend(out: c)
   c = 1; /* Task T1 */
 #pragma omp task depend(out: a)
   a = 2; /* Task T2 */
 #pragma omp task depend(out: b)
   b = 3; /* Task T3 */
 #pragma omp task depend(in: a) depend(mutexinoutset: c)
   c += a; /* Task T4 */
 #pragma omp task depend(in: b) depend(mutexinoutset: c)
   c += b; /* Task T5 */
 #pragma omp task
   d = c; /* Task T6 */
  }
  OMPVV_TEST_AND_SET_VERBOSE(errors, d != 6);

  return errors;
}

int main() {
  int errors = 0;
  OMPVV_TEST_AND_SET_VERBOSE(errors, test_task_depend_mutexinoutset());

  OMPVV_REPORT_AND_RETURN(errors);
}
",openmp_batch_71_90_optionA_full_multivariant.csv,False,unknown,REMOVE_DEPENDENCY,task,dependency,tests/5.0/task,5.0
tests/5.0/task/test_task_detach.c,task,task_sync,REMOVE_DETACH,high,#pragma omp task depend(out: y) detach(flag_event),#pragma omp task depend(out: y),record_x == 1 and record_y != 0,dependent task can complete after y update but before event-fulfilling task sets x,36,test_task_detach_REMOVE_DETACH.c,"//===--- test_task_detach.c -------------------------------------------------===//
//
// OpenMP API Version 5.0 Nov 2018
//
// This is a test of the 5.0 task detach clause. A task with the detach
// should not complete until its associated block and the event in the
// detach clause is fulfilled with the omp_fulfill_event clause. This test
// confirms that the task will not complete until these conditions are
// met by placing a dependent task after the detached task. Variables are
// set inside the task body and in the function that fulfills the event,
// and their values are checked after the depend to ensure they are set as
// expected. This test is based on the example of task detach presented
// by Michael Klemm at the 2018 OpenMPCon.
//
////===----------------------------------------------------------------------===//

#include <assert.h>
#include <omp.h>
#include <stdio.h>
#include <stdlib.h>
#include ""ompvv.h""

#define N 1024

int test_callback(omp_event_handle_t event) {
  omp_fulfill_event(event);
  return 1;
}

int test_task_detach() {
  OMPVV_INFOMSG(""test_task_detach"");
  int errors = 0, x = 0, y = 0;
  int num_threads = -1, record_x = -1, record_y = -1;
  omp_event_handle_t flag_event;

#pragma omp parallel
#pragma omp single
  {
#pragma omp task depend(out: y) detach(flag_event)
    {
      y++;
    }
#pragma omp task
    {
      x = 1;
#pragma omp flush
      test_callback(flag_event);
    }
#pragma omp task depend(inout: y)
    {
#pragma omp flush
      record_x = x;
      record_y = y;
      num_threads = omp_get_num_threads();
    }
  }

  OMPVV_ERROR_IF(num_threads < 0, ""Test ran with invalid number of teams (less than zero)"");
  OMPVV_WARNING_IF(num_threads == 1, ""Test ran with one thread, so the results are not conclusive"");

  OMPVV_TEST_AND_SET_VERBOSE(errors, record_x != 1);
  OMPVV_ERROR_IF(record_x == 0, ""Dependent task preceded event-fulfilling task, so detach did not work correctly."");
  OMPVV_ERROR_IF(record_y == 0, ""Dependent task preceded detached task body, so depend did not work correctly."");
  OMPVV_ERROR_IF(record_x == -1, ""Event-fulfilling task's recording variable was not set in the final task."");
  OMPVV_ERROR_IF(record_y == -1, ""Detached task's recording variable was not set in the final task."");

  return errors;
}

int main() {
  int errors = 0;
  OMPVV_TEST_AND_SET_VERBOSE(errors, test_task_detach());

  OMPVV_REPORT_AND_RETURN(errors);
}
","//===--- test_task_detach.c -------------------------------------------------===//
//
// OpenMP API Version 5.0 Nov 2018
//
// This is a test of the 5.0 task detach clause. A task with the detach
// should not complete until its associated block and the event in the
// detach clause is fulfilled with the omp_fulfill_event clause. This test
// confirms that the task will not complete until these conditions are
// met by placing a dependent task after the detached task. Variables are
// set inside the task body and in the function that fulfills the event,
// and their values are checked after the depend to ensure they are set as
// expected. This test is based on the example of task detach presented
// by Michael Klemm at the 2018 OpenMPCon.
//
////===----------------------------------------------------------------------===//

#include <assert.h>
#include <omp.h>
#include <stdio.h>
#include <stdlib.h>
#include ""ompvv.h""

#define N 1024

int test_callback(omp_event_handle_t event) {
  omp_fulfill_event(event);
  return 1;
}

int test_task_detach() {
  OMPVV_INFOMSG(""test_task_detach"");
  int errors = 0, x = 0, y = 0;
  int num_threads = -1, record_x = -1, record_y = -1;
  omp_event_handle_t flag_event;

#pragma omp parallel
#pragma omp single
  {
#pragma omp task depend(out: y)
    {
      y++;
    }
#pragma omp task
    {
      x = 1;
#pragma omp flush
      test_callback(flag_event);
    }
#pragma omp task depend(inout: y)
    {
#pragma omp flush
      record_x = x;
      record_y = y;
      num_threads = omp_get_num_threads();
    }
  }

  OMPVV_ERROR_IF(num_threads < 0, ""Test ran with invalid number of teams (less than zero)"");
  OMPVV_WARNING_IF(num_threads == 1, ""Test ran with one thread, so the results are not conclusive"");

  OMPVV_TEST_AND_SET_VERBOSE(errors, record_x != 1);
  OMPVV_ERROR_IF(record_x == 0, ""Dependent task preceded event-fulfilling task, so detach did not work correctly."");
  OMPVV_ERROR_IF(record_y == 0, ""Dependent task preceded detached task body, so depend did not work correctly."");
  OMPVV_ERROR_IF(record_x == -1, ""Event-fulfilling task's recording variable was not set in the final task."");
  OMPVV_ERROR_IF(record_y == -1, ""Detached task's recording variable was not set in the final task."");

  return errors;
}

int main() {
  int errors = 0;
  OMPVV_TEST_AND_SET_VERBOSE(errors, test_task_detach());

  OMPVV_REPORT_AND_RETURN(errors);
}
",openmp_batch_71_90_optionA_full_multivariant.csv,False,unknown,REMOVE_CONSTRUCT,task,dependency,tests/5.0/task,5.0
tests/5.0/task/test_task_detach.c,task,task_dependency,REMOVE_DEPEND_INOUT,high,#pragma omp task depend(inout: y),#pragma omp task,record_x == 1 and record_y != 0,recording task may run before detached task and event-fulfilling task finish,47,test_task_detach_REMOVE_DEPEND_INOUT.c,"//===--- test_task_detach.c -------------------------------------------------===//
//
// OpenMP API Version 5.0 Nov 2018
//
// This is a test of the 5.0 task detach clause. A task with the detach
// should not complete until its associated block and the event in the
// detach clause is fulfilled with the omp_fulfill_event clause. This test
// confirms that the task will not complete until these conditions are
// met by placing a dependent task after the detached task. Variables are
// set inside the task body and in the function that fulfills the event,
// and their values are checked after the depend to ensure they are set as
// expected. This test is based on the example of task detach presented
// by Michael Klemm at the 2018 OpenMPCon.
//
////===----------------------------------------------------------------------===//

#include <assert.h>
#include <omp.h>
#include <stdio.h>
#include <stdlib.h>
#include ""ompvv.h""

#define N 1024

int test_callback(omp_event_handle_t event) {
  omp_fulfill_event(event);
  return 1;
}

int test_task_detach() {
  OMPVV_INFOMSG(""test_task_detach"");
  int errors = 0, x = 0, y = 0;
  int num_threads = -1, record_x = -1, record_y = -1;
  omp_event_handle_t flag_event;

#pragma omp parallel
#pragma omp single
  {
#pragma omp task depend(out: y) detach(flag_event)
    {
      y++;
    }
#pragma omp task
    {
      x = 1;
#pragma omp flush
      test_callback(flag_event);
    }
#pragma omp task depend(inout: y)
    {
#pragma omp flush
      record_x = x;
      record_y = y;
      num_threads = omp_get_num_threads();
    }
  }

  OMPVV_ERROR_IF(num_threads < 0, ""Test ran with invalid number of teams (less than zero)"");
  OMPVV_WARNING_IF(num_threads == 1, ""Test ran with one thread, so the results are not conclusive"");

  OMPVV_TEST_AND_SET_VERBOSE(errors, record_x != 1);
  OMPVV_ERROR_IF(record_x == 0, ""Dependent task preceded event-fulfilling task, so detach did not work correctly."");
  OMPVV_ERROR_IF(record_y == 0, ""Dependent task preceded detached task body, so depend did not work correctly."");
  OMPVV_ERROR_IF(record_x == -1, ""Event-fulfilling task's recording variable was not set in the final task."");
  OMPVV_ERROR_IF(record_y == -1, ""Detached task's recording variable was not set in the final task."");

  return errors;
}

int main() {
  int errors = 0;
  OMPVV_TEST_AND_SET_VERBOSE(errors, test_task_detach());

  OMPVV_REPORT_AND_RETURN(errors);
}
","//===--- test_task_detach.c -------------------------------------------------===//
//
// OpenMP API Version 5.0 Nov 2018
//
// This is a test of the 5.0 task detach clause. A task with the detach
// should not complete until its associated block and the event in the
// detach clause is fulfilled with the omp_fulfill_event clause. This test
// confirms that the task will not complete until these conditions are
// met by placing a dependent task after the detached task. Variables are
// set inside the task body and in the function that fulfills the event,
// and their values are checked after the depend to ensure they are set as
// expected. This test is based on the example of task detach presented
// by Michael Klemm at the 2018 OpenMPCon.
//
////===----------------------------------------------------------------------===//

#include <assert.h>
#include <omp.h>
#include <stdio.h>
#include <stdlib.h>
#include ""ompvv.h""

#define N 1024

int test_callback(omp_event_handle_t event) {
  omp_fulfill_event(event);
  return 1;
}

int test_task_detach() {
  OMPVV_INFOMSG(""test_task_detach"");
  int errors = 0, x = 0, y = 0;
  int num_threads = -1, record_x = -1, record_y = -1;
  omp_event_handle_t flag_event;

#pragma omp parallel
#pragma omp single
  {
#pragma omp task depend(out: y) detach(flag_event)
    {
      y++;
    }
#pragma omp task
    {
      x = 1;
#pragma omp flush
      test_callback(flag_event);
    }
#pragma omp task
    {
#pragma omp flush
      record_x = x;
      record_y = y;
      num_threads = omp_get_num_threads();
    }
  }

  OMPVV_ERROR_IF(num_threads < 0, ""Test ran with invalid number of teams (less than zero)"");
  OMPVV_WARNING_IF(num_threads == 1, ""Test ran with one thread, so the results are not conclusive"");

  OMPVV_TEST_AND_SET_VERBOSE(errors, record_x != 1);
  OMPVV_ERROR_IF(record_x == 0, ""Dependent task preceded event-fulfilling task, so detach did not work correctly."");
  OMPVV_ERROR_IF(record_y == 0, ""Dependent task preceded detached task body, so depend did not work correctly."");
  OMPVV_ERROR_IF(record_x == -1, ""Event-fulfilling task's recording variable was not set in the final task."");
  OMPVV_ERROR_IF(record_y == -1, ""Detached task's recording variable was not set in the final task."");

  return errors;
}

int main() {
  int errors = 0;
  OMPVV_TEST_AND_SET_VERBOSE(errors, test_task_detach());

  OMPVV_REPORT_AND_RETURN(errors);
}
",openmp_batch_71_90_optionA_full_multivariant.csv,False,unknown,REMOVE_DEPENDENCY,task,dependency,tests/5.0/task,5.0
tests/5.0/task/test_task_in_reduction.c,task,reduction,REMOVE_IN_REDUCTION,high,#pragma omp task in_reduction(+: sum),#pragma omp task,sum == expected_sum,task no longer participates in enclosing task reduction,35,test_task_in_reduction_REMOVE_IN_REDUCTION.c,"//===--- test_task_in_reduction.c -------------------------------------------===//
//
// OpenMP API Version 5.0 Nov 2018
//
// This test checks the task directive with the `in_reduction` reduction
// participation clause. It performs simple array operations which are added
// to a reduction variable in an explcit task with the in_reduction clause.
//
////===----------------------------------------------------------------------===//
#include <assert.h>
#include <omp.h>
#include <stdio.h>
#include <stdlib.h>
#include ""ompvv.h""

#define N 1024

int test_task_in_reduction() {
  OMPVV_INFOMSG(""test_task_in_reduction"");
  int errors = 0;
  int num_threads = -1;
  int y[N];
  int z[N];
  int sum = 0;
  int expected_sum = 0;

  for (int i = 0; i < N; i++) {
    y[i] = i + 1;
    z[i] = 2*(i + 1);
  }

#pragma omp parallel reduction(task, +: sum) num_threads(OMPVV_NUM_THREADS_HOST) shared(y, z, num_threads)
  {
#pragma omp master
    {
#pragma omp task in_reduction(+: sum)
      {
        for (int i = 0; i < N; i++) {
          sum += y[i]*z[i];
        }
      }
      num_threads = omp_get_num_threads();
    }
  }

  for (int i = 0; i < N; i++) {
    expected_sum += y[i]*z[i];
  }

  OMPVV_TEST_AND_SET_VERBOSE(errors, sum != expected_sum);

  OMPVV_WARNING_IF(num_threads == 1, ""Test ran with one thread, so parallelism of taskloop can't be guaranteed."");
  OMPVV_ERROR_IF(num_threads < 1, ""Test returned an invalid number of threads."");
  OMPVV_TEST_AND_SET_VERBOSE(errors, num_threads < 1);

  return errors;
}


int main() {
  int errors = 0;

  OMPVV_TEST_AND_SET_VERBOSE(errors, test_task_in_reduction());

  OMPVV_REPORT_AND_RETURN(errors);
}
","//===--- test_task_in_reduction.c -------------------------------------------===//
//
// OpenMP API Version 5.0 Nov 2018
//
// This test checks the task directive with the `in_reduction` reduction
// participation clause. It performs simple array operations which are added
// to a reduction variable in an explcit task with the in_reduction clause.
//
////===----------------------------------------------------------------------===//
#include <assert.h>
#include <omp.h>
#include <stdio.h>
#include <stdlib.h>
#include ""ompvv.h""

#define N 1024

int test_task_in_reduction() {
  OMPVV_INFOMSG(""test_task_in_reduction"");
  int errors = 0;
  int num_threads = -1;
  int y[N];
  int z[N];
  int sum = 0;
  int expected_sum = 0;

  for (int i = 0; i < N; i++) {
    y[i] = i + 1;
    z[i] = 2*(i + 1);
  }

#pragma omp parallel reduction(task, +: sum) num_threads(OMPVV_NUM_THREADS_HOST) shared(y, z, num_threads)
  {
#pragma omp master
    {
#pragma omp task
      {
        for (int i = 0; i < N; i++) {
          sum += y[i]*z[i];
        }
      }
      num_threads = omp_get_num_threads();
    }
  }

  for (int i = 0; i < N; i++) {
    expected_sum += y[i]*z[i];
  }

  OMPVV_TEST_AND_SET_VERBOSE(errors, sum != expected_sum);

  OMPVV_WARNING_IF(num_threads == 1, ""Test ran with one thread, so parallelism of taskloop can't be guaranteed."");
  OMPVV_ERROR_IF(num_threads < 1, ""Test returned an invalid number of threads."");
  OMPVV_TEST_AND_SET_VERBOSE(errors, num_threads < 1);

  return errors;
}


int main() {
  int errors = 0;

  OMPVV_TEST_AND_SET_VERBOSE(errors, test_task_in_reduction());

  OMPVV_REPORT_AND_RETURN(errors);
}
",openmp_batch_71_90_optionA_full_multivariant.csv,False,unknown,REMOVE_DEPENDENCY,task,reduction,tests/5.0/task,5.0
tests/5.0/taskwait/test_taskwait_depend.c,taskwait,synchronization,REMOVE_TASKWAIT_DEPEND_X,high,#pragma omp taskwait depend(in: x) //Requires the completion of the 1st task,/* taskwait depend(in: x) removed */,x == i after waiting for x,x may be checked before the first task completes,21,test_taskwait_depend_REMOVE_WAIT_X.c,"//===---- test_taskwait_depend.c ---------------------------------------------===//
//
// OpenMP API Version 5.0
//
// This test uses the taskwait directive with the depend clause, which
// ensures that the item listed in depend shares a depend with a
// previous task to ensure sychronization
//
//===-------------------------------------------------------------------------------===//

#include <omp.h>
#include <stdio.h>
#include <stdlib.h>
#include ""ompvv.h""

#define N 1024
int errors = 0;
int test_wrapper() { //wrapper for taskwait depend function
    #pragma omp parallel for
        for (int i=1; i<N; i++){
          int x,y,err = 0;
          #pragma omp task depend(inout: x) shared(x) // 1st Task
          x=i;
          #pragma omp task depend(inout: y) shared(y) // 2nd Task
          y=i;
          #pragma omp taskwait depend(in: x) //Requires the completion of the 1st task
          OMPVV_TEST_AND_SET(err, x!= i);
          #pragma omp taskwait depend(in: x,y) //Requires the completion of both tasks
          OMPVV_TEST_AND_SET(err, y!=i || x!=i);
          #pragma omp atomic
          errors += err;
        }
    return errors;
}


int main () {
  OMPVV_TEST_AND_SET_VERBOSE(errors, test_wrapper());
  OMPVV_REPORT_AND_RETURN(errors);
}
","//===---- test_taskwait_depend.c ---------------------------------------------===//
//
// OpenMP API Version 5.0
//
// This test uses the taskwait directive with the depend clause, which
// ensures that the item listed in depend shares a depend with a
// previous task to ensure sychronization
//
//===-------------------------------------------------------------------------------===//

#include <omp.h>
#include <stdio.h>
#include <stdlib.h>
#include ""ompvv.h""

#define N 1024
int errors = 0;
int test_wrapper() { //wrapper for taskwait depend function
    #pragma omp parallel for
        for (int i=1; i<N; i++){
          int x,y,err = 0;
          #pragma omp task depend(inout: x) shared(x) // 1st Task
          x=i;
          #pragma omp task depend(inout: y) shared(y) // 2nd Task
          y=i;
          /* taskwait depend(in: x) removed */
          OMPVV_TEST_AND_SET(err, x!= i);
          #pragma omp taskwait depend(in: x,y) //Requires the completion of both tasks
          OMPVV_TEST_AND_SET(err, y!=i || x!=i);
          #pragma omp atomic
          errors += err;
        }
    return errors;
}


int main () {
  OMPVV_TEST_AND_SET_VERBOSE(errors, test_wrapper());
  OMPVV_REPORT_AND_RETURN(errors);
}
",openmp_batch_71_90_optionA_full_multivariant.csv,False,unknown,REMOVE_SYNCHRONIZATION,taskwait,dependency,tests/5.0/taskwait,5.0
tests/5.0/taskwait/test_taskwait_depend.c,taskwait,synchronization,REMOVE_TASKWAIT_DEPEND_XY,high,"#pragma omp taskwait depend(in: x,y) //Requires the completion of both tasks","/* taskwait depend(in: x,y) removed */",x == i and y == i after waiting for both tasks,x or y may be checked before their tasks complete,23,test_taskwait_depend_REMOVE_WAIT_XY.c,"//===---- test_taskwait_depend.c ---------------------------------------------===//
//
// OpenMP API Version 5.0
//
// This test uses the taskwait directive with the depend clause, which
// ensures that the item listed in depend shares a depend with a
// previous task to ensure sychronization
//
//===-------------------------------------------------------------------------------===//

#include <omp.h>
#include <stdio.h>
#include <stdlib.h>
#include ""ompvv.h""

#define N 1024
int errors = 0;
int test_wrapper() { //wrapper for taskwait depend function
    #pragma omp parallel for
        for (int i=1; i<N; i++){
          int x,y,err = 0;
          #pragma omp task depend(inout: x) shared(x) // 1st Task
          x=i;
          #pragma omp task depend(inout: y) shared(y) // 2nd Task
          y=i;
          #pragma omp taskwait depend(in: x) //Requires the completion of the 1st task
          OMPVV_TEST_AND_SET(err, x!= i);
          #pragma omp taskwait depend(in: x,y) //Requires the completion of both tasks
          OMPVV_TEST_AND_SET(err, y!=i || x!=i);
          #pragma omp atomic
          errors += err;
        }
    return errors;
}


int main () {
  OMPVV_TEST_AND_SET_VERBOSE(errors, test_wrapper());
  OMPVV_REPORT_AND_RETURN(errors);
}
","//===---- test_taskwait_depend.c ---------------------------------------------===//
//
// OpenMP API Version 5.0
//
// This test uses the taskwait directive with the depend clause, which
// ensures that the item listed in depend shares a depend with a
// previous task to ensure sychronization
//
//===-------------------------------------------------------------------------------===//

#include <omp.h>
#include <stdio.h>
#include <stdlib.h>
#include ""ompvv.h""

#define N 1024
int errors = 0;
int test_wrapper() { //wrapper for taskwait depend function
    #pragma omp parallel for
        for (int i=1; i<N; i++){
          int x,y,err = 0;
          #pragma omp task depend(inout: x) shared(x) // 1st Task
          x=i;
          #pragma omp task depend(inout: y) shared(y) // 2nd Task
          y=i;
          #pragma omp taskwait depend(in: x) //Requires the completion of the 1st task
          OMPVV_TEST_AND_SET(err, x!= i);
          /* taskwait depend(in: x,y) removed */
          OMPVV_TEST_AND_SET(err, y!=i || x!=i);
          #pragma omp atomic
          errors += err;
        }
    return errors;
}


int main () {
  OMPVV_TEST_AND_SET_VERBOSE(errors, test_wrapper());
  OMPVV_REPORT_AND_RETURN(errors);
}
",openmp_batch_71_90_optionA_full_multivariant.csv,False,unknown,REMOVE_SYNCHRONIZATION,taskwait,dependency,tests/5.0/taskwait,5.0
tests/5.0/taskwait/test_taskwait_depend.c,taskwait,task_dependency,REMOVE_TASK_DEPEND_X,high,#pragma omp task depend(inout: x) shared(x) // 1st Task,#pragma omp task shared(x) // 1st Task,x == i after taskwait depend(in: x),"taskwait depend no longer matches a prior x dependence, so synchronization can be ineffective",17,test_taskwait_depend_REMOVE_TASK_DEPEND_X.c,"//===---- test_taskwait_depend.c ---------------------------------------------===//
//
// OpenMP API Version 5.0
//
// This test uses the taskwait directive with the depend clause, which
// ensures that the item listed in depend shares a depend with a
// previous task to ensure sychronization
//
//===-------------------------------------------------------------------------------===//

#include <omp.h>
#include <stdio.h>
#include <stdlib.h>
#include ""ompvv.h""

#define N 1024
int errors = 0;
int test_wrapper() { //wrapper for taskwait depend function
    #pragma omp parallel for
        for (int i=1; i<N; i++){
          int x,y,err = 0;
          #pragma omp task depend(inout: x) shared(x) // 1st Task
          x=i;
          #pragma omp task depend(inout: y) shared(y) // 2nd Task
          y=i;
          #pragma omp taskwait depend(in: x) //Requires the completion of the 1st task
          OMPVV_TEST_AND_SET(err, x!= i);
          #pragma omp taskwait depend(in: x,y) //Requires the completion of both tasks
          OMPVV_TEST_AND_SET(err, y!=i || x!=i);
          #pragma omp atomic
          errors += err;
        }
    return errors;
}


int main () {
  OMPVV_TEST_AND_SET_VERBOSE(errors, test_wrapper());
  OMPVV_REPORT_AND_RETURN(errors);
}
","//===---- test_taskwait_depend.c ---------------------------------------------===//
//
// OpenMP API Version 5.0
//
// This test uses the taskwait directive with the depend clause, which
// ensures that the item listed in depend shares a depend with a
// previous task to ensure sychronization
//
//===-------------------------------------------------------------------------------===//

#include <omp.h>
#include <stdio.h>
#include <stdlib.h>
#include ""ompvv.h""

#define N 1024
int errors = 0;
int test_wrapper() { //wrapper for taskwait depend function
    #pragma omp parallel for
        for (int i=1; i<N; i++){
          int x,y,err = 0;
          #pragma omp task shared(x) // 1st Task
          x=i;
          #pragma omp task depend(inout: y) shared(y) // 2nd Task
          y=i;
          #pragma omp taskwait depend(in: x) //Requires the completion of the 1st task
          OMPVV_TEST_AND_SET(err, x!= i);
          #pragma omp taskwait depend(in: x,y) //Requires the completion of both tasks
          OMPVV_TEST_AND_SET(err, y!=i || x!=i);
          #pragma omp atomic
          errors += err;
        }
    return errors;
}


int main () {
  OMPVV_TEST_AND_SET_VERBOSE(errors, test_wrapper());
  OMPVV_REPORT_AND_RETURN(errors);
}
",openmp_batch_71_90_optionA_full_multivariant.csv,False,unknown,REMOVE_CONSTRUCT,taskwait,dependency,tests/5.0/taskwait,5.0
tests/5.0/taskwait/test_taskwait_depend.c,taskwait,task_dependency,REMOVE_TASK_DEPEND_Y,high,#pragma omp task depend(inout: y) shared(y) // 2nd Task,#pragma omp task shared(y) // 2nd Task,"y == i after taskwait depend(in: x,y)","taskwait depend no longer matches a prior y dependence, so y may be stale",19,test_taskwait_depend_REMOVE_TASK_DEPEND_Y.c,"//===---- test_taskwait_depend.c ---------------------------------------------===//
//
// OpenMP API Version 5.0
//
// This test uses the taskwait directive with the depend clause, which
// ensures that the item listed in depend shares a depend with a
// previous task to ensure sychronization
//
//===-------------------------------------------------------------------------------===//

#include <omp.h>
#include <stdio.h>
#include <stdlib.h>
#include ""ompvv.h""

#define N 1024
int errors = 0;
int test_wrapper() { //wrapper for taskwait depend function
    #pragma omp parallel for
        for (int i=1; i<N; i++){
          int x,y,err = 0;
          #pragma omp task depend(inout: x) shared(x) // 1st Task
          x=i;
          #pragma omp task depend(inout: y) shared(y) // 2nd Task
          y=i;
          #pragma omp taskwait depend(in: x) //Requires the completion of the 1st task
          OMPVV_TEST_AND_SET(err, x!= i);
          #pragma omp taskwait depend(in: x,y) //Requires the completion of both tasks
          OMPVV_TEST_AND_SET(err, y!=i || x!=i);
          #pragma omp atomic
          errors += err;
        }
    return errors;
}


int main () {
  OMPVV_TEST_AND_SET_VERBOSE(errors, test_wrapper());
  OMPVV_REPORT_AND_RETURN(errors);
}
","//===---- test_taskwait_depend.c ---------------------------------------------===//
//
// OpenMP API Version 5.0
//
// This test uses the taskwait directive with the depend clause, which
// ensures that the item listed in depend shares a depend with a
// previous task to ensure sychronization
//
//===-------------------------------------------------------------------------------===//

#include <omp.h>
#include <stdio.h>
#include <stdlib.h>
#include ""ompvv.h""

#define N 1024
int errors = 0;
int test_wrapper() { //wrapper for taskwait depend function
    #pragma omp parallel for
        for (int i=1; i<N; i++){
          int x,y,err = 0;
          #pragma omp task depend(inout: x) shared(x) // 1st Task
          x=i;
          #pragma omp task shared(y) // 2nd Task
          y=i;
          #pragma omp taskwait depend(in: x) //Requires the completion of the 1st task
          OMPVV_TEST_AND_SET(err, x!= i);
          #pragma omp taskwait depend(in: x,y) //Requires the completion of both tasks
          OMPVV_TEST_AND_SET(err, y!=i || x!=i);
          #pragma omp atomic
          errors += err;
        }
    return errors;
}


int main () {
  OMPVV_TEST_AND_SET_VERBOSE(errors, test_wrapper());
  OMPVV_REPORT_AND_RETURN(errors);
}
",openmp_batch_71_90_optionA_full_multivariant.csv,False,unknown,REMOVE_CONSTRUCT,taskwait,dependency,tests/5.0/taskwait,5.0
tests/5.0/teams/test_team_default_shared.c,teams,data_sharing,SHARE_SHARED_TO_PRIVATE,high,#pragma omp teams distribute default(shared) num_teams(OMPVV_NUM_TEAMS_DEVICE),#pragma omp teams distribute default(shared) private(share) num_teams(OMPVV_NUM_TEAMS_DEVICE),share == num_teams,"share is privatized, so host share is not updated by teams",29,test_team_default_shared_PRIVATE_SHARE.c,"//===--- test_target_teams_distribute_default_shared.c-----------------------===//
//
// OpenMP API Version 5.0 Nov 2018
//
// This test uses the default(shared) clause on a teams distribute
// directive.  The test aims to validate that when the default(shared) clause
// is present, all variables without explicit data sharing attributes will
// be shared within the region.  To test this, we test that a data element
// that should be shared due to the default(shared) clause is available to
// all the teams.  The first test uses atomic to write to the variable without
// race conditions.  The second test uses synchronization constructs to have
// one thread change the shared variable and ensures all threads see the change.
//
////===----------------------------------------------------------------------===//

#include <omp.h>
#include <stdio.h>
#include <stdlib.h>
#include ""ompvv.h""

#define N 1024

int main() {
  int a[N];
  int share = 0;
  int errors = 0;
  int num_teams;

  for (int x = 0; x < N; ++x) {
    a[x] = x;
  }

#pragma omp teams distribute default(shared) num_teams(OMPVV_NUM_TEAMS_DEVICE)
  for ( int i = 0; i < omp_get_num_teams(); i++){
    if (omp_get_team_num() == 0) {
      num_teams = omp_get_num_teams();
    }
#pragma omp atomic
    share++;
  }

  OMPVV_TEST_AND_SET_VERBOSE(errors, (share != num_teams));


  OMPVV_WARNING_IF(num_teams == 1, ""Test operated on one team, results of default shared test are inconclusive."");

  OMPVV_REPORT_AND_RETURN(errors);
}
","//===--- test_target_teams_distribute_default_shared.c-----------------------===//
//
// OpenMP API Version 5.0 Nov 2018
//
// This test uses the default(shared) clause on a teams distribute
// directive.  The test aims to validate that when the default(shared) clause
// is present, all variables without explicit data sharing attributes will
// be shared within the region.  To test this, we test that a data element
// that should be shared due to the default(shared) clause is available to
// all the teams.  The first test uses atomic to write to the variable without
// race conditions.  The second test uses synchronization constructs to have
// one thread change the shared variable and ensures all threads see the change.
//
////===----------------------------------------------------------------------===//

#include <omp.h>
#include <stdio.h>
#include <stdlib.h>
#include ""ompvv.h""

#define N 1024

int main() {
  int a[N];
  int share = 0;
  int errors = 0;
  int num_teams;

  for (int x = 0; x < N; ++x) {
    a[x] = x;
  }

#pragma omp teams distribute default(shared) private(share) num_teams(OMPVV_NUM_TEAMS_DEVICE)
  for ( int i = 0; i < omp_get_num_teams(); i++){
    if (omp_get_team_num() == 0) {
      num_teams = omp_get_num_teams();
    }
#pragma omp atomic
    share++;
  }

  OMPVV_TEST_AND_SET_VERBOSE(errors, (share != num_teams));


  OMPVV_WARNING_IF(num_teams == 1, ""Test operated on one team, results of default shared test are inconclusive."");

  OMPVV_REPORT_AND_RETURN(errors);
}
",openmp_batch_71_90_optionA_full_multivariant.csv,False,unknown,CHANGE_CLAUSE,teams,data_sharing,tests/5.0/teams,5.0
tests/5.0/teams/test_team_default_shared.c,teams,loop_bounds,SKIP_LAST_TEAM,high,for ( int i = 0; i < omp_get_num_teams(); i++){,for ( int i = 0; i < omp_get_num_teams() - 1; i++){,share == num_teams,"one team iteration is skipped, so share is smaller than num_teams",30,test_team_default_shared_SKIP_LAST_TEAM.c,"//===--- test_target_teams_distribute_default_shared.c-----------------------===//
//
// OpenMP API Version 5.0 Nov 2018
//
// This test uses the default(shared) clause on a teams distribute
// directive.  The test aims to validate that when the default(shared) clause
// is present, all variables without explicit data sharing attributes will
// be shared within the region.  To test this, we test that a data element
// that should be shared due to the default(shared) clause is available to
// all the teams.  The first test uses atomic to write to the variable without
// race conditions.  The second test uses synchronization constructs to have
// one thread change the shared variable and ensures all threads see the change.
//
////===----------------------------------------------------------------------===//

#include <omp.h>
#include <stdio.h>
#include <stdlib.h>
#include ""ompvv.h""

#define N 1024

int main() {
  int a[N];
  int share = 0;
  int errors = 0;
  int num_teams;

  for (int x = 0; x < N; ++x) {
    a[x] = x;
  }

#pragma omp teams distribute default(shared) num_teams(OMPVV_NUM_TEAMS_DEVICE)
  for ( int i = 0; i < omp_get_num_teams(); i++){
    if (omp_get_team_num() == 0) {
      num_teams = omp_get_num_teams();
    }
#pragma omp atomic
    share++;
  }

  OMPVV_TEST_AND_SET_VERBOSE(errors, (share != num_teams));


  OMPVV_WARNING_IF(num_teams == 1, ""Test operated on one team, results of default shared test are inconclusive."");

  OMPVV_REPORT_AND_RETURN(errors);
}
","//===--- test_target_teams_distribute_default_shared.c-----------------------===//
//
// OpenMP API Version 5.0 Nov 2018
//
// This test uses the default(shared) clause on a teams distribute
// directive.  The test aims to validate that when the default(shared) clause
// is present, all variables without explicit data sharing attributes will
// be shared within the region.  To test this, we test that a data element
// that should be shared due to the default(shared) clause is available to
// all the teams.  The first test uses atomic to write to the variable without
// race conditions.  The second test uses synchronization constructs to have
// one thread change the shared variable and ensures all threads see the change.
//
////===----------------------------------------------------------------------===//

#include <omp.h>
#include <stdio.h>
#include <stdlib.h>
#include ""ompvv.h""

#define N 1024

int main() {
  int a[N];
  int share = 0;
  int errors = 0;
  int num_teams;

  for (int x = 0; x < N; ++x) {
    a[x] = x;
  }

#pragma omp teams distribute default(shared) num_teams(OMPVV_NUM_TEAMS_DEVICE)
  for ( int i = 0; i < omp_get_num_teams() - 1; i++){
    if (omp_get_team_num() == 0) {
      num_teams = omp_get_num_teams();
    }
#pragma omp atomic
    share++;
  }

  OMPVV_TEST_AND_SET_VERBOSE(errors, (share != num_teams));


  OMPVV_WARNING_IF(num_teams == 1, ""Test operated on one team, results of default shared test are inconclusive."");

  OMPVV_REPORT_AND_RETURN(errors);
}
",openmp_batch_71_90_optionA_full_multivariant.csv,False,unknown,CHANGE_LOOP_BOUND,teams,configuration,tests/5.0/teams,5.0
tests/5.0/teams/test_teams_distribute_default_none.c,teams,loop_bounds,SKIP_LAST_ITERATION,high,for (int x = 0; x < N; ++x) {,for (int x = 0; x < N - 1; ++x) {,d[x] == (1 + x) * 2 * x for all x,last element of d remains uninitialized/incorrect,35,test_default_none_SKIP_LAST_D.c,"//===--- test_teams_distribute_default_none.c----------------------------------===//
//
// OpenMP API Version 5.0 Nov 2018
//
// This tests uses the default(none) clause on a teams directive.
// The test aims to validate that all values will not have default data sharing
// attributes.
//
////===------------------------------------------------------------------------===//

#include <omp.h>
#include <stdio.h>
#include <stdlib.h>
#include ""ompvv.h""

#define N 128

int main() {
  int a[N];
  int b[N];
  int c[N];
  int d[N];
  int x;
  int privatized;
  int num_teams;
  int share = 0;
  int errors = 0;

  OMPVV_WARNING(""Test only uses default(none) clause and does not guarantee that the default(none) is enforced."");

  for (int x = 0; x < N; ++x) {
    a[x] = 1;
    b[x] = x;
    c[x] = 2*x;
    d[x] = 0;
  }

#pragma omp teams distribute num_teams(OMPVV_NUM_TEAMS_DEVICE) default(none) shared(a, b, c, d, num_teams) private(privatized)
    for (int x = 0; x < N; ++x) {
      privatized = 0;
      for (int y = 0; y < a[x] + b[x]; ++y) {
        privatized++;
      }
      d[x] = c[x] * privatized;
      if (omp_get_team_num() == 0) {
        num_teams = omp_get_num_teams();
      }
    }

  OMPVV_WARNING_IF(num_teams == 1, ""The number of teams was 1. This is not a specification error but we could not guarantee parallelism of teams."");

  for (x = 0; x < N; ++x) {
    OMPVV_TEST_AND_SET_VERBOSE(errors, (d[x] != (1 + x)*2*x));
    if (d[x] != (1 + x)*2*x) {
      break;
    }
  }

#pragma omp teams distribute num_teams(OMPVV_NUM_TEAMS_DEVICE) default(none) shared(share, b, num_teams)
    for (int x = 0; x < N; ++x) {
#pragma omp atomic update
      share = share + b[x];
      if (omp_get_team_num() == 0) {
        num_teams = omp_get_num_teams();
      }
    }

  OMPVV_WARNING_IF(num_teams == 1, ""The number of teams was 1. This is not a specification error but we could not guarantee parallelism of teams."");

  for (int x = 0; x < N; ++x) {
    share = share - x;
  }
  OMPVV_TEST_AND_SET_VERBOSE(errors, (share != 0));

  OMPVV_REPORT_AND_RETURN(errors);
}
","//===--- test_teams_distribute_default_none.c----------------------------------===//
//
// OpenMP API Version 5.0 Nov 2018
//
// This tests uses the default(none) clause on a teams directive.
// The test aims to validate that all values will not have default data sharing
// attributes.
//
////===------------------------------------------------------------------------===//

#include <omp.h>
#include <stdio.h>
#include <stdlib.h>
#include ""ompvv.h""

#define N 128

int main() {
  int a[N];
  int b[N];
  int c[N];
  int d[N];
  int x;
  int privatized;
  int num_teams;
  int share = 0;
  int errors = 0;

  OMPVV_WARNING(""Test only uses default(none) clause and does not guarantee that the default(none) is enforced."");

  for (int x = 0; x < N; ++x) {
    a[x] = 1;
    b[x] = x;
    c[x] = 2*x;
    d[x] = 0;
  }

#pragma omp teams distribute num_teams(OMPVV_NUM_TEAMS_DEVICE) default(none) shared(a, b, c, d, num_teams) private(privatized)
    for (int x = 0; x < N - 1; ++x) {
      privatized = 0;
      for (int y = 0; y < a[x] + b[x]; ++y) {
        privatized++;
      }
      d[x] = c[x] * privatized;
      if (omp_get_team_num() == 0) {
        num_teams = omp_get_num_teams();
      }
    }

  OMPVV_WARNING_IF(num_teams == 1, ""The number of teams was 1. This is not a specification error but we could not guarantee parallelism of teams."");

  for (x = 0; x < N; ++x) {
    OMPVV_TEST_AND_SET_VERBOSE(errors, (d[x] != (1 + x)*2*x));
    if (d[x] != (1 + x)*2*x) {
      break;
    }
  }

#pragma omp teams distribute num_teams(OMPVV_NUM_TEAMS_DEVICE) default(none) shared(share, b, num_teams)
    for (int x = 0; x < N; ++x) {
#pragma omp atomic update
      share = share + b[x];
      if (omp_get_team_num() == 0) {
        num_teams = omp_get_num_teams();
      }
    }

  OMPVV_WARNING_IF(num_teams == 1, ""The number of teams was 1. This is not a specification error but we could not guarantee parallelism of teams."");

  for (int x = 0; x < N; ++x) {
    share = share - x;
  }
  OMPVV_TEST_AND_SET_VERBOSE(errors, (share != 0));

  OMPVV_REPORT_AND_RETURN(errors);
}
",openmp_batch_71_90_optionA_full_multivariant.csv,False,unknown,CHANGE_LOOP_BOUND,loop,loop,tests/5.0/teams,5.0
tests/5.1/allocate/test_aligned_calloc.c,allocate,loop_bounds,SKIP_LAST_ITERATION,high,for (int i = 0; i < N; i++) {,for (int i = 0; i < N - 1; i++) {,x[i] == i for all i,last element remains zero-initialized instead of being written to N-1,33,test_aligned_calloc_WRONG_SIMD_WRITE_BOUND.c,"//===--------------------- test_aligned_calloc.c --------------------------===//
//
// OpenMP API Version 5.1 Nov 2020
//
// Tests the omp_aligned_calloc routine. Requests a memory allocation
// aligned to the passed byte parameter. Starts by initializing some memory
// in the omp_default_mem_space and then checks if this memory is aligned
// and can be properly written to and read from.
//
//===----------------------------------------------------------------------===//

#include <omp.h>
#include <stdio.h>
#include <stdlib.h>
#include <stdint.h>
#include ""ompvv.h""

#define N 1024

int test_aligned_calloc() {
  int errors = 0;

  int *x;
  int not_correct_array_values = 0;

  x = (int *)omp_aligned_calloc(64, N, N*sizeof(int), omp_default_mem_alloc);

  if (x == NULL) {
    OMPVV_ERROR(""omp_aligned_calloc returned null"");
    errors++;
  } else {
    OMPVV_TEST_AND_SET(errors, ((intptr_t)(x))%64 != 0);
    OMPVV_ERROR_IF(((intptr_t)(x))%64 != 0, "" Condition ((intptr_t)(x))%%64 != 0 failed. The memory does not seem to be properly aligned."");

    #pragma omp parallel for simd simdlen(16) aligned(x: 64)
    for (int i = 0; i < N; i++) {
      x[i] = i;
    }

    #pragma omp parallel for simd simdlen(16) aligned(x: 64)
    for (int i = 0; i < N; i++) {
      if (x[i] != i) {
        #pragma omp atomic write
        not_correct_array_values = 1;
      }
    }

    if (not_correct_array_values) {
      OMPVV_ERROR(""Values in the array did NOT match the expected values. Changes may not have persisted."");
      errors++;
    }

    omp_free(x, omp_default_mem_alloc);
  }


  return errors;
}

int main() {
  int errors = 0;

  OMPVV_TEST_AND_SET_VERBOSE(errors, test_aligned_calloc() != 0);
  OMPVV_REPORT_AND_RETURN(errors);
}
","//===--------------------- test_aligned_calloc.c --------------------------===//
//
// OpenMP API Version 5.1 Nov 2020
//
// Tests the omp_aligned_calloc routine. Requests a memory allocation
// aligned to the passed byte parameter. Starts by initializing some memory
// in the omp_default_mem_space and then checks if this memory is aligned
// and can be properly written to and read from.
//
//===----------------------------------------------------------------------===//

#include <omp.h>
#include <stdio.h>
#include <stdlib.h>
#include <stdint.h>
#include ""ompvv.h""

#define N 1024

int test_aligned_calloc() {
  int errors = 0;

  int *x;
  int not_correct_array_values = 0;

  x = (int *)omp_aligned_calloc(64, N, N*sizeof(int), omp_default_mem_alloc);

  if (x == NULL) {
    OMPVV_ERROR(""omp_aligned_calloc returned null"");
    errors++;
  } else {
    OMPVV_TEST_AND_SET(errors, ((intptr_t)(x))%64 != 0);
    OMPVV_ERROR_IF(((intptr_t)(x))%64 != 0, "" Condition ((intptr_t)(x))%%64 != 0 failed. The memory does not seem to be properly aligned."");

    #pragma omp parallel for simd simdlen(16) aligned(x: 64)
    for (int i = 0; i < N - 1; i++) {
      x[i] = i;
    }

    #pragma omp parallel for simd simdlen(16) aligned(x: 64)
    for (int i = 0; i < N; i++) {
      if (x[i] != i) {
        #pragma omp atomic write
        not_correct_array_values = 1;
      }
    }

    if (not_correct_array_values) {
      OMPVV_ERROR(""Values in the array did NOT match the expected values. Changes may not have persisted."");
      errors++;
    }

    omp_free(x, omp_default_mem_alloc);
  }


  return errors;
}

int main() {
  int errors = 0;

  OMPVV_TEST_AND_SET_VERBOSE(errors, test_aligned_calloc() != 0);
  OMPVV_REPORT_AND_RETURN(errors);
}
",openmp_batch_71_90_optionA_full_multivariant.csv,False,unknown,CHANGE_LOOP_BOUND,loop,loop,tests/5.1/allocate,5.1
tests/5.1/allocate/test_allocate_allocator_align.c,allocate,loop_bounds,SKIP_LAST_ITERATION,high,for (int i = 0; i < N; i++) {,for (int i = 0; i < N - 1; i++) {,x[i] == i for all i,last element remains incorrect after target computation,30,test_allocate_allocator_align_SKIP_LAST_ITER.c,"//===------ test_allocate_allocator_align.c ------------------------------------===//
//
// OpenMP API Version 5.1 Nov 2020
//
// Tests the allocate directive with allocator and align clause.
// The declarative allocator statement uses the omp_default_mem_alloc handle
// for default memory allocation for ""x"", aligned to 64-byte alignment via the
// align clause. Parallel region checks that 64-byte alignment is correct
// and that the memory can be written to in and the values
// were written correctly, and then frees the memory.
//
//===----------------------------------------------------------------------===//

#include <omp.h>
#include <stdio.h>
#include <stdlib.h>
#include ""ompvv.h""

#define N 1024

int test_allocate_allocator_align() {
  int errors = 0;

  int x[N];

#pragma omp allocate(x) allocator(omp_default_mem_alloc) align(64)


#pragma omp target map(from:x[:N])
{
#pragma omp parallel for simd simdlen(16) aligned(x: 64)
  for (int i = 0; i < N; i++) {
    x[i] = i;
  }
}
  for (int i = 0; i < N; i++) {
    OMPVV_TEST_AND_SET_VERBOSE(errors, x[i] != i);
  }

  return errors;
}

int main() {
  OMPVV_TEST_OFFLOADING;

  int errors = 0;

  OMPVV_TEST_AND_SET_VERBOSE(errors, test_allocate_allocator_align() != 0);

  OMPVV_REPORT_AND_RETURN(errors);
}
","//===------ test_allocate_allocator_align.c ------------------------------------===//
//
// OpenMP API Version 5.1 Nov 2020
//
// Tests the allocate directive with allocator and align clause.
// The declarative allocator statement uses the omp_default_mem_alloc handle
// for default memory allocation for ""x"", aligned to 64-byte alignment via the
// align clause. Parallel region checks that 64-byte alignment is correct
// and that the memory can be written to in and the values
// were written correctly, and then frees the memory.
//
//===----------------------------------------------------------------------===//

#include <omp.h>
#include <stdio.h>
#include <stdlib.h>
#include ""ompvv.h""

#define N 1024

int test_allocate_allocator_align() {
  int errors = 0;

  int x[N];

#pragma omp allocate(x) allocator(omp_default_mem_alloc) align(64)


#pragma omp target map(from:x[:N])
{
#pragma omp parallel for simd simdlen(16) aligned(x: 64)
  for (int i = 0; i < N - 1; i++) {
    x[i] = i;
  }
}
  for (int i = 0; i < N; i++) {
    OMPVV_TEST_AND_SET_VERBOSE(errors, x[i] != i);
  }

  return errors;
}

int main() {
  OMPVV_TEST_OFFLOADING;

  int errors = 0;

  OMPVV_TEST_AND_SET_VERBOSE(errors, test_allocate_allocator_align() != 0);

  OMPVV_REPORT_AND_RETURN(errors);
}
",openmp_batch_71_90_optionA_full_multivariant.csv,False,unknown,CHANGE_LOOP_BOUND,loop,loop,tests/5.1/allocate,5.1
tests/5.1/allocate/test_calloc_host.c,allocate,loop_bounds,SKIP_LAST_ITERATION,high,for (int i = 0; i < N; i++) {,for (int i = 0; i < N - 1; i++) {,x[i] == i after update,last element is not updated to N-1,35,test_calloc_host_SKIP_LAST_UPDATE.c,"//===------------------------ test_calloc_host.c --------------------------===//
//
// OpenMP API Version 5.1 Nov 2020
//
// Tests the omp_calloc routine to make sure memory is properly allocated
// on the host and is zero initialized. Allocates an array and makes sure
// each value is set to 0 to start. Then adds i to each index and validates the
// changes persisted and were written correctly.
//
//===----------------------------------------------------------------------===//

#include <omp.h>
#include <stdio.h>
#include <stdlib.h>
#include <stdint.h>
#include ""ompvv.h""

#define N 1024

int test_omp_calloc_host() {
  int errors = 0;
  int *x;

  x = (int *)omp_calloc(64, N*sizeof(int), omp_default_mem_alloc);

  if (x == NULL) {
    OMPVV_ERROR(""omp_calloc returned null"");
    return (1);
  }

  int not_init_to_zero = 0;
  int not_correct_updated_values = 0;

  #pragma omp parallel for
  for (int i = 0; i < N; i++) {
    if (x[i] != 0) {
      #pragma omp atomic write
      not_init_to_zero = 1;
    }
  }

  #pragma omp parallel for
  for (int i = 0; i < N; i++) {
    x[i] = i;
  }

  #pragma omp parallel for
  for (int i = 0; i < N; i++) {
    if (x[i] != i) {
      #pragma omp atomic write
      not_correct_updated_values = 1;
    }
  }

  if (not_init_to_zero) {
    OMPVV_ERROR(""Values were not initialized to 0"");
    errors++;
  }

  if (not_correct_updated_values) {
    OMPVV_ERROR(""Values in the array did NOT match the expected values. Changes may not have persisted."");
    errors++;
  }

  omp_free(x, omp_default_mem_alloc);

  return errors;
}

int main() {
  OMPVV_TEST_OFFLOADING;
  int errors = 0;

  OMPVV_TEST_AND_SET_VERBOSE(errors, test_omp_calloc_host() != 0);
  OMPVV_REPORT_AND_RETURN(errors);
}
","//===------------------------ test_calloc_host.c --------------------------===//
//
// OpenMP API Version 5.1 Nov 2020
//
// Tests the omp_calloc routine to make sure memory is properly allocated
// on the host and is zero initialized. Allocates an array and makes sure
// each value is set to 0 to start. Then adds i to each index and validates the
// changes persisted and were written correctly.
//
//===----------------------------------------------------------------------===//

#include <omp.h>
#include <stdio.h>
#include <stdlib.h>
#include <stdint.h>
#include ""ompvv.h""

#define N 1024

int test_omp_calloc_host() {
  int errors = 0;
  int *x;

  x = (int *)omp_calloc(64, N*sizeof(int), omp_default_mem_alloc);

  if (x == NULL) {
    OMPVV_ERROR(""omp_calloc returned null"");
    return (1);
  }

  int not_init_to_zero = 0;
  int not_correct_updated_values = 0;

  #pragma omp parallel for
  for (int i = 0; i < N; i++) {
    if (x[i] != 0) {
      #pragma omp atomic write
      not_init_to_zero = 1;
    }
  }

  #pragma omp parallel for
  for (int i = 0; i < N - 1; i++) {
    x[i] = i;
  }

  #pragma omp parallel for
  for (int i = 0; i < N; i++) {
    if (x[i] != i) {
      #pragma omp atomic write
      not_correct_updated_values = 1;
    }
  }

  if (not_init_to_zero) {
    OMPVV_ERROR(""Values were not initialized to 0"");
    errors++;
  }

  if (not_correct_updated_values) {
    OMPVV_ERROR(""Values in the array did NOT match the expected values. Changes may not have persisted."");
    errors++;
  }

  omp_free(x, omp_default_mem_alloc);

  return errors;
}

int main() {
  OMPVV_TEST_OFFLOADING;
  int errors = 0;

  OMPVV_TEST_AND_SET_VERBOSE(errors, test_omp_calloc_host() != 0);
  OMPVV_REPORT_AND_RETURN(errors);
}
",openmp_batch_71_90_optionA_full_multivariant.csv,False,unknown,CHANGE_LOOP_BOUND,loop,loop,tests/5.1/allocate,5.1
tests/5.1/allocate/test_omp_aligned_alloc_host.c,allocate,loop_bounds,SKIP_LAST_ITERATION,high,for (int i = 0; i < N; i++) {,for (int i = 0; i < N - 1; i++) {,x[i] == i for all i,last element is not written to expected value,31,test_omp_aligned_alloc_host_SKIP_LAST_WRITE.c,"//===------ test_omp_aligned_alloc_host.c ------------------------------------===//
//
// OpenMP API Version 5.1 Nov 2020
//
// Tests the omp_aligned_alloc routine properly requests a memory allocation
// aligned to the passed byte parameter. Starts by initializing some memory
// in the omp_default_mem_space and then checks if this memory is aligned
// and can be properly written to and read from. Checks on host.
//
//===----------------------------------------------------------------------===//

#include <omp.h>
#include <stdio.h>
#include <stdlib.h>
#include <stdint.h>
#include ""ompvv.h""

#define N 1024

int test_omp_aligned_alloc_on_host() {
  int errors = 0;
  int *x;

  omp_memspace_handle_t  memspace = omp_default_mem_space;
  omp_alloctrait_t       traits[1] = {{omp_atk_alignment, 64}};
  omp_allocator_handle_t alloc = omp_init_allocator(memspace,1,traits);

  x = (int *)omp_aligned_alloc(64, N*sizeof(int), alloc);

  OMPVV_TEST_AND_SET_VERBOSE(errors, ((intptr_t)(x))%64 != 0);

  int values_did_not_match_expected_changes = 0;

  #pragma omp parallel for simd simdlen(16) aligned(x: 64)
  for (int i = 0; i < N; i++) {
    x[i] = i;
  }

  #pragma omp parallel for simd simdlen(16) aligned(x: 64)
  for (int i = 0; i < N; i++) {
    if (x[i] != i) {
      values_did_not_match_expected_changes = 1;
    }
  }


  if (values_did_not_match_expected_changes) {
    OMPVV_ERROR(""Array values did not match the expected values"");
    errors++;
  }

  omp_free(x, alloc);
  omp_destroy_allocator(alloc);

  return errors;
}

int main() {
  OMPVV_TEST_OFFLOADING;
  int errors = 0;

  OMPVV_TEST_AND_SET_VERBOSE(errors, test_omp_aligned_alloc_on_host() != 0);
  OMPVV_REPORT_AND_RETURN(errors);
}
","//===------ test_omp_aligned_alloc_host.c ------------------------------------===//
//
// OpenMP API Version 5.1 Nov 2020
//
// Tests the omp_aligned_alloc routine properly requests a memory allocation
// aligned to the passed byte parameter. Starts by initializing some memory
// in the omp_default_mem_space and then checks if this memory is aligned
// and can be properly written to and read from. Checks on host.
//
//===----------------------------------------------------------------------===//

#include <omp.h>
#include <stdio.h>
#include <stdlib.h>
#include <stdint.h>
#include ""ompvv.h""

#define N 1024

int test_omp_aligned_alloc_on_host() {
  int errors = 0;
  int *x;

  omp_memspace_handle_t  memspace = omp_default_mem_space;
  omp_alloctrait_t       traits[1] = {{omp_atk_alignment, 64}};
  omp_allocator_handle_t alloc = omp_init_allocator(memspace,1,traits);

  x = (int *)omp_aligned_alloc(64, N*sizeof(int), alloc);

  OMPVV_TEST_AND_SET_VERBOSE(errors, ((intptr_t)(x))%64 != 0);

  int values_did_not_match_expected_changes = 0;

  #pragma omp parallel for simd simdlen(16) aligned(x: 64)
  for (int i = 0; i < N - 1; i++) {
    x[i] = i;
  }

  #pragma omp parallel for simd simdlen(16) aligned(x: 64)
  for (int i = 0; i < N; i++) {
    if (x[i] != i) {
      values_did_not_match_expected_changes = 1;
    }
  }


  if (values_did_not_match_expected_changes) {
    OMPVV_ERROR(""Array values did not match the expected values"");
    errors++;
  }

  omp_free(x, alloc);
  omp_destroy_allocator(alloc);

  return errors;
}

int main() {
  OMPVV_TEST_OFFLOADING;
  int errors = 0;

  OMPVV_TEST_AND_SET_VERBOSE(errors, test_omp_aligned_alloc_on_host() != 0);
  OMPVV_REPORT_AND_RETURN(errors);
}
",openmp_batch_71_90_optionA_full_multivariant.csv,False,unknown,CHANGE_LOOP_BOUND,loop,loop,tests/5.1/allocate,5.1
tests/5.1/allocate/test_omp_alloctrait_key.c,allocate,loop_bounds,SKIP_LAST_ITERATION,high,for(int i=0; i<N; i++){x[i] = 1; y[i] = 1;},for(int i=0; i<N - 1; i++){x[i] = 1; y[i] = 1;},test_x + test_y == 2000,"last elements are not set to one, reducing final sum",34,test_omp_alloctrait_key_SKIP_LAST_SET.c,"//---------------------test_omp_alloctrait_key.c---------------------
//
// OpenMP API Version 5.1 March 2023
//
// This check intends to check the function of omp_alloctrait_key
// enum. The test creates two allocations which are then passed into
// a parrallel region to enusre the allocations work as expected.
//
//-------------------------------------------------------------------

#include <stdlib.h>
#include <omp.h>
#include <math.h>
#include ""ompvv.h""
#define N 1000

int test_case(){

        int *x, *y;

        int errors = 0;
        int test_x = 0;
        int test_y = 0;

        omp_memspace_handle_t xy_memspace = omp_default_mem_space;
        omp_alloctrait_t xy_traits[1] = {omp_atk_alignment, 64};
        omp_allocator_handle_t xy_alloc = omp_init_allocator(xy_memspace,1,xy_traits);

        x = (int *) omp_alloc(N*sizeof(int), xy_alloc);
        y = (int *) omp_alloc(N*sizeof(int), xy_alloc);

        #pragma omp parallel
        {
                #pragma omp for simd simdlen(16) aligned(x,y:64)
                for(int i=0;i<N; i++){ x[i]=0; y[i]=0;}

                #pragma omp for simd simdlen(16) aligned(x,y:64)
                for(int i=0; i<N; i++){x[i] = 1; y[i] = 1;}
        }

        for(int i=0; i<N; i++){
                test_x += x[i];
                test_y += y[i];
        }

        omp_free(x, xy_alloc);
        omp_free(y,  xy_alloc);
        omp_destroy_allocator(xy_alloc);

        int test_all = test_x + test_y;
        OMPVV_TEST_AND_SET_VERBOSE(errors,test_all != 2000);
        OMPVV_INFOMSG_IF(test_x != 1000, ""test x not properly allocated"");
        OMPVV_INFOMSG_IF(test_y != 1000, ""test y not properly allocated"");
        return errors;
}

int main(){
        int errors = 0;
        OMPVV_TEST_OFFLOADING;
        OMPVV_TEST_AND_SET_VERBOSE(errors, test_case() != 0);
        OMPVV_REPORT_AND_RETURN(errors);
        return errors;
}
","//---------------------test_omp_alloctrait_key.c---------------------
//
// OpenMP API Version 5.1 March 2023
//
// This check intends to check the function of omp_alloctrait_key
// enum. The test creates two allocations which are then passed into
// a parrallel region to enusre the allocations work as expected.
//
//-------------------------------------------------------------------

#include <stdlib.h>
#include <omp.h>
#include <math.h>
#include ""ompvv.h""
#define N 1000

int test_case(){

        int *x, *y;

        int errors = 0;
        int test_x = 0;
        int test_y = 0;

        omp_memspace_handle_t xy_memspace = omp_default_mem_space;
        omp_alloctrait_t xy_traits[1] = {omp_atk_alignment, 64};
        omp_allocator_handle_t xy_alloc = omp_init_allocator(xy_memspace,1,xy_traits);

        x = (int *) omp_alloc(N*sizeof(int), xy_alloc);
        y = (int *) omp_alloc(N*sizeof(int), xy_alloc);

        #pragma omp parallel
        {
                #pragma omp for simd simdlen(16) aligned(x,y:64)
                for(int i=0;i<N; i++){ x[i]=0; y[i]=0;}

                #pragma omp for simd simdlen(16) aligned(x,y:64)
                for(int i=0; i<N - 1; i++){x[i] = 1; y[i] = 1;}
        }

        for(int i=0; i<N; i++){
                test_x += x[i];
                test_y += y[i];
        }

        omp_free(x, xy_alloc);
        omp_free(y,  xy_alloc);
        omp_destroy_allocator(xy_alloc);

        int test_all = test_x + test_y;
        OMPVV_TEST_AND_SET_VERBOSE(errors,test_all != 2000);
        OMPVV_INFOMSG_IF(test_x != 1000, ""test x not properly allocated"");
        OMPVV_INFOMSG_IF(test_y != 1000, ""test y not properly allocated"");
        return errors;
}

int main(){
        int errors = 0;
        OMPVV_TEST_OFFLOADING;
        OMPVV_TEST_AND_SET_VERBOSE(errors, test_case() != 0);
        OMPVV_REPORT_AND_RETURN(errors);
        return errors;
}
",openmp_batch_71_90_optionA_full_multivariant.csv,False,unknown,CHANGE_LOOP_BOUND,loop,loop,tests/5.1/allocate,5.1
tests/5.1/assume/test_assume_absent.c,assume,loop_bounds,SKIP_LAST_ITERATION,high,for(i = 0; i < N; i++){,for(i = 0; i < N - 1; i++){,arr[i] == i*2 for all i,last element is not doubled inside target region,31,test_assume_absent_SKIP_LAST_TARGET_ITER.c,"//===--- test_assume_absent.c -----------------------------------------------===//
//
//  OpenMP API Version 5.1 Aug 2021
//
//  The specification states that ""when the absent clause appears on an assume
//  directive, the application guarantees that no constructs that match a
//  listed directive name are encountered in the scope of the assume directive.""
//  In this test, we use ""teams"", ""masked"", ""scope"", ""simd"" as the directive-name
//  for the absent clause as they do not appear in their scope.
//
////===----------------------------------------------------------------------===//

#include <omp.h>
#include <stdio.h>
#include <stdlib.h>
#include ""ompvv.h""
#include <math.h>

#define N 1024

int errors, i;

int test_assume_absent() {
    int arr[N];
    for(i = 0; i < N; i++){
        arr[i] = i;
    }
    #pragma omp assume absent(teams, masked, scope, simd)
    {
        #pragma omp target parallel for map(tofrom: arr)
        for(i = 0; i < N; i++){
            arr[i] = arr[i]*2;
        }
    }
    // Test that no issues were caused from using assume directive
    for(i = 0; i < N; i++){
        OMPVV_TEST_AND_SET(errors, arr[i] != i*2);
    }
    return errors;
}

int main() {
   errors = 0;
   OMPVV_TEST_OFFLOADING;
   OMPVV_TEST_AND_SET_VERBOSE(errors, test_assume_absent() != 0);
   OMPVV_REPORT_AND_RETURN(errors);
}
","//===--- test_assume_absent.c -----------------------------------------------===//
//
//  OpenMP API Version 5.1 Aug 2021
//
//  The specification states that ""when the absent clause appears on an assume
//  directive, the application guarantees that no constructs that match a
//  listed directive name are encountered in the scope of the assume directive.""
//  In this test, we use ""teams"", ""masked"", ""scope"", ""simd"" as the directive-name
//  for the absent clause as they do not appear in their scope.
//
////===----------------------------------------------------------------------===//

#include <omp.h>
#include <stdio.h>
#include <stdlib.h>
#include ""ompvv.h""
#include <math.h>

#define N 1024

int errors, i;

int test_assume_absent() {
    int arr[N];
    for(i = 0; i < N; i++){
        arr[i] = i;
    }
    #pragma omp assume absent(teams, masked, scope, simd)
    {
        #pragma omp target parallel for map(tofrom: arr)
        for(i = 0; i < N - 1; i++){
            arr[i] = arr[i]*2;
        }
    }
    // Test that no issues were caused from using assume directive
    for(i = 0; i < N; i++){
        OMPVV_TEST_AND_SET(errors, arr[i] != i*2);
    }
    return errors;
}

int main() {
   errors = 0;
   OMPVV_TEST_OFFLOADING;
   OMPVV_TEST_AND_SET_VERBOSE(errors, test_assume_absent() != 0);
   OMPVV_REPORT_AND_RETURN(errors);
}
",openmp_batch_71_90_optionA_full_multivariant.csv,False,unknown,CHANGE_LOOP_BOUND,loop,loop,tests/5.1/assume,5.1
tests/5.1/assume/test_assume_contains.c,assume,loop_bounds,SKIP_LAST_ITERATION,high,for(i = 0; i < N; i++){,for(i = 0; i < N - 1; i++){,arr[i] == i*2 for all i,last element is not doubled inside target region,32,test_assume_contains_SKIP_LAST_TARGET_ITER.c,"//===--- test_assume_contains.c ---------------------------------------------===//
//
//  OpenMP API Version 5.1 Aug 2021
//
//  The specification states that ""when the contains clause appears on an assume
//  directive, the application proviedes a hint that constructs that match the
//  listed directive names are likely to be encountered in the scope of the
//  assume directive."" In this test, we use ""target parallel for"" as the
//  directive-name for the contains clause.
//
////===----------------------------------------------------------------------===//

#include <omp.h>
#include <stdio.h>
#include <stdlib.h>
#include ""ompvv.h""
#include <math.h>

#define N 1024

int errors, i;

int test_assume_contains() {
    int arr[N];
    for(i = 0; i < N; i++){
        arr[i] = i;
    }
    #pragma omp assume contains(target, parallel, for)
    {
        #pragma omp target map(tofrom: arr)
        #pragma omp parallel num_threads(OMPVV_NUM_THREADS_DEVICE)
        #pragma omp for
        for(i = 0; i < N; i++){
            arr[i] = arr[i]*2;
        }
    }
    // Test that no issues were caused from using assume directive
    for(i = 0; i < N; i++){
        OMPVV_TEST_AND_SET(errors, arr[i] != i*2);
    }
    return errors;
}

int main() {
   errors = 0;
   OMPVV_TEST_OFFLOADING;
   OMPVV_TEST_AND_SET_VERBOSE(errors, test_assume_contains() != 0);
   OMPVV_REPORT_AND_RETURN(errors);
}
","//===--- test_assume_contains.c ---------------------------------------------===//
//
//  OpenMP API Version 5.1 Aug 2021
//
//  The specification states that ""when the contains clause appears on an assume
//  directive, the application proviedes a hint that constructs that match the
//  listed directive names are likely to be encountered in the scope of the
//  assume directive."" In this test, we use ""target parallel for"" as the
//  directive-name for the contains clause.
//
////===----------------------------------------------------------------------===//

#include <omp.h>
#include <stdio.h>
#include <stdlib.h>
#include ""ompvv.h""
#include <math.h>

#define N 1024

int errors, i;

int test_assume_contains() {
    int arr[N];
    for(i = 0; i < N; i++){
        arr[i] = i;
    }
    #pragma omp assume contains(target, parallel, for)
    {
        #pragma omp target map(tofrom: arr)
        #pragma omp parallel num_threads(OMPVV_NUM_THREADS_DEVICE)
        #pragma omp for
        for(i = 0; i < N - 1; i++){
            arr[i] = arr[i]*2;
        }
    }
    // Test that no issues were caused from using assume directive
    for(i = 0; i < N; i++){
        OMPVV_TEST_AND_SET(errors, arr[i] != i*2);
    }
    return errors;
}

int main() {
   errors = 0;
   OMPVV_TEST_OFFLOADING;
   OMPVV_TEST_AND_SET_VERBOSE(errors, test_assume_contains() != 0);
   OMPVV_REPORT_AND_RETURN(errors);
}
",openmp_batch_71_90_optionA_full_multivariant.csv,False,unknown,CHANGE_LOOP_BOUND,loop,loop,tests/5.1/assume,5.1
tests/5.1/assume/test_assume_holds.c,assume,loop_bounds,SKIP_LAST_ITERATION,high,for(i = 0; i < N; i++){,for(i = 0; i < N - 1; i++){,arr[i] == i*2 for all i,last element is not doubled inside target region,28,test_assume_holds_SKIP_LAST_TARGET_ITER.c,"//===--- test_assume_holds.c ------------------------------------------------===//
//
//  OpenMP API Version 5.1 Aug 2021
//
//  The specification states that ""When the holds clause appears on an assume
//  directive, the application guarantees that the listed expression evaluates
//  to true in the scope of the directive."" In this test, we use ""N"" as a
//  constant variable that does not change in the scope of the assume directive.
//
////===----------------------------------------------------------------------===//

#include <omp.h>
#include <stdio.h>
#include <stdlib.h>
#include ""ompvv.h""
#include <math.h>

int errors, i, N;

int test_assume_holds() {
    N = 1024;
    int arr[N];
    #pragma omp assume holds(N == 1024)
    {
        for(i = 0; i < N; i++){
            arr[i] = i;
        }
        #pragma omp target parallel for map(tofrom: arr)
        for(i = 0; i < N; i++){
            arr[i] = arr[i]*2;
        }
    }
    // Test that no issues were caused from using assume directive
    for(i = 0; i < N; i++){
        OMPVV_TEST_AND_SET(errors, arr[i] != i*2);
    }
   return errors;
}

int main() {
   errors = 0;
   OMPVV_TEST_OFFLOADING;
   OMPVV_TEST_AND_SET_VERBOSE(errors, test_assume_holds() != 0);
   OMPVV_REPORT_AND_RETURN(errors);
}
","//===--- test_assume_holds.c ------------------------------------------------===//
//
//  OpenMP API Version 5.1 Aug 2021
//
//  The specification states that ""When the holds clause appears on an assume
//  directive, the application guarantees that the listed expression evaluates
//  to true in the scope of the directive."" In this test, we use ""N"" as a
//  constant variable that does not change in the scope of the assume directive.
//
////===----------------------------------------------------------------------===//

#include <omp.h>
#include <stdio.h>
#include <stdlib.h>
#include ""ompvv.h""
#include <math.h>

int errors, i, N;

int test_assume_holds() {
    N = 1024;
    int arr[N];
    #pragma omp assume holds(N == 1024)
    {
        for(i = 0; i < N; i++){
            arr[i] = i;
        }
        #pragma omp target parallel for map(tofrom: arr)
        for(i = 0; i < N - 1; i++){
            arr[i] = arr[i]*2;
        }
    }
    // Test that no issues were caused from using assume directive
    for(i = 0; i < N; i++){
        OMPVV_TEST_AND_SET(errors, arr[i] != i*2);
    }
   return errors;
}

int main() {
   errors = 0;
   OMPVV_TEST_OFFLOADING;
   OMPVV_TEST_AND_SET_VERBOSE(errors, test_assume_holds() != 0);
   OMPVV_REPORT_AND_RETURN(errors);
}
",openmp_batch_71_90_optionA_full_multivariant.csv,False,unknown,CHANGE_LOOP_BOUND,loop,loop,tests/5.1/assume,5.1
tests/5.1/assume/test_assume_no_openmp.c,assume,loop_bounds,SKIP_LAST_ITERATION,high,for(i = 0; i < N; i++){,for(i = 0; i < N - 1; i++){,arr[i] == i*2 for all i,last element is not doubled inside target region,26,test_assume_no_openmp_SKIP_LAST_TARGET_ITER.c,"//===--- test_assume_no_openmp.c --------------------------------------------===//
//
//  OpenMP API Version 5.1 Aug 2021
//
//  Using assume no_openmp, the compiler can be optimized as it knows that a
//  structured block does not contain any openmp directives.
//
////===----------------------------------------------------------------------===//

#include <omp.h>
#include <stdio.h>
#include <stdlib.h>
#include ""ompvv.h""
#include <math.h>

#define N 1024

int errors, i;

int test_assume_no_openmp() {
    int arr[N];
    #pragma omp assume no_openmp
    {
        for(i = 0; i < N; i++){
            arr[i] = i;
        }
    }
    #pragma omp target parallel for map(tofrom: arr)
    for(i = 0; i < N; i++){
        arr[i] = arr[i]*2;
    }
    // Test that no issues were caused from using assume directive
    for(i = 0; i < N; i++){
        OMPVV_TEST_AND_SET(errors, arr[i] != i*2);
    }
    return errors;
}

int main() {
   errors = 0;
   OMPVV_TEST_OFFLOADING;
   OMPVV_TEST_AND_SET_VERBOSE(errors, test_assume_no_openmp() != 0);
   OMPVV_REPORT_AND_RETURN(errors);
}
","//===--- test_assume_no_openmp.c --------------------------------------------===//
//
//  OpenMP API Version 5.1 Aug 2021
//
//  Using assume no_openmp, the compiler can be optimized as it knows that a
//  structured block does not contain any openmp directives.
//
////===----------------------------------------------------------------------===//

#include <omp.h>
#include <stdio.h>
#include <stdlib.h>
#include ""ompvv.h""
#include <math.h>

#define N 1024

int errors, i;

int test_assume_no_openmp() {
    int arr[N];
    #pragma omp assume no_openmp
    {
        for(i = 0; i < N; i++){
            arr[i] = i;
        }
    }
    #pragma omp target parallel for map(tofrom: arr)
    for(i = 0; i < N - 1; i++){
        arr[i] = arr[i]*2;
    }
    // Test that no issues were caused from using assume directive
    for(i = 0; i < N; i++){
        OMPVV_TEST_AND_SET(errors, arr[i] != i*2);
    }
    return errors;
}

int main() {
   errors = 0;
   OMPVV_TEST_OFFLOADING;
   OMPVV_TEST_AND_SET_VERBOSE(errors, test_assume_no_openmp() != 0);
   OMPVV_REPORT_AND_RETURN(errors);
}
",openmp_batch_71_90_optionA_full_multivariant.csv,False,unknown,CHANGE_LOOP_BOUND,loop,loop,tests/5.1/assume,5.1
tests/5.1/assume/test_assume_no_openmp_routines.c,assume,loop_bounds,SKIP_LAST_ITERATION,high,for(i = 0; i < N; i++){,for(i = 0; i < N - 1; i++){,arr[i] == i*2 for all i,last element is not doubled inside target region,25,test_assume_no_openmp_routines_SKIP_LAST_TARGET_ITER.c,"//===--- test_assume_no_openmp_routines.c -----------------------------------===//
//
//  OpenMP API Version 5.1 Aug 2021
//
//  Using assume no_openmp_routines, the compiler can be optimized as it knows that a
//  structured block does not contain any openmp runtime routines.
//
////===----------------------------------------------------------------------===//

#include <omp.h>
#include <stdio.h>
#include <stdlib.h>
#include ""ompvv.h""
#include <math.h>

#define N 1024

int errors, i;

int test_assume_no_openmp_routines() {
    int arr[N];
    #pragma omp assume no_openmp_routines
    {
        for(i = 0; i < N; i++){
            arr[i] = i;
        }
        #pragma omp target parallel for map(tofrom: arr)
        for(i = 0; i < N; i++){
            arr[i] = arr[i]*2;
        }
    }
    // Test that no issues were caused from using assume directive
    for(i = 0; i < N; i++){
        OMPVV_TEST_AND_SET(errors, arr[i] != i*2);
    }
    return errors;
}

int main() {
   errors = 0;
   OMPVV_TEST_OFFLOADING;
   OMPVV_TEST_AND_SET_VERBOSE(errors, test_assume_no_openmp_routines() != 0);
   OMPVV_REPORT_AND_RETURN(errors);
}
","//===--- test_assume_no_openmp_routines.c -----------------------------------===//
//
//  OpenMP API Version 5.1 Aug 2021
//
//  Using assume no_openmp_routines, the compiler can be optimized as it knows that a
//  structured block does not contain any openmp runtime routines.
//
////===----------------------------------------------------------------------===//

#include <omp.h>
#include <stdio.h>
#include <stdlib.h>
#include ""ompvv.h""
#include <math.h>

#define N 1024

int errors, i;

int test_assume_no_openmp_routines() {
    int arr[N];
    #pragma omp assume no_openmp_routines
    {
        for(i = 0; i < N; i++){
            arr[i] = i;
        }
        #pragma omp target parallel for map(tofrom: arr)
        for(i = 0; i < N - 1; i++){
            arr[i] = arr[i]*2;
        }
    }
    // Test that no issues were caused from using assume directive
    for(i = 0; i < N; i++){
        OMPVV_TEST_AND_SET(errors, arr[i] != i*2);
    }
    return errors;
}

int main() {
   errors = 0;
   OMPVV_TEST_OFFLOADING;
   OMPVV_TEST_AND_SET_VERBOSE(errors, test_assume_no_openmp_routines() != 0);
   OMPVV_REPORT_AND_RETURN(errors);
}
",openmp_batch_71_90_optionA_full_multivariant.csv,False,unknown,CHANGE_LOOP_BOUND,loop,loop,tests/5.1/assume,5.1
tests/5.1/assume/test_assume_no_parallelism.c,assume,loop_bounds,SKIP_LAST_ITERATION,high,for(i = 0; i < N; i++){,for(i = 0; i < N - 1; i++){,arr[i] == (i+x)*2 for all i,last element is not doubled inside target region,28,test_assume_no_parallelism_SKIP_LAST_TARGET_ITER.c,"//===--- test_assume_no_parallelism.c ---------------------------------------===//
//
//  OpenMP API Version 5.1 Aug 2021
//
//  Using assume no_parallelism, the compiler can be optimized as it knows that a
//  structured block does not contain any parallelism.
//
////===----------------------------------------------------------------------===//

#include <omp.h>
#include <stdio.h>
#include <stdlib.h>
#include ""ompvv.h""
#include <math.h>

#define N 1024

int errors, i;

int test_assume_no_parallelism() {
    int x;
    int arr[N];
    #pragma omp assume no_parallelism
    {
        x = omp_get_thread_num(); // OMP runtime routine; should be 0
        for(i = 0; i < N; i++){
            arr[i] = i + x;
        }
    }
    #pragma omp target parallel for map(tofrom: arr)
    for(i = 0; i < N; i++){
        arr[i] = arr[i]*2;
    }
    // Test that no issues were caused from using assume directive
    for(i = 0; i < N; i++){
        OMPVV_TEST_AND_SET(errors, arr[i] != (i+x)*2);
    }
    return errors;
}

int main() {
   errors = 0;
   OMPVV_TEST_OFFLOADING;
   OMPVV_TEST_AND_SET_VERBOSE(errors, test_assume_no_parallelism() != 0);
   OMPVV_REPORT_AND_RETURN(errors);
}
","//===--- test_assume_no_parallelism.c ---------------------------------------===//
//
//  OpenMP API Version 5.1 Aug 2021
//
//  Using assume no_parallelism, the compiler can be optimized as it knows that a
//  structured block does not contain any parallelism.
//
////===----------------------------------------------------------------------===//

#include <omp.h>
#include <stdio.h>
#include <stdlib.h>
#include ""ompvv.h""
#include <math.h>

#define N 1024

int errors, i;

int test_assume_no_parallelism() {
    int x;
    int arr[N];
    #pragma omp assume no_parallelism
    {
        x = omp_get_thread_num(); // OMP runtime routine; should be 0
        for(i = 0; i < N; i++){
            arr[i] = i + x;
        }
    }
    #pragma omp target parallel for map(tofrom: arr)
    for(i = 0; i < N - 1; i++){
        arr[i] = arr[i]*2;
    }
    // Test that no issues were caused from using assume directive
    for(i = 0; i < N; i++){
        OMPVV_TEST_AND_SET(errors, arr[i] != (i+x)*2);
    }
    return errors;
}

int main() {
   errors = 0;
   OMPVV_TEST_OFFLOADING;
   OMPVV_TEST_AND_SET_VERBOSE(errors, test_assume_no_parallelism() != 0);
   OMPVV_REPORT_AND_RETURN(errors);
}
",openmp_batch_71_90_optionA_full_multivariant.csv,False,unknown,CHANGE_LOOP_BOUND,loop,loop,tests/5.1/assume,5.1
tests/5.1/assume/test_assumes_contains.c,assume,loop_bounds,SKIP_LAST_ITERATION,high,for(i = 0; i < N; i++){,for(i = 0; i < N - 1; i++){,arr[i] == i*2 for all i,last element is not doubled inside the target region,0,test_assumes_contains_SKIP_LAST_TARGET_ITER.c,"//===--- test_assumes_contains.c --------------------------------------------===//
//
//  OpenMP API Version 5.1 Aug 2021
//
//  The purpose of this test in particular is to test the syntax listed as:
//  #pragma omp assumes clause[ [ [ ,]clause]...]new-line.
//
//  The scope of the assumes directive is the ""the code executed and reached
//  from the current compilation unit"". In this test, we use assumes
//  contains(target parallel for) to tell the compiler that this directive
//  will show up somewhere in our program, which it does.
//
////===----------------------------------------------------------------------===//

#include <omp.h>
#include <stdio.h>
#include <stdlib.h>
#include ""ompvv.h""
#include <math.h>

#define N 1024

#pragma omp assumes contains(target, parallel, for)

int errors, i;

int test_assumes_contains() {
    int arr[N];
    for(i = 0; i < N; i++){
        arr[i] = i;
    }

    #pragma omp target map(tofrom: arr)
    #pragma omp parallel num_threads(OMPVV_NUM_THREADS_DEVICE)
    #pragma omp for
    for(i = 0; i < N; i++){
        arr[i] = arr[i]*2;
    }
    // Test that no issues were caused from using assumes directive
    for(i = 0; i < N; i++){
        OMPVV_TEST_AND_SET(errors, arr[i] != i*2);
    }
   return errors;
}

int main() {
   errors = 0;
   OMPVV_TEST_OFFLOADING;
   OMPVV_TEST_AND_SET_VERBOSE(errors, test_assumes_contains() != 0);
   OMPVV_REPORT_AND_RETURN(errors);
}
","//===--- test_assumes_contains.c --------------------------------------------===//
//
//  OpenMP API Version 5.1 Aug 2021
//
//  The purpose of this test in particular is to test the syntax listed as:
//  #pragma omp assumes clause[ [ [ ,]clause]...]new-line.
//
//  The scope of the assumes directive is the ""the code executed and reached
//  from the current compilation unit"". In this test, we use assumes
//  contains(target parallel for) to tell the compiler that this directive
//  will show up somewhere in our program, which it does.
//
////===----------------------------------------------------------------------===//

#include <omp.h>
#include <stdio.h>
#include <stdlib.h>
#include ""ompvv.h""
#include <math.h>

#define N 1024

#pragma omp assumes contains(target, parallel, for)

int errors, i;

int test_assumes_contains() {
    int arr[N];
    for(i = 0; i < N; i++){
        arr[i] = i;
    }

    #pragma omp target map(tofrom: arr)
    #pragma omp parallel num_threads(OMPVV_NUM_THREADS_DEVICE)
    #pragma omp for
    for(i = 0; i < N - 1; i++){
        arr[i] = arr[i]*2;
    }
    // Test that no issues were caused from using assumes directive
    for(i = 0; i < N; i++){
        OMPVV_TEST_AND_SET(errors, arr[i] != i*2);
    }
   return errors;
}

int main() {
   errors = 0;
   OMPVV_TEST_OFFLOADING;
   OMPVV_TEST_AND_SET_VERBOSE(errors, test_assumes_contains() != 0);
   OMPVV_REPORT_AND_RETURN(errors);
}
",openmp_batch_91_110_optionA_full_multivariant.csv,False,unknown,CHANGE_LOOP_BOUND,loop,loop,tests/5.1/assume,5.1
tests/5.1/assume/test_begin_end_assumes_contains.c,assume,loop_bounds,SKIP_LAST_ITERATION,high,for(i = 0; i < N; i++){,for(i = 0; i < N - 1; i++){,arr[i] == i*2 for all i,last element is not doubled inside the target region,0,test_begin_end_assumes_contains_SKIP_LAST_TARGET_ITER.c,"//===--- test_begin_end_assumes.c -------------------------------------------===//
//
//  OpenMP API Version 5.1 Aug 2021
//
//  Test for the ""begin_end"" version of assumes. Spec states that
//  ""declaration-definition-seq"" goes between the begin & end assumes directives.
//  In this test, the function declaration is listed between these w/ the
//  contain(target parallel for) clause, telling the compiler that this
//  directive will be used in this function.
//
////===----------------------------------------------------------------------===//

#include <omp.h>
#include <stdio.h>
#include <stdlib.h>
#include ""ompvv.h""
#include <math.h>

#define N 1024

#pragma omp begin assumes contains(target, parallel, for)
int test_begin_end_assumes();
#pragma omp end assumes

int errors, i;

int test_begin_end_assumes() {
    int arr[N];
    for(i = 0; i < N; i++){
        arr[i] = i;
    }

    #pragma omp target map(tofrom: arr)
    #pragma omp parallel num_threads(OMPVV_NUM_THREADS_DEVICE)
    #pragma omp for
    for(i = 0; i < N; i++){
        arr[i] = arr[i]*2;
    }
    // Test that no issues were caused from using assumes directive
    for(i = 0; i < N; i++){
        OMPVV_TEST_AND_SET(errors, arr[i] != i*2);
    }
   return errors;
}
int main() {
   errors = 0;
   OMPVV_TEST_OFFLOADING;
   OMPVV_TEST_AND_SET_VERBOSE(errors, test_begin_end_assumes() != 0);
   OMPVV_REPORT_AND_RETURN(errors);
}
","//===--- test_begin_end_assumes.c -------------------------------------------===//
//
//  OpenMP API Version 5.1 Aug 2021
//
//  Test for the ""begin_end"" version of assumes. Spec states that
//  ""declaration-definition-seq"" goes between the begin & end assumes directives.
//  In this test, the function declaration is listed between these w/ the
//  contain(target parallel for) clause, telling the compiler that this
//  directive will be used in this function.
//
////===----------------------------------------------------------------------===//

#include <omp.h>
#include <stdio.h>
#include <stdlib.h>
#include ""ompvv.h""
#include <math.h>

#define N 1024

#pragma omp begin assumes contains(target, parallel, for)
int test_begin_end_assumes();
#pragma omp end assumes

int errors, i;

int test_begin_end_assumes() {
    int arr[N];
    for(i = 0; i < N; i++){
        arr[i] = i;
    }

    #pragma omp target map(tofrom: arr)
    #pragma omp parallel num_threads(OMPVV_NUM_THREADS_DEVICE)
    #pragma omp for
    for(i = 0; i < N - 1; i++){
        arr[i] = arr[i]*2;
    }
    // Test that no issues were caused from using assumes directive
    for(i = 0; i < N; i++){
        OMPVV_TEST_AND_SET(errors, arr[i] != i*2);
    }
   return errors;
}
int main() {
   errors = 0;
   OMPVV_TEST_OFFLOADING;
   OMPVV_TEST_AND_SET_VERBOSE(errors, test_begin_end_assumes() != 0);
   OMPVV_REPORT_AND_RETURN(errors);
}
",openmp_batch_91_110_optionA_full_multivariant.csv,False,unknown,CHANGE_LOOP_BOUND,loop,loop,tests/5.1/assume,5.1
tests/5.1/atomic/test_atomic_compare.c,atomic,synchronization,REMOVE_ATOMIC_COMPARE,high,#pragma omp atomic compare,/* atomic compare removed */,pmax == smax,"parallel max update races, so pmax may miss the true maximum",32,test_atomic_compare_REMOVE_COMPARE.c,"//===--- test_atomic_compare.c ---===//
//
// OpenMP API Version 5.1 Nov 2020
//
// Adapted from OpenMP example video https://www.youtube.com/watch?v=iS6IG7nzCSo
// Creates an array with random numbers, and uses atomic compare to find the max,
// testing against non-parallel maximum.
//
////===----------------------------------------------------------------------===//
#include <assert.h>
#include <omp.h>
#include <stdio.h>
#include <stdlib.h>
#include ""ompvv.h""

#define N 100

int test_atomic_compare() {
  OMPVV_INFOMSG(""test_atomic_compare"");

  int arr[N];
  int errors = 0;
  int pmax = 0, smax = 0;

   for(int i=0; i<N; i++){
      arr[i] = rand()%1000;
   }
   for(int i = 0; i<N; i++){ // Sets max through non-parallel methods
      if(arr[i] > smax){
         smax = arr[i];
      }
   }
   #pragma omp parallel for shared(pmax)// Sets max using parallel for loop, using atomic to ensure max is correct
   for(int i = 0; i<N; i++){
      #pragma omp atomic compare
      if(arr[i] > pmax){
         pmax = arr[i];
      }
   }
   OMPVV_TEST_AND_SET(errors, pmax != smax);
   return errors;
}


int main() {
  int errors = 0;
  OMPVV_TEST_AND_SET_VERBOSE(errors, test_atomic_compare());
  OMPVV_REPORT_AND_RETURN(errors);
}
","//===--- test_atomic_compare.c ---===//
//
// OpenMP API Version 5.1 Nov 2020
//
// Adapted from OpenMP example video https://www.youtube.com/watch?v=iS6IG7nzCSo
// Creates an array with random numbers, and uses atomic compare to find the max,
// testing against non-parallel maximum.
//
////===----------------------------------------------------------------------===//
#include <assert.h>
#include <omp.h>
#include <stdio.h>
#include <stdlib.h>
#include ""ompvv.h""

#define N 100

int test_atomic_compare() {
  OMPVV_INFOMSG(""test_atomic_compare"");

  int arr[N];
  int errors = 0;
  int pmax = 0, smax = 0;

   for(int i=0; i<N; i++){
      arr[i] = rand()%1000;
   }
   for(int i = 0; i<N; i++){ // Sets max through non-parallel methods
      if(arr[i] > smax){
         smax = arr[i];
      }
   }
   #pragma omp parallel for shared(pmax)// Sets max using parallel for loop, using atomic to ensure max is correct
   for(int i = 0; i<N; i++){
      /* atomic compare removed */
      if(arr[i] > pmax){
         pmax = arr[i];
      }
   }
   OMPVV_TEST_AND_SET(errors, pmax != smax);
   return errors;
}


int main() {
  int errors = 0;
  OMPVV_TEST_AND_SET_VERBOSE(errors, test_atomic_compare());
  OMPVV_REPORT_AND_RETURN(errors);
}
",openmp_batch_91_110_optionA_full_multivariant.csv,False,unknown,REMOVE_SYNCHRONIZATION,atomic,atomic,tests/5.1/atomic,5.1
tests/5.1/atomic/test_atomic_compare.c,atomic,atomic_compare,COMPARE_GREATER_TO_LESS,high,if(arr[i] > pmax){,if(arr[i] < pmax){,pmax == smax,"atomic compare updates pmax in the wrong direction, leaving pmax incorrect",33,test_atomic_compare_COMPARE_GT_TO_LT.c,"//===--- test_atomic_compare.c ---===//
//
// OpenMP API Version 5.1 Nov 2020
//
// Adapted from OpenMP example video https://www.youtube.com/watch?v=iS6IG7nzCSo
// Creates an array with random numbers, and uses atomic compare to find the max,
// testing against non-parallel maximum.
//
////===----------------------------------------------------------------------===//
#include <assert.h>
#include <omp.h>
#include <stdio.h>
#include <stdlib.h>
#include ""ompvv.h""

#define N 100

int test_atomic_compare() {
  OMPVV_INFOMSG(""test_atomic_compare"");

  int arr[N];
  int errors = 0;
  int pmax = 0, smax = 0;

   for(int i=0; i<N; i++){
      arr[i] = rand()%1000;
   }
   for(int i = 0; i<N; i++){ // Sets max through non-parallel methods
      if(arr[i] > smax){
         smax = arr[i];
      }
   }
   #pragma omp parallel for shared(pmax)// Sets max using parallel for loop, using atomic to ensure max is correct
   for(int i = 0; i<N; i++){
      #pragma omp atomic compare
      if(arr[i] > pmax){
         pmax = arr[i];
      }
   }
   OMPVV_TEST_AND_SET(errors, pmax != smax);
   return errors;
}


int main() {
  int errors = 0;
  OMPVV_TEST_AND_SET_VERBOSE(errors, test_atomic_compare());
  OMPVV_REPORT_AND_RETURN(errors);
}
","//===--- test_atomic_compare.c ---===//
//
// OpenMP API Version 5.1 Nov 2020
//
// Adapted from OpenMP example video https://www.youtube.com/watch?v=iS6IG7nzCSo
// Creates an array with random numbers, and uses atomic compare to find the max,
// testing against non-parallel maximum.
//
////===----------------------------------------------------------------------===//
#include <assert.h>
#include <omp.h>
#include <stdio.h>
#include <stdlib.h>
#include ""ompvv.h""

#define N 100

int test_atomic_compare() {
  OMPVV_INFOMSG(""test_atomic_compare"");

  int arr[N];
  int errors = 0;
  int pmax = 0, smax = 0;

   for(int i=0; i<N; i++){
      arr[i] = rand()%1000;
   }
   for(int i = 0; i<N; i++){ // Sets max through non-parallel methods
      if(arr[i] > smax){
         smax = arr[i];
      }
   }
   #pragma omp parallel for shared(pmax)// Sets max using parallel for loop, using atomic to ensure max is correct
   for(int i = 0; i<N; i++){
      #pragma omp atomic compare
      if(arr[i] < pmax){
         pmax = arr[i];
      }
   }
   OMPVV_TEST_AND_SET(errors, pmax != smax);
   return errors;
}


int main() {
  int errors = 0;
  OMPVV_TEST_AND_SET_VERBOSE(errors, test_atomic_compare());
  OMPVV_REPORT_AND_RETURN(errors);
}
",openmp_batch_91_110_optionA_full_multivariant.csv,False,unknown,CHANGE_OPERATOR,atomic,general_code,tests/5.1/atomic,5.1
tests/5.1/atomic/test_atomic_compare.c,atomic,atomic_compare,COMPARE_WRITE_WRONG_VALUE,high,pmax = arr[i];,pmax = 0;,pmax == smax,atomic compare writes an incorrect value instead of the array maximum,34,test_atomic_compare_WRONG_ASSIGNMENT.c,"//===--- test_atomic_compare.c ---===//
//
// OpenMP API Version 5.1 Nov 2020
//
// Adapted from OpenMP example video https://www.youtube.com/watch?v=iS6IG7nzCSo
// Creates an array with random numbers, and uses atomic compare to find the max,
// testing against non-parallel maximum.
//
////===----------------------------------------------------------------------===//
#include <assert.h>
#include <omp.h>
#include <stdio.h>
#include <stdlib.h>
#include ""ompvv.h""

#define N 100

int test_atomic_compare() {
  OMPVV_INFOMSG(""test_atomic_compare"");

  int arr[N];
  int errors = 0;
  int pmax = 0, smax = 0;

   for(int i=0; i<N; i++){
      arr[i] = rand()%1000;
   }
   for(int i = 0; i<N; i++){ // Sets max through non-parallel methods
      if(arr[i] > smax){
         smax = arr[i];
      }
   }
   #pragma omp parallel for shared(pmax)// Sets max using parallel for loop, using atomic to ensure max is correct
   for(int i = 0; i<N; i++){
      #pragma omp atomic compare
      if(arr[i] > pmax){
         pmax = arr[i];
      }
   }
   OMPVV_TEST_AND_SET(errors, pmax != smax);
   return errors;
}


int main() {
  int errors = 0;
  OMPVV_TEST_AND_SET_VERBOSE(errors, test_atomic_compare());
  OMPVV_REPORT_AND_RETURN(errors);
}
","//===--- test_atomic_compare.c ---===//
//
// OpenMP API Version 5.1 Nov 2020
//
// Adapted from OpenMP example video https://www.youtube.com/watch?v=iS6IG7nzCSo
// Creates an array with random numbers, and uses atomic compare to find the max,
// testing against non-parallel maximum.
//
////===----------------------------------------------------------------------===//
#include <assert.h>
#include <omp.h>
#include <stdio.h>
#include <stdlib.h>
#include ""ompvv.h""

#define N 100

int test_atomic_compare() {
  OMPVV_INFOMSG(""test_atomic_compare"");

  int arr[N];
  int errors = 0;
  int pmax = 0, smax = 0;

   for(int i=0; i<N; i++){
      arr[i] = rand()%1000;
   }
   for(int i = 0; i<N; i++){ // Sets max through non-parallel methods
      if(arr[i] > smax){
         smax = arr[i];
      }
   }
   #pragma omp parallel for shared(pmax)// Sets max using parallel for loop, using atomic to ensure max is correct
   for(int i = 0; i<N; i++){
      #pragma omp atomic compare
      if(arr[i] > pmax){
         pmax = 0;
      }
   }
   OMPVV_TEST_AND_SET(errors, pmax != smax);
   return errors;
}


int main() {
  int errors = 0;
  OMPVV_TEST_AND_SET_VERBOSE(errors, test_atomic_compare());
  OMPVV_REPORT_AND_RETURN(errors);
}
",openmp_batch_91_110_optionA_full_multivariant.csv,False,unknown,CHANGE_OPERATOR,atomic,general_code,tests/5.1/atomic,5.1
tests/5.1/atomic/test_atomic_fail_acquire.c,atomic,atomic_compare,COMPARE_EQ_TO_NEQ,high,if(y == 1){,if(y != 1){,x == 10 and y == 5,compare condition no longer performs the intended transition from y=1 to y=5,0,test_atomic_fail_acquire_COMPARE_EQ_TO_NEQ.c,"//===--- test_atomic_fail_acquire.c -----------------------------------------===//
//
// OpenMP API Version 5.1 Nov 2020
//
// Utilizes an atomic seq_cst w/ an atomic release to ensure the implicit
// setting of x=10. Restrictions on atomic fail state they must be used
// on an atomic compare.
//
////===----------------------------------------------------------------------===//
#include <assert.h>
#include <omp.h>
#include <stdio.h>
#include <stdlib.h>
#include ""ompvv.h""

#define N 1024

int test_atomic_fail_acquire() {
  OMPVV_INFOMSG(""test_atomic_fail_acquire"");

  int x = 0, y = 0;
  int errors = 0;

#pragma omp parallel num_threads(2)
   {
      int thrd = omp_get_thread_num();
       if (thrd == 0) {
          y = 1;
          #pragma omp atomic write seq_cst
          x = 10;
       } else {
          while (y != 5) {
            #pragma omp atomic compare seq_cst fail(acquire)
            if(y == 1){
               y = 5;
            }
          }
          OMPVV_TEST_AND_SET(errors, x != 10);
          OMPVV_TEST_AND_SET(errors, y != 5);
       }
   }
   return errors;
}


int main() {
  int errors = 0;
  OMPVV_TEST_AND_SET_VERBOSE(errors, test_atomic_fail_acquire());

  OMPVV_REPORT_AND_RETURN(errors);
}
","//===--- test_atomic_fail_acquire.c -----------------------------------------===//
//
// OpenMP API Version 5.1 Nov 2020
//
// Utilizes an atomic seq_cst w/ an atomic release to ensure the implicit
// setting of x=10. Restrictions on atomic fail state they must be used
// on an atomic compare.
//
////===----------------------------------------------------------------------===//
#include <assert.h>
#include <omp.h>
#include <stdio.h>
#include <stdlib.h>
#include ""ompvv.h""

#define N 1024

int test_atomic_fail_acquire() {
  OMPVV_INFOMSG(""test_atomic_fail_acquire"");

  int x = 0, y = 0;
  int errors = 0;

#pragma omp parallel num_threads(2)
   {
      int thrd = omp_get_thread_num();
       if (thrd == 0) {
          y = 1;
          #pragma omp atomic write seq_cst
          x = 10;
       } else {
          while (y != 5) {
            #pragma omp atomic compare seq_cst fail(acquire)
            if(y != 1){
               y = 5;
            }
          }
          OMPVV_TEST_AND_SET(errors, x != 10);
          OMPVV_TEST_AND_SET(errors, y != 5);
       }
   }
   return errors;
}


int main() {
  int errors = 0;
  OMPVV_TEST_AND_SET_VERBOSE(errors, test_atomic_fail_acquire());

  OMPVV_REPORT_AND_RETURN(errors);
}
",openmp_batch_91_110_optionA_full_multivariant.csv,False,unknown,CHANGE_OPERATOR,atomic,general_code,tests/5.1/atomic,5.1
tests/5.1/atomic/test_atomic_fail_acquire.c,atomic,atomic_compare,COMPARE_WRITE_WRONG_VALUE,high,y = 5;,y = 4;,x == 10 and y == 5,atomic compare writes the wrong sentinel value,0,test_atomic_fail_acquire_SET_Y_TO_WRONG_VALUE.c,"//===--- test_atomic_fail_acquire.c -----------------------------------------===//
//
// OpenMP API Version 5.1 Nov 2020
//
// Utilizes an atomic seq_cst w/ an atomic release to ensure the implicit
// setting of x=10. Restrictions on atomic fail state they must be used
// on an atomic compare.
//
////===----------------------------------------------------------------------===//
#include <assert.h>
#include <omp.h>
#include <stdio.h>
#include <stdlib.h>
#include ""ompvv.h""

#define N 1024

int test_atomic_fail_acquire() {
  OMPVV_INFOMSG(""test_atomic_fail_acquire"");

  int x = 0, y = 0;
  int errors = 0;

#pragma omp parallel num_threads(2)
   {
      int thrd = omp_get_thread_num();
       if (thrd == 0) {
          y = 1;
          #pragma omp atomic write seq_cst
          x = 10;
       } else {
          while (y != 5) {
            #pragma omp atomic compare seq_cst fail(acquire)
            if(y == 1){
               y = 5;
            }
          }
          OMPVV_TEST_AND_SET(errors, x != 10);
          OMPVV_TEST_AND_SET(errors, y != 5);
       }
   }
   return errors;
}


int main() {
  int errors = 0;
  OMPVV_TEST_AND_SET_VERBOSE(errors, test_atomic_fail_acquire());

  OMPVV_REPORT_AND_RETURN(errors);
}
","//===--- test_atomic_fail_acquire.c -----------------------------------------===//
//
// OpenMP API Version 5.1 Nov 2020
//
// Utilizes an atomic seq_cst w/ an atomic release to ensure the implicit
// setting of x=10. Restrictions on atomic fail state they must be used
// on an atomic compare.
//
////===----------------------------------------------------------------------===//
#include <assert.h>
#include <omp.h>
#include <stdio.h>
#include <stdlib.h>
#include ""ompvv.h""

#define N 1024

int test_atomic_fail_acquire() {
  OMPVV_INFOMSG(""test_atomic_fail_acquire"");

  int x = 0, y = 0;
  int errors = 0;

#pragma omp parallel num_threads(2)
   {
      int thrd = omp_get_thread_num();
       if (thrd == 0) {
          y = 1;
          #pragma omp atomic write seq_cst
          x = 10;
       } else {
          while (y != 5) {
            #pragma omp atomic compare seq_cst fail(acquire)
            if(y == 1){
               y = 4;
            }
          }
          OMPVV_TEST_AND_SET(errors, x != 10);
          OMPVV_TEST_AND_SET(errors, y != 5);
       }
   }
   return errors;
}


int main() {
  int errors = 0;
  OMPVV_TEST_AND_SET_VERBOSE(errors, test_atomic_fail_acquire());

  OMPVV_REPORT_AND_RETURN(errors);
}
",openmp_batch_91_110_optionA_full_multivariant.csv,False,unknown,CHANGE_OPERATOR,atomic,general_code,tests/5.1/atomic,5.1
tests/5.1/atomic/test_atomic_fail_relaxed.c,atomic,atomic_compare,COMPARE_EQ_TO_NEQ,high,if(y == 1){,if(y != 1){,x == 10 and y == 5,compare condition no longer performs the intended transition from y=1 to y=5,0,test_atomic_fail_relaxed_COMPARE_EQ_TO_NEQ.c,"//===--- test_atomic_fail_relaxed.c -----------------------------------------===//
//
// OpenMP API Version 5.1 Nov 2020
//
// Utilizes an compare w/ an atomic release to ensure the implicit
// setting of x=10. Restrictions on atomic fail state they must be used
// on an atomic compare.
//
////===----------------------------------------------------------------------===//
#include <assert.h>
#include <omp.h>
#include <stdio.h>
#include <stdlib.h>
#include ""ompvv.h""

#define N 1024

int test_atomic_fail_relaxed() {
  OMPVV_INFOMSG(""test_atomic_fail_relaxed"");

  int x = 0, y = 0;
  int errors = 0;

#pragma omp parallel num_threads(2)
   {
      int thrd = omp_get_thread_num();
       if (thrd == 0) {
          y = 1;
          #pragma omp atomic write seq_cst
          x = 10;
       } else {
          while (y != 5) {
            #pragma omp atomic compare fail(relaxed)
            if(y == 1){
               y = 5;
            }
          }
          OMPVV_TEST_AND_SET(errors, x != 10);
          OMPVV_TEST_AND_SET(errors, y != 5);
       }
   }
   return errors;
}


int main() {
  int errors = 0;
  OMPVV_TEST_AND_SET_VERBOSE(errors, test_atomic_fail_relaxed());

  OMPVV_REPORT_AND_RETURN(errors);
}
","//===--- test_atomic_fail_relaxed.c -----------------------------------------===//
//
// OpenMP API Version 5.1 Nov 2020
//
// Utilizes an compare w/ an atomic release to ensure the implicit
// setting of x=10. Restrictions on atomic fail state they must be used
// on an atomic compare.
//
////===----------------------------------------------------------------------===//
#include <assert.h>
#include <omp.h>
#include <stdio.h>
#include <stdlib.h>
#include ""ompvv.h""

#define N 1024

int test_atomic_fail_relaxed() {
  OMPVV_INFOMSG(""test_atomic_fail_relaxed"");

  int x = 0, y = 0;
  int errors = 0;

#pragma omp parallel num_threads(2)
   {
      int thrd = omp_get_thread_num();
       if (thrd == 0) {
          y = 1;
          #pragma omp atomic write seq_cst
          x = 10;
       } else {
          while (y != 5) {
            #pragma omp atomic compare fail(relaxed)
            if(y != 1){
               y = 5;
            }
          }
          OMPVV_TEST_AND_SET(errors, x != 10);
          OMPVV_TEST_AND_SET(errors, y != 5);
       }
   }
   return errors;
}


int main() {
  int errors = 0;
  OMPVV_TEST_AND_SET_VERBOSE(errors, test_atomic_fail_relaxed());

  OMPVV_REPORT_AND_RETURN(errors);
}
",openmp_batch_91_110_optionA_full_multivariant.csv,False,unknown,CHANGE_OPERATOR,atomic,general_code,tests/5.1/atomic,5.1
tests/5.1/atomic/test_atomic_fail_relaxed.c,atomic,atomic_compare,COMPARE_WRITE_WRONG_VALUE,high,y = 5;,y = 4;,x == 10 and y == 5,atomic compare writes the wrong sentinel value,0,test_atomic_fail_relaxed_SET_Y_TO_WRONG_VALUE.c,"//===--- test_atomic_fail_relaxed.c -----------------------------------------===//
//
// OpenMP API Version 5.1 Nov 2020
//
// Utilizes an compare w/ an atomic release to ensure the implicit
// setting of x=10. Restrictions on atomic fail state they must be used
// on an atomic compare.
//
////===----------------------------------------------------------------------===//
#include <assert.h>
#include <omp.h>
#include <stdio.h>
#include <stdlib.h>
#include ""ompvv.h""

#define N 1024

int test_atomic_fail_relaxed() {
  OMPVV_INFOMSG(""test_atomic_fail_relaxed"");

  int x = 0, y = 0;
  int errors = 0;

#pragma omp parallel num_threads(2)
   {
      int thrd = omp_get_thread_num();
       if (thrd == 0) {
          y = 1;
          #pragma omp atomic write seq_cst
          x = 10;
       } else {
          while (y != 5) {
            #pragma omp atomic compare fail(relaxed)
            if(y == 1){
               y = 5;
            }
          }
          OMPVV_TEST_AND_SET(errors, x != 10);
          OMPVV_TEST_AND_SET(errors, y != 5);
       }
   }
   return errors;
}


int main() {
  int errors = 0;
  OMPVV_TEST_AND_SET_VERBOSE(errors, test_atomic_fail_relaxed());

  OMPVV_REPORT_AND_RETURN(errors);
}
","//===--- test_atomic_fail_relaxed.c -----------------------------------------===//
//
// OpenMP API Version 5.1 Nov 2020
//
// Utilizes an compare w/ an atomic release to ensure the implicit
// setting of x=10. Restrictions on atomic fail state they must be used
// on an atomic compare.
//
////===----------------------------------------------------------------------===//
#include <assert.h>
#include <omp.h>
#include <stdio.h>
#include <stdlib.h>
#include ""ompvv.h""

#define N 1024

int test_atomic_fail_relaxed() {
  OMPVV_INFOMSG(""test_atomic_fail_relaxed"");

  int x = 0, y = 0;
  int errors = 0;

#pragma omp parallel num_threads(2)
   {
      int thrd = omp_get_thread_num();
       if (thrd == 0) {
          y = 1;
          #pragma omp atomic write seq_cst
          x = 10;
       } else {
          while (y != 5) {
            #pragma omp atomic compare fail(relaxed)
            if(y == 1){
               y = 4;
            }
          }
          OMPVV_TEST_AND_SET(errors, x != 10);
          OMPVV_TEST_AND_SET(errors, y != 5);
       }
   }
   return errors;
}


int main() {
  int errors = 0;
  OMPVV_TEST_AND_SET_VERBOSE(errors, test_atomic_fail_relaxed());

  OMPVV_REPORT_AND_RETURN(errors);
}
",openmp_batch_91_110_optionA_full_multivariant.csv,False,unknown,CHANGE_OPERATOR,atomic,general_code,tests/5.1/atomic,5.1
tests/5.1/atomic/test_atomic_fail_seq_cst.c,atomic,atomic_compare,COMPARE_EQ_TO_NEQ,high,if(y == 1){,if(y != 1){,x == 10 and y == 5,compare condition no longer performs the intended transition from y=1 to y=5,0,test_atomic_fail_seq_cst_COMPARE_EQ_TO_NEQ.c,"//===--- test_atomic_fail_seq_cst.c -----------------------------------------===//
//
// OpenMP API Version 5.1 Nov 2020
//
// Utilizes an atomic acquire w/ an atomic release to ensure the implicit
// setting of x=10. Restrictions on atomic fail state they must be used
// on an atomic compare.
//
////===----------------------------------------------------------------------===//
#include <assert.h>
#include <omp.h>
#include <stdio.h>
#include <stdlib.h>
#include ""ompvv.h""

#define N 1024

int test_atomic_fail_seq_cst() {
  OMPVV_INFOMSG(""test_atomic_fail_seq_cst"");

  int x = 0, y = 0;
  int errors = 0;

#pragma omp parallel num_threads(2)
   {
      int thrd = omp_get_thread_num();
       if (thrd == 0) {
          y = 1;
          #pragma omp atomic write seq_cst
          x = 10;
       } else {
          while (y != 5) {
            #pragma omp atomic compare acquire fail(seq_cst)
            if(y == 1){
               y = 5;
            }
          }
          OMPVV_TEST_AND_SET(errors, x != 10);
          OMPVV_TEST_AND_SET(errors, y != 5);
       }
   }
   return errors;
}


int main() {
  int errors = 0;
  OMPVV_TEST_AND_SET_VERBOSE(errors, test_atomic_fail_seq_cst());

  OMPVV_REPORT_AND_RETURN(errors);
}
","//===--- test_atomic_fail_seq_cst.c -----------------------------------------===//
//
// OpenMP API Version 5.1 Nov 2020
//
// Utilizes an atomic acquire w/ an atomic release to ensure the implicit
// setting of x=10. Restrictions on atomic fail state they must be used
// on an atomic compare.
//
////===----------------------------------------------------------------------===//
#include <assert.h>
#include <omp.h>
#include <stdio.h>
#include <stdlib.h>
#include ""ompvv.h""

#define N 1024

int test_atomic_fail_seq_cst() {
  OMPVV_INFOMSG(""test_atomic_fail_seq_cst"");

  int x = 0, y = 0;
  int errors = 0;

#pragma omp parallel num_threads(2)
   {
      int thrd = omp_get_thread_num();
       if (thrd == 0) {
          y = 1;
          #pragma omp atomic write seq_cst
          x = 10;
       } else {
          while (y != 5) {
            #pragma omp atomic compare acquire fail(seq_cst)
            if(y != 1){
               y = 5;
            }
          }
          OMPVV_TEST_AND_SET(errors, x != 10);
          OMPVV_TEST_AND_SET(errors, y != 5);
       }
   }
   return errors;
}


int main() {
  int errors = 0;
  OMPVV_TEST_AND_SET_VERBOSE(errors, test_atomic_fail_seq_cst());

  OMPVV_REPORT_AND_RETURN(errors);
}
",openmp_batch_91_110_optionA_full_multivariant.csv,False,unknown,CHANGE_OPERATOR,atomic,general_code,tests/5.1/atomic,5.1
tests/5.1/atomic/test_atomic_fail_seq_cst.c,atomic,atomic_compare,COMPARE_WRITE_WRONG_VALUE,high,y = 5;,y = 4;,x == 10 and y == 5,atomic compare writes the wrong sentinel value,0,test_atomic_fail_seq_cst_SET_Y_TO_WRONG_VALUE.c,"//===--- test_atomic_fail_seq_cst.c -----------------------------------------===//
//
// OpenMP API Version 5.1 Nov 2020
//
// Utilizes an atomic acquire w/ an atomic release to ensure the implicit
// setting of x=10. Restrictions on atomic fail state they must be used
// on an atomic compare.
//
////===----------------------------------------------------------------------===//
#include <assert.h>
#include <omp.h>
#include <stdio.h>
#include <stdlib.h>
#include ""ompvv.h""

#define N 1024

int test_atomic_fail_seq_cst() {
  OMPVV_INFOMSG(""test_atomic_fail_seq_cst"");

  int x = 0, y = 0;
  int errors = 0;

#pragma omp parallel num_threads(2)
   {
      int thrd = omp_get_thread_num();
       if (thrd == 0) {
          y = 1;
          #pragma omp atomic write seq_cst
          x = 10;
       } else {
          while (y != 5) {
            #pragma omp atomic compare acquire fail(seq_cst)
            if(y == 1){
               y = 5;
            }
          }
          OMPVV_TEST_AND_SET(errors, x != 10);
          OMPVV_TEST_AND_SET(errors, y != 5);
       }
   }
   return errors;
}


int main() {
  int errors = 0;
  OMPVV_TEST_AND_SET_VERBOSE(errors, test_atomic_fail_seq_cst());

  OMPVV_REPORT_AND_RETURN(errors);
}
","//===--- test_atomic_fail_seq_cst.c -----------------------------------------===//
//
// OpenMP API Version 5.1 Nov 2020
//
// Utilizes an atomic acquire w/ an atomic release to ensure the implicit
// setting of x=10. Restrictions on atomic fail state they must be used
// on an atomic compare.
//
////===----------------------------------------------------------------------===//
#include <assert.h>
#include <omp.h>
#include <stdio.h>
#include <stdlib.h>
#include ""ompvv.h""

#define N 1024

int test_atomic_fail_seq_cst() {
  OMPVV_INFOMSG(""test_atomic_fail_seq_cst"");

  int x = 0, y = 0;
  int errors = 0;

#pragma omp parallel num_threads(2)
   {
      int thrd = omp_get_thread_num();
       if (thrd == 0) {
          y = 1;
          #pragma omp atomic write seq_cst
          x = 10;
       } else {
          while (y != 5) {
            #pragma omp atomic compare acquire fail(seq_cst)
            if(y == 1){
               y = 4;
            }
          }
          OMPVV_TEST_AND_SET(errors, x != 10);
          OMPVV_TEST_AND_SET(errors, y != 5);
       }
   }
   return errors;
}


int main() {
  int errors = 0;
  OMPVV_TEST_AND_SET_VERBOSE(errors, test_atomic_fail_seq_cst());

  OMPVV_REPORT_AND_RETURN(errors);
}
",openmp_batch_91_110_optionA_full_multivariant.csv,False,unknown,CHANGE_OPERATOR,atomic,general_code,tests/5.1/atomic,5.1
tests/5.1/declare_variant/test_begin_end_declare_variant.c,declare_variant,variant_selection,WRONG_PARALLEL_VARIANT_SELECTOR,high,#pragma omp begin declare variant match(construct={parallel}),#pragma omp begin declare variant match(construct={target}),parallel region uses variant that writes arr[i] == i+2,parallel call no longer selects the +2 variant,28,test_begin_end_declare_variant_PARALLEL_MATCH_TO_TARGET.c,"//===---- begin_end_declare_variant.c ---------------------------------------------===//
//
// OpenMP API Version 5.1
//
// Uses 'begin' and 'end' declare variant syntax to create a parallel and target
// variant of a simple add function. To ensure that the variants are used, different
// integers are used within the variants.
//
//===-------------------------------------------------------------------------------===//

#include <omp.h>
#include <stdio.h>
#include <stdlib.h>
#include ""ompvv.h""

#define N 1024

int arr[N]; // implicit map array
int errors;
int i = 0;

void add(int *arr){
   for (int i = 0; i < N; i++){ // Base function adds 1 to array values
      arr[i] = i+1;
   }
}

#pragma omp begin declare variant match(construct={parallel}) // Parallel variant adds 2 to array values
void add(int *arr){
   #pragma omp for
   for (int i = 0; i < N; i++){
      arr[i] = i + 2;
   }
}
#pragma omp end declare variant

#pragma omp begin declare variant match(construct={target}) // Target variant adds 3 to array values
void add(int *arr){
   #pragma omp for
   for (int i = 0; i < N; i++){
      arr[i] = i + 3;
   }
}
#pragma omp end declare variant

int test_wrapper() {
   add(arr);

   for (int i = 0; i < N; i++){
      OMPVV_TEST_AND_SET_VERBOSE(errors, arr[i] != i+1);
   }
   OMPVV_ERROR_IF(errors > 0, ""Base function is not working properly"")
   errors = 0;

   #pragma omp parallel
   {
      add(arr);
   }
   for (int i = 0; i < N; i++){
      OMPVV_TEST_AND_SET_VERBOSE(errors, arr[i] != i+2);
   }
   OMPVV_ERROR_IF(errors>0, ""Parallel variant function is not working properly"")
   errors=0;

   #pragma omp target map(tofrom: arr)
   {
      add(arr);
   }
   for(int i=0; i<N; i++){
      OMPVV_TEST_AND_SET_VERBOSE(errors, arr[i] != i+3);
   }
   OMPVV_ERROR_IF(errors>0, ""Target variant function is not working properly"")

   return errors;
}

int main () {
   OMPVV_TEST_OFFLOADING;
   OMPVV_TEST_AND_SET_VERBOSE(errors, test_wrapper());
   OMPVV_REPORT_AND_RETURN(errors);
}
","//===---- begin_end_declare_variant.c ---------------------------------------------===//
//
// OpenMP API Version 5.1
//
// Uses 'begin' and 'end' declare variant syntax to create a parallel and target
// variant of a simple add function. To ensure that the variants are used, different
// integers are used within the variants.
//
//===-------------------------------------------------------------------------------===//

#include <omp.h>
#include <stdio.h>
#include <stdlib.h>
#include ""ompvv.h""

#define N 1024

int arr[N]; // implicit map array
int errors;
int i = 0;

void add(int *arr){
   for (int i = 0; i < N; i++){ // Base function adds 1 to array values
      arr[i] = i+1;
   }
}

#pragma omp begin declare variant match(construct={target}) // Parallel variant adds 2 to array values
void add(int *arr){
   #pragma omp for
   for (int i = 0; i < N; i++){
      arr[i] = i + 2;
   }
}
#pragma omp end declare variant

#pragma omp begin declare variant match(construct={target}) // Target variant adds 3 to array values
void add(int *arr){
   #pragma omp for
   for (int i = 0; i < N; i++){
      arr[i] = i + 3;
   }
}
#pragma omp end declare variant

int test_wrapper() {
   add(arr);

   for (int i = 0; i < N; i++){
      OMPVV_TEST_AND_SET_VERBOSE(errors, arr[i] != i+1);
   }
   OMPVV_ERROR_IF(errors > 0, ""Base function is not working properly"")
   errors = 0;

   #pragma omp parallel
   {
      add(arr);
   }
   for (int i = 0; i < N; i++){
      OMPVV_TEST_AND_SET_VERBOSE(errors, arr[i] != i+2);
   }
   OMPVV_ERROR_IF(errors>0, ""Parallel variant function is not working properly"")
   errors=0;

   #pragma omp target map(tofrom: arr)
   {
      add(arr);
   }
   for(int i=0; i<N; i++){
      OMPVV_TEST_AND_SET_VERBOSE(errors, arr[i] != i+3);
   }
   OMPVV_ERROR_IF(errors>0, ""Target variant function is not working properly"")

   return errors;
}

int main () {
   OMPVV_TEST_OFFLOADING;
   OMPVV_TEST_AND_SET_VERBOSE(errors, test_wrapper());
   OMPVV_REPORT_AND_RETURN(errors);
}
",openmp_batch_91_110_optionA_full_multivariant.csv,False,unknown,CHANGE_CLAUSE,declare_variant,variant_selector,tests/5.1/declare_variant,5.1
tests/5.1/declare_variant/test_begin_end_declare_variant.c,declare_variant,variant_selection,WRONG_TARGET_VARIANT_SELECTOR,high,#pragma omp begin declare variant match(construct={target}),#pragma omp begin declare variant match(construct={parallel}),target region uses variant that writes arr[i] == i+3,target call no longer selects the +3 variant,37,test_begin_end_declare_variant_TARGET_MATCH_TO_PARALLEL.c,"//===---- begin_end_declare_variant.c ---------------------------------------------===//
//
// OpenMP API Version 5.1
//
// Uses 'begin' and 'end' declare variant syntax to create a parallel and target
// variant of a simple add function. To ensure that the variants are used, different
// integers are used within the variants.
//
//===-------------------------------------------------------------------------------===//

#include <omp.h>
#include <stdio.h>
#include <stdlib.h>
#include ""ompvv.h""

#define N 1024

int arr[N]; // implicit map array
int errors;
int i = 0;

void add(int *arr){
   for (int i = 0; i < N; i++){ // Base function adds 1 to array values
      arr[i] = i+1;
   }
}

#pragma omp begin declare variant match(construct={parallel}) // Parallel variant adds 2 to array values
void add(int *arr){
   #pragma omp for
   for (int i = 0; i < N; i++){
      arr[i] = i + 2;
   }
}
#pragma omp end declare variant

#pragma omp begin declare variant match(construct={target}) // Target variant adds 3 to array values
void add(int *arr){
   #pragma omp for
   for (int i = 0; i < N; i++){
      arr[i] = i + 3;
   }
}
#pragma omp end declare variant

int test_wrapper() {
   add(arr);

   for (int i = 0; i < N; i++){
      OMPVV_TEST_AND_SET_VERBOSE(errors, arr[i] != i+1);
   }
   OMPVV_ERROR_IF(errors > 0, ""Base function is not working properly"")
   errors = 0;

   #pragma omp parallel
   {
      add(arr);
   }
   for (int i = 0; i < N; i++){
      OMPVV_TEST_AND_SET_VERBOSE(errors, arr[i] != i+2);
   }
   OMPVV_ERROR_IF(errors>0, ""Parallel variant function is not working properly"")
   errors=0;

   #pragma omp target map(tofrom: arr)
   {
      add(arr);
   }
   for(int i=0; i<N; i++){
      OMPVV_TEST_AND_SET_VERBOSE(errors, arr[i] != i+3);
   }
   OMPVV_ERROR_IF(errors>0, ""Target variant function is not working properly"")

   return errors;
}

int main () {
   OMPVV_TEST_OFFLOADING;
   OMPVV_TEST_AND_SET_VERBOSE(errors, test_wrapper());
   OMPVV_REPORT_AND_RETURN(errors);
}
","//===---- begin_end_declare_variant.c ---------------------------------------------===//
//
// OpenMP API Version 5.1
//
// Uses 'begin' and 'end' declare variant syntax to create a parallel and target
// variant of a simple add function. To ensure that the variants are used, different
// integers are used within the variants.
//
//===-------------------------------------------------------------------------------===//

#include <omp.h>
#include <stdio.h>
#include <stdlib.h>
#include ""ompvv.h""

#define N 1024

int arr[N]; // implicit map array
int errors;
int i = 0;

void add(int *arr){
   for (int i = 0; i < N; i++){ // Base function adds 1 to array values
      arr[i] = i+1;
   }
}

#pragma omp begin declare variant match(construct={parallel}) // Parallel variant adds 2 to array values
void add(int *arr){
   #pragma omp for
   for (int i = 0; i < N; i++){
      arr[i] = i + 2;
   }
}
#pragma omp end declare variant

#pragma omp begin declare variant match(construct={parallel}) // Target variant adds 3 to array values
void add(int *arr){
   #pragma omp for
   for (int i = 0; i < N; i++){
      arr[i] = i + 3;
   }
}
#pragma omp end declare variant

int test_wrapper() {
   add(arr);

   for (int i = 0; i < N; i++){
      OMPVV_TEST_AND_SET_VERBOSE(errors, arr[i] != i+1);
   }
   OMPVV_ERROR_IF(errors > 0, ""Base function is not working properly"")
   errors = 0;

   #pragma omp parallel
   {
      add(arr);
   }
   for (int i = 0; i < N; i++){
      OMPVV_TEST_AND_SET_VERBOSE(errors, arr[i] != i+2);
   }
   OMPVV_ERROR_IF(errors>0, ""Parallel variant function is not working properly"")
   errors=0;

   #pragma omp target map(tofrom: arr)
   {
      add(arr);
   }
   for(int i=0; i<N; i++){
      OMPVV_TEST_AND_SET_VERBOSE(errors, arr[i] != i+3);
   }
   OMPVV_ERROR_IF(errors>0, ""Target variant function is not working properly"")

   return errors;
}

int main () {
   OMPVV_TEST_OFFLOADING;
   OMPVV_TEST_AND_SET_VERBOSE(errors, test_wrapper());
   OMPVV_REPORT_AND_RETURN(errors);
}
",openmp_batch_91_110_optionA_full_multivariant.csv,False,unknown,CHANGE_CLAUSE,declare_variant,variant_selector,tests/5.1/declare_variant,5.1
tests/5.1/declare_variant/test_begin_end_declare_variant.c,declare_variant,mapping,TARGET_MAP_TOFROM_TO_TO,high,#pragma omp target map(tofrom: arr),#pragma omp target map(to: arr),arr[i] == i+3 after target variant,target-updated arr is not copied back to the host,67,test_begin_end_declare_variant_TARGET_MAP_TOFROM_TO_TO.c,"//===---- begin_end_declare_variant.c ---------------------------------------------===//
//
// OpenMP API Version 5.1
//
// Uses 'begin' and 'end' declare variant syntax to create a parallel and target
// variant of a simple add function. To ensure that the variants are used, different
// integers are used within the variants.
//
//===-------------------------------------------------------------------------------===//

#include <omp.h>
#include <stdio.h>
#include <stdlib.h>
#include ""ompvv.h""

#define N 1024

int arr[N]; // implicit map array
int errors;
int i = 0;

void add(int *arr){
   for (int i = 0; i < N; i++){ // Base function adds 1 to array values
      arr[i] = i+1;
   }
}

#pragma omp begin declare variant match(construct={parallel}) // Parallel variant adds 2 to array values
void add(int *arr){
   #pragma omp for
   for (int i = 0; i < N; i++){
      arr[i] = i + 2;
   }
}
#pragma omp end declare variant

#pragma omp begin declare variant match(construct={target}) // Target variant adds 3 to array values
void add(int *arr){
   #pragma omp for
   for (int i = 0; i < N; i++){
      arr[i] = i + 3;
   }
}
#pragma omp end declare variant

int test_wrapper() {
   add(arr);

   for (int i = 0; i < N; i++){
      OMPVV_TEST_AND_SET_VERBOSE(errors, arr[i] != i+1);
   }
   OMPVV_ERROR_IF(errors > 0, ""Base function is not working properly"")
   errors = 0;

   #pragma omp parallel
   {
      add(arr);
   }
   for (int i = 0; i < N; i++){
      OMPVV_TEST_AND_SET_VERBOSE(errors, arr[i] != i+2);
   }
   OMPVV_ERROR_IF(errors>0, ""Parallel variant function is not working properly"")
   errors=0;

   #pragma omp target map(tofrom: arr)
   {
      add(arr);
   }
   for(int i=0; i<N; i++){
      OMPVV_TEST_AND_SET_VERBOSE(errors, arr[i] != i+3);
   }
   OMPVV_ERROR_IF(errors>0, ""Target variant function is not working properly"")

   return errors;
}

int main () {
   OMPVV_TEST_OFFLOADING;
   OMPVV_TEST_AND_SET_VERBOSE(errors, test_wrapper());
   OMPVV_REPORT_AND_RETURN(errors);
}
","//===---- begin_end_declare_variant.c ---------------------------------------------===//
//
// OpenMP API Version 5.1
//
// Uses 'begin' and 'end' declare variant syntax to create a parallel and target
// variant of a simple add function. To ensure that the variants are used, different
// integers are used within the variants.
//
//===-------------------------------------------------------------------------------===//

#include <omp.h>
#include <stdio.h>
#include <stdlib.h>
#include ""ompvv.h""

#define N 1024

int arr[N]; // implicit map array
int errors;
int i = 0;

void add(int *arr){
   for (int i = 0; i < N; i++){ // Base function adds 1 to array values
      arr[i] = i+1;
   }
}

#pragma omp begin declare variant match(construct={parallel}) // Parallel variant adds 2 to array values
void add(int *arr){
   #pragma omp for
   for (int i = 0; i < N; i++){
      arr[i] = i + 2;
   }
}
#pragma omp end declare variant

#pragma omp begin declare variant match(construct={target}) // Target variant adds 3 to array values
void add(int *arr){
   #pragma omp for
   for (int i = 0; i < N; i++){
      arr[i] = i + 3;
   }
}
#pragma omp end declare variant

int test_wrapper() {
   add(arr);

   for (int i = 0; i < N; i++){
      OMPVV_TEST_AND_SET_VERBOSE(errors, arr[i] != i+1);
   }
   OMPVV_ERROR_IF(errors > 0, ""Base function is not working properly"")
   errors = 0;

   #pragma omp parallel
   {
      add(arr);
   }
   for (int i = 0; i < N; i++){
      OMPVV_TEST_AND_SET_VERBOSE(errors, arr[i] != i+2);
   }
   OMPVV_ERROR_IF(errors>0, ""Parallel variant function is not working properly"")
   errors=0;

   #pragma omp target map(to: arr)
   {
      add(arr);
   }
   for(int i=0; i<N; i++){
      OMPVV_TEST_AND_SET_VERBOSE(errors, arr[i] != i+3);
   }
   OMPVV_ERROR_IF(errors>0, ""Target variant function is not working properly"")

   return errors;
}

int main () {
   OMPVV_TEST_OFFLOADING;
   OMPVV_TEST_AND_SET_VERBOSE(errors, test_wrapper());
   OMPVV_REPORT_AND_RETURN(errors);
}
",openmp_batch_91_110_optionA_full_multivariant.csv,False,unknown,CHANGE_MAPPING,declare_variant,mapping,tests/5.1/declare_variant,5.1
tests/5.1/declare_variant/test_declare_variant_adjust_args.c,declare_variant,variant_arguments,REMOVE_ADJUST_ARGS,high,#pragma omp declare variant(add_dispatch) match(construct={dispatch}) adjust_args(need_device_ptr:arr),#pragma omp declare variant(add_dispatch) match(construct={dispatch}),arr[i] == i+3 after dispatch/device update,dispatch variant does not receive the required device pointer adjustment,27,test_declare_variant_adjust_args_REMOVE_ADJUST_ARGS.c,"//===---- test_declare_variant_adjust_args.c -----------------------------------------===//
//
// OpenMP API Version 5.1
//
// Uses declare variant directive with the adjust_args clause, which states that
// ""For each adjust_args clause that is present on the selected variant the adjustment operation
// specified by adjust-op will be applied to each of the arguments specified in the clause
// before being passed to the selected variant."" Clause also requires a
// match(construct={dispatch}) clause to be specified, as listed in restrictions.
//
// Inspired by ""OpenMP 5.1 Features: The Dispatch Construct"" video:
// https://www.youtube.com/watch?v=ruugaX95gIs
//
//===-------------------------------------------------------------------------------===//

#include <omp.h>
#include <stdio.h>
#include <stdlib.h>
#include <math.h>
#include ""ompvv.h""

#define N 1024

int errors;
int i = 0;

void add_dispatch(int *arr);

#pragma omp declare variant(add_dispatch) match(construct={dispatch}) adjust_args(need_device_ptr:arr)
void add(int *arr){
    for (int i = 0; i < N; i++){ // Base function adds 1 to array values
        arr[i] = i+1;
    }
}

void add_dispatch(int *arr){
    if (arr == NULL){
      return;
    }
    #pragma omp target parallel for
    for (int i = 0; i < N; i++){
        arr[i] = i+3; // Variant function adds 3 to array values
    }
}

int test_wrapper() {
    int *arr = (int*)malloc(sizeof(int)*N); // implicit map array
    errors = 0;
    add(arr);
    for(i = 0; i < N; i++){
        OMPVV_TEST_AND_SET_VERBOSE(errors, arr[i] != i+1);
    }
    OMPVV_ERROR_IF(errors > 0, ""Base function is not working properly"");

    #pragma omp target enter data map(to:arr[0:N])
    #pragma omp dispatch
        add(arr);
        /* array should be converted to device ptr; i.e. spec states since it is not a device ptr, ""the argument
        will be converted in the same manner that a use_device_ptr clause on a target data construct converts
        its pointer list items into device pointers."" */

    #pragma omp target parallel for map(tofrom: errors)
    for(i = 0; i < N; i++){
        if(arr[i] != i+3){
            errors++;
        }
    }
    #pragma omp target exit data map(delete:arr[0:N])
    free(arr);

    OMPVV_INFOMSG_IF(errors > 0 || arr[0] == 1,
                  ""Dispatch is either not working or was not considered""
                  "" by the implementation as part of the context selector."");
    return errors;
}

int main () {
    OMPVV_TEST_OFFLOADING;
    OMPVV_TEST_AND_SET_VERBOSE(errors, test_wrapper());
    OMPVV_REPORT_AND_RETURN(errors);
}
","//===---- test_declare_variant_adjust_args.c -----------------------------------------===//
//
// OpenMP API Version 5.1
//
// Uses declare variant directive with the adjust_args clause, which states that
// ""For each adjust_args clause that is present on the selected variant the adjustment operation
// specified by adjust-op will be applied to each of the arguments specified in the clause
// before being passed to the selected variant."" Clause also requires a
// match(construct={dispatch}) clause to be specified, as listed in restrictions.
//
// Inspired by ""OpenMP 5.1 Features: The Dispatch Construct"" video:
// https://www.youtube.com/watch?v=ruugaX95gIs
//
//===-------------------------------------------------------------------------------===//

#include <omp.h>
#include <stdio.h>
#include <stdlib.h>
#include <math.h>
#include ""ompvv.h""

#define N 1024

int errors;
int i = 0;

void add_dispatch(int *arr);

#pragma omp declare variant(add_dispatch) match(construct={dispatch})
void add(int *arr){
    for (int i = 0; i < N; i++){ // Base function adds 1 to array values
        arr[i] = i+1;
    }
}

void add_dispatch(int *arr){
    if (arr == NULL){
      return;
    }
    #pragma omp target parallel for
    for (int i = 0; i < N; i++){
        arr[i] = i+3; // Variant function adds 3 to array values
    }
}

int test_wrapper() {
    int *arr = (int*)malloc(sizeof(int)*N); // implicit map array
    errors = 0;
    add(arr);
    for(i = 0; i < N; i++){
        OMPVV_TEST_AND_SET_VERBOSE(errors, arr[i] != i+1);
    }
    OMPVV_ERROR_IF(errors > 0, ""Base function is not working properly"");

    #pragma omp target enter data map(to:arr[0:N])
    #pragma omp dispatch
        add(arr);
        /* array should be converted to device ptr; i.e. spec states since it is not a device ptr, ""the argument
        will be converted in the same manner that a use_device_ptr clause on a target data construct converts
        its pointer list items into device pointers."" */

    #pragma omp target parallel for map(tofrom: errors)
    for(i = 0; i < N; i++){
        if(arr[i] != i+3){
            errors++;
        }
    }
    #pragma omp target exit data map(delete:arr[0:N])
    free(arr);

    OMPVV_INFOMSG_IF(errors > 0 || arr[0] == 1,
                  ""Dispatch is either not working or was not considered""
                  "" by the implementation as part of the context selector."");
    return errors;
}

int main () {
    OMPVV_TEST_OFFLOADING;
    OMPVV_TEST_AND_SET_VERBOSE(errors, test_wrapper());
    OMPVV_REPORT_AND_RETURN(errors);
}
",openmp_batch_91_110_optionA_full_multivariant.csv,False,unknown,REMOVE_CLAUSE,declare_variant,dispatch,tests/5.1/declare_variant,5.1
tests/5.1/declare_variant/test_declare_variant_adjust_args.c,declare_variant,dispatch,REMOVE_DISPATCH,high,#pragma omp dispatch,/* dispatch removed */,arr[i] == i+3 after dispatch,base function is called instead of the dispatch variant,52,test_declare_variant_adjust_args_REMOVE_DISPATCH.c,"//===---- test_declare_variant_adjust_args.c -----------------------------------------===//
//
// OpenMP API Version 5.1
//
// Uses declare variant directive with the adjust_args clause, which states that
// ""For each adjust_args clause that is present on the selected variant the adjustment operation
// specified by adjust-op will be applied to each of the arguments specified in the clause
// before being passed to the selected variant."" Clause also requires a
// match(construct={dispatch}) clause to be specified, as listed in restrictions.
//
// Inspired by ""OpenMP 5.1 Features: The Dispatch Construct"" video:
// https://www.youtube.com/watch?v=ruugaX95gIs
//
//===-------------------------------------------------------------------------------===//

#include <omp.h>
#include <stdio.h>
#include <stdlib.h>
#include <math.h>
#include ""ompvv.h""

#define N 1024

int errors;
int i = 0;

void add_dispatch(int *arr);

#pragma omp declare variant(add_dispatch) match(construct={dispatch}) adjust_args(need_device_ptr:arr)
void add(int *arr){
    for (int i = 0; i < N; i++){ // Base function adds 1 to array values
        arr[i] = i+1;
    }
}

void add_dispatch(int *arr){
    if (arr == NULL){
      return;
    }
    #pragma omp target parallel for
    for (int i = 0; i < N; i++){
        arr[i] = i+3; // Variant function adds 3 to array values
    }
}

int test_wrapper() {
    int *arr = (int*)malloc(sizeof(int)*N); // implicit map array
    errors = 0;
    add(arr);
    for(i = 0; i < N; i++){
        OMPVV_TEST_AND_SET_VERBOSE(errors, arr[i] != i+1);
    }
    OMPVV_ERROR_IF(errors > 0, ""Base function is not working properly"");

    #pragma omp target enter data map(to:arr[0:N])
    #pragma omp dispatch
        add(arr);
        /* array should be converted to device ptr; i.e. spec states since it is not a device ptr, ""the argument
        will be converted in the same manner that a use_device_ptr clause on a target data construct converts
        its pointer list items into device pointers."" */

    #pragma omp target parallel for map(tofrom: errors)
    for(i = 0; i < N; i++){
        if(arr[i] != i+3){
            errors++;
        }
    }
    #pragma omp target exit data map(delete:arr[0:N])
    free(arr);

    OMPVV_INFOMSG_IF(errors > 0 || arr[0] == 1,
                  ""Dispatch is either not working or was not considered""
                  "" by the implementation as part of the context selector."");
    return errors;
}

int main () {
    OMPVV_TEST_OFFLOADING;
    OMPVV_TEST_AND_SET_VERBOSE(errors, test_wrapper());
    OMPVV_REPORT_AND_RETURN(errors);
}
","//===---- test_declare_variant_adjust_args.c -----------------------------------------===//
//
// OpenMP API Version 5.1
//
// Uses declare variant directive with the adjust_args clause, which states that
// ""For each adjust_args clause that is present on the selected variant the adjustment operation
// specified by adjust-op will be applied to each of the arguments specified in the clause
// before being passed to the selected variant."" Clause also requires a
// match(construct={dispatch}) clause to be specified, as listed in restrictions.
//
// Inspired by ""OpenMP 5.1 Features: The Dispatch Construct"" video:
// https://www.youtube.com/watch?v=ruugaX95gIs
//
//===-------------------------------------------------------------------------------===//

#include <omp.h>
#include <stdio.h>
#include <stdlib.h>
#include <math.h>
#include ""ompvv.h""

#define N 1024

int errors;
int i = 0;

void add_dispatch(int *arr);

#pragma omp declare variant(add_dispatch) match(construct={dispatch}) adjust_args(need_device_ptr:arr)
void add(int *arr){
    for (int i = 0; i < N; i++){ // Base function adds 1 to array values
        arr[i] = i+1;
    }
}

void add_dispatch(int *arr){
    if (arr == NULL){
      return;
    }
    #pragma omp target parallel for
    for (int i = 0; i < N; i++){
        arr[i] = i+3; // Variant function adds 3 to array values
    }
}

int test_wrapper() {
    int *arr = (int*)malloc(sizeof(int)*N); // implicit map array
    errors = 0;
    add(arr);
    for(i = 0; i < N; i++){
        OMPVV_TEST_AND_SET_VERBOSE(errors, arr[i] != i+1);
    }
    OMPVV_ERROR_IF(errors > 0, ""Base function is not working properly"");

    #pragma omp target enter data map(to:arr[0:N])
    /* dispatch removed */
        add(arr);
        /* array should be converted to device ptr; i.e. spec states since it is not a device ptr, ""the argument
        will be converted in the same manner that a use_device_ptr clause on a target data construct converts
        its pointer list items into device pointers."" */

    #pragma omp target parallel for map(tofrom: errors)
    for(i = 0; i < N; i++){
        if(arr[i] != i+3){
            errors++;
        }
    }
    #pragma omp target exit data map(delete:arr[0:N])
    free(arr);

    OMPVV_INFOMSG_IF(errors > 0 || arr[0] == 1,
                  ""Dispatch is either not working or was not considered""
                  "" by the implementation as part of the context selector."");
    return errors;
}

int main () {
    OMPVV_TEST_OFFLOADING;
    OMPVV_TEST_AND_SET_VERBOSE(errors, test_wrapper());
    OMPVV_REPORT_AND_RETURN(errors);
}
",openmp_batch_91_110_optionA_full_multivariant.csv,False,unknown,REMOVE_CONSTRUCT,declare_variant,dispatch,tests/5.1/declare_variant,5.1
tests/5.1/declare_variant/test_declare_variant_adjust_args.c,declare_variant,variant_semantics,VARIANT_WRONG_ASSIGNMENT,high,arr[i] = i+3; // Variant function adds 3 to array values,arr[i] = i+1; // BUG: variant function adds 1 instead of 3,arr[i] == i+3 after dispatch,selected variant writes the same values as the base function,38,test_declare_variant_adjust_args_VARIANT_PLUS3_TO_PLUS1.c,"//===---- test_declare_variant_adjust_args.c -----------------------------------------===//
//
// OpenMP API Version 5.1
//
// Uses declare variant directive with the adjust_args clause, which states that
// ""For each adjust_args clause that is present on the selected variant the adjustment operation
// specified by adjust-op will be applied to each of the arguments specified in the clause
// before being passed to the selected variant."" Clause also requires a
// match(construct={dispatch}) clause to be specified, as listed in restrictions.
//
// Inspired by ""OpenMP 5.1 Features: The Dispatch Construct"" video:
// https://www.youtube.com/watch?v=ruugaX95gIs
//
//===-------------------------------------------------------------------------------===//

#include <omp.h>
#include <stdio.h>
#include <stdlib.h>
#include <math.h>
#include ""ompvv.h""

#define N 1024

int errors;
int i = 0;

void add_dispatch(int *arr);

#pragma omp declare variant(add_dispatch) match(construct={dispatch}) adjust_args(need_device_ptr:arr)
void add(int *arr){
    for (int i = 0; i < N; i++){ // Base function adds 1 to array values
        arr[i] = i+1;
    }
}

void add_dispatch(int *arr){
    if (arr == NULL){
      return;
    }
    #pragma omp target parallel for
    for (int i = 0; i < N; i++){
        arr[i] = i+3; // Variant function adds 3 to array values
    }
}

int test_wrapper() {
    int *arr = (int*)malloc(sizeof(int)*N); // implicit map array
    errors = 0;
    add(arr);
    for(i = 0; i < N; i++){
        OMPVV_TEST_AND_SET_VERBOSE(errors, arr[i] != i+1);
    }
    OMPVV_ERROR_IF(errors > 0, ""Base function is not working properly"");

    #pragma omp target enter data map(to:arr[0:N])
    #pragma omp dispatch
        add(arr);
        /* array should be converted to device ptr; i.e. spec states since it is not a device ptr, ""the argument
        will be converted in the same manner that a use_device_ptr clause on a target data construct converts
        its pointer list items into device pointers."" */

    #pragma omp target parallel for map(tofrom: errors)
    for(i = 0; i < N; i++){
        if(arr[i] != i+3){
            errors++;
        }
    }
    #pragma omp target exit data map(delete:arr[0:N])
    free(arr);

    OMPVV_INFOMSG_IF(errors > 0 || arr[0] == 1,
                  ""Dispatch is either not working or was not considered""
                  "" by the implementation as part of the context selector."");
    return errors;
}

int main () {
    OMPVV_TEST_OFFLOADING;
    OMPVV_TEST_AND_SET_VERBOSE(errors, test_wrapper());
    OMPVV_REPORT_AND_RETURN(errors);
}
","//===---- test_declare_variant_adjust_args.c -----------------------------------------===//
//
// OpenMP API Version 5.1
//
// Uses declare variant directive with the adjust_args clause, which states that
// ""For each adjust_args clause that is present on the selected variant the adjustment operation
// specified by adjust-op will be applied to each of the arguments specified in the clause
// before being passed to the selected variant."" Clause also requires a
// match(construct={dispatch}) clause to be specified, as listed in restrictions.
//
// Inspired by ""OpenMP 5.1 Features: The Dispatch Construct"" video:
// https://www.youtube.com/watch?v=ruugaX95gIs
//
//===-------------------------------------------------------------------------------===//

#include <omp.h>
#include <stdio.h>
#include <stdlib.h>
#include <math.h>
#include ""ompvv.h""

#define N 1024

int errors;
int i = 0;

void add_dispatch(int *arr);

#pragma omp declare variant(add_dispatch) match(construct={dispatch}) adjust_args(need_device_ptr:arr)
void add(int *arr){
    for (int i = 0; i < N; i++){ // Base function adds 1 to array values
        arr[i] = i+1;
    }
}

void add_dispatch(int *arr){
    if (arr == NULL){
      return;
    }
    #pragma omp target parallel for
    for (int i = 0; i < N; i++){
        arr[i] = i+1; // BUG: variant function adds 1 instead of 3
    }
}

int test_wrapper() {
    int *arr = (int*)malloc(sizeof(int)*N); // implicit map array
    errors = 0;
    add(arr);
    for(i = 0; i < N; i++){
        OMPVV_TEST_AND_SET_VERBOSE(errors, arr[i] != i+1);
    }
    OMPVV_ERROR_IF(errors > 0, ""Base function is not working properly"");

    #pragma omp target enter data map(to:arr[0:N])
    #pragma omp dispatch
        add(arr);
        /* array should be converted to device ptr; i.e. spec states since it is not a device ptr, ""the argument
        will be converted in the same manner that a use_device_ptr clause on a target data construct converts
        its pointer list items into device pointers."" */

    #pragma omp target parallel for map(tofrom: errors)
    for(i = 0; i < N; i++){
        if(arr[i] != i+3){
            errors++;
        }
    }
    #pragma omp target exit data map(delete:arr[0:N])
    free(arr);

    OMPVV_INFOMSG_IF(errors > 0 || arr[0] == 1,
                  ""Dispatch is either not working or was not considered""
                  "" by the implementation as part of the context selector."");
    return errors;
}

int main () {
    OMPVV_TEST_OFFLOADING;
    OMPVV_TEST_AND_SET_VERBOSE(errors, test_wrapper());
    OMPVV_REPORT_AND_RETURN(errors);
}
",openmp_batch_91_110_optionA_full_multivariant.csv,False,unknown,CHANGE_ASSIGNMENT,declare_variant,variant_selector,tests/5.1/declare_variant,5.1
tests/5.1/default/test_default_firstprivate_parallel.c,default,data_sharing,DEFAULT_FIRSTPRIVATE_TO_SHARED,high,#pragma omp parallel default(firstprivate) num_threads(OMPVV_NUM_THREADS_HOST),#pragma omp parallel default(shared) num_threads(OMPVV_NUM_THREADS_HOST),scalar_var == 5 and sum == newsum after parallel region,parallel updates affect the original scalar/array instead of firstprivate copies,27,test_default_firstprivate_parallel_DEFAULT_FIRSTPRIVATE_TO_SHARED.c,"//===--- test_default_firstprivate_parallel.c -----------------------------------------------===//
//
//  OpenMP API Version 5.1 Aug 2021
//
//  This test checks behavior of the default clause when the specified data-sharing-attribute
//  is firstprivate. The constructs allowed for a default clause are parallel, teams, task, and taskloop.
//  This test utilizes the parallel construct, where firstprivate states that one ore more list items are
//  private to the parallel task, and each of them are initialized with the value of the corresponding
//  original item.
//
////===--------------------------------------------------------------------------------------===//

#include <omp.h>
#include <stdio.h>
#include <stdlib.h>
#include ""ompvv.h""
#include <math.h>

#define N 1024

int errors, i;

int test_default_firstprivate_parallel() {
  int scalar_var = 5;
  int arr[N];
  int sum = 0;
  for (int i=0; i<N; i++){
        arr[i] = i;
        sum += arr[i];
  }
  #pragma omp parallel default(firstprivate) num_threads(OMPVV_NUM_THREADS_HOST)
  {
        scalar_var += 10;
        for (int i=0; i<N; i++){
                arr[i] = i+2;
        }
  }
  int newsum = 0;
  int wrongsum = 0;
  for(int i=0; i<N; i++){
        newsum += arr[i];
        wrongsum += i+2;
  }
  OMPVV_TEST_AND_SET_VERBOSE(errors, scalar_var != 5);
  OMPVV_INFOMSG_IF(scalar_var == 0, ""Scalar was not initialized in parallel region & not updated"");
  OMPVV_INFOMSG_IF(scalar_var == 15, ""Scalar was not firstprivate, changes made in parallel affected original copy"");
  OMPVV_TEST_AND_SET_VERBOSE(errors, sum != newsum);
  OMPVV_INFOMSG_IF(newsum == 0, ""Array was not initialized in parallel region properly"");
  OMPVV_INFOMSG_IF(newsum == wrongsum, ""Array was not first private, changes made in parallel affected original copy"");
  return errors;
}

int main() {
   errors = 0;
   OMPVV_TEST_OFFLOADING;
   OMPVV_TEST_AND_SET_VERBOSE(errors, test_default_firstprivate_parallel() != 0);
   OMPVV_REPORT_AND_RETURN(errors);
}
","//===--- test_default_firstprivate_parallel.c -----------------------------------------------===//
//
//  OpenMP API Version 5.1 Aug 2021
//
//  This test checks behavior of the default clause when the specified data-sharing-attribute
//  is firstprivate. The constructs allowed for a default clause are parallel, teams, task, and taskloop.
//  This test utilizes the parallel construct, where firstprivate states that one ore more list items are
//  private to the parallel task, and each of them are initialized with the value of the corresponding
//  original item.
//
////===--------------------------------------------------------------------------------------===//

#include <omp.h>
#include <stdio.h>
#include <stdlib.h>
#include ""ompvv.h""
#include <math.h>

#define N 1024

int errors, i;

int test_default_firstprivate_parallel() {
  int scalar_var = 5;
  int arr[N];
  int sum = 0;
  for (int i=0; i<N; i++){
        arr[i] = i;
        sum += arr[i];
  }
  #pragma omp parallel default(shared) num_threads(OMPVV_NUM_THREADS_HOST)
  {
        scalar_var += 10;
        for (int i=0; i<N; i++){
                arr[i] = i+2;
        }
  }
  int newsum = 0;
  int wrongsum = 0;
  for(int i=0; i<N; i++){
        newsum += arr[i];
        wrongsum += i+2;
  }
  OMPVV_TEST_AND_SET_VERBOSE(errors, scalar_var != 5);
  OMPVV_INFOMSG_IF(scalar_var == 0, ""Scalar was not initialized in parallel region & not updated"");
  OMPVV_INFOMSG_IF(scalar_var == 15, ""Scalar was not firstprivate, changes made in parallel affected original copy"");
  OMPVV_TEST_AND_SET_VERBOSE(errors, sum != newsum);
  OMPVV_INFOMSG_IF(newsum == 0, ""Array was not initialized in parallel region properly"");
  OMPVV_INFOMSG_IF(newsum == wrongsum, ""Array was not first private, changes made in parallel affected original copy"");
  return errors;
}

int main() {
   errors = 0;
   OMPVV_TEST_OFFLOADING;
   OMPVV_TEST_AND_SET_VERBOSE(errors, test_default_firstprivate_parallel() != 0);
   OMPVV_REPORT_AND_RETURN(errors);
}
",openmp_batch_91_110_optionA_full_multivariant.csv,False,unknown,CHANGE_CLAUSE,default,data_sharing,tests/5.1/default,5.1
tests/5.1/default/test_default_firstprivate_parallel.c,default,data_sharing,REMOVE_DEFAULT_FIRSTPRIVATE,high,#pragma omp parallel default(firstprivate) num_threads(OMPVV_NUM_THREADS_HOST),#pragma omp parallel num_threads(OMPVV_NUM_THREADS_HOST),scalar_var == 5 and sum == newsum after parallel region,default sharing rules allow updates to affect original data,27,test_default_firstprivate_parallel_REMOVE_DEFAULT_FIRSTPRIVATE.c,"//===--- test_default_firstprivate_parallel.c -----------------------------------------------===//
//
//  OpenMP API Version 5.1 Aug 2021
//
//  This test checks behavior of the default clause when the specified data-sharing-attribute
//  is firstprivate. The constructs allowed for a default clause are parallel, teams, task, and taskloop.
//  This test utilizes the parallel construct, where firstprivate states that one ore more list items are
//  private to the parallel task, and each of them are initialized with the value of the corresponding
//  original item.
//
////===--------------------------------------------------------------------------------------===//

#include <omp.h>
#include <stdio.h>
#include <stdlib.h>
#include ""ompvv.h""
#include <math.h>

#define N 1024

int errors, i;

int test_default_firstprivate_parallel() {
  int scalar_var = 5;
  int arr[N];
  int sum = 0;
  for (int i=0; i<N; i++){
        arr[i] = i;
        sum += arr[i];
  }
  #pragma omp parallel default(firstprivate) num_threads(OMPVV_NUM_THREADS_HOST)
  {
        scalar_var += 10;
        for (int i=0; i<N; i++){
                arr[i] = i+2;
        }
  }
  int newsum = 0;
  int wrongsum = 0;
  for(int i=0; i<N; i++){
        newsum += arr[i];
        wrongsum += i+2;
  }
  OMPVV_TEST_AND_SET_VERBOSE(errors, scalar_var != 5);
  OMPVV_INFOMSG_IF(scalar_var == 0, ""Scalar was not initialized in parallel region & not updated"");
  OMPVV_INFOMSG_IF(scalar_var == 15, ""Scalar was not firstprivate, changes made in parallel affected original copy"");
  OMPVV_TEST_AND_SET_VERBOSE(errors, sum != newsum);
  OMPVV_INFOMSG_IF(newsum == 0, ""Array was not initialized in parallel region properly"");
  OMPVV_INFOMSG_IF(newsum == wrongsum, ""Array was not first private, changes made in parallel affected original copy"");
  return errors;
}

int main() {
   errors = 0;
   OMPVV_TEST_OFFLOADING;
   OMPVV_TEST_AND_SET_VERBOSE(errors, test_default_firstprivate_parallel() != 0);
   OMPVV_REPORT_AND_RETURN(errors);
}
","//===--- test_default_firstprivate_parallel.c -----------------------------------------------===//
//
//  OpenMP API Version 5.1 Aug 2021
//
//  This test checks behavior of the default clause when the specified data-sharing-attribute
//  is firstprivate. The constructs allowed for a default clause are parallel, teams, task, and taskloop.
//  This test utilizes the parallel construct, where firstprivate states that one ore more list items are
//  private to the parallel task, and each of them are initialized with the value of the corresponding
//  original item.
//
////===--------------------------------------------------------------------------------------===//

#include <omp.h>
#include <stdio.h>
#include <stdlib.h>
#include ""ompvv.h""
#include <math.h>

#define N 1024

int errors, i;

int test_default_firstprivate_parallel() {
  int scalar_var = 5;
  int arr[N];
  int sum = 0;
  for (int i=0; i<N; i++){
        arr[i] = i;
        sum += arr[i];
  }
  #pragma omp parallel num_threads(OMPVV_NUM_THREADS_HOST)
  {
        scalar_var += 10;
        for (int i=0; i<N; i++){
                arr[i] = i+2;
        }
  }
  int newsum = 0;
  int wrongsum = 0;
  for(int i=0; i<N; i++){
        newsum += arr[i];
        wrongsum += i+2;
  }
  OMPVV_TEST_AND_SET_VERBOSE(errors, scalar_var != 5);
  OMPVV_INFOMSG_IF(scalar_var == 0, ""Scalar was not initialized in parallel region & not updated"");
  OMPVV_INFOMSG_IF(scalar_var == 15, ""Scalar was not firstprivate, changes made in parallel affected original copy"");
  OMPVV_TEST_AND_SET_VERBOSE(errors, sum != newsum);
  OMPVV_INFOMSG_IF(newsum == 0, ""Array was not initialized in parallel region properly"");
  OMPVV_INFOMSG_IF(newsum == wrongsum, ""Array was not first private, changes made in parallel affected original copy"");
  return errors;
}

int main() {
   errors = 0;
   OMPVV_TEST_OFFLOADING;
   OMPVV_TEST_AND_SET_VERBOSE(errors, test_default_firstprivate_parallel() != 0);
   OMPVV_REPORT_AND_RETURN(errors);
}
",openmp_batch_91_110_optionA_full_multivariant.csv,False,unknown,REMOVE_CLAUSE,default,data_sharing,tests/5.1/default,5.1
tests/5.1/default/test_default_firstprivate_taskloop.c,default,data_sharing,DEFAULT_FIRSTPRIVATE_TO_SHARED,high,#pragma omp taskloop default(firstprivate),#pragma omp taskloop default(shared),scalar_var == 6 and sum == new_sum after taskloop,taskloop updates affect original scalar/array instead of firstprivate copies,31,test_default_firstprivate_taskloop_DEFAULT_FIRSTPRIVATE_TO_SHARED.c,"//===--- test_default_firstprivate_parallel.c -----------------------------------------------===//
//
//  OpenMP API Version 5.1 Aug 2021
//
//  This test checks behavior of the default clause when the specified data-sharing-attribute
//  is firstprivate. The constructs allowed for a default clause are parallel, teams, task, and taskloop.
//  This test utilizes the taskloop construct, where firstprivate states that one or more list items are
//  private to the parallel task, and each of them are initialized with the value of the corresponding
//  original item. The taskloop construct executes one or more loops in parallel on each thread.
//
////===--------------------------------------------------------------------------------------===//
#include <omp.h>
#include <stdio.h>
#include <stdlib.h>
#include ""ompvv.h""
#include <math.h>

#define N 1024

int errors;

int test_default_firstprivate_taskloop() {
  int scalar_var = 6;
  int arr[N];
  int sum =0;
  for (int i=0; i<N; i++){
        arr[i] = i;
        sum += arr[i];
         }
#pragma omp parallel num_threads(OMPVV_NUM_THREADS_HOST)
    {
#pragma omp single
        {
#pragma omp taskloop default(firstprivate)
  for (int i = 0; i < N; i++) {
                arr[i] = i + 3;
                scalar_var += 7;
                }
        }
     }
  int new_sum =0;
  int wrong_sum =0;
  for (int i = 0; i < N; i++) {
        new_sum += arr[i];
        wrong_sum += i + 3;
        }
  OMPVV_TEST_AND_SET_VERBOSE(errors, scalar_var != 6);
  OMPVV_INFOMSG_IF(scalar_var == 0, ""Scalar was not initialized in parallel region & not updated"");
  OMPVV_INFOMSG_IF(scalar_var >  6, ""Scalar was not firstprivate, changes made in parallel affected original copy"");
  OMPVV_TEST_AND_SET_VERBOSE(errors, sum != new_sum);
  OMPVV_INFOMSG_IF(new_sum == 0, ""Array was not initialized in parallel region properly"");
  OMPVV_INFOMSG_IF(new_sum == wrong_sum, ""Array was not first private, changes made in parallel affected original copy"");
  return errors;
}

int main() {
   errors = 0;
   OMPVV_TEST_OFFLOADING;
   OMPVV_TEST_AND_SET_VERBOSE(errors, test_default_firstprivate_taskloop() != 0);
   OMPVV_REPORT_AND_RETURN(errors);
}
","//===--- test_default_firstprivate_parallel.c -----------------------------------------------===//
//
//  OpenMP API Version 5.1 Aug 2021
//
//  This test checks behavior of the default clause when the specified data-sharing-attribute
//  is firstprivate. The constructs allowed for a default clause are parallel, teams, task, and taskloop.
//  This test utilizes the taskloop construct, where firstprivate states that one or more list items are
//  private to the parallel task, and each of them are initialized with the value of the corresponding
//  original item. The taskloop construct executes one or more loops in parallel on each thread.
//
////===--------------------------------------------------------------------------------------===//
#include <omp.h>
#include <stdio.h>
#include <stdlib.h>
#include ""ompvv.h""
#include <math.h>

#define N 1024

int errors;

int test_default_firstprivate_taskloop() {
  int scalar_var = 6;
  int arr[N];
  int sum =0;
  for (int i=0; i<N; i++){
        arr[i] = i;
        sum += arr[i];
         }
#pragma omp parallel num_threads(OMPVV_NUM_THREADS_HOST)
    {
#pragma omp single
        {
#pragma omp taskloop default(shared)
  for (int i = 0; i < N; i++) {
                arr[i] = i + 3;
                scalar_var += 7;
                }
        }
     }
  int new_sum =0;
  int wrong_sum =0;
  for (int i = 0; i < N; i++) {
        new_sum += arr[i];
        wrong_sum += i + 3;
        }
  OMPVV_TEST_AND_SET_VERBOSE(errors, scalar_var != 6);
  OMPVV_INFOMSG_IF(scalar_var == 0, ""Scalar was not initialized in parallel region & not updated"");
  OMPVV_INFOMSG_IF(scalar_var >  6, ""Scalar was not firstprivate, changes made in parallel affected original copy"");
  OMPVV_TEST_AND_SET_VERBOSE(errors, sum != new_sum);
  OMPVV_INFOMSG_IF(new_sum == 0, ""Array was not initialized in parallel region properly"");
  OMPVV_INFOMSG_IF(new_sum == wrong_sum, ""Array was not first private, changes made in parallel affected original copy"");
  return errors;
}

int main() {
   errors = 0;
   OMPVV_TEST_OFFLOADING;
   OMPVV_TEST_AND_SET_VERBOSE(errors, test_default_firstprivate_taskloop() != 0);
   OMPVV_REPORT_AND_RETURN(errors);
}
",openmp_batch_91_110_optionA_full_multivariant.csv,False,unknown,CHANGE_CLAUSE,default,data_sharing,tests/5.1/default,5.1
tests/5.1/default/test_default_firstprivate_taskloop.c,default,data_sharing,REMOVE_DEFAULT_FIRSTPRIVATE,high,#pragma omp taskloop default(firstprivate),#pragma omp taskloop,scalar_var == 6 and sum == new_sum after taskloop,default sharing rules allow taskloop updates to affect original data,31,test_default_firstprivate_taskloop_REMOVE_DEFAULT_FIRSTPRIVATE.c,"//===--- test_default_firstprivate_parallel.c -----------------------------------------------===//
//
//  OpenMP API Version 5.1 Aug 2021
//
//  This test checks behavior of the default clause when the specified data-sharing-attribute
//  is firstprivate. The constructs allowed for a default clause are parallel, teams, task, and taskloop.
//  This test utilizes the taskloop construct, where firstprivate states that one or more list items are
//  private to the parallel task, and each of them are initialized with the value of the corresponding
//  original item. The taskloop construct executes one or more loops in parallel on each thread.
//
////===--------------------------------------------------------------------------------------===//
#include <omp.h>
#include <stdio.h>
#include <stdlib.h>
#include ""ompvv.h""
#include <math.h>

#define N 1024

int errors;

int test_default_firstprivate_taskloop() {
  int scalar_var = 6;
  int arr[N];
  int sum =0;
  for (int i=0; i<N; i++){
        arr[i] = i;
        sum += arr[i];
         }
#pragma omp parallel num_threads(OMPVV_NUM_THREADS_HOST)
    {
#pragma omp single
        {
#pragma omp taskloop default(firstprivate)
  for (int i = 0; i < N; i++) {
                arr[i] = i + 3;
                scalar_var += 7;
                }
        }
     }
  int new_sum =0;
  int wrong_sum =0;
  for (int i = 0; i < N; i++) {
        new_sum += arr[i];
        wrong_sum += i + 3;
        }
  OMPVV_TEST_AND_SET_VERBOSE(errors, scalar_var != 6);
  OMPVV_INFOMSG_IF(scalar_var == 0, ""Scalar was not initialized in parallel region & not updated"");
  OMPVV_INFOMSG_IF(scalar_var >  6, ""Scalar was not firstprivate, changes made in parallel affected original copy"");
  OMPVV_TEST_AND_SET_VERBOSE(errors, sum != new_sum);
  OMPVV_INFOMSG_IF(new_sum == 0, ""Array was not initialized in parallel region properly"");
  OMPVV_INFOMSG_IF(new_sum == wrong_sum, ""Array was not first private, changes made in parallel affected original copy"");
  return errors;
}

int main() {
   errors = 0;
   OMPVV_TEST_OFFLOADING;
   OMPVV_TEST_AND_SET_VERBOSE(errors, test_default_firstprivate_taskloop() != 0);
   OMPVV_REPORT_AND_RETURN(errors);
}
","//===--- test_default_firstprivate_parallel.c -----------------------------------------------===//
//
//  OpenMP API Version 5.1 Aug 2021
//
//  This test checks behavior of the default clause when the specified data-sharing-attribute
//  is firstprivate. The constructs allowed for a default clause are parallel, teams, task, and taskloop.
//  This test utilizes the taskloop construct, where firstprivate states that one or more list items are
//  private to the parallel task, and each of them are initialized with the value of the corresponding
//  original item. The taskloop construct executes one or more loops in parallel on each thread.
//
////===--------------------------------------------------------------------------------------===//
#include <omp.h>
#include <stdio.h>
#include <stdlib.h>
#include ""ompvv.h""
#include <math.h>

#define N 1024

int errors;

int test_default_firstprivate_taskloop() {
  int scalar_var = 6;
  int arr[N];
  int sum =0;
  for (int i=0; i<N; i++){
        arr[i] = i;
        sum += arr[i];
         }
#pragma omp parallel num_threads(OMPVV_NUM_THREADS_HOST)
    {
#pragma omp single
        {
#pragma omp taskloop
  for (int i = 0; i < N; i++) {
                arr[i] = i + 3;
                scalar_var += 7;
                }
        }
     }
  int new_sum =0;
  int wrong_sum =0;
  for (int i = 0; i < N; i++) {
        new_sum += arr[i];
        wrong_sum += i + 3;
        }
  OMPVV_TEST_AND_SET_VERBOSE(errors, scalar_var != 6);
  OMPVV_INFOMSG_IF(scalar_var == 0, ""Scalar was not initialized in parallel region & not updated"");
  OMPVV_INFOMSG_IF(scalar_var >  6, ""Scalar was not firstprivate, changes made in parallel affected original copy"");
  OMPVV_TEST_AND_SET_VERBOSE(errors, sum != new_sum);
  OMPVV_INFOMSG_IF(new_sum == 0, ""Array was not initialized in parallel region properly"");
  OMPVV_INFOMSG_IF(new_sum == wrong_sum, ""Array was not first private, changes made in parallel affected original copy"");
  return errors;
}

int main() {
   errors = 0;
   OMPVV_TEST_OFFLOADING;
   OMPVV_TEST_AND_SET_VERBOSE(errors, test_default_firstprivate_taskloop() != 0);
   OMPVV_REPORT_AND_RETURN(errors);
}
",openmp_batch_91_110_optionA_full_multivariant.csv,False,unknown,REMOVE_CLAUSE,default,data_sharing,tests/5.1/default,5.1
tests/5.1/default/test_task_default_firstprivate.c,default,data_sharing,DEFAULT_FIRSTPRIVATE_TO_SHARED,high,#pragma omp task default(firstprivate),#pragma omp task default(shared),test_num == 1 and sum == new_sum after task,task updates affect original scalar/array instead of firstprivate copies,28,test_task_default_firstprivate_DEFAULT_FIRSTPRIVATE_TO_SHARED.c,"//--------------- test_task_default_firstprivate.c -------------------------//
//
// OpenMP API Version 5.1 Aug 2021
//
// Tests the behavior of the default clause when the specified data-sharing
// attribute is firstprivate. This test focuses on the use of the task construct.
// Firstprivate should allow any data initialized outside the task region to
// return to its original value after being manipulated within the task region.
// -------------------------------------------------------------------------//


#include <omp.h>
#include <stdio.h>
#include <stdlib.h>
#include ""ompvv.h""
#include <math.h>

#define N 1024

int errors;

int test_default_firstprivate_task(){
        int test_num = 1;
        int test_arr[N];
        int sum = 0;
        for (int i = 0; i<N; i++){
                test_arr[i] = i;
                sum += i;
        }

        #pragma omp task default(firstprivate)
        {
                test_num += 1;
                for (int i=0; i<N; i++){
                        test_arr[i] = 1;
                }
        }
        int new_sum = 0;
        int wrong_sum = 0;
        for (int i = 0; i<N; i++){
                new_sum += test_arr[i];
                wrong_sum += 1;
        }
        OMPVV_TEST_AND_SET_VERBOSE(errors, test_num != 1);
        OMPVV_INFOMSG_IF(test_num == 2, ""Scalar was not firstprivate, changes made in task affected original copy"");
        OMPVV_TEST_AND_SET_VERBOSE(errors, sum != new_sum);
        OMPVV_INFOMSG_IF(new_sum == wrong_sum, ""Array was not first private, changes made in task affected original copy"");
        return errors;
}

int main(){
        errors = 0;
        OMPVV_TEST_OFFLOADING;
        OMPVV_TEST_AND_SET_VERBOSE(errors, test_default_firstprivate_task() != 0);
        OMPVV_REPORT_AND_RETURN(errors);
}
","//--------------- test_task_default_firstprivate.c -------------------------//
//
// OpenMP API Version 5.1 Aug 2021
//
// Tests the behavior of the default clause when the specified data-sharing
// attribute is firstprivate. This test focuses on the use of the task construct.
// Firstprivate should allow any data initialized outside the task region to
// return to its original value after being manipulated within the task region.
// -------------------------------------------------------------------------//


#include <omp.h>
#include <stdio.h>
#include <stdlib.h>
#include ""ompvv.h""
#include <math.h>

#define N 1024

int errors;

int test_default_firstprivate_task(){
        int test_num = 1;
        int test_arr[N];
        int sum = 0;
        for (int i = 0; i<N; i++){
                test_arr[i] = i;
                sum += i;
        }

        #pragma omp task default(shared)
        {
                test_num += 1;
                for (int i=0; i<N; i++){
                        test_arr[i] = 1;
                }
        }
        int new_sum = 0;
        int wrong_sum = 0;
        for (int i = 0; i<N; i++){
                new_sum += test_arr[i];
                wrong_sum += 1;
        }
        OMPVV_TEST_AND_SET_VERBOSE(errors, test_num != 1);
        OMPVV_INFOMSG_IF(test_num == 2, ""Scalar was not firstprivate, changes made in task affected original copy"");
        OMPVV_TEST_AND_SET_VERBOSE(errors, sum != new_sum);
        OMPVV_INFOMSG_IF(new_sum == wrong_sum, ""Array was not first private, changes made in task affected original copy"");
        return errors;
}

int main(){
        errors = 0;
        OMPVV_TEST_OFFLOADING;
        OMPVV_TEST_AND_SET_VERBOSE(errors, test_default_firstprivate_task() != 0);
        OMPVV_REPORT_AND_RETURN(errors);
}
",openmp_batch_91_110_optionA_full_multivariant.csv,False,unknown,CHANGE_CLAUSE,default,data_sharing,tests/5.1/default,5.1
tests/5.1/default/test_task_default_private.c,default,data_sharing,REMOVE_SHARED_SUM,high,#pragma omp task shared(sum) default(private),#pragma omp task default(private),sum == 2,sum is privatized in the task and the host sum is not updated,28,test_task_default_private_REMOVE_SHARED_SUM.c,"//-----------test_task_default_private.c---------------------------
//
// OpenMP API Version 5.1 Aug 2021
//
// Test the behavior of the default clasue when the specified
// data-sharing attribute is private. This test focuses on the
// use of the task and target construct and should work for both
// host and target implementations. Private should allow any data
// initialized outside of the task region to have its own instance
// within the task region and retain any value changes made within
// the region.
//-----------------------------------------------------------------

#include <omp.h>
#include ""ompvv.h""
#include <stdio.h>
#include <stdlib.h>
#include <math.h>

#define N 1024


int test_task_default_private(){
        int errors = 0;
        int test_num= 1;
        int sum = 0;

        #pragma omp task shared(sum) default(private)
        {
        #pragma omp target map(tofrom: sum, test_num)
        {
                int test_num = 2;
                sum += test_num;

        }
        }
        OMPVV_TEST_AND_SET_VERBOSE(errors, sum != 2);
        OMPVV_INFOMSG_IF(sum == 1, ""Did not use variable delcared in task region"");
        return errors;
}

int main(){
        int errors = 0;
        OMPVV_TEST_OFFLOADING;
        OMPVV_TEST_AND_SET_VERBOSE(errors, test_task_default_private() != 0);
        OMPVV_REPORT_AND_RETURN(errors);
}
","//-----------test_task_default_private.c---------------------------
//
// OpenMP API Version 5.1 Aug 2021
//
// Test the behavior of the default clasue when the specified
// data-sharing attribute is private. This test focuses on the
// use of the task and target construct and should work for both
// host and target implementations. Private should allow any data
// initialized outside of the task region to have its own instance
// within the task region and retain any value changes made within
// the region.
//-----------------------------------------------------------------

#include <omp.h>
#include ""ompvv.h""
#include <stdio.h>
#include <stdlib.h>
#include <math.h>

#define N 1024


int test_task_default_private(){
        int errors = 0;
        int test_num= 1;
        int sum = 0;

        #pragma omp task default(private)
        {
        #pragma omp target map(tofrom: sum, test_num)
        {
                int test_num = 2;
                sum += test_num;

        }
        }
        OMPVV_TEST_AND_SET_VERBOSE(errors, sum != 2);
        OMPVV_INFOMSG_IF(sum == 1, ""Did not use variable delcared in task region"");
        return errors;
}

int main(){
        int errors = 0;
        OMPVV_TEST_OFFLOADING;
        OMPVV_TEST_AND_SET_VERBOSE(errors, test_task_default_private() != 0);
        OMPVV_REPORT_AND_RETURN(errors);
}
",openmp_batch_91_110_optionA_full_multivariant.csv,False,unknown,REMOVE_CONSTRUCT,default,data_sharing,tests/5.1/default,5.1
tests/5.1/depend/test_depend_inout_omp_all_memory.c,depend,task_dependency,REMOVE_DEPEND_OUT_Y,high,#pragma omp task depend(out: y),#pragma omp task,final y == 15,final y update may race or execute out of intended dependence order,54,test_depend_inout_all_memory_REMOVE_FINAL_Y_DEPEND.c,"//===------------ test_depend_inout_omp_all_memory.c --------------------===//
//
// OpenMP API Version 5.1 Nov 2020
//
// This test checks that the special omp_all_memory locator keyword works
// as intended. The test checks this by having two variables passed into the
// target parallel region, depending on both values. If both variables are
// properly passed through the tasks then it passes. If not, the test fails.
//
////===----------------------------------------------------------------------===//

#include <omp.h>
#include <stdio.h>
#include <stdlib.h>
#include ""ompvv.h""

#define N 1024

int main() {
        int errors = 0;
        int x[N];
        int y = 5;

        for (int i = 0; i < N; i++) {
                x[i] = i;
        }

        OMPVV_TEST_OFFLOADING;

        #pragma omp target map(tofrom: errors) map(to: x, y)
        {
                #pragma omp parallel
                #pragma omp single
                {
                        #pragma omp task depend(out: x)
                        {
                                for (int i = 0; i < N; i++) {
                                        x[i] += 1;
                                }
                        }
                        #pragma omp task depend(out: y)
                        {
                                y += 5;
                        }
                        #pragma omp task depend(inout: omp_all_memory)
                        {
                                for(int i = 0; i < N; i++) {
                                        OMPVV_TEST_AND_SET(errors, x[i] != i + 1);
                                }

                                OMPVV_TEST_AND_SET(errors, y != 10 );
                        }
                        #pragma omp task depend(out: x)
                        {
                                for (int i = 0; i < N; i++) {
                                        x[i] += 1;
                                }
                        }
                        #pragma omp task depend(out: y)
                        {
                                y += 5;
                        }
                }

                for (int i = 0; i < N; i++) {
                        OMPVV_TEST_AND_SET(errors, x[i] != i + 2);
                }

                OMPVV_TEST_AND_SET(errors, y != 15);
        }

        OMPVV_REPORT_AND_RETURN(errors);
}
","//===------------ test_depend_inout_omp_all_memory.c --------------------===//
//
// OpenMP API Version 5.1 Nov 2020
//
// This test checks that the special omp_all_memory locator keyword works
// as intended. The test checks this by having two variables passed into the
// target parallel region, depending on both values. If both variables are
// properly passed through the tasks then it passes. If not, the test fails.
//
////===----------------------------------------------------------------------===//

#include <omp.h>
#include <stdio.h>
#include <stdlib.h>
#include ""ompvv.h""

#define N 1024

int main() {
        int errors = 0;
        int x[N];
        int y = 5;

        for (int i = 0; i < N; i++) {
                x[i] = i;
        }

        OMPVV_TEST_OFFLOADING;

        #pragma omp target map(tofrom: errors) map(to: x, y)
        {
                #pragma omp parallel
                #pragma omp single
                {
                        #pragma omp task depend(out: x)
                        {
                                for (int i = 0; i < N; i++) {
                                        x[i] += 1;
                                }
                        }
                        #pragma omp task depend(out: y)
                        {
                                y += 5;
                        }
                        #pragma omp task depend(inout: omp_all_memory)
                        {
                                for(int i = 0; i < N; i++) {
                                        OMPVV_TEST_AND_SET(errors, x[i] != i + 1);
                                }

                                OMPVV_TEST_AND_SET(errors, y != 10 );
                        }
                        #pragma omp task depend(out: x)
                        {
                                for (int i = 0; i < N; i++) {
                                        x[i] += 1;
                                }
                        }
                        #pragma omp task
                        {
                                y += 5;
                        }
                }

                for (int i = 0; i < N; i++) {
                        OMPVV_TEST_AND_SET(errors, x[i] != i + 2);
                }

                OMPVV_TEST_AND_SET(errors, y != 15);
        }

        OMPVV_REPORT_AND_RETURN(errors);
}
",openmp_batch_91_110_optionA_full_multivariant.csv,False,unknown,REMOVE_DEPENDENCY,depend,dependency,tests/5.1/depend,5.1
tests/5.1/env_var/test_omp_num_teams_env_2.c,env_var,env_query,WRONG_EXPECTED_MAX_TEAMS,high,"OMPVV_TEST_AND_SET_VERBOSE(errors, env != 2);","OMPVV_TEST_AND_SET_VERBOSE(errors, env != 3);",omp_get_max_teams() == 2,oracle expects the wrong environment-configured maximum team count,18,test_omp_num_teams_env_2_EXPECT_2_TO_3.c,"//--------------- test_omp_num_teams_env_2.c---------------------//
//
// OpenMP API Version 5.1 Aug 2021
//
// The objective of this test is to check that the num_teams env
// var is set properly. It is important to note that the name of the test
// is very important to the env var being set. It follows a convention set
// up for testing env variables in run.sh. This test itself simply checks
// that the max number of teams is set to the appropriate variable value specified
// in the test name.
//-----------------------------------------------------------------------//

#include <omp.h>
#include <stdio.h>
#include <stdlib.h>
#include ""ompvv.h""
#include <math.h>

int test_case(){
        int errors = 0;
        int env = 10;
        env = omp_get_max_teams();
        OMPVV_TEST_AND_SET_VERBOSE(errors, env != 2);
        OMPVV_INFOMSG_IF(env == 0, ""Environment variable not set"");
        OMPVV_INFOMSG_IF(env == 10, ""Call to omp_get_max_teams() did not update local variable"");
        return errors;
}

int main(){
        int errors = 0;
        OMPVV_TEST_OFFLOADING;
        OMPVV_TEST_AND_SET_VERBOSE(errors, test_case() != 0);
        OMPVV_REPORT_AND_RETURN(errors);
}
","//--------------- test_omp_num_teams_env_2.c---------------------//
//
// OpenMP API Version 5.1 Aug 2021
//
// The objective of this test is to check that the num_teams env
// var is set properly. It is important to note that the name of the test
// is very important to the env var being set. It follows a convention set
// up for testing env variables in run.sh. This test itself simply checks
// that the max number of teams is set to the appropriate variable value specified
// in the test name.
//-----------------------------------------------------------------------//

#include <omp.h>
#include <stdio.h>
#include <stdlib.h>
#include ""ompvv.h""
#include <math.h>

int test_case(){
        int errors = 0;
        int env = 10;
        env = omp_get_max_teams();
        OMPVV_TEST_AND_SET_VERBOSE(errors, env != 3);
        OMPVV_INFOMSG_IF(env == 0, ""Environment variable not set"");
        OMPVV_INFOMSG_IF(env == 10, ""Call to omp_get_max_teams() did not update local variable"");
        return errors;
}

int main(){
        int errors = 0;
        OMPVV_TEST_OFFLOADING;
        OMPVV_TEST_AND_SET_VERBOSE(errors, test_case() != 0);
        OMPVV_REPORT_AND_RETURN(errors);
}
",openmp_batch_91_110_optionA_full_multivariant.csv,False,unknown,ORACLE_MUTATION,teams,general_code,tests/5.1/env_var,5.1
tests/5.1/env_var/test_omp_num_teams_env_2.c,env_var,runtime_query,WRONG_RUNTIME_QUERY,high,env = omp_get_max_teams();,env = omp_get_num_teams();,omp_get_max_teams() == 2,wrong runtime routine is queried outside a teams region,17,test_omp_num_teams_env_2_USE_GET_NUM_TEAMS.c,"//--------------- test_omp_num_teams_env_2.c---------------------//
//
// OpenMP API Version 5.1 Aug 2021
//
// The objective of this test is to check that the num_teams env
// var is set properly. It is important to note that the name of the test
// is very important to the env var being set. It follows a convention set
// up for testing env variables in run.sh. This test itself simply checks
// that the max number of teams is set to the appropriate variable value specified
// in the test name.
//-----------------------------------------------------------------------//

#include <omp.h>
#include <stdio.h>
#include <stdlib.h>
#include ""ompvv.h""
#include <math.h>

int test_case(){
        int errors = 0;
        int env = 10;
        env = omp_get_max_teams();
        OMPVV_TEST_AND_SET_VERBOSE(errors, env != 2);
        OMPVV_INFOMSG_IF(env == 0, ""Environment variable not set"");
        OMPVV_INFOMSG_IF(env == 10, ""Call to omp_get_max_teams() did not update local variable"");
        return errors;
}

int main(){
        int errors = 0;
        OMPVV_TEST_OFFLOADING;
        OMPVV_TEST_AND_SET_VERBOSE(errors, test_case() != 0);
        OMPVV_REPORT_AND_RETURN(errors);
}
","//--------------- test_omp_num_teams_env_2.c---------------------//
//
// OpenMP API Version 5.1 Aug 2021
//
// The objective of this test is to check that the num_teams env
// var is set properly. It is important to note that the name of the test
// is very important to the env var being set. It follows a convention set
// up for testing env variables in run.sh. This test itself simply checks
// that the max number of teams is set to the appropriate variable value specified
// in the test name.
//-----------------------------------------------------------------------//

#include <omp.h>
#include <stdio.h>
#include <stdlib.h>
#include ""ompvv.h""
#include <math.h>

int test_case(){
        int errors = 0;
        int env = 10;
        env = omp_get_num_teams();
        OMPVV_TEST_AND_SET_VERBOSE(errors, env != 2);
        OMPVV_INFOMSG_IF(env == 0, ""Environment variable not set"");
        OMPVV_INFOMSG_IF(env == 10, ""Call to omp_get_max_teams() did not update local variable"");
        return errors;
}

int main(){
        int errors = 0;
        OMPVV_TEST_OFFLOADING;
        OMPVV_TEST_AND_SET_VERBOSE(errors, test_case() != 0);
        OMPVV_REPORT_AND_RETURN(errors);
}
",openmp_batch_91_110_optionA_full_multivariant.csv,False,unknown,CHANGE_RUNTIME_CALL,teams,configuration,tests/5.1/env_var,5.1
