source_id,category,bug_family,bug_type,confidence,original_statement,buggy_statement,targeted_oracle,expected_failure_mode,line_number,file_name_updated,original_code,buggy_code,_source_file,passed_most_recent_test,test_status,passed_original_code,original_test_status,notes,mutation_type,omp_construct,bug_omp_concept,source_dir,openmp_version,taxonomy_status,include_in_apr,excluded_from_apr_reason
tests/4.5/target_simd/test_nested_target_simd.c,target_simd,loop_body,ACCUMULATE_TO_ASSIGN,high,a[i] += b[i] * c[i];,a[i] = b[i] * c[i];,"OMPVV_TEST_AND_SET(errors, (a[i] != 1 + (b[i] * c[i])))",initial value 1 is dropped from the accumulation,46,test_nested_target_simd_ACCUMULATE_TO_ASSIGN.c,"//===---- test_target_simd.c - Using simd directive inside of a terget region -===//
//
// OpenMP API Version 4.5 Nov 2015
//
// SIMD in OpenMP 4.5 does not have any API that allows us to confirm the creation
// of SIMD lanes, nor the use of SIMD instructions in any architecture. Hence, our
// tests are limited in that they check that the expected result is created, but
// assume nothing in how they are mapped into a particular architecture
//
// This test creates a regular for loop and uses the SIMD directive inside
// a target region then it checks that the values of the array are as expected
//===--------------------------------------------------------------------------===//
//
#include <omp.h>
#include <stdio.h>
#include <stdlib.h>
#include ""ompvv.h""

#define ARRAY_SIZE 1024

int test_target_simd() {
  OMPVV_INFOMSG(""test_target_simd"");
  OMPVV_WARNING(""This test cannot check if actual SIMD extensions at the hardware level""
                 "" were used, or of the generated code is different in any way"");

  // Variable for errors counting
  int errors = 0;

  int a[ARRAY_SIZE];
  int b[ARRAY_SIZE];
  int c[ARRAY_SIZE];
  int i;

  // a and b array initialization
  for (i = 0; i < ARRAY_SIZE; ++i) {
      a[i] = 1;
      b[i] = i;
      c[i] = 2 * i;
  }


#pragma omp target map(to: b[0:ARRAY_SIZE], c[0:ARRAY_SIZE]) map(tofrom: a[0:ARRAY_SIZE])
  {
#pragma omp simd
    for (i = 0; i < ARRAY_SIZE; ++i) {
        a[i] += b[i] * c[i];
    }
  }


  for (i = 0; i < ARRAY_SIZE; ++i) {
      OMPVV_TEST_AND_SET(errors, (a[i] != 1 + (b[i] * c[i])));
  }

  return errors;
}

int main() {
  OMPVV_TEST_OFFLOADING;

  int errors = 0;

  OMPVV_TEST_AND_SET_VERBOSE(errors, test_target_simd());

  OMPVV_REPORT_AND_RETURN(errors);
}
","//===---- test_target_simd.c - Using simd directive inside of a terget region -===//
//
// OpenMP API Version 4.5 Nov 2015
//
// SIMD in OpenMP 4.5 does not have any API that allows us to confirm the creation
// of SIMD lanes, nor the use of SIMD instructions in any architecture. Hence, our
// tests are limited in that they check that the expected result is created, but
// assume nothing in how they are mapped into a particular architecture
//
// This test creates a regular for loop and uses the SIMD directive inside
// a target region then it checks that the values of the array are as expected
//===--------------------------------------------------------------------------===//
//
#include <omp.h>
#include <stdio.h>
#include <stdlib.h>
#include ""ompvv.h""

#define ARRAY_SIZE 1024

int test_target_simd() {
  OMPVV_INFOMSG(""test_target_simd"");
  OMPVV_WARNING(""This test cannot check if actual SIMD extensions at the hardware level""
                 "" were used, or of the generated code is different in any way"");

  // Variable for errors counting
  int errors = 0;

  int a[ARRAY_SIZE];
  int b[ARRAY_SIZE];
  int c[ARRAY_SIZE];
  int i;

  // a and b array initialization
  for (i = 0; i < ARRAY_SIZE; ++i) {
      a[i] = 1;
      b[i] = i;
      c[i] = 2 * i;
  }


#pragma omp target map(to: b[0:ARRAY_SIZE], c[0:ARRAY_SIZE]) map(tofrom: a[0:ARRAY_SIZE])
  {
#pragma omp simd
    for (i = 0; i < ARRAY_SIZE; ++i) {
        a[i] = b[i] * c[i];
    }
  }


  for (i = 0; i < ARRAY_SIZE; ++i) {
      OMPVV_TEST_AND_SET(errors, (a[i] != 1 + (b[i] * c[i])));
  }

  return errors;
}

int main() {
  OMPVV_TEST_OFFLOADING;

  int errors = 0;

  OMPVV_TEST_AND_SET_VERBOSE(errors, test_target_simd());

  OMPVV_REPORT_AND_RETURN(errors);
}
",openmp_gpu_batch_4_optionA_full_multivariant.csv,False,failed,True,passed,,NEEDS_REVIEW,loop,general_code,tests/4.5/target_simd,4.5,needs_review,False,needs_review
tests/4.5/target_simd/test_target_simd.c,target_simd,loop_body,ACCUMULATE_TO_ASSIGN,high,a[i] += b[i] * c[i];,a[i] = b[i] * c[i];,"OMPVV_TEST_AND_SET(errors, (a[i] != 1 + (b[i] * c[i])))",initial value 1 is dropped from the accumulation,44,test_target_simd_ACCUMULATE_TO_ASSIGN.c,"//===---- test_target_simd.c - Using combined construct target simd -===//
//
// OpenMP API Version 4.5 Nov 2015
//
// SIMD in OpenMP 4.5 does not have any API that allows us to confirm the creation
// of SIMD lanes, nor the use of SIMD instructions in any architecture. Hence, our
// tests are limited in that they check that the expected result is created, but
// assume nothing in how they are mapped into a particular architecture
//
// This test creates a regular for loop and uses the combined target simd directive
// then it checks that the values of the array are as expected
//===--------------------------------------------------------------------------===//
//
#include <omp.h>
#include <stdio.h>
#include <stdlib.h>
#include ""ompvv.h""

#define ARRAY_SIZE 1024

int test_target_simd() {
  OMPVV_INFOMSG(""test_target_simd"");
  OMPVV_WARNING(""This test cannot check if actual SIMD extensions at the hardware level""
                 "" were used, or of the generated code is different in any way"");

  // Variable for errors counting
  int errors = 0;

  int a[ARRAY_SIZE];
  int b[ARRAY_SIZE];
  int c[ARRAY_SIZE];
  int i;

  // a and b array initialization
  for (i = 0; i < ARRAY_SIZE; ++i) {
      a[i] = 1;
      b[i] = i;
      c[i] = 2 * i;
  }


#pragma omp target simd map(to: b[0:ARRAY_SIZE], c[0:ARRAY_SIZE]) map(tofrom: a[0:ARRAY_SIZE])
    for (i = 0; i < ARRAY_SIZE; ++i) {
        a[i] += b[i] * c[i];
    }


  for (i = 0; i < ARRAY_SIZE; ++i) {
      OMPVV_TEST_AND_SET(errors, (a[i] != 1 + (b[i] * c[i])));
  }

  return errors;
}

int main() {
  OMPVV_TEST_OFFLOADING;

  int errors = 0;

  OMPVV_TEST_AND_SET_VERBOSE(errors, test_target_simd());

  OMPVV_REPORT_AND_RETURN(errors);
}
","//===---- test_target_simd.c - Using combined construct target simd -===//
//
// OpenMP API Version 4.5 Nov 2015
//
// SIMD in OpenMP 4.5 does not have any API that allows us to confirm the creation
// of SIMD lanes, nor the use of SIMD instructions in any architecture. Hence, our
// tests are limited in that they check that the expected result is created, but
// assume nothing in how they are mapped into a particular architecture
//
// This test creates a regular for loop and uses the combined target simd directive
// then it checks that the values of the array are as expected
//===--------------------------------------------------------------------------===//
//
#include <omp.h>
#include <stdio.h>
#include <stdlib.h>
#include ""ompvv.h""

#define ARRAY_SIZE 1024

int test_target_simd() {
  OMPVV_INFOMSG(""test_target_simd"");
  OMPVV_WARNING(""This test cannot check if actual SIMD extensions at the hardware level""
                 "" were used, or of the generated code is different in any way"");

  // Variable for errors counting
  int errors = 0;

  int a[ARRAY_SIZE];
  int b[ARRAY_SIZE];
  int c[ARRAY_SIZE];
  int i;

  // a and b array initialization
  for (i = 0; i < ARRAY_SIZE; ++i) {
      a[i] = 1;
      b[i] = i;
      c[i] = 2 * i;
  }


#pragma omp target simd map(to: b[0:ARRAY_SIZE], c[0:ARRAY_SIZE]) map(tofrom: a[0:ARRAY_SIZE])
    for (i = 0; i < ARRAY_SIZE; ++i) {
        a[i] = b[i] * c[i];
    }


  for (i = 0; i < ARRAY_SIZE; ++i) {
      OMPVV_TEST_AND_SET(errors, (a[i] != 1 + (b[i] * c[i])));
  }

  return errors;
}

int main() {
  OMPVV_TEST_OFFLOADING;

  int errors = 0;

  OMPVV_TEST_AND_SET_VERBOSE(errors, test_target_simd());

  OMPVV_REPORT_AND_RETURN(errors);
}
",openmp_gpu_batch_4_optionA_full_multivariant.csv,False,failed,True,passed,,NEEDS_REVIEW,loop,general_code,tests/4.5/target_simd,4.5,needs_review,False,needs_review
tests/4.5/target_teams_distribute/test_target_teams_distribute_is_device_ptr.c,target_teams_distribute,loop_body,ACCUMULATE_TO_ASSIGN,high,a[x] += c[x] + b[x];,a[x] = c[x] + b[x];,checks a[x] == 1 + b[x] + b[x]*b[x],initial value 1 is dropped,41,test_target_teams_distribute_is_device_ptr_A_ACCUM_TO_ASSIGN.c,"//===--- test_target_teams_distribute_is_device_ptr.c------------------------===//
//
// OpenMP API Version 4.5 Nov 2015
//
// This test uses is_device_ptr clause to indicate that the parameter that is
// given is already an address to the data on the device.  The parameter is set
// using the omp_target_alloc which returns the pointer to the location on the
// target that was allocated.
//
////===----------------------------------------------------------------------===//

#include <omp.h>
#include <stdio.h>
#include <stdlib.h>
#include ""ompvv.h""

#define SIZE_THRESHOLD 512
#define ARRAY_SIZE 1024

int main() {
  OMPVV_TEST_OFFLOADING;
  OMPVV_INFOMSG(""test target_teams_distribute_is_device_ptr"");

  int a[ARRAY_SIZE];
  int b[ARRAY_SIZE];
  int *c = (int *)omp_target_alloc(ARRAY_SIZE * sizeof(int), omp_get_default_device());
  int errors = 0;

  if (!c) {
    OMPVV_WARNING(""Test was unable to allocate memory on device.  Test could not procede."");
    OMPVV_REPORT_AND_RETURN(errors);
  } else {
    for (int x = 0; x < ARRAY_SIZE; ++x) {
      a[x] = 1;
      b[x] = x;
    }

#pragma omp target teams distribute is_device_ptr(c) map(tofrom: a[0:ARRAY_SIZE]) map(to: b[0:ARRAY_SIZE])
    for (int x = 0; x < ARRAY_SIZE; ++x) {
      c[x] = b[x] * b[x];
      a[x] += c[x] + b[x];
    }

    for (int x = 0; x < ARRAY_SIZE; ++x) {
      OMPVV_TEST_AND_SET_VERBOSE(errors, (a[x] != 1 + b[x] + b[x] * b[x]));
      if (a[x] != 1 + b[x] + b[x] * b[x]) {
        break;
      }
    }

    omp_target_free (c, omp_get_default_device());

    OMPVV_REPORT_AND_RETURN(errors);
  }
}
","//===--- test_target_teams_distribute_is_device_ptr.c------------------------===//
//
// OpenMP API Version 4.5 Nov 2015
//
// This test uses is_device_ptr clause to indicate that the parameter that is
// given is already an address to the data on the device.  The parameter is set
// using the omp_target_alloc which returns the pointer to the location on the
// target that was allocated.
//
////===----------------------------------------------------------------------===//

#include <omp.h>
#include <stdio.h>
#include <stdlib.h>
#include ""ompvv.h""

#define SIZE_THRESHOLD 512
#define ARRAY_SIZE 1024

int main() {
  OMPVV_TEST_OFFLOADING;
  OMPVV_INFOMSG(""test target_teams_distribute_is_device_ptr"");

  int a[ARRAY_SIZE];
  int b[ARRAY_SIZE];
  int *c = (int *)omp_target_alloc(ARRAY_SIZE * sizeof(int), omp_get_default_device());
  int errors = 0;

  if (!c) {
    OMPVV_WARNING(""Test was unable to allocate memory on device.  Test could not procede."");
    OMPVV_REPORT_AND_RETURN(errors);
  } else {
    for (int x = 0; x < ARRAY_SIZE; ++x) {
      a[x] = 1;
      b[x] = x;
    }

#pragma omp target teams distribute is_device_ptr(c) map(tofrom: a[0:ARRAY_SIZE]) map(to: b[0:ARRAY_SIZE])
    for (int x = 0; x < ARRAY_SIZE; ++x) {
      c[x] = b[x] * b[x];
      a[x] = c[x] + b[x];
    }

    for (int x = 0; x < ARRAY_SIZE; ++x) {
      OMPVV_TEST_AND_SET_VERBOSE(errors, (a[x] != 1 + b[x] + b[x] * b[x]));
      if (a[x] != 1 + b[x] + b[x] * b[x]) {
        break;
      }
    }

    omp_target_free (c, omp_get_default_device());

    OMPVV_REPORT_AND_RETURN(errors);
  }
}
",openmp_gpu_batch_8_optionA_full_multivariant.csv,False,failed,True,passed,,NEEDS_REVIEW,loop,general_code,tests/4.5/target_teams_distribute,4.5,needs_review,False,needs_review
tests/4.5/target_teams_distribute_parallel_for/test_target_teams_distribute_parallel_for.c,target_teams_distribute_parallel_for,loop_body,ACCUMULATE_TO_ASSIGN,high,a[i] += b[i] * c[i];,a[i] = b[i] * c[i];,"OMPVV_TEST_AND_SET(errors, (a[i] != 1 + (b[i] * c[i])))",initial value 1 is dropped from the accumulation,44,test_target_teams_distribute_parallel_for_ACCUMULATE_TO_ASSIGN.c,"//===---- test_target_teams_distribute_parallel_for.c - combined consutrct -===//
//
// OpenMP API Version 4.5 Nov 2015
//
// testing the combined construct target teams distribute parallel for
//
//===----------------------------------------------------------------------------------===//
//
#include <omp.h>
#include <stdio.h>
#include <stdlib.h>
#include ""ompvv.h""

#define ARRAY_SIZE 1024

int test_target_teams_distribute_parallel_for() {
  OMPVV_INFOMSG(""test_target_teams_distribute_parallel_for"");

  // Variable for errors counting
  int errors = 0;

  int a[ARRAY_SIZE];
  int b[ARRAY_SIZE];
  int c[ARRAY_SIZE];
  int num_teams = 0;
  int num_threads[ARRAY_SIZE];
  int alert_num_threads = 0;
  int i;

  // a and b array initialization
  for (i = 0; i < ARRAY_SIZE; ++i) {
    a[i] = 1;
    b[i] = i;
    c[i] = 2 * i;
    num_threads[i] = 0;
  }


#pragma omp target teams distribute parallel for map(from:num_teams, num_threads) num_teams(OMPVV_NUM_TEAMS_DEVICE) num_threads(OMPVV_NUM_THREADS_DEVICE)
  for (i = 0; i < ARRAY_SIZE; ++i) {
#pragma omp atomic write
    num_teams = omp_get_num_teams();
    num_threads[i] = omp_get_num_threads();
    a[i] += b[i] * c[i];
  }


  for (i = 0; i < ARRAY_SIZE; ++i) {
    OMPVV_TEST_AND_SET(errors, (a[i] != 1 + (b[i] * c[i])));
    if (num_threads[i] == 1) {
      alert_num_threads++;
    }
  }

  // Rise lack of parallelism alerts
  if (num_teams == 1) {
    OMPVV_WARNING(""Test operated with one team.  Parallelism of teams distribute can't be guaranteed."");
  }
  if (alert_num_threads == ARRAY_SIZE) {
    OMPVV_WARNING(""Test operated with one thread in all the teams. Parallel clause had no effect"");
  }

  return errors;
}

// Test for OpenMP 4.5 target data with if
int main() {
  OMPVV_TEST_OFFLOADING;

  int errors = 0;

  OMPVV_TEST_AND_SET_VERBOSE(errors, test_target_teams_distribute_parallel_for());

  OMPVV_REPORT_AND_RETURN(errors);
}
","//===---- test_target_teams_distribute_parallel_for.c - combined consutrct -===//
//
// OpenMP API Version 4.5 Nov 2015
//
// testing the combined construct target teams distribute parallel for
//
//===----------------------------------------------------------------------------------===//
//
#include <omp.h>
#include <stdio.h>
#include <stdlib.h>
#include ""ompvv.h""

#define ARRAY_SIZE 1024

int test_target_teams_distribute_parallel_for() {
  OMPVV_INFOMSG(""test_target_teams_distribute_parallel_for"");

  // Variable for errors counting
  int errors = 0;

  int a[ARRAY_SIZE];
  int b[ARRAY_SIZE];
  int c[ARRAY_SIZE];
  int num_teams = 0;
  int num_threads[ARRAY_SIZE];
  int alert_num_threads = 0;
  int i;

  // a and b array initialization
  for (i = 0; i < ARRAY_SIZE; ++i) {
    a[i] = 1;
    b[i] = i;
    c[i] = 2 * i;
    num_threads[i] = 0;
  }


#pragma omp target teams distribute parallel for map(from:num_teams, num_threads) num_teams(OMPVV_NUM_TEAMS_DEVICE) num_threads(OMPVV_NUM_THREADS_DEVICE)
  for (i = 0; i < ARRAY_SIZE; ++i) {
#pragma omp atomic write
    num_teams = omp_get_num_teams();
    num_threads[i] = omp_get_num_threads();
    a[i] = b[i] * c[i];
  }


  for (i = 0; i < ARRAY_SIZE; ++i) {
    OMPVV_TEST_AND_SET(errors, (a[i] != 1 + (b[i] * c[i])));
    if (num_threads[i] == 1) {
      alert_num_threads++;
    }
  }

  // Rise lack of parallelism alerts
  if (num_teams == 1) {
    OMPVV_WARNING(""Test operated with one team.  Parallelism of teams distribute can't be guaranteed."");
  }
  if (alert_num_threads == ARRAY_SIZE) {
    OMPVV_WARNING(""Test operated with one thread in all the teams. Parallel clause had no effect"");
  }

  return errors;
}

// Test for OpenMP 4.5 target data with if
int main() {
  OMPVV_TEST_OFFLOADING;

  int errors = 0;

  OMPVV_TEST_AND_SET_VERBOSE(errors, test_target_teams_distribute_parallel_for());

  OMPVV_REPORT_AND_RETURN(errors);
}
",openmp_gpu_batch_4_optionA_full_multivariant.csv,False,failed,True,passed,,NEEDS_REVIEW,loop,general_code,tests/4.5/target_teams_distribute_parallel_for,4.5,needs_review,False,needs_review
tests/5.0/target_parallel_loop/test_target_parallel_loop_order.c,target_parallel_loop,loop_body,ACCUMULATE_TO_ASSIGN,high,a[i] += b[i]*c[i];,a[i] = b[i]*c[i];,oracle checks a[i] == 1 + b[i]*c[i],initial value 1 is dropped,32,test_target_parallel_loop_order_ASSIGN_INSTEAD_OF_ACCUMULATE.c,"//===---------------test_target_parallel_loop_order_concurrent.c-----------===//
//
// OpenMP API Version 5.0 Nov 2018
//
// Description - This is a test program to demonstrate how order clause is
// used with target parallel loop construct.
//
////===--------------------------------------------------------------------===//

#include <omp.h>
#include <stdio.h>
#include ""ompvv.h""

#define SIZE 1024

int test_target_parallel_loop_order_concurrent() {
    OMPVV_INFOMSG(""test_target_parallel_loop_order_concurrent"");
    int a[SIZE];
    int b[SIZE];
    int c[SIZE];
    int errors = 0;

    // Initialization
    for (int i = 0; i < SIZE; i++) {
        a[i] = 1;
        b[i] = i + 1;
        c[i] = 2*(i + 1);
    }

#pragma omp target parallel loop order(concurrent)
    for (int i = 0; i < SIZE; i++) {
      a[i] += b[i]*c[i];
    }

    // Validation
    for (int i = 0; i < SIZE; i++) {
        OMPVV_TEST_AND_SET_VERBOSE(errors, a[i] != (1 + (b[i]*c[i])));
    }

    return errors;
}


int main() {
  OMPVV_TEST_OFFLOADING;
  int errors = 0;

  OMPVV_TEST_AND_SET_VERBOSE(errors,
                            test_target_parallel_loop_order_concurrent());

  OMPVV_REPORT_AND_RETURN(errors);
}
","//===---------------test_target_parallel_loop_order_concurrent.c-----------===//
//
// OpenMP API Version 5.0 Nov 2018
//
// Description - This is a test program to demonstrate how order clause is
// used with target parallel loop construct.
//
////===--------------------------------------------------------------------===//

#include <omp.h>
#include <stdio.h>
#include ""ompvv.h""

#define SIZE 1024

int test_target_parallel_loop_order_concurrent() {
    OMPVV_INFOMSG(""test_target_parallel_loop_order_concurrent"");
    int a[SIZE];
    int b[SIZE];
    int c[SIZE];
    int errors = 0;

    // Initialization
    for (int i = 0; i < SIZE; i++) {
        a[i] = 1;
        b[i] = i + 1;
        c[i] = 2*(i + 1);
    }

#pragma omp target parallel loop order(concurrent)
    for (int i = 0; i < SIZE; i++) {
      a[i] = b[i]*c[i];
    }

    // Validation
    for (int i = 0; i < SIZE; i++) {
        OMPVV_TEST_AND_SET_VERBOSE(errors, a[i] != (1 + (b[i]*c[i])));
    }

    return errors;
}


int main() {
  OMPVV_TEST_OFFLOADING;
  int errors = 0;

  OMPVV_TEST_AND_SET_VERBOSE(errors,
                            test_target_parallel_loop_order_concurrent());

  OMPVV_REPORT_AND_RETURN(errors);
}
",openmp_gpu_batch_17_optionA_full_multivariant.csv,False,failed,True,passed,,NEEDS_REVIEW,loop,general_code,tests/5.0/target_parallel_loop,5.0,needs_review,False,needs_review
tests/4.5/target/test_target_device.c,target,loop_body,ADD_DEV_PLUS_ONE_TO_DEV,high,array[i] += dev + 1;,array[i] += dev;,oracle checks array[i] == dev after starting from -1,array becomes dev-1 instead of dev,50,test_target_device_ADD_DEV_PLUS_ONE_TO_DEV.c,"//===--- test_target_map_devices.c --- target map to multiple devces ---------===//
//
// OpenMP API Version 4.5 Nov 2015
//
//  This test checks for data mapping on multiple devices when using the target
//  directive. It makes sure that data mapping is happening on each device
//  through the use of omp_set_default_device as well as the device() clause
//
//  Since OpenMP 4.5 does not have an API call to obtain the current device,
//  this test does not guarantee that the execution devices are different.
//
//  Last modified by Jose M Monsalve Diaz, December 25, 2019
//
////===----------------------------------------------------------------------===//
#include <assert.h>
#include <omp.h>
#include <stdio.h>
#include <stdlib.h>
#include ""ompvv.h""

#define N 1000

int test_target_device_clause() {
  OMPVV_INFOMSG(""test_target_device_clause"");

  // Get number of devices
  int num_dev = omp_get_num_devices();
  OMPVV_WARNING_IF(num_dev < 1, ""Test requires non-host device(s), but none were found. \n This test will be skipped.\n"");
  if (num_dev < 1) {
    return OMPVV_SKIPPED_EXIT_CODE;
  }

  OMPVV_INFOMSG(""num_devices tested = %d"", num_dev);

  int array[N];
  int errors = 0;

  // Array initialization
  for (int i = 0; i < N; ++i) {
    array[i] = -1;
  }

  // Map the same array to multiple devices. initialize with device number
  for (int dev = 0; dev < num_dev; ++dev) {
#pragma omp target data map(tofrom: array[0:N]) device(dev)
    {
    #pragma omp target map(alloc: array[0:N]) device(dev)
      {
        for (int i = 0; i < N; ++i) {
          array[i] += dev + 1;
        }
      } // end of omp target
    } // end of omp target data
    for (int i = 0; i < N; ++i) {
      OMPVV_TEST_AND_SET(errors, array[i] != dev);
      array[i] = -1;
    }
  }

  return errors;
}

int main() {
  OMPVV_TEST_OFFLOADING;
  int errors = 0;
  OMPVV_TEST_AND_SET_VERBOSE(errors, test_target_device_clause());

  OMPVV_REPORT_AND_RETURN(errors);
}
","//===--- test_target_map_devices.c --- target map to multiple devces ---------===//
//
// OpenMP API Version 4.5 Nov 2015
//
//  This test checks for data mapping on multiple devices when using the target
//  directive. It makes sure that data mapping is happening on each device
//  through the use of omp_set_default_device as well as the device() clause
//
//  Since OpenMP 4.5 does not have an API call to obtain the current device,
//  this test does not guarantee that the execution devices are different.
//
//  Last modified by Jose M Monsalve Diaz, December 25, 2019
//
////===----------------------------------------------------------------------===//
#include <assert.h>
#include <omp.h>
#include <stdio.h>
#include <stdlib.h>
#include ""ompvv.h""

#define N 1000

int test_target_device_clause() {
  OMPVV_INFOMSG(""test_target_device_clause"");

  // Get number of devices
  int num_dev = omp_get_num_devices();
  OMPVV_WARNING_IF(num_dev < 1, ""Test requires non-host device(s), but none were found. \n This test will be skipped.\n"");
  if (num_dev < 1) {
    return OMPVV_SKIPPED_EXIT_CODE;
  }

  OMPVV_INFOMSG(""num_devices tested = %d"", num_dev);

  int array[N];
  int errors = 0;

  // Array initialization
  for (int i = 0; i < N; ++i) {
    array[i] = -1;
  }

  // Map the same array to multiple devices. initialize with device number
  for (int dev = 0; dev < num_dev; ++dev) {
#pragma omp target data map(tofrom: array[0:N]) device(dev)
    {
    #pragma omp target map(alloc: array[0:N]) device(dev)
      {
        for (int i = 0; i < N; ++i) {
          array[i] += dev;
        }
      } // end of omp target
    } // end of omp target data
    for (int i = 0; i < N; ++i) {
      OMPVV_TEST_AND_SET(errors, array[i] != dev);
      array[i] = -1;
    }
  }

  return errors;
}

int main() {
  OMPVV_TEST_OFFLOADING;
  int errors = 0;
  OMPVV_TEST_AND_SET_VERBOSE(errors, test_target_device_clause());

  OMPVV_REPORT_AND_RETURN(errors);
}
",openmp_gpu_batch_10_optionA_full_multivariant.csv,False,failed,True,passed,,NEEDS_REVIEW,target_mapping,general_code,tests/4.5/target,4.5,needs_review,False,needs_review
tests/4.5/target_teams_distribute_parallel_for/test_target_teams_distribute_parallel_for_devices.c,target_teams_distribute_parallel_for,loop_body,ADD_DEV_TO_ADD_ONE,high,a[i] += dev;,a[i] += 1;,"OMPVV_TEST_AND_SET(errors, a[i] != 1 + dev)","for dev != 1, array values do not match expected per-device increment",47,test_target_teams_devices_ADD_DEV_TO_ADD_ONE.c,"//===---- test_target_teams_distribute_parallel_for_devices.c - combined consutrct -===//
//
// OpenMP API Version 4.5 Nov 2015
//
// Testing for multiple devices checking if it is possible to send work and data
// to different devices with the device clause used with omp target teams distribute
// parallel for
//
//===-------------------------------------------------------------------------------===//

#include <omp.h>
#include ""ompvv.h""
#include <stdio.h>

#define SIZE_N 1024

int test_target_teams_distribute_parallel_for_devices() {
  OMPVV_INFOMSG(""test_target_teams_distribute_parallel_for_devices"");

  int num_dev = omp_get_num_devices();
  int a[SIZE_N];
  // Allocate num_devices + 1 to avoid zero-sized VLA if num_devices == 0
  int isHost[num_dev+1];
  int errors = 0;
  int i, dev;

  OMPVV_WARNING_IF(num_dev <= 1, ""Testing devices clause without multiple devices"");

  OMPVV_INFOMSG(""Num of devices = %d"", num_dev);

  // a array initialization
  for (i = 0; i < SIZE_N; i++) {
    a[i] = 1;
  }

  for (dev = 0; dev < num_dev; ++dev) {
#pragma omp target enter data map(to: a[0:SIZE_N]) device(dev)
  }

  for (dev = 0; dev < num_dev; ++dev) {
    // check multiple devices
#pragma omp target teams distribute parallel for device(dev) map(tofrom: isHost)
    for (i = 0; i < SIZE_N; i++) {
      if (omp_get_team_num() == 0 && omp_get_thread_num() == 0) {
        isHost[dev] = omp_is_initial_device();// Checking if running on a device
      }
      a[i] += dev;
    }
  }

  for (dev = 0; dev < num_dev; ++dev) {
#pragma omp target exit data map(from: a[0:SIZE_N]) device(dev)
    OMPVV_INFOMSG(""Device %d ran on the %s"", dev, isHost[dev] ? ""host"" : ""device"");
    OMPVV_TEST_AND_SET(errors, isHost[dev] && dev != omp_get_initial_device());
    for (i = 0; i < SIZE_N; i++) {
      OMPVV_TEST_AND_SET(errors, a[i] != 1 + dev);
    }
  }

  return errors;
}

int main() {
  OMPVV_TEST_OFFLOADING;
  int errors = 0;

  OMPVV_TEST_AND_SET_VERBOSE(errors, test_target_teams_distribute_parallel_for_devices());

  OMPVV_REPORT_AND_RETURN(errors);
}
","//===---- test_target_teams_distribute_parallel_for_devices.c - combined consutrct -===//
//
// OpenMP API Version 4.5 Nov 2015
//
// Testing for multiple devices checking if it is possible to send work and data
// to different devices with the device clause used with omp target teams distribute
// parallel for
//
//===-------------------------------------------------------------------------------===//

#include <omp.h>
#include ""ompvv.h""
#include <stdio.h>

#define SIZE_N 1024

int test_target_teams_distribute_parallel_for_devices() {
  OMPVV_INFOMSG(""test_target_teams_distribute_parallel_for_devices"");

  int num_dev = omp_get_num_devices();
  int a[SIZE_N];
  // Allocate num_devices + 1 to avoid zero-sized VLA if num_devices == 0
  int isHost[num_dev+1];
  int errors = 0;
  int i, dev;

  OMPVV_WARNING_IF(num_dev <= 1, ""Testing devices clause without multiple devices"");

  OMPVV_INFOMSG(""Num of devices = %d"", num_dev);

  // a array initialization
  for (i = 0; i < SIZE_N; i++) {
    a[i] = 1;
  }

  for (dev = 0; dev < num_dev; ++dev) {
#pragma omp target enter data map(to: a[0:SIZE_N]) device(dev)
  }

  for (dev = 0; dev < num_dev; ++dev) {
    // check multiple devices
#pragma omp target teams distribute parallel for device(dev) map(tofrom: isHost)
    for (i = 0; i < SIZE_N; i++) {
      if (omp_get_team_num() == 0 && omp_get_thread_num() == 0) {
        isHost[dev] = omp_is_initial_device();// Checking if running on a device
      }
      a[i] += 1;
    }
  }

  for (dev = 0; dev < num_dev; ++dev) {
#pragma omp target exit data map(from: a[0:SIZE_N]) device(dev)
    OMPVV_INFOMSG(""Device %d ran on the %s"", dev, isHost[dev] ? ""host"" : ""device"");
    OMPVV_TEST_AND_SET(errors, isHost[dev] && dev != omp_get_initial_device());
    for (i = 0; i < SIZE_N; i++) {
      OMPVV_TEST_AND_SET(errors, a[i] != 1 + dev);
    }
  }

  return errors;
}

int main() {
  OMPVV_TEST_OFFLOADING;
  int errors = 0;

  OMPVV_TEST_AND_SET_VERBOSE(errors, test_target_teams_distribute_parallel_for_devices());

  OMPVV_REPORT_AND_RETURN(errors);
}
",openmp_gpu_batch_5_optionA_full_multivariant.csv,False,failed,True,passed,,NEEDS_REVIEW,target_mapping,general_code,tests/4.5/target_teams_distribute_parallel_for,4.5,needs_review,False,needs_review
tests/4.5/target_simd/test_target_simd_simdlen.c,target_simd,loop_body,ADD_TO_NOOP,high,A[i] += A[i];,A[i] = A[i];,"OMPVV_TEST_AND_SET(errors, A[i] != 1<<7)","first loop leaves A unchanged, so final value is not 128",39,test_target_simd_simdlen_ADD_TO_NOOP.c,"//===---- test_target_simd_simdlen.c - simd directive clause simdlen   -===//
//
// OpenMP API Version 4.5 Nov 2015
//
// This test checks for the use of the simdlen clause which provides a hint to the
// compiler to the appropriate number of simd lanes when generating the simd
// region of code. However, different to safelen, this clause does not guarantee
// that the number of lanes will actually be the one specified. The number of lanes
// is implementation defined
// ===--------------------------------------------------------------------------===//
//

#include <omp.h>
#include <stdio.h>
#include <stdlib.h>
#include ""ompvv.h""

#define ARRAY_SIZE 1024

int test_target_simd_simdlen() {
  OMPVV_INFOMSG(""test_target_simd_simdlen"");
  OMPVV_WARNING(""This test cannot check if actual SIMD extensions at the hardware level"" \
                 "" were used, or of the generated code is different in any way"");

  // Variable for errors counting
  int errors = 0;

  int A[ARRAY_SIZE];
  int i, len;

  // a and b array initialization
  for (i = 0; i < ARRAY_SIZE; ++i) {
      A[i] = 1;
  }

  // Test simdlen of 1 5 8 13 16 100 128
#pragma omp target simd simdlen(1) map(tofrom: A[0:ARRAY_SIZE])
  for (i = 0; i < ARRAY_SIZE; ++i) {
      A[i] += A[i];
  }

#pragma omp target simd simdlen(5) map(tofrom: A[0:ARRAY_SIZE])
  for (i = 0; i < ARRAY_SIZE; ++i) {
      A[i] += A[i];
  }

#pragma omp target simd simdlen(8) map(tofrom: A[0:ARRAY_SIZE])
  for (i = 0; i < ARRAY_SIZE; ++i) {
      A[i] += A[i];
  }

#pragma omp target simd simdlen(13) map(tofrom: A[0:ARRAY_SIZE])
  for (i = 0; i < ARRAY_SIZE; ++i) {
      A[i] += A[i];
  }

#pragma omp target simd simdlen(16) map(tofrom: A[0:ARRAY_SIZE])
  for (i = 0; i < ARRAY_SIZE; ++i) {
      A[i] += A[i];
  }

#pragma omp target simd simdlen(100) map(tofrom: A[0:ARRAY_SIZE])
  for (i = 0; i < ARRAY_SIZE; ++i) {
      A[i] += A[i];
  }

#pragma omp target simd simdlen(128) map(tofrom: A[0:ARRAY_SIZE])
  for (i = 0; i < ARRAY_SIZE; ++i) {
      A[i] += A[i];
  }

  // Check the results
  for (i = 0; i < ARRAY_SIZE; ++i) {
      OMPVV_TEST_AND_SET(errors, A[i] != 1<<7);
  }

  return errors;
}

int main() {
  OMPVV_TEST_OFFLOADING;

  int errors = 0;

  OMPVV_TEST_AND_SET_VERBOSE(errors, test_target_simd_simdlen());

  OMPVV_REPORT_AND_RETURN(errors);
}
","//===---- test_target_simd_simdlen.c - simd directive clause simdlen   -===//
//
// OpenMP API Version 4.5 Nov 2015
//
// This test checks for the use of the simdlen clause which provides a hint to the
// compiler to the appropriate number of simd lanes when generating the simd
// region of code. However, different to safelen, this clause does not guarantee
// that the number of lanes will actually be the one specified. The number of lanes
// is implementation defined
// ===--------------------------------------------------------------------------===//
//

#include <omp.h>
#include <stdio.h>
#include <stdlib.h>
#include ""ompvv.h""

#define ARRAY_SIZE 1024

int test_target_simd_simdlen() {
  OMPVV_INFOMSG(""test_target_simd_simdlen"");
  OMPVV_WARNING(""This test cannot check if actual SIMD extensions at the hardware level"" \
                 "" were used, or of the generated code is different in any way"");

  // Variable for errors counting
  int errors = 0;

  int A[ARRAY_SIZE];
  int i, len;

  // a and b array initialization
  for (i = 0; i < ARRAY_SIZE; ++i) {
      A[i] = 1;
  }

  // Test simdlen of 1 5 8 13 16 100 128
#pragma omp target simd simdlen(1) map(tofrom: A[0:ARRAY_SIZE])
  for (i = 0; i < ARRAY_SIZE; ++i) {
      A[i] = A[i];
  }

#pragma omp target simd simdlen(5) map(tofrom: A[0:ARRAY_SIZE])
  for (i = 0; i < ARRAY_SIZE; ++i) {
      A[i] += A[i];
  }

#pragma omp target simd simdlen(8) map(tofrom: A[0:ARRAY_SIZE])
  for (i = 0; i < ARRAY_SIZE; ++i) {
      A[i] += A[i];
  }

#pragma omp target simd simdlen(13) map(tofrom: A[0:ARRAY_SIZE])
  for (i = 0; i < ARRAY_SIZE; ++i) {
      A[i] += A[i];
  }

#pragma omp target simd simdlen(16) map(tofrom: A[0:ARRAY_SIZE])
  for (i = 0; i < ARRAY_SIZE; ++i) {
      A[i] += A[i];
  }

#pragma omp target simd simdlen(100) map(tofrom: A[0:ARRAY_SIZE])
  for (i = 0; i < ARRAY_SIZE; ++i) {
      A[i] += A[i];
  }

#pragma omp target simd simdlen(128) map(tofrom: A[0:ARRAY_SIZE])
  for (i = 0; i < ARRAY_SIZE; ++i) {
      A[i] += A[i];
  }

  // Check the results
  for (i = 0; i < ARRAY_SIZE; ++i) {
      OMPVV_TEST_AND_SET(errors, A[i] != 1<<7);
  }

  return errors;
}

int main() {
  OMPVV_TEST_OFFLOADING;

  int errors = 0;

  OMPVV_TEST_AND_SET_VERBOSE(errors, test_target_simd_simdlen());

  OMPVV_REPORT_AND_RETURN(errors);
}
",openmp_gpu_batch_4_optionA_full_multivariant.csv,False,failed,True,passed,,NEEDS_REVIEW,target_mapping,general_code,tests/4.5/target_simd,4.5,needs_review,False,needs_review
tests/5.0/target/test_target_teams_num_teams.c,target,loop_body,ADD_TO_SUB,high,c[i] = a[i] + b[i];,c[i] = a[i] - b[i];,oracle checks c[i] == a[i] + b[i],target teams body subtracts b instead of adding it,35,test_target_teams_num_teams_ADD_TO_SUB.c,"//===------test_target_teams_num_teams.c--------------------------------------===//
//
// OpenMP API Version 5.0 Nov 2018
//
// Description:
// This is a basic test to demonstrate target teams + num_teams
//
//===------------------------------------------------------------------------===//

#include <omp.h>
#include <stdio.h>
#include <stdlib.h>
#include ""ompvv.h""

#define N 1024
#define NUM_TEAMS_TO_SET 32

int testNumTeamsDefaut() {
  int a[N], b[N], c[N];
  int errors = 0;
  int num_actual_teams = 0;
  // Data Inititalize
  for (int i = 0; i < N; i++) {
    a[i] = 2*i;  // Even
    b[i] = 2*i + 1;  // Odd
    c[i] = 0;
  }
  // Execute on target
#pragma omp target teams map(to: a[0:N], b[0:N]) map(from: c[0:N]) \
        map(tofrom: num_actual_teams) \
        num_teams(NUM_TEAMS_TO_SET)
  {
    num_actual_teams = omp_get_num_teams();
    for (int i = 0; i < N; i++) {
      c[i] = a[i] + b[i];
    }
  }
  // Validate
  OMPVV_TEST_AND_SET_VERBOSE(errors, (num_actual_teams > NUM_TEAMS_TO_SET));
  for (int i = 0; i < N; i++) {
    OMPVV_TEST_AND_SET_VERBOSE(errors, c[i] != a[i] + b[i]);
  }
  return errors;
}

int main() {
  OMPVV_TEST_OFFLOADING;
  int errors = 0;
  OMPVV_TEST_AND_SET_VERBOSE(errors, testNumTeamsDefaut());
  OMPVV_REPORT_AND_RETURN(errors);
}
","//===------test_target_teams_num_teams.c--------------------------------------===//
//
// OpenMP API Version 5.0 Nov 2018
//
// Description:
// This is a basic test to demonstrate target teams + num_teams
//
//===------------------------------------------------------------------------===//

#include <omp.h>
#include <stdio.h>
#include <stdlib.h>
#include ""ompvv.h""

#define N 1024
#define NUM_TEAMS_TO_SET 32

int testNumTeamsDefaut() {
  int a[N], b[N], c[N];
  int errors = 0;
  int num_actual_teams = 0;
  // Data Inititalize
  for (int i = 0; i < N; i++) {
    a[i] = 2*i;  // Even
    b[i] = 2*i + 1;  // Odd
    c[i] = 0;
  }
  // Execute on target
#pragma omp target teams map(to: a[0:N], b[0:N]) map(from: c[0:N]) \
        map(tofrom: num_actual_teams) \
        num_teams(NUM_TEAMS_TO_SET)
  {
    num_actual_teams = omp_get_num_teams();
    for (int i = 0; i < N; i++) {
      c[i] = a[i] - b[i];
    }
  }
  // Validate
  OMPVV_TEST_AND_SET_VERBOSE(errors, (num_actual_teams > NUM_TEAMS_TO_SET));
  for (int i = 0; i < N; i++) {
    OMPVV_TEST_AND_SET_VERBOSE(errors, c[i] != a[i] + b[i]);
  }
  return errors;
}

int main() {
  OMPVV_TEST_OFFLOADING;
  int errors = 0;
  OMPVV_TEST_AND_SET_VERBOSE(errors, testNumTeamsDefaut());
  OMPVV_REPORT_AND_RETURN(errors);
}
",openmp_gpu_batch_21_optionA_full_multivariant.csv,False,failed,True,passed,,NEEDS_REVIEW,target_mapping,general_code,tests/5.0/target,5.0,needs_review,False,needs_review
tests/5.0/teams_loop/test_target_teams_loop_is_device_ptr.c,teams_loop,loop_body,ADD_TO_SUB,high,a_h[i] = a_d1[i] + a_d2[i];,a_h[i] = a_d1[i] - a_d2[i];,testIsDevPtrOn2DifferentPointers checks a_h[i] == 4*i+1,target teams loop subtracts second device pointer value instead of adding,105,test_target_teams_loop_is_device_ptr_ADD_TO_SUB.c,"//===-------------- test_target_teams_loop_is_device_ptr.c----------------===//
//
// OpenMP API Version 5.0 Nov 2018
// The tests in this file tests 'teams loop' construct coupled with is_device_ptr
// & map() clause
//
//===----------------------------------------------------------------------===//

#include <omp.h>
#include <stdio.h>
#include <stdlib.h>
#include ""ompvv.h""

#define N 1024

/**
  This is a basic test to demonstrate is_device_ptr
  clause with target teams loop construct.
*/
int testIsDevPtrBasic() {
  int *a_h = NULL;
  int *a_d = NULL;
  int errors = 0;

  a_h = (int *) malloc(N * sizeof(int));
  OMPVV_TEST_AND_SET_VERBOSE(errors, a_h == NULL);
  a_d = (int *) omp_target_alloc(N * sizeof(int),
                omp_get_default_device());
  OMPVV_TEST_AND_SET_VERBOSE(errors, a_d == NULL);

#pragma omp target teams loop is_device_ptr(a_d) map(from: a_h[0:N])
  for (int i = 0; i < N; ++i) {
    a_d[i] = i;
    a_h[i] = a_d[i];
  }
  // Validate
  for (int i = 0; i < N; i++) {
    OMPVV_TEST_AND_SET_VERBOSE(errors, a_h[i] != i);
  }
  omp_target_free(a_d, omp_get_default_device());
  free(a_h);
  return errors;
}

/**
  This is a basic test to demonstrate is_device_ptr
  clause with 2 target teams blocks. The first block populates
  data and the second block uses the data.
*/
int testIsDevPtrOn2DifferentTasks() {
  int *a_h = NULL;
  int *a_d = NULL;
  int errors = 0;

  a_h = (int *) malloc(N * sizeof(int));
  OMPVV_TEST_AND_SET_VERBOSE(errors, a_h == NULL);
  a_d = (int *) omp_target_alloc(N * sizeof(int),
                omp_get_default_device());
  OMPVV_TEST_AND_SET_VERBOSE(errors, a_d == NULL);

#pragma omp target teams loop is_device_ptr(a_d)
  for (int i = 0; i < N; ++i) {
    a_d[i] = i;
  }

#pragma omp target teams loop is_device_ptr(a_d) map(from: a_h[0:N])
  for (int i = 0; i < N; ++i) {
    a_h[i] = a_d[i];
  }
  // Validate
  for (int i = 0; i < N; i++) {
    OMPVV_TEST_AND_SET_VERBOSE(errors, a_h[i] != i);
  }
  omp_target_free(a_d, omp_get_default_device());
  free(a_h);
  return errors;
}

/**
  This is a basic test to demonstrate is_device_ptr
  clause with 2 target teams blocks using multiple device pointers.
*/
int testIsDevPtrOn2DifferentPointers() {
  int *a_h = NULL;
  int *a_d1 = NULL, *a_d2 = NULL;
  int errors = 0;

  a_h = (int *) malloc(N * sizeof(int));
  OMPVV_TEST_AND_SET_VERBOSE(errors, a_h == NULL);
  a_d1 = (int *) omp_target_alloc(N * sizeof(int),
                omp_get_default_device());
  OMPVV_TEST_AND_SET_VERBOSE(errors, a_d1 == NULL);
  a_d2 = (int *) omp_target_alloc(N * sizeof(int),
                omp_get_default_device());
  OMPVV_TEST_AND_SET_VERBOSE(errors, a_d2 == NULL);

#pragma omp target teams loop is_device_ptr(a_d1, a_d2)
  for (int i = 0; i < N; ++i) {
    a_d1[i] = 2*i;
    a_d2[i] = 2*i + 1;
  }

#pragma omp target teams loop is_device_ptr(a_d1, a_d2) map(from: a_h[0:N])
  for (int i = 0; i < N; ++i) {
    a_h[i] = a_d1[i] + a_d2[i];
  }
  // Validate
  for (int i = 0; i < N; i++) {
    OMPVV_TEST_AND_SET_VERBOSE(errors, a_h[i] != (4*i + 1));
  }
  omp_target_free(a_d1, omp_get_default_device());
  omp_target_free(a_d2, omp_get_default_device());
  free(a_h);
  return errors;
}

int main(void) {
  int errors = 0;
  OMPVV_TEST_AND_SET_VERBOSE(errors, testIsDevPtrBasic());
  OMPVV_TEST_AND_SET_VERBOSE(errors, testIsDevPtrOn2DifferentTasks());
  OMPVV_TEST_AND_SET_VERBOSE(errors, testIsDevPtrOn2DifferentPointers());
  OMPVV_REPORT_AND_RETURN(errors);
}
","//===-------------- test_target_teams_loop_is_device_ptr.c----------------===//
//
// OpenMP API Version 5.0 Nov 2018
// The tests in this file tests 'teams loop' construct coupled with is_device_ptr
// & map() clause
//
//===----------------------------------------------------------------------===//

#include <omp.h>
#include <stdio.h>
#include <stdlib.h>
#include ""ompvv.h""

#define N 1024

/**
  This is a basic test to demonstrate is_device_ptr
  clause with target teams loop construct.
*/
int testIsDevPtrBasic() {
  int *a_h = NULL;
  int *a_d = NULL;
  int errors = 0;

  a_h = (int *) malloc(N * sizeof(int));
  OMPVV_TEST_AND_SET_VERBOSE(errors, a_h == NULL);
  a_d = (int *) omp_target_alloc(N * sizeof(int),
                omp_get_default_device());
  OMPVV_TEST_AND_SET_VERBOSE(errors, a_d == NULL);

#pragma omp target teams loop is_device_ptr(a_d) map(from: a_h[0:N])
  for (int i = 0; i < N; ++i) {
    a_d[i] = i;
    a_h[i] = a_d[i];
  }
  // Validate
  for (int i = 0; i < N; i++) {
    OMPVV_TEST_AND_SET_VERBOSE(errors, a_h[i] != i);
  }
  omp_target_free(a_d, omp_get_default_device());
  free(a_h);
  return errors;
}

/**
  This is a basic test to demonstrate is_device_ptr
  clause with 2 target teams blocks. The first block populates
  data and the second block uses the data.
*/
int testIsDevPtrOn2DifferentTasks() {
  int *a_h = NULL;
  int *a_d = NULL;
  int errors = 0;

  a_h = (int *) malloc(N * sizeof(int));
  OMPVV_TEST_AND_SET_VERBOSE(errors, a_h == NULL);
  a_d = (int *) omp_target_alloc(N * sizeof(int),
                omp_get_default_device());
  OMPVV_TEST_AND_SET_VERBOSE(errors, a_d == NULL);

#pragma omp target teams loop is_device_ptr(a_d)
  for (int i = 0; i < N; ++i) {
    a_d[i] = i;
  }

#pragma omp target teams loop is_device_ptr(a_d) map(from: a_h[0:N])
  for (int i = 0; i < N; ++i) {
    a_h[i] = a_d[i];
  }
  // Validate
  for (int i = 0; i < N; i++) {
    OMPVV_TEST_AND_SET_VERBOSE(errors, a_h[i] != i);
  }
  omp_target_free(a_d, omp_get_default_device());
  free(a_h);
  return errors;
}

/**
  This is a basic test to demonstrate is_device_ptr
  clause with 2 target teams blocks using multiple device pointers.
*/
int testIsDevPtrOn2DifferentPointers() {
  int *a_h = NULL;
  int *a_d1 = NULL, *a_d2 = NULL;
  int errors = 0;

  a_h = (int *) malloc(N * sizeof(int));
  OMPVV_TEST_AND_SET_VERBOSE(errors, a_h == NULL);
  a_d1 = (int *) omp_target_alloc(N * sizeof(int),
                omp_get_default_device());
  OMPVV_TEST_AND_SET_VERBOSE(errors, a_d1 == NULL);
  a_d2 = (int *) omp_target_alloc(N * sizeof(int),
                omp_get_default_device());
  OMPVV_TEST_AND_SET_VERBOSE(errors, a_d2 == NULL);

#pragma omp target teams loop is_device_ptr(a_d1, a_d2)
  for (int i = 0; i < N; ++i) {
    a_d1[i] = 2*i;
    a_d2[i] = 2*i + 1;
  }

#pragma omp target teams loop is_device_ptr(a_d1, a_d2) map(from: a_h[0:N])
  for (int i = 0; i < N; ++i) {
    a_h[i] = a_d1[i] - a_d2[i];
  }
  // Validate
  for (int i = 0; i < N; i++) {
    OMPVV_TEST_AND_SET_VERBOSE(errors, a_h[i] != (4*i + 1));
  }
  omp_target_free(a_d1, omp_get_default_device());
  omp_target_free(a_d2, omp_get_default_device());
  free(a_h);
  return errors;
}

int main(void) {
  int errors = 0;
  OMPVV_TEST_AND_SET_VERBOSE(errors, testIsDevPtrBasic());
  OMPVV_TEST_AND_SET_VERBOSE(errors, testIsDevPtrOn2DifferentTasks());
  OMPVV_TEST_AND_SET_VERBOSE(errors, testIsDevPtrOn2DifferentPointers());
  OMPVV_REPORT_AND_RETURN(errors);
}
",openmp_gpu_batch_24_optionA_full_multivariant.csv,False,failed,True,passed,,NEEDS_REVIEW,target_mapping,general_code,tests/5.0/teams_loop,5.0,needs_review,False,needs_review
tests/5.0/teams_loop/test_target_teams_loop_nowait.c,teams_loop,loop_body,ADD_TO_SUB,high,c[i] = a[i] + b[i];,c[i] = a[i] - b[i];,oracle checks c[i] == a[i] + b[i],target teams loop subtracts b instead of adding,32,test_target_teams_loop_nowait_ADD_TO_SUB.c,"#include <omp.h>
#include <stdio.h>
#include <stdlib.h>
#include ""ompvv.h""
#include <time.h>

#define N 1024

/**
  This is a basic test to demonstrate nowait clause used
  with ""omp target teams loop"".
*/
int main() {
  int *a, *b, *c;
  a = (int*) malloc(N*sizeof(int));
  b = (int*) malloc(N*sizeof(int));
  c = (int*) malloc(N*sizeof(int));
  if ((a == NULL) || (b == NULL) || (c == NULL)) {
    OMPVV_REPORT_AND_RETURN(1);
  }
  int errors = 0;
  srand(time(NULL));
  // Data Inititalize
  for (int i = 0; i < N; i++) {
    a[i] = (rand() % 1024) + 1;
    b[i] = (rand() % 1024) + 1;
    c[i] = 0;
  }
  // Execute on target
#pragma omp target teams loop map(to: a[0:N], b[0:N]) map(from: c[0:N]) nowait
  for (int i = 0; i < N; i++) {
    c[i] = a[i] + b[i];
  }
#pragma omp taskwait
  for (int i = 0; i < N; i++) {
    OMPVV_TEST_AND_SET_VERBOSE(errors, c[i] != a[i] + b[i]);
  }
  free(a);
  free(b);
  free(c);
  OMPVV_REPORT_AND_RETURN(errors);
}
","#include <omp.h>
#include <stdio.h>
#include <stdlib.h>
#include ""ompvv.h""
#include <time.h>

#define N 1024

/**
  This is a basic test to demonstrate nowait clause used
  with ""omp target teams loop"".
*/
int main() {
  int *a, *b, *c;
  a = (int*) malloc(N*sizeof(int));
  b = (int*) malloc(N*sizeof(int));
  c = (int*) malloc(N*sizeof(int));
  if ((a == NULL) || (b == NULL) || (c == NULL)) {
    OMPVV_REPORT_AND_RETURN(1);
  }
  int errors = 0;
  srand(time(NULL));
  // Data Inititalize
  for (int i = 0; i < N; i++) {
    a[i] = (rand() % 1024) + 1;
    b[i] = (rand() % 1024) + 1;
    c[i] = 0;
  }
  // Execute on target
#pragma omp target teams loop map(to: a[0:N], b[0:N]) map(from: c[0:N]) nowait
  for (int i = 0; i < N; i++) {
    c[i] = a[i] - b[i];
  }
#pragma omp taskwait
  for (int i = 0; i < N; i++) {
    OMPVV_TEST_AND_SET_VERBOSE(errors, c[i] != a[i] + b[i]);
  }
  free(a);
  free(b);
  free(c);
  OMPVV_REPORT_AND_RETURN(errors);
}
",openmp_gpu_batch_24_optionA_full_multivariant.csv,False,failed,True,passed,,NEEDS_REVIEW,target_mapping,general_code,tests/5.0/teams_loop,5.0,needs_review,False,needs_review
tests/4.5/target_simd/test_target_simd_safelen.c,target_simd,loop_body,ADD_TO_SUBTRACT,high,A[i-128] += A[i];,A[i-128] -= A[i];,"OMPVV_TEST_AND_SET(errors, (A[i] != A_host[i]))",GPU computation subtracts where CPU reference adds,70,test_target_simd_safelen_ADD_TO_SUBTRACT.c,"//===---- test_target_simd_safelen.c - simd directive clause safelen   -===//
//
// OpenMP API Version 4.5 Nov 2015
//
// This test checks for the use of the safelen clause which prevents parallelization
// over SIMD lanes that goes behond the contant value passed to the clause. This
// is due to th possible iteration dependecies usually larger than 1. Regardless of
// the SIMD len in hardware, the passed parameter should allow any possitive integer
//===--------------------------------------------------------------------------===//
//

#include <omp.h>
#include <stdio.h>
#include <stdlib.h>
#include ""ompvv.h""

#define ARRAY_SIZE 1024

int test_target_simd_safelen() {
  OMPVV_INFOMSG(""test_target_simd_safelen"");
  OMPVV_WARNING(""This test cannot check if actual SIMD extensions at the hardware level"" \
                 "" were used, or of the generated code is different in any way"");

  // Variable for errors counting
  int errors = 0;

  int A[ARRAY_SIZE];
  int A_host[ARRAY_SIZE];
  int i, len;

  // a and b array initialization
  for (i = 0; i < ARRAY_SIZE; ++i) {
      A[i] = 1;
      A_host[i] = 1;
  }

  // Test safelen of 1 5 8 13 16 100 128
#pragma omp target simd safelen(1) map(tofrom: A[0:ARRAY_SIZE])
  for (i = 1; i < ARRAY_SIZE; ++i) {
      A[i-1] += A[i];
  }

#pragma omp target simd safelen(5) map(tofrom: A[0:ARRAY_SIZE])
  for (i = 5; i < ARRAY_SIZE; ++i) {
      A[i-5] += A[i];
  }

#pragma omp target simd safelen(8) map(tofrom: A[0:ARRAY_SIZE])
  for (i = 8; i < ARRAY_SIZE; ++i) {
      A[i-8] += A[i];
  }

#pragma omp target simd safelen(13) map(tofrom: A[0:ARRAY_SIZE])
  for (i = 13; i < ARRAY_SIZE; ++i) {
      A[i-13] += A[i];
  }

#pragma omp target simd safelen(16) map(tofrom: A[0:ARRAY_SIZE])
  for (i = 16; i < ARRAY_SIZE; ++i) {
      A[i-16] += A[i];
  }

#pragma omp target simd safelen(100) map(tofrom: A[0:ARRAY_SIZE])
  for (i = 100; i < ARRAY_SIZE; ++i) {
      A[i-100] += A[i];
  }

#pragma omp target simd safelen(128) map(tofrom: A[0:ARRAY_SIZE])
  for (i = 128; i < ARRAY_SIZE; ++i) {
      A[i-128] += A[i];
  }


  // Get the resultiong values form the CPU without any omp region
  for (i = 1; i < ARRAY_SIZE; ++i) {
      A_host[i-1] += A_host[i];
  }

  for (i = 5; i < ARRAY_SIZE; ++i) {
      A_host[i-5] += A_host[i];
  }

  for (i = 8; i < ARRAY_SIZE; ++i) {
      A_host[i-8] += A_host[i];
  }

  for (i = 13; i < ARRAY_SIZE; ++i) {
      A_host[i-13] += A_host[i];
  }

  for (i = 16; i < ARRAY_SIZE; ++i) {
      A_host[i-16] += A_host[i];
  }

  for (i = 100; i < ARRAY_SIZE; ++i) {
      A_host[i-100] += A_host[i];
  }

  for (i = 128; i < ARRAY_SIZE; ++i) {
      A_host[i-128] += A_host[i];
  }

  // Check the results
  for (i = 0; i < ARRAY_SIZE; ++i) {
      OMPVV_TEST_AND_SET(errors, (A[i] != A_host[i]));
  }

  return errors;
}

int main() {
  OMPVV_TEST_OFFLOADING;

  int errors = 0;

  OMPVV_TEST_AND_SET_VERBOSE(errors, test_target_simd_safelen());

  OMPVV_REPORT_AND_RETURN(errors);
}
","//===---- test_target_simd_safelen.c - simd directive clause safelen   -===//
//
// OpenMP API Version 4.5 Nov 2015
//
// This test checks for the use of the safelen clause which prevents parallelization
// over SIMD lanes that goes behond the contant value passed to the clause. This
// is due to th possible iteration dependecies usually larger than 1. Regardless of
// the SIMD len in hardware, the passed parameter should allow any possitive integer
//===--------------------------------------------------------------------------===//
//

#include <omp.h>
#include <stdio.h>
#include <stdlib.h>
#include ""ompvv.h""

#define ARRAY_SIZE 1024

int test_target_simd_safelen() {
  OMPVV_INFOMSG(""test_target_simd_safelen"");
  OMPVV_WARNING(""This test cannot check if actual SIMD extensions at the hardware level"" \
                 "" were used, or of the generated code is different in any way"");

  // Variable for errors counting
  int errors = 0;

  int A[ARRAY_SIZE];
  int A_host[ARRAY_SIZE];
  int i, len;

  // a and b array initialization
  for (i = 0; i < ARRAY_SIZE; ++i) {
      A[i] = 1;
      A_host[i] = 1;
  }

  // Test safelen of 1 5 8 13 16 100 128
#pragma omp target simd safelen(1) map(tofrom: A[0:ARRAY_SIZE])
  for (i = 1; i < ARRAY_SIZE; ++i) {
      A[i-1] += A[i];
  }

#pragma omp target simd safelen(5) map(tofrom: A[0:ARRAY_SIZE])
  for (i = 5; i < ARRAY_SIZE; ++i) {
      A[i-5] += A[i];
  }

#pragma omp target simd safelen(8) map(tofrom: A[0:ARRAY_SIZE])
  for (i = 8; i < ARRAY_SIZE; ++i) {
      A[i-8] += A[i];
  }

#pragma omp target simd safelen(13) map(tofrom: A[0:ARRAY_SIZE])
  for (i = 13; i < ARRAY_SIZE; ++i) {
      A[i-13] += A[i];
  }

#pragma omp target simd safelen(16) map(tofrom: A[0:ARRAY_SIZE])
  for (i = 16; i < ARRAY_SIZE; ++i) {
      A[i-16] += A[i];
  }

#pragma omp target simd safelen(100) map(tofrom: A[0:ARRAY_SIZE])
  for (i = 100; i < ARRAY_SIZE; ++i) {
      A[i-100] += A[i];
  }

#pragma omp target simd safelen(128) map(tofrom: A[0:ARRAY_SIZE])
  for (i = 128; i < ARRAY_SIZE; ++i) {
      A[i-128] -= A[i];
  }


  // Get the resultiong values form the CPU without any omp region
  for (i = 1; i < ARRAY_SIZE; ++i) {
      A_host[i-1] += A_host[i];
  }

  for (i = 5; i < ARRAY_SIZE; ++i) {
      A_host[i-5] += A_host[i];
  }

  for (i = 8; i < ARRAY_SIZE; ++i) {
      A_host[i-8] += A_host[i];
  }

  for (i = 13; i < ARRAY_SIZE; ++i) {
      A_host[i-13] += A_host[i];
  }

  for (i = 16; i < ARRAY_SIZE; ++i) {
      A_host[i-16] += A_host[i];
  }

  for (i = 100; i < ARRAY_SIZE; ++i) {
      A_host[i-100] += A_host[i];
  }

  for (i = 128; i < ARRAY_SIZE; ++i) {
      A_host[i-128] += A_host[i];
  }

  // Check the results
  for (i = 0; i < ARRAY_SIZE; ++i) {
      OMPVV_TEST_AND_SET(errors, (A[i] != A_host[i]));
  }

  return errors;
}

int main() {
  OMPVV_TEST_OFFLOADING;

  int errors = 0;

  OMPVV_TEST_AND_SET_VERBOSE(errors, test_target_simd_safelen());

  OMPVV_REPORT_AND_RETURN(errors);
}
",openmp_gpu_batch_4_optionA_full_multivariant.csv,False,failed,True,passed,,NEEDS_REVIEW,target_mapping,general_code,tests/4.5/target_simd,4.5,needs_review,False,needs_review
tests/4.5/target_simd/test_target_simd_simdlen.c,target_simd,loop_body,ADD_TO_SUBTRACT,high,A[i] += A[i];,A[i] -= A[i];,"OMPVV_TEST_AND_SET(errors, A[i] != 1<<7)",first doubling loop zeroes A instead of doubling it,39,test_target_simd_simdlen_ADD_TO_SUBTRACT.c,"//===---- test_target_simd_simdlen.c - simd directive clause simdlen   -===//
//
// OpenMP API Version 4.5 Nov 2015
//
// This test checks for the use of the simdlen clause which provides a hint to the
// compiler to the appropriate number of simd lanes when generating the simd
// region of code. However, different to safelen, this clause does not guarantee
// that the number of lanes will actually be the one specified. The number of lanes
// is implementation defined
// ===--------------------------------------------------------------------------===//
//

#include <omp.h>
#include <stdio.h>
#include <stdlib.h>
#include ""ompvv.h""

#define ARRAY_SIZE 1024

int test_target_simd_simdlen() {
  OMPVV_INFOMSG(""test_target_simd_simdlen"");
  OMPVV_WARNING(""This test cannot check if actual SIMD extensions at the hardware level"" \
                 "" were used, or of the generated code is different in any way"");

  // Variable for errors counting
  int errors = 0;

  int A[ARRAY_SIZE];
  int i, len;

  // a and b array initialization
  for (i = 0; i < ARRAY_SIZE; ++i) {
      A[i] = 1;
  }

  // Test simdlen of 1 5 8 13 16 100 128
#pragma omp target simd simdlen(1) map(tofrom: A[0:ARRAY_SIZE])
  for (i = 0; i < ARRAY_SIZE; ++i) {
      A[i] += A[i];
  }

#pragma omp target simd simdlen(5) map(tofrom: A[0:ARRAY_SIZE])
  for (i = 0; i < ARRAY_SIZE; ++i) {
      A[i] += A[i];
  }

#pragma omp target simd simdlen(8) map(tofrom: A[0:ARRAY_SIZE])
  for (i = 0; i < ARRAY_SIZE; ++i) {
      A[i] += A[i];
  }

#pragma omp target simd simdlen(13) map(tofrom: A[0:ARRAY_SIZE])
  for (i = 0; i < ARRAY_SIZE; ++i) {
      A[i] += A[i];
  }

#pragma omp target simd simdlen(16) map(tofrom: A[0:ARRAY_SIZE])
  for (i = 0; i < ARRAY_SIZE; ++i) {
      A[i] += A[i];
  }

#pragma omp target simd simdlen(100) map(tofrom: A[0:ARRAY_SIZE])
  for (i = 0; i < ARRAY_SIZE; ++i) {
      A[i] += A[i];
  }

#pragma omp target simd simdlen(128) map(tofrom: A[0:ARRAY_SIZE])
  for (i = 0; i < ARRAY_SIZE; ++i) {
      A[i] += A[i];
  }

  // Check the results
  for (i = 0; i < ARRAY_SIZE; ++i) {
      OMPVV_TEST_AND_SET(errors, A[i] != 1<<7);
  }

  return errors;
}

int main() {
  OMPVV_TEST_OFFLOADING;

  int errors = 0;

  OMPVV_TEST_AND_SET_VERBOSE(errors, test_target_simd_simdlen());

  OMPVV_REPORT_AND_RETURN(errors);
}
","//===---- test_target_simd_simdlen.c - simd directive clause simdlen   -===//
//
// OpenMP API Version 4.5 Nov 2015
//
// This test checks for the use of the simdlen clause which provides a hint to the
// compiler to the appropriate number of simd lanes when generating the simd
// region of code. However, different to safelen, this clause does not guarantee
// that the number of lanes will actually be the one specified. The number of lanes
// is implementation defined
// ===--------------------------------------------------------------------------===//
//

#include <omp.h>
#include <stdio.h>
#include <stdlib.h>
#include ""ompvv.h""

#define ARRAY_SIZE 1024

int test_target_simd_simdlen() {
  OMPVV_INFOMSG(""test_target_simd_simdlen"");
  OMPVV_WARNING(""This test cannot check if actual SIMD extensions at the hardware level"" \
                 "" were used, or of the generated code is different in any way"");

  // Variable for errors counting
  int errors = 0;

  int A[ARRAY_SIZE];
  int i, len;

  // a and b array initialization
  for (i = 0; i < ARRAY_SIZE; ++i) {
      A[i] = 1;
  }

  // Test simdlen of 1 5 8 13 16 100 128
#pragma omp target simd simdlen(1) map(tofrom: A[0:ARRAY_SIZE])
  for (i = 0; i < ARRAY_SIZE; ++i) {
      A[i] -= A[i];
  }

#pragma omp target simd simdlen(5) map(tofrom: A[0:ARRAY_SIZE])
  for (i = 0; i < ARRAY_SIZE; ++i) {
      A[i] += A[i];
  }

#pragma omp target simd simdlen(8) map(tofrom: A[0:ARRAY_SIZE])
  for (i = 0; i < ARRAY_SIZE; ++i) {
      A[i] += A[i];
  }

#pragma omp target simd simdlen(13) map(tofrom: A[0:ARRAY_SIZE])
  for (i = 0; i < ARRAY_SIZE; ++i) {
      A[i] += A[i];
  }

#pragma omp target simd simdlen(16) map(tofrom: A[0:ARRAY_SIZE])
  for (i = 0; i < ARRAY_SIZE; ++i) {
      A[i] += A[i];
  }

#pragma omp target simd simdlen(100) map(tofrom: A[0:ARRAY_SIZE])
  for (i = 0; i < ARRAY_SIZE; ++i) {
      A[i] += A[i];
  }

#pragma omp target simd simdlen(128) map(tofrom: A[0:ARRAY_SIZE])
  for (i = 0; i < ARRAY_SIZE; ++i) {
      A[i] += A[i];
  }

  // Check the results
  for (i = 0; i < ARRAY_SIZE; ++i) {
      OMPVV_TEST_AND_SET(errors, A[i] != 1<<7);
  }

  return errors;
}

int main() {
  OMPVV_TEST_OFFLOADING;

  int errors = 0;

  OMPVV_TEST_AND_SET_VERBOSE(errors, test_target_simd_simdlen());

  OMPVV_REPORT_AND_RETURN(errors);
}
",openmp_gpu_batch_4_optionA_full_multivariant.csv,False,failed,True,passed,,NEEDS_REVIEW,target_mapping,general_code,tests/4.5/target_simd,4.5,needs_review,False,needs_review
tests/4.5/target_teams_distribute/test_target_teams_distribute.c,target_teams_distribute,loop_body,ADD_TO_SUBTRACT,high,a[x] += b[x];,a[x] -= b[x];,checks a[x] == 1 + b[x],target computation subtracts b[x] instead of adding it,37,test_target_teams_distribute_ADD_TO_SUBTRACT.c,"//===--- test_target_teams_distribute.c--------------------------------------===//
//
// OpenMP API Version 4.5 Nov 2015
//
// This test uses the target teams distribute directive and tests to validate
// that computation inside the region executes properly.
//
////===----------------------------------------------------------------------===//

#include <omp.h>
#include <stdio.h>
#include <stdlib.h>
#include ""ompvv.h""

#define N 1024

int main() {
  int a[N];
  int b[N];
  int num_teams[N];
  int errors = 0;
  int is_offloading;

  OMPVV_TEST_AND_SET_OFFLOADING(is_offloading);
  OMPVV_TEST_SHARED_ENVIRONMENT

  // a and b array initialization
  for (int x = 0; x < N; ++x) {
    a[x] = 1;
    b[x] = x;
    num_teams[x] = -1;
  }

#pragma omp target teams distribute map(tofrom: a[0:N], num_teams[0:N]) map(to: b[0:N])
  for (int x = 0; x < N; ++x) {
    num_teams[x] = omp_get_num_teams();
    a[x] += b[x];
  }

  if (num_teams[0] == 1) {
    OMPVV_WARNING(""Test operated with one team.  Parallelism of teams distribute can't be guaranteed."");
  } else if (num_teams[0] < 1) {
    OMPVV_ERROR(""omp_get_num_teams() reported a value below one."");
  }

  for (int x = 1; x < N; ++x) {
    if (num_teams[x] != num_teams[x - 1]) {
      OMPVV_ERROR(""Test reported an inconsistent number of teams between loop iterations."");
      errors++;
    }
    OMPVV_TEST_AND_SET_VERBOSE(errors, (a[x] != 1 + b[x]));
    if (a[x] != 1 + b[x]){
      errors++;
      break;
    }
  }

  OMPVV_INFOMSG_IF(!errors, ""Test passed with %d teams."", num_teams[0]);

  OMPVV_REPORT_AND_RETURN(errors);
}
","//===--- test_target_teams_distribute.c--------------------------------------===//
//
// OpenMP API Version 4.5 Nov 2015
//
// This test uses the target teams distribute directive and tests to validate
// that computation inside the region executes properly.
//
////===----------------------------------------------------------------------===//

#include <omp.h>
#include <stdio.h>
#include <stdlib.h>
#include ""ompvv.h""

#define N 1024

int main() {
  int a[N];
  int b[N];
  int num_teams[N];
  int errors = 0;
  int is_offloading;

  OMPVV_TEST_AND_SET_OFFLOADING(is_offloading);
  OMPVV_TEST_SHARED_ENVIRONMENT

  // a and b array initialization
  for (int x = 0; x < N; ++x) {
    a[x] = 1;
    b[x] = x;
    num_teams[x] = -1;
  }

#pragma omp target teams distribute map(tofrom: a[0:N], num_teams[0:N]) map(to: b[0:N])
  for (int x = 0; x < N; ++x) {
    num_teams[x] = omp_get_num_teams();
    a[x] -= b[x];
  }

  if (num_teams[0] == 1) {
    OMPVV_WARNING(""Test operated with one team.  Parallelism of teams distribute can't be guaranteed."");
  } else if (num_teams[0] < 1) {
    OMPVV_ERROR(""omp_get_num_teams() reported a value below one."");
  }

  for (int x = 1; x < N; ++x) {
    if (num_teams[x] != num_teams[x - 1]) {
      OMPVV_ERROR(""Test reported an inconsistent number of teams between loop iterations."");
      errors++;
    }
    OMPVV_TEST_AND_SET_VERBOSE(errors, (a[x] != 1 + b[x]));
    if (a[x] != 1 + b[x]){
      errors++;
      break;
    }
  }

  OMPVV_INFOMSG_IF(!errors, ""Test passed with %d teams."", num_teams[0]);

  OMPVV_REPORT_AND_RETURN(errors);
}
",openmp_gpu_batch_6_optionA_full_multivariant.csv,False,failed,True,passed,,NEEDS_REVIEW,target_mapping,general_code,tests/4.5/target_teams_distribute,4.5,needs_review,False,needs_review
tests/5.0/target/test_target_collapse.c,target,loop_body,ADD_TO_SUBTRACT,high,A[i] += B[j];,A[i] -= B[j];,oracle checks each A[i] == N*(N+1)/2,parallel loop subtracts B[j] instead of adding,27,test_target_collapse_ADD_TO_SUBTRACT.c,"//===------ test_target_collapse.c --------------------------------------===//
//
// OpenMP API Version 5.0 Nov 2018
//
// Tests the target directive with collapse clause.
//
//===------------------------------------------------------------------------===//


#include <stdio.h>
#include ""omp.h""
#include ""ompvv.h""

#define N 5
int Runtst(int gpu) {
  int A[N], B[N] = {0};
  int errors = 0;
  for (int i = 0; i < N; ++i) {
    A[i] = 0;
    B[i] = i + 1;
  }
#pragma omp target data map(tofrom: A, B) device(gpu)
#pragma omp target parallel for collapse(2) shared(A, B) device(gpu)
  for (int i = 0; i < N; ++i) {
    for (int j = 0; j < N; ++j) {
#pragma omp atomic
      A[i] += B[j];
    }
  }

  // verifying the result
  for (int i = 0; i < N; ++i) {
    if (A[i] != N * (N + 1)/2) {
      errors++;
    }
  }
  return errors;
}

int main() {
  OMPVV_TEST_OFFLOADING;
  int TotGpus = omp_get_num_devices();
  int errors = 0;
  for (int gpu = 0; gpu < TotGpus; ++gpu) {
    OMPVV_TEST_AND_SET(errors, Runtst(gpu) != 0);
  }
  OMPVV_REPORT_AND_RETURN(errors);
}
","//===------ test_target_collapse.c --------------------------------------===//
//
// OpenMP API Version 5.0 Nov 2018
//
// Tests the target directive with collapse clause.
//
//===------------------------------------------------------------------------===//


#include <stdio.h>
#include ""omp.h""
#include ""ompvv.h""

#define N 5
int Runtst(int gpu) {
  int A[N], B[N] = {0};
  int errors = 0;
  for (int i = 0; i < N; ++i) {
    A[i] = 0;
    B[i] = i + 1;
  }
#pragma omp target data map(tofrom: A, B) device(gpu)
#pragma omp target parallel for collapse(2) shared(A, B) device(gpu)
  for (int i = 0; i < N; ++i) {
    for (int j = 0; j < N; ++j) {
#pragma omp atomic
      A[i] -= B[j];
    }
  }

  // verifying the result
  for (int i = 0; i < N; ++i) {
    if (A[i] != N * (N + 1)/2) {
      errors++;
    }
  }
  return errors;
}

int main() {
  OMPVV_TEST_OFFLOADING;
  int TotGpus = omp_get_num_devices();
  int errors = 0;
  for (int gpu = 0; gpu < TotGpus; ++gpu) {
    OMPVV_TEST_AND_SET(errors, Runtst(gpu) != 0);
  }
  OMPVV_REPORT_AND_RETURN(errors);
}
",openmp_gpu_batch_19_optionA_full_multivariant.csv,False,failed,True,passed,,NEEDS_REVIEW,target_mapping,general_code,tests/5.0/target,5.0,needs_review,False,needs_review
tests/5.0/teams_loop/test_target_teams_loop_collapse.c,teams_loop,loop_body,ADD_TO_SUBTRACT,high,c[j] = a[j] + b[j];,c[j] = a[j] - b[j];,oracle checks c[j] == a[j] + b[j],target teams loop subtracts b from a instead of adding,26,test_target_teams_loop_collapse_ADD_TO_SUBTRACT.c,"#include <omp.h>
#include <stdio.h>
#include <stdlib.h>
#include ""ompvv.h""

#define DIM 32
#define N (DIM*DIM)

/**
  This is a basic test to demonstrate collapse clause used
  with ""omp target teams loop"".
*/
int main() {
  int a[N], b[N], c[N];
  int errors = 0;
  // Data Inititalize
  for (int i = 0; i < N; i++) {
    a[i] = 2*i;  // Even
    b[i] = 2*i + 1;  // Odd
    c[i] = 0;
  }
  // Execute on target
#pragma omp target teams loop map(to: a, b) map(from: c) collapse(2)
  for (int i = 0; i < DIM; i++) {
    for (int j = (i*DIM); j < (i*DIM + DIM); j++) {
      c[j] = a[j] + b[j];
    }
  }

  for (int i = 0; i < N; i++) {
    OMPVV_TEST_AND_SET_VERBOSE(errors, c[i] != a[i] + b[i]);
  }
  OMPVV_REPORT_AND_RETURN(errors);
}
","#include <omp.h>
#include <stdio.h>
#include <stdlib.h>
#include ""ompvv.h""

#define DIM 32
#define N (DIM*DIM)

/**
  This is a basic test to demonstrate collapse clause used
  with ""omp target teams loop"".
*/
int main() {
  int a[N], b[N], c[N];
  int errors = 0;
  // Data Inititalize
  for (int i = 0; i < N; i++) {
    a[i] = 2*i;  // Even
    b[i] = 2*i + 1;  // Odd
    c[i] = 0;
  }
  // Execute on target
#pragma omp target teams loop map(to: a, b) map(from: c) collapse(2)
  for (int i = 0; i < DIM; i++) {
    for (int j = (i*DIM); j < (i*DIM + DIM); j++) {
      c[j] = a[j] - b[j];
    }
  }

  for (int i = 0; i < N; i++) {
    OMPVV_TEST_AND_SET_VERBOSE(errors, c[i] != a[i] + b[i]);
  }
  OMPVV_REPORT_AND_RETURN(errors);
}
",openmp_gpu_batch_23_optionA_full_multivariant.csv,False,failed,True,passed,,NEEDS_REVIEW,target_mapping,general_code,tests/5.0/teams_loop,5.0,needs_review,False,needs_review
tests/4.5/target_teams_distribute_parallel_for/test_target_teams_distribute_parallel_for_map_from.c,target_teams_distribute_parallel_for,loop_body,ARRAY_ASSIGN_10_TO_9,high,a[j] = 10;,a[j] = 9;,oracle checks a[i] == 10,array copied back with wrong value,35,test_target_teams_map_from_ARRAY_10_TO_9.c,"//===--- test_target_teams_distribute_parallel_for_map_from.c ---------------===//
//
// OpenMP API Version 4.5 Nov 2015
//
// Testing the map from of scalars and arrays when used with target teams
// distrbute parallel for.
//
//===------------------------------------------------------------------------===//

#include <omp.h>
#include ""ompvv.h""
#include <stdio.h>

#define N 1024

int test_target_teams_distribute_parallel_for_map_from() {
  OMPVV_INFOMSG(""test_target_teams_distribute_parallel_for_map_from"");

  int a[N];
  int scalar = 0;
  int errors = 0;
  int i,j, dev;

  scalar = 0;
  // array initialization
  for (i = 0; i < N; ++i) {
    a[i] = 1;
  }


#pragma omp target teams distribute parallel for map(from: a, scalar)
  for (j = 0; j < N; ++j) {
#pragma omp atomic write
    scalar = 20;
    a[j] = 10;
  }

  // check the results
  OMPVV_TEST_AND_SET(errors, scalar != 20);
  for (i = 0; i < N; ++i) {
    OMPVV_TEST_AND_SET(errors, a[i] != 10);
  }

  return errors;
}

int main() {
  int errors = 0;
  OMPVV_TEST_OFFLOADING;

  OMPVV_TEST_AND_SET_VERBOSE(errors, test_target_teams_distribute_parallel_for_map_from());

  OMPVV_REPORT_AND_RETURN(errors);
}
","//===--- test_target_teams_distribute_parallel_for_map_from.c ---------------===//
//
// OpenMP API Version 4.5 Nov 2015
//
// Testing the map from of scalars and arrays when used with target teams
// distrbute parallel for.
//
//===------------------------------------------------------------------------===//

#include <omp.h>
#include ""ompvv.h""
#include <stdio.h>

#define N 1024

int test_target_teams_distribute_parallel_for_map_from() {
  OMPVV_INFOMSG(""test_target_teams_distribute_parallel_for_map_from"");

  int a[N];
  int scalar = 0;
  int errors = 0;
  int i,j, dev;

  scalar = 0;
  // array initialization
  for (i = 0; i < N; ++i) {
    a[i] = 1;
  }


#pragma omp target teams distribute parallel for map(from: a, scalar)
  for (j = 0; j < N; ++j) {
#pragma omp atomic write
    scalar = 20;
    a[j] = 9;
  }

  // check the results
  OMPVV_TEST_AND_SET(errors, scalar != 20);
  for (i = 0; i < N; ++i) {
    OMPVV_TEST_AND_SET(errors, a[i] != 10);
  }

  return errors;
}

int main() {
  int errors = 0;
  OMPVV_TEST_OFFLOADING;

  OMPVV_TEST_AND_SET_VERBOSE(errors, test_target_teams_distribute_parallel_for_map_from());

  OMPVV_REPORT_AND_RETURN(errors);
}
",openmp_gpu_batch_5_optionA_full_multivariant.csv,False,failed,True,passed,,NEEDS_REVIEW,target_mapping,general_code,tests/4.5/target_teams_distribute_parallel_for,4.5,needs_review,False,needs_review
tests/4.5/target_teams_distribute_parallel_for/test_target_teams_distribute_parallel_for_dist_schedule.c,target_teams_distribute_parallel_for,loop_body,ARR_TEAM_NUM_TO_THREAD_NUM,high,arr[i] = omp_get_team_num();,arr[i] = omp_get_thread_num();,chunk check expects arr values to identify static distribution by team,"array records thread number instead of team number, breaking the chunking oracle",30,test_target_teams_dist_schedule_TEAM_NUM_TO_THREAD_NUM.c,"//===-test_target_teams_distribute_parallel_for_dist_schedule.c-===//
//
// OpenMP API Version 4.5 Nov 2015
//
// testing the combined construct target teams distribute parallel for
// This test will check if dist_schedule(static, 4) taking effect
//
//===---------------------------------------------------------------------===//

#include <omp.h>
#include <stdio.h>
#include <stdlib.h>
#include ""ompvv.h""

int arr[32] = {0};
int chunked = 1;

int Dist_ScheduleStatic() {
  int ErrCount = 0;
int num_teams, num_threads;

#pragma omp target teams distribute parallel for num_teams(2)\
        thread_limit(4)  map(tofrom: num_teams, num_threads)\
        dist_schedule(static, 4)
  for (int i = 0; i < 32; ++i) {
    if(omp_get_team_num()==0 && omp_get_thread_num() == 0){
      num_teams = omp_get_num_teams();
      num_threads = omp_get_num_threads();
    }
    arr[i] = omp_get_team_num();
  }

  if ((num_teams > OMPVV_NUM_TEAMS_DEVICE) || (num_threads > OMPVV_NUM_THREADS_DEVICE)) {
    ErrCount += 1;
  }
  if(num_teams == 1){
    OMPVV_WARNING(""Only 1 team was created, the feature cannot be tested."");
    return ErrCount;
  }

  for(int i=0; i<32; i+=4){
    int temp = arr[i];
    for(int j=1; j< 4;j++)
      if(arr[i+j] != temp){
        chunked = 0;
        break;
      }
    if(chunked == 0) {
      ErrCount++;
      OMPVV_WARNING(""The given iterations were not scheduled according to the static chunks requested"");
      break;
    }
  }

  return ErrCount;
}



int main() {
  OMPVV_TEST_OFFLOADING;
  int errors = 0;
  OMPVV_TEST_AND_SET_VERBOSE(errors, Dist_ScheduleStatic() != 0);
  OMPVV_REPORT_AND_RETURN(errors);
}
","//===-test_target_teams_distribute_parallel_for_dist_schedule.c-===//
//
// OpenMP API Version 4.5 Nov 2015
//
// testing the combined construct target teams distribute parallel for
// This test will check if dist_schedule(static, 4) taking effect
//
//===---------------------------------------------------------------------===//

#include <omp.h>
#include <stdio.h>
#include <stdlib.h>
#include ""ompvv.h""

int arr[32] = {0};
int chunked = 1;

int Dist_ScheduleStatic() {
  int ErrCount = 0;
int num_teams, num_threads;

#pragma omp target teams distribute parallel for num_teams(2)\
        thread_limit(4)  map(tofrom: num_teams, num_threads)\
        dist_schedule(static, 4)
  for (int i = 0; i < 32; ++i) {
    if(omp_get_team_num()==0 && omp_get_thread_num() == 0){
      num_teams = omp_get_num_teams();
      num_threads = omp_get_num_threads();
    }
    arr[i] = omp_get_thread_num();
  }

  if ((num_teams > OMPVV_NUM_TEAMS_DEVICE) || (num_threads > OMPVV_NUM_THREADS_DEVICE)) {
    ErrCount += 1;
  }
  if(num_teams == 1){
    OMPVV_WARNING(""Only 1 team was created, the feature cannot be tested."");
    return ErrCount;
  }

  for(int i=0; i<32; i+=4){
    int temp = arr[i];
    for(int j=1; j< 4;j++)
      if(arr[i+j] != temp){
        chunked = 0;
        break;
      }
    if(chunked == 0) {
      ErrCount++;
      OMPVV_WARNING(""The given iterations were not scheduled according to the static chunks requested"");
      break;
    }
  }

  return ErrCount;
}



int main() {
  OMPVV_TEST_OFFLOADING;
  int errors = 0;
  OMPVV_TEST_AND_SET_VERBOSE(errors, Dist_ScheduleStatic() != 0);
  OMPVV_REPORT_AND_RETURN(errors);
}
",openmp_gpu_batch_5_optionA_full_multivariant.csv,False,failed,True,passed,,NEEDS_REVIEW,target_mapping,runtime_api,tests/4.5/target_teams_distribute_parallel_for,4.5,needs_review,False,needs_review
tests/5.1/metadirective/test_metadirective_target_device_kind.c,metadirective,loop_body,ASSIGN_I_TO_I_PLUS1,high,A[i] = i;,A[i] = i + 1;,oracle checks A[i] == i,target branch writes i+1 instead of i,32,test_metadirective_target_device_kind_ASSIGN_I_TO_I_PLUS1.c,"//===--------------------- test_metadirective_target_device_kind.c ---------------------===//
//
// OpenMP API Version 5.1 Nov 2020
//
// Tests that target_device is recognized & will work properly when matching a
// GPU. More specifically, uses the kind clause to see if gpu or nohost is recognized
// as the target device's ""kind"" implementation.
//
////===---------------------------------------------------------------------===//

#include <omp.h>
#include <stdio.h>
#include <stdlib.h>
#include ""ompvv.h""

#define N 1024

int test_metadirective_target_device() {
   int errors = 0;
   int A[N];

   for (int i = 0; i < N; i++) {
      A[i] = 1;
   }

      // Expect that one of these are true, so the array should be set to masked thread num (0)
      #pragma omp metadirective \
         when( target_device={kind(gpu)}: target defaultmap(none) map(tofrom: A)) \
         when( target_device={kind(nohost)}: target defaultmap(none) map(tofrom: A)) \
         default( target defaultmap(none) map(to: A))
         for(int i = 0; i < N; i++){
            A[i] = i;
         }

   for (int i = 0; i < N; i++) {
      OMPVV_TEST_AND_SET(errors, A[i] != i);
   }

   OMPVV_INFOMSG(""Test ran with a number of available devices greater than 0"");

   return errors;
}

int main () {
  int errors = 0;
  OMPVV_TEST_OFFLOADING;

  if (omp_get_num_devices() > 0) {
    errors = test_metadirective_target_device();
  } else {
    OMPVV_INFOMSG(""Cannot test target_device without a target device!"")
  }

  OMPVV_REPORT_AND_RETURN(errors);

  return 0;
}
","//===--------------------- test_metadirective_target_device_kind.c ---------------------===//
//
// OpenMP API Version 5.1 Nov 2020
//
// Tests that target_device is recognized & will work properly when matching a
// GPU. More specifically, uses the kind clause to see if gpu or nohost is recognized
// as the target device's ""kind"" implementation.
//
////===---------------------------------------------------------------------===//

#include <omp.h>
#include <stdio.h>
#include <stdlib.h>
#include ""ompvv.h""

#define N 1024

int test_metadirective_target_device() {
   int errors = 0;
   int A[N];

   for (int i = 0; i < N; i++) {
      A[i] = 1;
   }

      // Expect that one of these are true, so the array should be set to masked thread num (0)
      #pragma omp metadirective \
         when( target_device={kind(gpu)}: target defaultmap(none) map(tofrom: A)) \
         when( target_device={kind(nohost)}: target defaultmap(none) map(tofrom: A)) \
         default( target defaultmap(none) map(to: A))
         for(int i = 0; i < N; i++){
            A[i] = i + 1;
         }

   for (int i = 0; i < N; i++) {
      OMPVV_TEST_AND_SET(errors, A[i] != i);
   }

   OMPVV_INFOMSG(""Test ran with a number of available devices greater than 0"");

   return errors;
}

int main () {
  int errors = 0;
  OMPVV_TEST_OFFLOADING;

  if (omp_get_num_devices() > 0) {
    errors = test_metadirective_target_device();
  } else {
    OMPVV_INFOMSG(""Cannot test target_device without a target device!"")
  }

  OMPVV_REPORT_AND_RETURN(errors);

  return 0;
}
",openmp_gpu_batch_25_optionA_full_multivariant.csv,False,failed,True,passed,,NEEDS_REVIEW,metadirective,general_code,tests/5.1/metadirective,5.1,needs_review,False,needs_review
tests/5.1/metadirective/test_metadirective_target_device_kind_any.c,metadirective,loop_body,ASSIGN_I_TO_I_PLUS1,high,A[i] = i;,A[i] = i + 1;,oracle checks A[i] == i,target branch writes i+1 instead of i,32,test_metadirective_target_device_kind_any_ASSIGN_I_TO_I_PLUS1.c,"//===--------------------- test_metadirective_target_device_kind_any.c ---------------------===//
//
// OpenMP API Version 5.1 Nov 2020
//
// Tests that target_device is recognized & will work properly when matching an nvidia
// GPU. More specifically, uses the kind clause with ""any"" specified, which is defined
// as ""which is as if no kind selector was specified"", so any kind of target
// device should match.
//
////===---------------------------------------------------------------------===//

#include <omp.h>
#include <stdio.h>
#include <stdlib.h>
#include ""ompvv.h""

#define N 1024

int test_metadirective_target_device() {
   int errors = 0;
   int A[N];

   for (int i = 0; i < N; i++) {
      A[i] = 1;
   }

      // Expect that one of these are true, so the array should be set to masked thread num (0)
      #pragma omp metadirective \
         when( target_device={kind(any)}: target defaultmap(none) map(tofrom: A)) \
         default( target defaultmap(none) map(to: A))
         for(int i = 0; i < N; i++){
            A[i] = i;
         }

   for (int i = 0; i < N; i++) {
      OMPVV_TEST_AND_SET(errors, A[i] != i);
   }

   OMPVV_INFOMSG(""Test ran with a number of available devices greater than 0"");

   return errors;
}

int main () {
  int errors = 0;
  OMPVV_TEST_OFFLOADING;

  if (omp_get_num_devices() > 0) {
    errors = test_metadirective_target_device();
  } else {
    OMPVV_INFOMSG(""Cannot test target_device without a target device!"")
  }

  OMPVV_REPORT_AND_RETURN(errors);

  return 0;
}
","//===--------------------- test_metadirective_target_device_kind_any.c ---------------------===//
//
// OpenMP API Version 5.1 Nov 2020
//
// Tests that target_device is recognized & will work properly when matching an nvidia
// GPU. More specifically, uses the kind clause with ""any"" specified, which is defined
// as ""which is as if no kind selector was specified"", so any kind of target
// device should match.
//
////===---------------------------------------------------------------------===//

#include <omp.h>
#include <stdio.h>
#include <stdlib.h>
#include ""ompvv.h""

#define N 1024

int test_metadirective_target_device() {
   int errors = 0;
   int A[N];

   for (int i = 0; i < N; i++) {
      A[i] = 1;
   }

      // Expect that one of these are true, so the array should be set to masked thread num (0)
      #pragma omp metadirective \
         when( target_device={kind(any)}: target defaultmap(none) map(tofrom: A)) \
         default( target defaultmap(none) map(to: A))
         for(int i = 0; i < N; i++){
            A[i] = i + 1;
         }

   for (int i = 0; i < N; i++) {
      OMPVV_TEST_AND_SET(errors, A[i] != i);
   }

   OMPVV_INFOMSG(""Test ran with a number of available devices greater than 0"");

   return errors;
}

int main () {
  int errors = 0;
  OMPVV_TEST_OFFLOADING;

  if (omp_get_num_devices() > 0) {
    errors = test_metadirective_target_device();
  } else {
    OMPVV_INFOMSG(""Cannot test target_device without a target device!"")
  }

  OMPVV_REPORT_AND_RETURN(errors);

  return 0;
}
",openmp_gpu_batch_25_optionA_full_multivariant.csv,False,failed,True,passed,,NEEDS_REVIEW,metadirective,general_code,tests/5.1/metadirective,5.1,needs_review,False,needs_review
tests/5.1/metadirective/test_metadirective_target_device_num.c,metadirective,loop_body,ASSIGN_I_TO_I_PLUS1,high,A[i] = i;,A[i] = i + 1;,oracle checks A[i] == i,target branch writes i+1 instead of i,33,test_metadirective_target_device_num_ASSIGN_I_TO_I_PLUS1.c,"//===--------------------- test_metadirective_target_device_num.c ---------------------===//
//
// OpenMP API Version 5.1 Nov 2020
//
// Tests that target_device is recognized & will work properly when there is
// an available target device, and that device number is 0.
//
////===---------------------------------------------------------------------===//

#include <omp.h>
#include <stdio.h>
#include <stdlib.h>
#include ""ompvv.h""

#define N 1024

int test_metadirective_target_device() {
   int errors = 0;
   int A[N];

   for (int i = 0; i < N; i++) {
      A[i] = 1;
   }
   int dev = omp_get_default_device();

   #pragma omp target enter data map(alloc: A)

   // Expect that device_num is 0, so the array should be mapped back.
   #pragma omp metadirective \
      when( target_device={device_num(dev)}: target defaultmap(none) map(always,tofrom: A)) \
      default( target defaultmap(none) map(to: A))
      for(int i = 0; i < N; i++){
         A[i] = i;
      }

   for (int i = 0; i < N; i++) {
      OMPVV_TEST_AND_SET(errors, A[i] != i);
   }
   #pragma omp target exit data map(release: A)
   OMPVV_INFOMSG(""Test ran with a number of available devices greater than 0"");

   return errors;
}

int main () {
  int errors = 0;
  OMPVV_TEST_OFFLOADING;

  if (omp_get_num_devices() > 0) {
    errors = test_metadirective_target_device();
  } else {
    OMPVV_INFOMSG(""Cannot test target_device without a target device!"")
  }

  OMPVV_REPORT_AND_RETURN(errors);

  return 0;
}
","//===--------------------- test_metadirective_target_device_num.c ---------------------===//
//
// OpenMP API Version 5.1 Nov 2020
//
// Tests that target_device is recognized & will work properly when there is
// an available target device, and that device number is 0.
//
////===---------------------------------------------------------------------===//

#include <omp.h>
#include <stdio.h>
#include <stdlib.h>
#include ""ompvv.h""

#define N 1024

int test_metadirective_target_device() {
   int errors = 0;
   int A[N];

   for (int i = 0; i < N; i++) {
      A[i] = 1;
   }
   int dev = omp_get_default_device();

   #pragma omp target enter data map(alloc: A)

   // Expect that device_num is 0, so the array should be mapped back.
   #pragma omp metadirective \
      when( target_device={device_num(dev)}: target defaultmap(none) map(always,tofrom: A)) \
      default( target defaultmap(none) map(to: A))
      for(int i = 0; i < N; i++){
         A[i] = i + 1;
      }

   for (int i = 0; i < N; i++) {
      OMPVV_TEST_AND_SET(errors, A[i] != i);
   }
   #pragma omp target exit data map(release: A)
   OMPVV_INFOMSG(""Test ran with a number of available devices greater than 0"");

   return errors;
}

int main () {
  int errors = 0;
  OMPVV_TEST_OFFLOADING;

  if (omp_get_num_devices() > 0) {
    errors = test_metadirective_target_device();
  } else {
    OMPVV_INFOMSG(""Cannot test target_device without a target device!"")
  }

  OMPVV_REPORT_AND_RETURN(errors);

  return 0;
}
",openmp_gpu_batch_25_optionA_full_multivariant.csv,False,failed,True,passed,,NEEDS_REVIEW,metadirective,general_code,tests/5.1/metadirective,5.1,needs_review,False,needs_review
tests/5.0/target_simd/test_target_simd_order_concurrent.c,target_simd,loop_body,ASSIGN_ZERO,high,c[i] = struct_t.a[i] * b[i];,c[i] = 0;,oracle checks c[i] == struct_t.a[i] * b[i],target simd writes zero instead of product,37,test_target_simd_order_concurrent_ASSIGN_ZERO.c,"//===--- test_target_simd_order_concurrent.c -----------------------------------------------===//
//
// OpenMP API Version 5.0 Nov 2018
//
// This test checks for support of the order(concurrent) clause on a target simd construct.
// When an order(concurrent) clause is present on a simd construct, all of the same
// restrictions from having a loop construct with an order(concurrent) are also applied.
//
////===-------------------------------------------------------------------------------------===//

#include <stdlib.h>
#include <stdio.h>
#include <omp.h>
#include ""ompvv.h""

#define N 1024

int test_simd_order_concurrent () {
   int errors = 0;
   int i;
   int b[N], c[N];

   struct new_struct {
      int a[N];
   };

   struct new_struct struct_t;

   for (i = 0; i < N; i++ ) {
      struct_t.a[i] = i;
      b[i] = i + 5;
      c[i] = 0;
   }

   #pragma omp target simd order(concurrent)
      for (i = 0; i < N; i++) {
         c[i] = struct_t.a[i] * b[i];
      }

   for (i = 0; i < N; i++) {
      OMPVV_TEST_AND_SET(errors, c[i] != (struct_t.a[i] * b[i]));
   }

   return errors;
}


int main () {
   int errors = 0;

   OMPVV_TEST_OFFLOADING;
   OMPVV_TEST_AND_SET_VERBOSE(errors, test_simd_order_concurrent());
   OMPVV_REPORT_AND_RETURN(errors);
}
","//===--- test_target_simd_order_concurrent.c -----------------------------------------------===//
//
// OpenMP API Version 5.0 Nov 2018
//
// This test checks for support of the order(concurrent) clause on a target simd construct.
// When an order(concurrent) clause is present on a simd construct, all of the same
// restrictions from having a loop construct with an order(concurrent) are also applied.
//
////===-------------------------------------------------------------------------------------===//

#include <stdlib.h>
#include <stdio.h>
#include <omp.h>
#include ""ompvv.h""

#define N 1024

int test_simd_order_concurrent () {
   int errors = 0;
   int i;
   int b[N], c[N];

   struct new_struct {
      int a[N];
   };

   struct new_struct struct_t;

   for (i = 0; i < N; i++ ) {
      struct_t.a[i] = i;
      b[i] = i + 5;
      c[i] = 0;
   }

   #pragma omp target simd order(concurrent)
      for (i = 0; i < N; i++) {
         c[i] = 0;
      }

   for (i = 0; i < N; i++) {
      OMPVV_TEST_AND_SET(errors, c[i] != (struct_t.a[i] * b[i]));
   }

   return errors;
}


int main () {
   int errors = 0;

   OMPVV_TEST_OFFLOADING;
   OMPVV_TEST_AND_SET_VERBOSE(errors, test_simd_order_concurrent());
   OMPVV_REPORT_AND_RETURN(errors);
}
",openmp_gpu_batch_18_optionA_full_multivariant.csv,False,failed,True,passed,,NEEDS_REVIEW,target_mapping,general_code,tests/5.0/target_simd,5.0,needs_review,False,needs_review
tests/5.0/target_requires/test_target_requires_atomic_default_mem_order_acq_rel.c,target_requires,requires,ATOMIC_MEM_ORDER_ACQ_REL_TO_RELAXED,medium,#pragma omp requires atomic_default_mem_order(acq_rel),#pragma omp requires atomic_default_mem_order(relaxed),oracle checks thread observing y==1 also observes x==10,default atomic memory order is weakened from acq_rel to relaxed,20,test_target_requires_atomic_default_mem_order_acq_rel_ACQ_REL_TO_RELAXED.c,"//===---test_target_requires_atomic_default_mem_order_acq_rel.c--------------===//
//
// OpenMP API Version 5.0 Nov 2018
//
// This test checks for support of the atomic_default_mem_order clause on the
// requires directive. This clause determines the default memory behavior for
// atomic constructs. These behaviors are seq_cst, acq_rel, and relaxed.
// This test checks the for acq_rel as the memory-order-clause.
//
////===----------------------------------------------------------------------===//

#include <assert.h>
#include <omp.h>
#include <stdio.h>
#include <stdlib.h>
#include ""ompvv.h""

#define N 1024

#pragma omp requires atomic_default_mem_order(acq_rel)

int test_target_requires_atomic_acq_rel() {
  OMPVV_INFOMSG(""test_target_requires_atomic_acq_rel"");

  int x = 0, y = 0;
  int errors = 0;

#pragma omp target parallel num_threads(2) map(tofrom: x, y, errors)
   {
       int thrd = omp_get_thread_num();
       if (thrd == 0) {
          x = 10;
          #pragma omp atomic write
          y = 1;
       } else {
          int tmp = 0;
          while (tmp == 0) {
            #pragma omp atomic read
            tmp = y;
          }
          OMPVV_TEST_AND_SET(errors, x != 10);
       }
   }
   OMPVV_ERROR_IF(errors > 0, ""Requires atomic_default_mem_order(acq_rel) test failed"");
   return errors;
}

int main() {

  int errors = 0;

  OMPVV_TEST_OFFLOADING;

  OMPVV_TEST_AND_SET_VERBOSE(errors, test_target_requires_atomic_acq_rel());

  OMPVV_REPORT_AND_RETURN(errors);
}
","//===---test_target_requires_atomic_default_mem_order_acq_rel.c--------------===//
//
// OpenMP API Version 5.0 Nov 2018
//
// This test checks for support of the atomic_default_mem_order clause on the
// requires directive. This clause determines the default memory behavior for
// atomic constructs. These behaviors are seq_cst, acq_rel, and relaxed.
// This test checks the for acq_rel as the memory-order-clause.
//
////===----------------------------------------------------------------------===//

#include <assert.h>
#include <omp.h>
#include <stdio.h>
#include <stdlib.h>
#include ""ompvv.h""

#define N 1024

#pragma omp requires atomic_default_mem_order(relaxed)

int test_target_requires_atomic_acq_rel() {
  OMPVV_INFOMSG(""test_target_requires_atomic_acq_rel"");

  int x = 0, y = 0;
  int errors = 0;

#pragma omp target parallel num_threads(2) map(tofrom: x, y, errors)
   {
       int thrd = omp_get_thread_num();
       if (thrd == 0) {
          x = 10;
          #pragma omp atomic write
          y = 1;
       } else {
          int tmp = 0;
          while (tmp == 0) {
            #pragma omp atomic read
            tmp = y;
          }
          OMPVV_TEST_AND_SET(errors, x != 10);
       }
   }
   OMPVV_ERROR_IF(errors > 0, ""Requires atomic_default_mem_order(acq_rel) test failed"");
   return errors;
}

int main() {

  int errors = 0;

  OMPVV_TEST_OFFLOADING;

  OMPVV_TEST_AND_SET_VERBOSE(errors, test_target_requires_atomic_acq_rel());

  OMPVV_REPORT_AND_RETURN(errors);
}
",openmp_gpu_batch_17_optionA_full_multivariant.csv,False,failed,True,passed,,NEEDS_REVIEW,atomic,atomic,tests/5.0/target_requires,5.0,needs_review,False,needs_review
tests/5.0/target_requires/test_target_requires_atomic_default_mem_order_seq_cst.c,target_requires,requires,ATOMIC_MEM_ORDER_SEQ_CST_TO_RELAXED,medium,#pragma omp requires atomic_default_mem_order(seq_cst),#pragma omp requires atomic_default_mem_order(relaxed),oracle checks thread observing y==1 also observes x==10,default atomic memory order is weakened from seq_cst to relaxed,21,test_target_requires_atomic_default_mem_order_seq_cst_SEQ_CST_TO_RELAXED.c,"//===---test_target_requires_atomic_default_mem_order_seq_cst.c--------------===//
//
// OpenMP API Version 5.0 Nov 2018
//
// This test checks for support of the atomic_default_mem_order clause on the
// requires directive. This clause determines the default memory behavior for
// atomic constructs. These behaviors are seq_cst, acq_rel, and relaxed.
// This test checks the seq_cst behavior, which is also the default.
//
// Adapted from 5.0 OpenMP example acquire_release.2.c
////===----------------------------------------------------------------------===//

#include <assert.h>
#include <omp.h>
#include <stdio.h>
#include <stdlib.h>
#include ""ompvv.h""

#define N 1024

#pragma omp requires atomic_default_mem_order(seq_cst)

int test_target_atomic_seq_cst() {
  OMPVV_INFOMSG(""test_target_atomic_seq_cst"");

  int x = 0, y = 0;
  int errors = 0;

#pragma omp target parallel num_threads(2) map(tofrom: x, y, errors)
   {
      int thrd = omp_get_thread_num();
       if (thrd == 0) {
          x = 10;
          #pragma omp atomic write
          y = 1;
       } else {
          int tmp = 0;
          while (tmp == 0) {
            #pragma omp atomic read
            tmp = y;
          }
          OMPVV_TEST_AND_SET(errors, x != 10);
       }
   }
   OMPVV_ERROR_IF(errors > 0, ""Requires atomic_default_mem_order(seq_cst) test failed"");
   return errors;
}

int main() {

  int errors = 0;

  OMPVV_TEST_OFFLOADING;

  OMPVV_TEST_AND_SET_VERBOSE(errors, test_target_atomic_seq_cst());

  OMPVV_REPORT_AND_RETURN(errors);
}
","//===---test_target_requires_atomic_default_mem_order_seq_cst.c--------------===//
//
// OpenMP API Version 5.0 Nov 2018
//
// This test checks for support of the atomic_default_mem_order clause on the
// requires directive. This clause determines the default memory behavior for
// atomic constructs. These behaviors are seq_cst, acq_rel, and relaxed.
// This test checks the seq_cst behavior, which is also the default.
//
// Adapted from 5.0 OpenMP example acquire_release.2.c
////===----------------------------------------------------------------------===//

#include <assert.h>
#include <omp.h>
#include <stdio.h>
#include <stdlib.h>
#include ""ompvv.h""

#define N 1024

#pragma omp requires atomic_default_mem_order(relaxed)

int test_target_atomic_seq_cst() {
  OMPVV_INFOMSG(""test_target_atomic_seq_cst"");

  int x = 0, y = 0;
  int errors = 0;

#pragma omp target parallel num_threads(2) map(tofrom: x, y, errors)
   {
      int thrd = omp_get_thread_num();
       if (thrd == 0) {
          x = 10;
          #pragma omp atomic write
          y = 1;
       } else {
          int tmp = 0;
          while (tmp == 0) {
            #pragma omp atomic read
            tmp = y;
          }
          OMPVV_TEST_AND_SET(errors, x != 10);
       }
   }
   OMPVV_ERROR_IF(errors > 0, ""Requires atomic_default_mem_order(seq_cst) test failed"");
   return errors;
}

int main() {

  int errors = 0;

  OMPVV_TEST_OFFLOADING;

  OMPVV_TEST_AND_SET_VERBOSE(errors, test_target_atomic_seq_cst());

  OMPVV_REPORT_AND_RETURN(errors);
}
",openmp_gpu_batch_17_optionA_full_multivariant.csv,False,failed,True,passed,,NEEDS_REVIEW,atomic,atomic,tests/5.0/target_requires,5.0,needs_review,False,needs_review
tests/5.0/program_control/test_omp_get_device_num.c,program_control,loop_body,A_ADD_TO_SUB,high,a[i] = b[i] + c[i];,a[i] = b[i] - c[i];,oracle checks a[i] == i + 5,target computation subtracts c from b instead of adding,44,test_omp_get_device_num_A_ADD_TO_SUB.c,"//===--- test_omp_get_device_num.c -------------------------------------------===//
//
// OpenMP API Version 5.0 Nov 2018
//
// Test of omp_get_device_num() on both the host device and offloading
// device. When called on host device, omp_get_device_num() will return the
// same value as omp_get_initial_device().
//
////===-----------------------------------------------------------------------===//

#include <omp.h>
#include <stdio.h>
#include <stdlib.h>
#include ""ompvv.h""

#define N 1028

int errors;
int original_device_num;
int target_device_num;
int a[N];
int b[N];
int c[N];


int test_omp_get_dev_num(void) {

   original_device_num = omp_get_device_num();

   OMPVV_ERROR_IF(original_device_num != omp_get_initial_device(), ""omp_get_device_num() does not equal omp_get_initial_device()"");

   OMPVV_TEST_AND_SET_VERBOSE(errors, original_device_num != omp_get_initial_device());

   for (int i = 0; i < N; i++) {
      a[i] = 0;
      b[i] = 5;
      c[i] = i;
   }

   #pragma omp target map(from: target_device_num) map(to: b, c) map(tofrom: a)
   {
      target_device_num = omp_get_device_num();
      for (int i = 0; i < N; i++) {
         a[i] = b[i] + c[i];
      }
   }

   OMPVV_WARNING_IF(target_device_num == original_device_num, ""omp_get_device_num() returned the same device number as host, cannot guarantee that target region properly offloaded to device"");

   for (int i = 0; i < N; i++) {
      OMPVV_TEST_AND_SET_VERBOSE(errors, a[i] != i + 5);
   }

   target_device_num = 99;

   for (int i = 0; i <= omp_get_num_devices(); i++) {
     #pragma omp target map(from: target_device_num) device(i)
     {
       target_device_num = omp_get_device_num();
     }

     OMPVV_TEST_AND_SET_VERBOSE(errors, target_device_num != i);
   }

   return errors;
}

int main () {

   errors = 0;

   OMPVV_TEST_OFFLOADING;

   OMPVV_TEST_AND_SET_VERBOSE(errors, test_omp_get_dev_num());

   OMPVV_REPORT_AND_RETURN(errors);
}
","//===--- test_omp_get_device_num.c -------------------------------------------===//
//
// OpenMP API Version 5.0 Nov 2018
//
// Test of omp_get_device_num() on both the host device and offloading
// device. When called on host device, omp_get_device_num() will return the
// same value as omp_get_initial_device().
//
////===-----------------------------------------------------------------------===//

#include <omp.h>
#include <stdio.h>
#include <stdlib.h>
#include ""ompvv.h""

#define N 1028

int errors;
int original_device_num;
int target_device_num;
int a[N];
int b[N];
int c[N];


int test_omp_get_dev_num(void) {

   original_device_num = omp_get_device_num();

   OMPVV_ERROR_IF(original_device_num != omp_get_initial_device(), ""omp_get_device_num() does not equal omp_get_initial_device()"");

   OMPVV_TEST_AND_SET_VERBOSE(errors, original_device_num != omp_get_initial_device());

   for (int i = 0; i < N; i++) {
      a[i] = 0;
      b[i] = 5;
      c[i] = i;
   }

   #pragma omp target map(from: target_device_num) map(to: b, c) map(tofrom: a)
   {
      target_device_num = omp_get_device_num();
      for (int i = 0; i < N; i++) {
         a[i] = b[i] - c[i];
      }
   }

   OMPVV_WARNING_IF(target_device_num == original_device_num, ""omp_get_device_num() returned the same device number as host, cannot guarantee that target region properly offloaded to device"");

   for (int i = 0; i < N; i++) {
      OMPVV_TEST_AND_SET_VERBOSE(errors, a[i] != i + 5);
   }

   target_device_num = 99;

   for (int i = 0; i <= omp_get_num_devices(); i++) {
     #pragma omp target map(from: target_device_num) device(i)
     {
       target_device_num = omp_get_device_num();
     }

     OMPVV_TEST_AND_SET_VERBOSE(errors, target_device_num != i);
   }

   return errors;
}

int main () {

   errors = 0;

   OMPVV_TEST_OFFLOADING;

   OMPVV_TEST_AND_SET_VERBOSE(errors, test_omp_get_dev_num());

   OMPVV_REPORT_AND_RETURN(errors);
}
",openmp_gpu_batch_15_optionA_full_multivariant.csv,False,failed,True,passed,,NEEDS_REVIEW,runtime_api,general_code,tests/5.0/program_control,5.0,needs_review,False,needs_review
tests/5.0/target/test_target_map_with_close_modifier.c,target,loop_body,A_I2_TO_I,high,a[i] += i*2;,a[i] += i;,oracle checks a[i] == i*3,array update adds i instead of 2*i,44,test_target_map_with_close_modifier_A_I2_TO_I.c,"//===--- test_target_map_with_close_modifier.c ----------------------------------------------------------------===//
//
// OpenMP API Version 5.0 Nov 2018
//
// This test checks for support of the close map-type-modifier on a map clause. The test maps several
// different data types to device with tofrom map-type and then checks for expected updated values on
// the host.
//
////===--------------------------------------------------------------------------------------------===//

#include <omp.h>
#include <stdio.h>
#include <stdlib.h>
#include ""ompvv.h""

#define N 1024

int errors;

int test_close_modifier() {

  int i;
  int scalar = 19;
  int a[N];

  struct {
    int var;
    int b[N];
  } member;

  member.var = 1;

  for (i = 0; i < N; i++) {
    a[i] = i;
    member.b[i] = i;
  }

#pragma omp target map (close, tofrom: scalar, a, member)
  {
    scalar += 25;
    member.var += 16;

    for (i = 0; i < N; i++) {
      a[i] += i*2;
      member.b[i] += i*2;
    }
  }

  for (i = 0; i < N; i++) {
    OMPVV_TEST_AND_SET(errors, a[i] != i*3);
    OMPVV_TEST_AND_SET(errors, member.b[i] != i*3);
  }

  OMPVV_TEST_AND_SET(errors, scalar != 44);
  OMPVV_TEST_AND_SET(errors, member.var != 17);

  return errors;
}

int main () {

  errors = 0;

  OMPVV_TEST_OFFLOADING;
  OMPVV_TEST_AND_SET_VERBOSE(errors, test_close_modifier());
  OMPVV_REPORT_AND_RETURN(errors);
}
","//===--- test_target_map_with_close_modifier.c ----------------------------------------------------------------===//
//
// OpenMP API Version 5.0 Nov 2018
//
// This test checks for support of the close map-type-modifier on a map clause. The test maps several
// different data types to device with tofrom map-type and then checks for expected updated values on
// the host.
//
////===--------------------------------------------------------------------------------------------===//

#include <omp.h>
#include <stdio.h>
#include <stdlib.h>
#include ""ompvv.h""

#define N 1024

int errors;

int test_close_modifier() {

  int i;
  int scalar = 19;
  int a[N];

  struct {
    int var;
    int b[N];
  } member;

  member.var = 1;

  for (i = 0; i < N; i++) {
    a[i] = i;
    member.b[i] = i;
  }

#pragma omp target map (close, tofrom: scalar, a, member)
  {
    scalar += 25;
    member.var += 16;

    for (i = 0; i < N; i++) {
      a[i] += i;
      member.b[i] += i*2;
    }
  }

  for (i = 0; i < N; i++) {
    OMPVV_TEST_AND_SET(errors, a[i] != i*3);
    OMPVV_TEST_AND_SET(errors, member.b[i] != i*3);
  }

  OMPVV_TEST_AND_SET(errors, scalar != 44);
  OMPVV_TEST_AND_SET(errors, member.var != 17);

  return errors;
}

int main () {

  errors = 0;

  OMPVV_TEST_OFFLOADING;
  OMPVV_TEST_AND_SET_VERBOSE(errors, test_close_modifier());
  OMPVV_REPORT_AND_RETURN(errors);
}
",openmp_gpu_batch_20_optionA_full_multivariant_FULL.csv,False,failed,True,passed,,NEEDS_REVIEW,target_mapping,general_code,tests/5.0/target,5.0,needs_review,False,needs_review
tests/5.2/declare_target/test_declare_target_enter.c,declare_target,loop_body,A_PLUS1_TO_PLUS2,high,a[i] += 1;,a[i] += 2;,oracle expects a[i] == i+1 after target update and i+2 after host update,update increments a by 2 instead of 1,24,test_declare_target_enter_A_PLUS1_TO_PLUS2.c,"//===---- test_declare_target_enter.c -------------------------------------===//
//
// OpenMP API Version 5.2
//
// The enter clause was added as a synonym for the to clause on the declare target directive.
// If the device_type clause is not specified, the behavior is as if the device_type clause
// appears with any specified.
//===-------------------------------------------------------------------------------===//

#include <omp.h>
#include <stdio.h>
#include <stdlib.h>
#include ""ompvv.h""

#define N 1024
int errors = 0;

int a[N], b[N], c[N];
int i = 0;
#pragma omp declare target enter(a,b,c,i)

void update() {
  for (i = 0; i < N; i++) {
    a[i] += 1;
    b[i] += 2;
    c[i] += 3;
  }
}

#pragma omp declare target enter(update)

int test_declare_target_enter() {

  #pragma omp target update to(a,b,c)
  #pragma omp target
  {
    update();
  }
  #pragma omp target update from( a, b, c)


  for (i = 0; i < N; i++) { //check array values on host
    if ( a[i] != i + 1 || b[i] != i + 3 || c[i] != i + 5) {
      errors++;
    }
  }

  //on host
  update();

  for (i = 0; i < N; i++) { //check array values on host
    if ( a[i] != i + 2 || b[i] != i + 5 || c[i] != i + 8) {
      errors++;
    }
  }

  return errors;
}

int main () {

  //initalize arrays on host
  for (i = 0; i < N; i++) {
    a[i] = i;
    b[i] = i + 1;
    c[i] = i + 2;
  }

  OMPVV_TEST_AND_SET_VERBOSE(errors, test_declare_target_enter());

  OMPVV_REPORT_AND_RETURN(errors);
}
","//===---- test_declare_target_enter.c -------------------------------------===//
//
// OpenMP API Version 5.2
//
// The enter clause was added as a synonym for the to clause on the declare target directive.
// If the device_type clause is not specified, the behavior is as if the device_type clause
// appears with any specified.
//===-------------------------------------------------------------------------------===//

#include <omp.h>
#include <stdio.h>
#include <stdlib.h>
#include ""ompvv.h""

#define N 1024
int errors = 0;

int a[N], b[N], c[N];
int i = 0;
#pragma omp declare target enter(a,b,c,i)

void update() {
  for (i = 0; i < N; i++) {
    a[i] += 2;
    b[i] += 2;
    c[i] += 3;
  }
}

#pragma omp declare target enter(update)

int test_declare_target_enter() {

  #pragma omp target update to(a,b,c)
  #pragma omp target
  {
    update();
  }
  #pragma omp target update from( a, b, c)


  for (i = 0; i < N; i++) { //check array values on host
    if ( a[i] != i + 1 || b[i] != i + 3 || c[i] != i + 5) {
      errors++;
    }
  }

  //on host
  update();

  for (i = 0; i < N; i++) { //check array values on host
    if ( a[i] != i + 2 || b[i] != i + 5 || c[i] != i + 8) {
      errors++;
    }
  }

  return errors;
}

int main () {

  //initalize arrays on host
  for (i = 0; i < N; i++) {
    a[i] = i;
    b[i] = i + 1;
    c[i] = i + 2;
  }

  OMPVV_TEST_AND_SET_VERBOSE(errors, test_declare_target_enter());

  OMPVV_REPORT_AND_RETURN(errors);
}
",openmp_gpu_batch_28_optionA_full_multivariant.csv,False,failed,True,passed,,NEEDS_REVIEW,target_mapping,general_code,tests/5.2/declare_target,5.2,needs_review,False,needs_review
tests/4.5/target_teams_distribute/test_target_teams_distribute_reduction_add.c,target_teams_distribute,loop_body,BODY_ADD_TO_SUB,high,total += a[x] + b[x];,total -= a[x] + b[x];,oracle checks host_total == total,loop body updates reduction variable using the wrong operator,36,test_target_teams_distribute_reduction_add_BODY_ADD_TO_SUB.c,"//===--- test_target_teams_distribute_reduction_add.c-------------------------===//
//
// OpenMP API Version 4.5 Nov 2015
//
// This test uses the reduction clause on a target teams distribute directive,
// testing that the variable in the reduction clause is properly reduced using
// the add operator.
//
////===----------------------------------------------------------------------===//

#include <omp.h>
#include <stdio.h>
#include <stdlib.h>
#include ""ompvv.h""
#include <math.h>

#define N 1024

int test_add() {
  int a[N];
  int b[N];
  int total = 0;
  int host_total = 0;
  int errors = 0;
  int num_teams[N];

  for (int x = 0; x < N; ++x) {
    a[x] = 1;
    b[x] = x;
    num_teams[x] = -1;
  }

#pragma omp target teams distribute reduction(+:total) defaultmap(tofrom:scalar)
  for (int x = 0; x < N; ++x) {
    num_teams[x] = omp_get_num_teams();
    total += a[x] + b[x];
  }

  for (int x = 0; x < N; ++x) {
    host_total += a[x] + b[x];
  }

  for (int x = 1; x < N; ++x) {
    OMPVV_WARNING_IF(num_teams[x - 1] != num_teams[x], ""Kernel reported differing numbers of teams.  Validity of testing of reduction clause cannot be guaranteed."");
  }
  OMPVV_WARNING_IF(num_teams[0] == 1, ""Test operated with one team.  Reduction clause cannot be tested."");
  OMPVV_WARNING_IF(num_teams[0] <= 0, ""Test reported invalid number of teams.  Validity of testing of reduction clause cannot be guaranteed."");

  OMPVV_TEST_AND_SET_VERBOSE(errors, host_total != total);
  OMPVV_ERROR_IF(host_total != total, ""Total on device is %d but expected total from host is %d."", total, host_total);

  return errors;
}

int main() {
  OMPVV_TEST_OFFLOADING;

  int total_errors = 0;

  OMPVV_TEST_AND_SET_VERBOSE(total_errors, test_add() != 0);

  OMPVV_REPORT_AND_RETURN(total_errors);
}
","//===--- test_target_teams_distribute_reduction_add.c-------------------------===//
//
// OpenMP API Version 4.5 Nov 2015
//
// This test uses the reduction clause on a target teams distribute directive,
// testing that the variable in the reduction clause is properly reduced using
// the add operator.
//
////===----------------------------------------------------------------------===//

#include <omp.h>
#include <stdio.h>
#include <stdlib.h>
#include ""ompvv.h""
#include <math.h>

#define N 1024

int test_add() {
  int a[N];
  int b[N];
  int total = 0;
  int host_total = 0;
  int errors = 0;
  int num_teams[N];

  for (int x = 0; x < N; ++x) {
    a[x] = 1;
    b[x] = x;
    num_teams[x] = -1;
  }

#pragma omp target teams distribute reduction(+:total) defaultmap(tofrom:scalar)
  for (int x = 0; x < N; ++x) {
    num_teams[x] = omp_get_num_teams();
    total -= a[x] + b[x];
  }

  for (int x = 0; x < N; ++x) {
    host_total += a[x] + b[x];
  }

  for (int x = 1; x < N; ++x) {
    OMPVV_WARNING_IF(num_teams[x - 1] != num_teams[x], ""Kernel reported differing numbers of teams.  Validity of testing of reduction clause cannot be guaranteed."");
  }
  OMPVV_WARNING_IF(num_teams[0] == 1, ""Test operated with one team.  Reduction clause cannot be tested."");
  OMPVV_WARNING_IF(num_teams[0] <= 0, ""Test reported invalid number of teams.  Validity of testing of reduction clause cannot be guaranteed."");

  OMPVV_TEST_AND_SET_VERBOSE(errors, host_total != total);
  OMPVV_ERROR_IF(host_total != total, ""Total on device is %d but expected total from host is %d."", total, host_total);

  return errors;
}

int main() {
  OMPVV_TEST_OFFLOADING;

  int total_errors = 0;

  OMPVV_TEST_AND_SET_VERBOSE(total_errors, test_add() != 0);

  OMPVV_REPORT_AND_RETURN(total_errors);
}
",openmp_gpu_batch_09_optionA_full_multivariant_REGENERATED.csv,False,failed,True,passed,,NEEDS_REVIEW,target_mapping,general_code,tests/4.5/target_teams_distribute,4.5,needs_review,False,needs_review
tests/5.0/target/test_target_parallel_reduction.c,target,loop_body,BODY_ADD_TO_SUB,high,TotSum = TotSum + A[i] + B[i];,TotSum = TotSum - A[i] - B[i];,oracle checks TotSum == (N-1)*N,loop body subtracts A and B instead of adding them,27,test_target_parallel_reduction_BODY_ADD_TO_SUB.c,"//===------test_target_reduction.c--------------------------------------===//
//
// OpenMP API Version 5.0 Nov 2018
//
// Tests the target directive with parallel for + reduction + device clauses
//
//===------------------------------------------------------------------------===//
#include <stdio.h>
#include ""omp.h""
#include ""ompvv.h""

#define N 1024*32

int Runtst(int gpu) {
  int *A = (int *) malloc(sizeof(int) * N);
  int *B = (int *) malloc(sizeof(int) * N);
  int errors = 0;
  for (int i = 0; i < N; ++i) {
    A[i] = i;
    B[i] = i;
  }
  int TotSum = 0;
#pragma omp target data map(tofrom: A[0:N], B[0:N], TotSum) device(gpu)
  {
#pragma omp target parallel for reduction(+:TotSum) device(gpu)
    for (int i = 0; i < N; ++i) {
      TotSum = TotSum + A[i] + B[i];
    }
  }

  if (TotSum != (N - 1) * (N)) {
    errors++;
  }
  free(A);
  free(B);
  return errors;
}


int main() {
  OMPVV_TEST_OFFLOADING;
  int TotGpus = omp_get_num_devices();
  int errors = 0;
  for (int gpu = 0; gpu < TotGpus; ++gpu) {
    errors = 0;
    OMPVV_TEST_AND_SET_VERBOSE(errors, (Runtst(gpu) != 0));
  }
  OMPVV_REPORT_AND_RETURN(errors);
}
","//===------test_target_reduction.c--------------------------------------===//
//
// OpenMP API Version 5.0 Nov 2018
//
// Tests the target directive with parallel for + reduction + device clauses
//
//===------------------------------------------------------------------------===//
#include <stdio.h>
#include ""omp.h""
#include ""ompvv.h""

#define N 1024*32

int Runtst(int gpu) {
  int *A = (int *) malloc(sizeof(int) * N);
  int *B = (int *) malloc(sizeof(int) * N);
  int errors = 0;
  for (int i = 0; i < N; ++i) {
    A[i] = i;
    B[i] = i;
  }
  int TotSum = 0;
#pragma omp target data map(tofrom: A[0:N], B[0:N], TotSum) device(gpu)
  {
#pragma omp target parallel for reduction(+:TotSum) device(gpu)
    for (int i = 0; i < N; ++i) {
      TotSum = TotSum - A[i] - B[i];
    }
  }

  if (TotSum != (N - 1) * (N)) {
    errors++;
  }
  free(A);
  free(B);
  return errors;
}


int main() {
  OMPVV_TEST_OFFLOADING;
  int TotGpus = omp_get_num_devices();
  int errors = 0;
  for (int gpu = 0; gpu < TotGpus; ++gpu) {
    errors = 0;
    OMPVV_TEST_AND_SET_VERBOSE(errors, (Runtst(gpu) != 0));
  }
  OMPVV_REPORT_AND_RETURN(errors);
}
",openmp_gpu_batch_21_optionA_full_multivariant.csv,False,failed,True,passed,,NEEDS_REVIEW,target_mapping,general_code,tests/5.0/target,5.0,needs_review,False,needs_review
tests/5.0/target_teams_distribute/test_target_teams_distribute_reduction_add.c,target_teams_distribute,loop_body,BODY_ADD_TO_SUB,high,total += a[x] + b[x];,total -= a[x] + b[x];,oracle checks host_total == total,loop reduction update expression uses wrong operator,36,test_target_teams_distribute_reduction_add_BODY_ADD_TO_SUB.c,"//===--- test_target_teams_distribute_reduction_add.c-------------------------===//
//
// OpenMP API Version 5.0 Nov 2018
//
// This test uses the reduction clause on a target teams distribute directive,
// testing that the variable in the reduction clause is properly reduced using
// the add operator.
//
////===----------------------------------------------------------------------===//

#include <omp.h>
#include <stdio.h>
#include <stdlib.h>
#include ""ompvv.h""
#include <math.h>

#define N 1024

int test_add() {
  int a[N];
  int b[N];
  int total = 0;
  int host_total = 0;
  int errors = 0;
  int num_teams[N];

  for (int x = 0; x < N; ++x) {
    a[x] = 1;
    b[x] = x;
    num_teams[x] = -1;
  }

#pragma omp target teams distribute reduction(+:total) map(to: a[0:N], b[0:N]) map(tofrom: total, num_teams[0:N])
  for (int x = 0; x < N; ++x) {
    num_teams[x] = omp_get_num_teams();
    total += a[x] + b[x];
  }

  for (int x = 0; x < N; ++x) {
    host_total += a[x] + b[x];
  }

  for (int x = 1; x < N; ++x) {
    OMPVV_WARNING_IF(num_teams[x - 1] != num_teams[x], ""Kernel reported differing numbers of teams.  Validity of testing of reduction clause cannot be guaranteed."");
  }
  OMPVV_WARNING_IF(num_teams[0] == 1, ""Test operated with one team.  Reduction clause cannot be tested."");
  OMPVV_WARNING_IF(num_teams[0] <= 0, ""Test reported invalid number of teams.  Validity of testing of reduction clause cannot be guaranteed."");

  OMPVV_TEST_AND_SET_VERBOSE(errors, host_total != total);
  OMPVV_ERROR_IF(host_total != total, ""Total on device is %d but expected total from host is %d."", total, host_total);

  return errors;
}

int main() {
  OMPVV_TEST_OFFLOADING;

  int total_errors = 0;

  OMPVV_TEST_AND_SET_VERBOSE(total_errors, test_add() != 0);

  OMPVV_REPORT_AND_RETURN(total_errors);
}
","//===--- test_target_teams_distribute_reduction_add.c-------------------------===//
//
// OpenMP API Version 5.0 Nov 2018
//
// This test uses the reduction clause on a target teams distribute directive,
// testing that the variable in the reduction clause is properly reduced using
// the add operator.
//
////===----------------------------------------------------------------------===//

#include <omp.h>
#include <stdio.h>
#include <stdlib.h>
#include ""ompvv.h""
#include <math.h>

#define N 1024

int test_add() {
  int a[N];
  int b[N];
  int total = 0;
  int host_total = 0;
  int errors = 0;
  int num_teams[N];

  for (int x = 0; x < N; ++x) {
    a[x] = 1;
    b[x] = x;
    num_teams[x] = -1;
  }

#pragma omp target teams distribute reduction(+:total) map(to: a[0:N], b[0:N]) map(tofrom: total, num_teams[0:N])
  for (int x = 0; x < N; ++x) {
    num_teams[x] = omp_get_num_teams();
    total -= a[x] + b[x];
  }

  for (int x = 0; x < N; ++x) {
    host_total += a[x] + b[x];
  }

  for (int x = 1; x < N; ++x) {
    OMPVV_WARNING_IF(num_teams[x - 1] != num_teams[x], ""Kernel reported differing numbers of teams.  Validity of testing of reduction clause cannot be guaranteed."");
  }
  OMPVV_WARNING_IF(num_teams[0] == 1, ""Test operated with one team.  Reduction clause cannot be tested."");
  OMPVV_WARNING_IF(num_teams[0] <= 0, ""Test reported invalid number of teams.  Validity of testing of reduction clause cannot be guaranteed."");

  OMPVV_TEST_AND_SET_VERBOSE(errors, host_total != total);
  OMPVV_ERROR_IF(host_total != total, ""Total on device is %d but expected total from host is %d."", total, host_total);

  return errors;
}

int main() {
  OMPVV_TEST_OFFLOADING;

  int total_errors = 0;

  OMPVV_TEST_AND_SET_VERBOSE(total_errors, test_add() != 0);

  OMPVV_REPORT_AND_RETURN(total_errors);
}
",openmp_gpu_batch_18_optionA_full_multivariant.csv,False,failed,True,passed,,NEEDS_REVIEW,target_mapping,general_code,tests/5.0/target_teams_distribute,5.0,needs_review,False,needs_review
tests/5.0/teams_loop/test_target_teams_loop_reduction.c,teams_loop,loop_body,BODY_ADD_TO_SUB,high,total = total + a[i];,total = total - a[i];,oracle checks total == sum_host,loop body subtracts instead of adding,22,test_target_teams_loop_reduction_BODY_ADD_TO_SUB.c,"#include <omp.h>
#include <stdio.h>
#include <stdlib.h>
#include ""ompvv.h""

#define N 1024

/**
  This is a basic test to demonstrate how reduction clause is used
  with target teams loop construct.
*/
int testTargetTeamsReduction() {
  int a[N], total = 0;
  int errors = 0;
  // Data Inititalize
  for (int i = 0; i < N; i++) {
    a[i] = i;
  }
  // Execute on target
#pragma omp target teams loop map(to: a[0:N]) map(tofrom: total) reduction(+:total)
  for (int i = 0; i < N; i++) {
    total = total + a[i];
  }
  // Validate
  int sum_host = 0;
  for (int i = 0; i < N; i++) {
    sum_host = sum_host + a[i];
  }
  OMPVV_TEST_AND_SET_VERBOSE(errors, total != sum_host);
  return errors;
}

int main() {
  int errors = 0;
  OMPVV_TEST_AND_SET_VERBOSE(errors, testTargetTeamsReduction());
  OMPVV_REPORT_AND_RETURN(errors);
}
","#include <omp.h>
#include <stdio.h>
#include <stdlib.h>
#include ""ompvv.h""

#define N 1024

/**
  This is a basic test to demonstrate how reduction clause is used
  with target teams loop construct.
*/
int testTargetTeamsReduction() {
  int a[N], total = 0;
  int errors = 0;
  // Data Inititalize
  for (int i = 0; i < N; i++) {
    a[i] = i;
  }
  // Execute on target
#pragma omp target teams loop map(to: a[0:N]) map(tofrom: total) reduction(+:total)
  for (int i = 0; i < N; i++) {
    total = total - a[i];
  }
  // Validate
  int sum_host = 0;
  for (int i = 0; i < N; i++) {
    sum_host = sum_host + a[i];
  }
  OMPVV_TEST_AND_SET_VERBOSE(errors, total != sum_host);
  return errors;
}

int main() {
  int errors = 0;
  OMPVV_TEST_AND_SET_VERBOSE(errors, testTargetTeamsReduction());
  OMPVV_REPORT_AND_RETURN(errors);
}
",openmp_gpu_batch_24_optionA_full_multivariant.csv,False,failed,True,passed,,NEEDS_REVIEW,target_mapping,general_code,tests/5.0/teams_loop,5.0,needs_review,False,needs_review
tests/4.5/target_teams_distribute/test_target_teams_distribute_reduction_bitand.c,target_teams_distribute,loop_body,BODY_BITAND_TO_BITOR,high,b = b & a[x];,b = b | a[x];,oracle checks b == host_b,loop body updates reduction variable using the wrong operator,57,test_target_teams_distribute_reduction_bitand_BODY_BITAND_TO_BITOR.c,"//===--- test_target_teams_distribute_reduction_bitand.c---------------------===//
//
// OpenMP API Version 4.5 Nov 2015
//
// This test uses the reduction clause on a target teams distribute directive,
// testing that the variable in the reduction clause is properly reduced using
// the bitand operator.
//
////===----------------------------------------------------------------------===//

#include <omp.h>
#include <stdio.h>
#include <stdlib.h>
#include ""ompvv.h""
#include <math.h>

#define N 1024
#define THRESHOLD 512

int test_bitand() {
  unsigned int a[N];
  double false_margin = pow(exp(1), log(.5)/N); // See the 'and' operator test for
  int errors = 0;                               // an exaplantion of this math.
  int num_teams[N];
  int num_attempts = 0;
  int have_true = 0, have_false = 0;
  srand(1);

  while ((!have_true || !have_false) && (num_attempts < THRESHOLD)) {
    have_true = 0;
    have_false = 0;
    for (int x = 0; x < N; ++x) {
      for (int y = 0; y < 16; ++y) {
        if (rand() / (double) RAND_MAX < false_margin) {
          a[x] += (1 << y);
          have_true = 1;
        } else {
          have_false = 1;
        }
      }
      num_teams[x] = -x;
    }
    num_attempts++;
  }

  OMPVV_WARNING_IF(!have_true, ""No true bits were generated to test"");
  OMPVV_WARNING_IF(!have_false, ""No false bits were generated to test"");

  unsigned int b = 0;
  for (int x = 0; x < 16; ++x) {
    b = b + (1 << x);
  }

#pragma omp target teams distribute reduction(&:b) defaultmap(tofrom:scalar)
  for (int x = 0; x < N; ++x) {
    num_teams[x] = omp_get_num_teams();
    b = b & a[x];
  }

  unsigned int host_b = a[0];

  for (int x = 0; x < N; ++x) {
    host_b = host_b & a[x];
  }

  for (int x = 1; x < N; ++x) {
    OMPVV_WARNING_IF(num_teams[x - 1] != num_teams[x], ""Kernel reported differing numbers of teams.  Validity of testing of reduction clause cannot be guaranteed."");
  }
  OMPVV_WARNING_IF(num_teams[0] == 1, ""Test operated with one team.  Reduction clause cannot be tested."");
  OMPVV_WARNING_IF(num_teams[0] <= 0, ""Test reported invalid number of teams.  Validity of testing of reduction clause cannot be guaranteed."");

  OMPVV_TEST_AND_SET_VERBOSE(errors, b != host_b);
  OMPVV_ERROR_IF(host_b != b, ""Bit on device is %d but expected bit from host is %d."", b, host_b);

  return errors;
}

int main() {
  OMPVV_TEST_OFFLOADING;

  int total_errors = 0;

  OMPVV_TEST_AND_SET_VERBOSE(total_errors, test_bitand() != 0);

  OMPVV_REPORT_AND_RETURN(total_errors);
}
","//===--- test_target_teams_distribute_reduction_bitand.c---------------------===//
//
// OpenMP API Version 4.5 Nov 2015
//
// This test uses the reduction clause on a target teams distribute directive,
// testing that the variable in the reduction clause is properly reduced using
// the bitand operator.
//
////===----------------------------------------------------------------------===//

#include <omp.h>
#include <stdio.h>
#include <stdlib.h>
#include ""ompvv.h""
#include <math.h>

#define N 1024
#define THRESHOLD 512

int test_bitand() {
  unsigned int a[N];
  double false_margin = pow(exp(1), log(.5)/N); // See the 'and' operator test for
  int errors = 0;                               // an exaplantion of this math.
  int num_teams[N];
  int num_attempts = 0;
  int have_true = 0, have_false = 0;
  srand(1);

  while ((!have_true || !have_false) && (num_attempts < THRESHOLD)) {
    have_true = 0;
    have_false = 0;
    for (int x = 0; x < N; ++x) {
      for (int y = 0; y < 16; ++y) {
        if (rand() / (double) RAND_MAX < false_margin) {
          a[x] += (1 << y);
          have_true = 1;
        } else {
          have_false = 1;
        }
      }
      num_teams[x] = -x;
    }
    num_attempts++;
  }

  OMPVV_WARNING_IF(!have_true, ""No true bits were generated to test"");
  OMPVV_WARNING_IF(!have_false, ""No false bits were generated to test"");

  unsigned int b = 0;
  for (int x = 0; x < 16; ++x) {
    b = b + (1 << x);
  }

#pragma omp target teams distribute reduction(&:b) defaultmap(tofrom:scalar)
  for (int x = 0; x < N; ++x) {
    num_teams[x] = omp_get_num_teams();
    b = b | a[x];
  }

  unsigned int host_b = a[0];

  for (int x = 0; x < N; ++x) {
    host_b = host_b & a[x];
  }

  for (int x = 1; x < N; ++x) {
    OMPVV_WARNING_IF(num_teams[x - 1] != num_teams[x], ""Kernel reported differing numbers of teams.  Validity of testing of reduction clause cannot be guaranteed."");
  }
  OMPVV_WARNING_IF(num_teams[0] == 1, ""Test operated with one team.  Reduction clause cannot be tested."");
  OMPVV_WARNING_IF(num_teams[0] <= 0, ""Test reported invalid number of teams.  Validity of testing of reduction clause cannot be guaranteed."");

  OMPVV_TEST_AND_SET_VERBOSE(errors, b != host_b);
  OMPVV_ERROR_IF(host_b != b, ""Bit on device is %d but expected bit from host is %d."", b, host_b);

  return errors;
}

int main() {
  OMPVV_TEST_OFFLOADING;

  int total_errors = 0;

  OMPVV_TEST_AND_SET_VERBOSE(total_errors, test_bitand() != 0);

  OMPVV_REPORT_AND_RETURN(total_errors);
}
",openmp_gpu_batch_09_optionA_full_multivariant_REGENERATED.csv,False,failed,True,passed,,NEEDS_REVIEW,target_mapping,general_code,tests/4.5/target_teams_distribute,4.5,needs_review,False,needs_review
tests/5.0/loop/test_loop_reduction_bitand_device.c,loop,loop_body,BODY_BITAND_TO_BITOR,high,b = b & a[x];,b = b | a[x];,b == host_b,loop reduction update expression uses the wrong operator,61,test_loop_reduction_bitand_device_BODY_BITAND_TO_BITOR.c,"//===--- test_loop_reduction_bitand_device.c --------------------------------===//
//
// OpenMP API Version 5.0 Nov 2018
//
// This test uses the reduction clause on a loop directive, testing that the
// variable in the reduction clause is properly reduced using the bitand
// operator. This test checks the above in a target context.
//
////===----------------------------------------------------------------------===//

#include <omp.h>
#include <stdio.h>
#include <stdlib.h>
#include ""ompvv.h""
#include <math.h>

#define N 1024
#define THRESHOLD 512

int test_bitand() {
  unsigned int a[N];
  double false_margin = pow(exp(1), log(.5)/N); // See the 'and' operator test for
  int errors = 0;                               // an exaplantion of this math.
  int num_threads[N];
  int num_attempts = 0;
  int have_true = 0, have_false = 0;
  srand(1);

  while ((!have_true || !have_false) && (num_attempts < THRESHOLD)) {
    have_true = 0;
    have_false = 0;
    for (int x = 0; x < N; ++x) {
      if( num_attempts == 0 ) {
        a[x] = 0;
      }
      for (int y = 0; y < 16; ++y) {
        if (rand() / (double) RAND_MAX < false_margin) {
          a[x] += (1 << y);
          have_true = 1;
        } else {
          have_false = 1;
        }
      }
      num_threads[x] = -x;
    }
    num_attempts++;
  }

  OMPVV_WARNING_IF(!have_true, ""No true bits were generated to test"");
  OMPVV_WARNING_IF(!have_false, ""No false bits were generated to test"");

  unsigned int b = 0;
  for (int x = 0; x < 16; ++x) {
    b = b + (1 << x);
  }

#pragma omp target parallel num_threads(OMPVV_NUM_THREADS_DEVICE) map(tofrom: a, b, num_threads)
  {
#pragma omp loop reduction(&:b)
    for (int x = 0; x < N; ++x) {
      b = b & a[x];
    }
#pragma omp for
    for (int x = 0; x < N; ++x) {
      num_threads[x] = omp_get_num_threads();
    }
  }

  unsigned int host_b = a[0];

  for (int x = 0; x < N; ++x) {
    host_b = host_b & a[x];
  }

  for (int x = 1; x < N; ++x) {
    OMPVV_WARNING_IF(num_threads[x - 1] != num_threads[x], ""Test reported differing numbers of threads.  Validity of testing of reduction clause cannot be guaranteed."");
  }
  OMPVV_WARNING_IF(num_threads[0] == 1, ""Test operated with one thread.  Reduction clause cannot be tested."");
  OMPVV_WARNING_IF(num_threads[0] <= 0, ""Test reported invalid number of threads.  Validity of testing of reduction clause cannot be guaranteed."");

  OMPVV_TEST_AND_SET_VERBOSE(errors, b != host_b);
  OMPVV_ERROR_IF(host_b != b, ""Bit from loop directive is %d but expected bit is %d."", b, host_b);

  return errors;
}

int main() {
  OMPVV_TEST_OFFLOADING;

  int total_errors = 0;

  OMPVV_TEST_AND_SET_VERBOSE(total_errors, test_bitand() != 0);

  OMPVV_REPORT_AND_RETURN(total_errors);
}
","//===--- test_loop_reduction_bitand_device.c --------------------------------===//
//
// OpenMP API Version 5.0 Nov 2018
//
// This test uses the reduction clause on a loop directive, testing that the
// variable in the reduction clause is properly reduced using the bitand
// operator. This test checks the above in a target context.
//
////===----------------------------------------------------------------------===//

#include <omp.h>
#include <stdio.h>
#include <stdlib.h>
#include ""ompvv.h""
#include <math.h>

#define N 1024
#define THRESHOLD 512

int test_bitand() {
  unsigned int a[N];
  double false_margin = pow(exp(1), log(.5)/N); // See the 'and' operator test for
  int errors = 0;                               // an exaplantion of this math.
  int num_threads[N];
  int num_attempts = 0;
  int have_true = 0, have_false = 0;
  srand(1);

  while ((!have_true || !have_false) && (num_attempts < THRESHOLD)) {
    have_true = 0;
    have_false = 0;
    for (int x = 0; x < N; ++x) {
      if( num_attempts == 0 ) {
        a[x] = 0;
      }
      for (int y = 0; y < 16; ++y) {
        if (rand() / (double) RAND_MAX < false_margin) {
          a[x] += (1 << y);
          have_true = 1;
        } else {
          have_false = 1;
        }
      }
      num_threads[x] = -x;
    }
    num_attempts++;
  }

  OMPVV_WARNING_IF(!have_true, ""No true bits were generated to test"");
  OMPVV_WARNING_IF(!have_false, ""No false bits were generated to test"");

  unsigned int b = 0;
  for (int x = 0; x < 16; ++x) {
    b = b + (1 << x);
  }

#pragma omp target parallel num_threads(OMPVV_NUM_THREADS_DEVICE) map(tofrom: a, b, num_threads)
  {
#pragma omp loop reduction(&:b)
    for (int x = 0; x < N; ++x) {
      b = b | a[x];
    }
#pragma omp for
    for (int x = 0; x < N; ++x) {
      num_threads[x] = omp_get_num_threads();
    }
  }

  unsigned int host_b = a[0];

  for (int x = 0; x < N; ++x) {
    host_b = host_b & a[x];
  }

  for (int x = 1; x < N; ++x) {
    OMPVV_WARNING_IF(num_threads[x - 1] != num_threads[x], ""Test reported differing numbers of threads.  Validity of testing of reduction clause cannot be guaranteed."");
  }
  OMPVV_WARNING_IF(num_threads[0] == 1, ""Test operated with one thread.  Reduction clause cannot be tested."");
  OMPVV_WARNING_IF(num_threads[0] <= 0, ""Test reported invalid number of threads.  Validity of testing of reduction clause cannot be guaranteed."");

  OMPVV_TEST_AND_SET_VERBOSE(errors, b != host_b);
  OMPVV_ERROR_IF(host_b != b, ""Bit from loop directive is %d but expected bit is %d."", b, host_b);

  return errors;
}

int main() {
  OMPVV_TEST_OFFLOADING;

  int total_errors = 0;

  OMPVV_TEST_AND_SET_VERBOSE(total_errors, test_bitand() != 0);

  OMPVV_REPORT_AND_RETURN(total_errors);
}
",openmp_gpu_batch_14_optionA_full_multivariant.csv,False,failed,True,passed,,NEEDS_REVIEW,target_mapping,general_code,tests/5.0/loop,5.0,needs_review,False,needs_review
tests/5.0/target_teams_distribute/test_target_teams_distribute_reduction_bitand.c,target_teams_distribute,loop_body,BODY_BITAND_TO_BITOR,high,b = b & a[x];,b = b | a[x];,oracle checks b == host_b,loop reduction update expression uses wrong operator,57,test_target_teams_distribute_reduction_bitand_BODY_BITAND_TO_BITOR.c,"//===--- test_target_teams_distribute_reduction_bitand.c---------------------===//
//
// OpenMP API Version 5.0 Nov 2018
//
// This test uses the reduction clause on a target teams distribute directive,
// testing that the variable in the reduction clause is properly reduced using
// the bitand operator.
//
////===----------------------------------------------------------------------===//

#include <omp.h>
#include <stdio.h>
#include <stdlib.h>
#include ""ompvv.h""
#include <math.h>

#define N 1024
#define THRESHOLD 512

int test_bitand() {
  unsigned int a[N];
  double false_margin = pow(exp(1), log(.5)/N); // See the 'and' operator test for
  int errors = 0;                               // an exaplantion of this math.
  int num_teams[N];
  int have_true = 0, have_false = 0;
  int num_attempts = 0;
  srand(1);

  while ((!have_true || !have_false) && (num_attempts < THRESHOLD)) {
    have_true = 0;
    have_false = 0;
    for (int x = 0; x < N; ++x) {
      for (int y = 0; y < 16; ++y) {
        if (rand() / (double) RAND_MAX < false_margin) {
          a[x] += 1 << y;
          have_true = 1;
        } else {
          have_false = 1;
        }
      }
      num_teams[x] = -x;
    }
    num_attempts++;
  }

  OMPVV_WARNING_IF(!have_true, ""No true bits were generated to test"");
  OMPVV_WARNING_IF(!have_false, ""No false bits were generated to test"");

  unsigned int b = 0;
  for (int x = 0; x < 16; ++x) {
    b = b + (1 << x);
  }

#pragma omp target teams distribute reduction(&:b) map(to: a[0:N]) map(tofrom: b, num_teams[0:N])
  for (int x = 0; x < N; ++x) {
    num_teams[x] = omp_get_num_teams();
    b = b & a[x];
  }

  unsigned int host_b = a[0];

  for (int x = 0; x < N; ++x) {
    host_b = host_b & a[x];
  }

  for (int x = 1; x < N; ++x) {
    OMPVV_WARNING_IF(num_teams[x - 1] != num_teams[x], ""Kernel reported differing numbers of teams.  Validity of testing of reduction clause cannot be guaranteed."");
  }
  OMPVV_WARNING_IF(num_teams[0] == 1, ""Test operated with one team.  Reduction clause cannot be tested."");
  OMPVV_WARNING_IF(num_teams[0] <= 0, ""Test reported invalid number of teams.  Validity of testing of reduction clause cannot be guaranteed."");

  OMPVV_TEST_AND_SET_VERBOSE(errors, b != host_b);
  OMPVV_ERROR_IF(host_b != b, ""Bit on device is %d but expected bit from host is %d."", b, host_b);

  return errors;
}

int main() {
  OMPVV_TEST_OFFLOADING;

  int total_errors = 0;

  OMPVV_TEST_AND_SET_VERBOSE(total_errors, test_bitand() != 0);

  OMPVV_REPORT_AND_RETURN(total_errors);
}
","//===--- test_target_teams_distribute_reduction_bitand.c---------------------===//
//
// OpenMP API Version 5.0 Nov 2018
//
// This test uses the reduction clause on a target teams distribute directive,
// testing that the variable in the reduction clause is properly reduced using
// the bitand operator.
//
////===----------------------------------------------------------------------===//

#include <omp.h>
#include <stdio.h>
#include <stdlib.h>
#include ""ompvv.h""
#include <math.h>

#define N 1024
#define THRESHOLD 512

int test_bitand() {
  unsigned int a[N];
  double false_margin = pow(exp(1), log(.5)/N); // See the 'and' operator test for
  int errors = 0;                               // an exaplantion of this math.
  int num_teams[N];
  int have_true = 0, have_false = 0;
  int num_attempts = 0;
  srand(1);

  while ((!have_true || !have_false) && (num_attempts < THRESHOLD)) {
    have_true = 0;
    have_false = 0;
    for (int x = 0; x < N; ++x) {
      for (int y = 0; y < 16; ++y) {
        if (rand() / (double) RAND_MAX < false_margin) {
          a[x] += 1 << y;
          have_true = 1;
        } else {
          have_false = 1;
        }
      }
      num_teams[x] = -x;
    }
    num_attempts++;
  }

  OMPVV_WARNING_IF(!have_true, ""No true bits were generated to test"");
  OMPVV_WARNING_IF(!have_false, ""No false bits were generated to test"");

  unsigned int b = 0;
  for (int x = 0; x < 16; ++x) {
    b = b + (1 << x);
  }

#pragma omp target teams distribute reduction(&:b) map(to: a[0:N]) map(tofrom: b, num_teams[0:N])
  for (int x = 0; x < N; ++x) {
    num_teams[x] = omp_get_num_teams();
    b = b | a[x];
  }

  unsigned int host_b = a[0];

  for (int x = 0; x < N; ++x) {
    host_b = host_b & a[x];
  }

  for (int x = 1; x < N; ++x) {
    OMPVV_WARNING_IF(num_teams[x - 1] != num_teams[x], ""Kernel reported differing numbers of teams.  Validity of testing of reduction clause cannot be guaranteed."");
  }
  OMPVV_WARNING_IF(num_teams[0] == 1, ""Test operated with one team.  Reduction clause cannot be tested."");
  OMPVV_WARNING_IF(num_teams[0] <= 0, ""Test reported invalid number of teams.  Validity of testing of reduction clause cannot be guaranteed."");

  OMPVV_TEST_AND_SET_VERBOSE(errors, b != host_b);
  OMPVV_ERROR_IF(host_b != b, ""Bit on device is %d but expected bit from host is %d."", b, host_b);

  return errors;
}

int main() {
  OMPVV_TEST_OFFLOADING;

  int total_errors = 0;

  OMPVV_TEST_AND_SET_VERBOSE(total_errors, test_bitand() != 0);

  OMPVV_REPORT_AND_RETURN(total_errors);
}
",openmp_gpu_batch_18_optionA_full_multivariant.csv,False,failed,True,passed,,NEEDS_REVIEW,target_mapping,general_code,tests/5.0/target_teams_distribute,5.0,needs_review,False,needs_review
tests/4.5/target_teams_distribute/test_target_teams_distribute_reduction_bitor.c,target_teams_distribute,loop_body,BODY_BITOR_TO_BITAND,high,b = b | a[x];,b = b & a[x];,oracle checks b == host_b,loop body updates reduction variable using the wrong operator,55,test_target_teams_distribute_reduction_bitor_BODY_BITOR_TO_BITAND.c,"//===--- test_target_teams_distribute_reduction_bitor.c----------------------===//
//
// OpenMP API Version 4.5 Nov 2015
//
// This test uses the reduction clause on a target teams distribute directive,
// testing that the variable in the reduction clause is properly reduced using
// the bitor operator.
//
////===----------------------------------------------------------------------===//

#include <omp.h>
#include <stdio.h>
#include <stdlib.h>
#include ""ompvv.h""
#include <math.h>

#define N 1024
#define THRESHOLD 1024

int test_bitor() {
  int a[N];
  // See the 'and' operator test for an exaplantion of this math.
  double true_margin = pow(exp(1), log(.5)/N);
  int errors = 0;
  int num_teams[N];
  int num_attempts = 0;
  int have_true = 0, have_false = 0;
  srand(1);

  while ((!have_true || !have_false) && (num_attempts < THRESHOLD)) {
    have_true = 0;
    have_false = 0;
    for (int x = 0; x < N; ++x) {
      for (int y = 0; y < 16; ++y) {
        if (rand() / (double) RAND_MAX > true_margin) {
          a[x] += (1 << y);
          have_true = 1;
        } else {
          have_false = 1;
        }
      }
      num_teams[x] = -x;
    }
    num_attempts++;
  }

  OMPVV_WARNING_IF(!have_true, ""No true bits were generated to test"");
  OMPVV_WARNING_IF(!have_false, ""No false bits were generated to test"");

  unsigned int b = 0;

#pragma omp target teams distribute reduction(|:b) defaultmap(tofrom:scalar)
  for (int x = 0; x < N; ++x) {
    num_teams[x] = omp_get_num_teams();
    b = b | a[x];
  }

  unsigned int host_b = 0;

  for (int x = 0; x < N; ++x) {
    host_b = host_b | a[x];
  }

  for (int x = 1; x < N; ++x) {
    OMPVV_WARNING_IF(num_teams[x - 1] != num_teams[x], ""Kernel reported differing numbers of teams.  Validity of testing of reduction clause cannot be guaranteed."");
  }
  OMPVV_WARNING_IF(num_teams[0] == 1, ""Test operated with one team.  Reduction clause cannot be tested."");
  OMPVV_WARNING_IF(num_teams[0] <= 0, ""Test reported invalid number of teams.  Validity of testing of reduction clause cannot be guaranteed."");

  OMPVV_TEST_AND_SET_VERBOSE(errors, b != host_b);
  OMPVV_ERROR_IF(host_b != b, ""Bit on device is %d but expected bit from host is %d."", b, host_b);

  return errors;
}

int main() {
  OMPVV_TEST_OFFLOADING;

  int total_errors = 0;

  OMPVV_TEST_AND_SET_VERBOSE(total_errors, test_bitor() != 0);

  OMPVV_REPORT_AND_RETURN(total_errors);
}
","//===--- test_target_teams_distribute_reduction_bitor.c----------------------===//
//
// OpenMP API Version 4.5 Nov 2015
//
// This test uses the reduction clause on a target teams distribute directive,
// testing that the variable in the reduction clause is properly reduced using
// the bitor operator.
//
////===----------------------------------------------------------------------===//

#include <omp.h>
#include <stdio.h>
#include <stdlib.h>
#include ""ompvv.h""
#include <math.h>

#define N 1024
#define THRESHOLD 1024

int test_bitor() {
  int a[N];
  // See the 'and' operator test for an exaplantion of this math.
  double true_margin = pow(exp(1), log(.5)/N);
  int errors = 0;
  int num_teams[N];
  int num_attempts = 0;
  int have_true = 0, have_false = 0;
  srand(1);

  while ((!have_true || !have_false) && (num_attempts < THRESHOLD)) {
    have_true = 0;
    have_false = 0;
    for (int x = 0; x < N; ++x) {
      for (int y = 0; y < 16; ++y) {
        if (rand() / (double) RAND_MAX > true_margin) {
          a[x] += (1 << y);
          have_true = 1;
        } else {
          have_false = 1;
        }
      }
      num_teams[x] = -x;
    }
    num_attempts++;
  }

  OMPVV_WARNING_IF(!have_true, ""No true bits were generated to test"");
  OMPVV_WARNING_IF(!have_false, ""No false bits were generated to test"");

  unsigned int b = 0;

#pragma omp target teams distribute reduction(|:b) defaultmap(tofrom:scalar)
  for (int x = 0; x < N; ++x) {
    num_teams[x] = omp_get_num_teams();
    b = b & a[x];
  }

  unsigned int host_b = 0;

  for (int x = 0; x < N; ++x) {
    host_b = host_b | a[x];
  }

  for (int x = 1; x < N; ++x) {
    OMPVV_WARNING_IF(num_teams[x - 1] != num_teams[x], ""Kernel reported differing numbers of teams.  Validity of testing of reduction clause cannot be guaranteed."");
  }
  OMPVV_WARNING_IF(num_teams[0] == 1, ""Test operated with one team.  Reduction clause cannot be tested."");
  OMPVV_WARNING_IF(num_teams[0] <= 0, ""Test reported invalid number of teams.  Validity of testing of reduction clause cannot be guaranteed."");

  OMPVV_TEST_AND_SET_VERBOSE(errors, b != host_b);
  OMPVV_ERROR_IF(host_b != b, ""Bit on device is %d but expected bit from host is %d."", b, host_b);

  return errors;
}

int main() {
  OMPVV_TEST_OFFLOADING;

  int total_errors = 0;

  OMPVV_TEST_AND_SET_VERBOSE(total_errors, test_bitor() != 0);

  OMPVV_REPORT_AND_RETURN(total_errors);
}
",openmp_gpu_batch_09_optionA_full_multivariant_REGENERATED.csv,False,failed,True,passed,,NEEDS_REVIEW,target_mapping,general_code,tests/4.5/target_teams_distribute,4.5,needs_review,False,needs_review
tests/5.0/loop/test_loop_reduction_bitor_device.c,loop,loop_body,BODY_BITOR_TO_BITAND,high,b = b | a[x];,b = b & a[x];,b == host_b,loop reduction update expression uses the wrong operator,59,test_loop_reduction_bitor_device_BODY_BITOR_TO_BITAND.c,"//===--- test_loop_reduction_bitor_device.c ---------------------------------===//
//
// OpenMP API Version 5.0 Nov 2018
//
// This test uses the reduction clause on a loop directive, testing that the
// variable in the reduction clause is properly reduced using the bitor
// operator. This test checks the above in a target context.
//
////===----------------------------------------------------------------------===//

#include <omp.h>
#include <stdio.h>
#include <stdlib.h>
#include ""ompvv.h""
#include <math.h>

#define N 1024
#define THRESHOLD 1024

int test_bitor() {
  int a[N];
  // See the 'and' operator test for an exaplantion of this math.
  double true_margin = pow(exp(1), log(.5)/N);
  int errors = 0;
  int num_threads[N];
  int num_attempts = 0;
  int have_true = 0, have_false = 0;
  srand(1);

  for (int x = 0; x < N; ++x) {
    a[x] = 0;
  }
  while ((!have_true || !have_false) && (num_attempts < THRESHOLD)) {
    have_true = 0;
    have_false = 0;
    for (int x = 0; x < N; ++x) {
      for (int y = 0; y < 16; ++y) {
        if (rand() / (double) RAND_MAX > true_margin) {
          a[x] += (1 << y);
          have_true = 1;
        } else {
          have_false = 1;
        }
      }
      num_threads[x] = -x;
    }
    num_attempts++;
  }

  OMPVV_WARNING_IF(!have_true, ""No true bits were generated to test"");
  OMPVV_WARNING_IF(!have_false, ""No false bits were generated to test"");

  unsigned int b = 0;

#pragma omp target parallel num_threads(OMPVV_NUM_THREADS_DEVICE) map(tofrom: a, b, num_threads)
  {
#pragma omp loop reduction(|:b)
    for (int x = 0; x < N; ++x) {
      b = b | a[x];
    }
#pragma omp for
    for (int x = 0; x < N; ++x) {
      num_threads[x] = omp_get_num_threads();
    }
  }

  unsigned int host_b = 0;

  for (int x = 0; x < N; ++x) {
    host_b = host_b | a[x];
  }

  for (int x = 1; x < N; ++x) {
    OMPVV_WARNING_IF(num_threads[x - 1] != num_threads[x], ""Test reported differing numbers of threads.  Validity of testing of reduction clause cannot be guaranteed."");
  }
  OMPVV_WARNING_IF(num_threads[0] == 1, ""Test operated with one thread.  Reduction clause cannot be tested."");
  OMPVV_WARNING_IF(num_threads[0] <= 0, ""Test reported invalid number of threads.  Validity of testing of reduction clause cannot be guaranteed."");

  OMPVV_TEST_AND_SET_VERBOSE(errors, b != host_b);
  OMPVV_ERROR_IF(host_b != b, ""Bit from loop directive is %d but expected bit is %d."", b, host_b);

  return errors;
}

int main() {
  OMPVV_TEST_OFFLOADING;

  int total_errors = 0;

  OMPVV_TEST_AND_SET_VERBOSE(total_errors, test_bitor() != 0);

  OMPVV_REPORT_AND_RETURN(total_errors);
}
","//===--- test_loop_reduction_bitor_device.c ---------------------------------===//
//
// OpenMP API Version 5.0 Nov 2018
//
// This test uses the reduction clause on a loop directive, testing that the
// variable in the reduction clause is properly reduced using the bitor
// operator. This test checks the above in a target context.
//
////===----------------------------------------------------------------------===//

#include <omp.h>
#include <stdio.h>
#include <stdlib.h>
#include ""ompvv.h""
#include <math.h>

#define N 1024
#define THRESHOLD 1024

int test_bitor() {
  int a[N];
  // See the 'and' operator test for an exaplantion of this math.
  double true_margin = pow(exp(1), log(.5)/N);
  int errors = 0;
  int num_threads[N];
  int num_attempts = 0;
  int have_true = 0, have_false = 0;
  srand(1);

  for (int x = 0; x < N; ++x) {
    a[x] = 0;
  }
  while ((!have_true || !have_false) && (num_attempts < THRESHOLD)) {
    have_true = 0;
    have_false = 0;
    for (int x = 0; x < N; ++x) {
      for (int y = 0; y < 16; ++y) {
        if (rand() / (double) RAND_MAX > true_margin) {
          a[x] += (1 << y);
          have_true = 1;
        } else {
          have_false = 1;
        }
      }
      num_threads[x] = -x;
    }
    num_attempts++;
  }

  OMPVV_WARNING_IF(!have_true, ""No true bits were generated to test"");
  OMPVV_WARNING_IF(!have_false, ""No false bits were generated to test"");

  unsigned int b = 0;

#pragma omp target parallel num_threads(OMPVV_NUM_THREADS_DEVICE) map(tofrom: a, b, num_threads)
  {
#pragma omp loop reduction(|:b)
    for (int x = 0; x < N; ++x) {
      b = b & a[x];
    }
#pragma omp for
    for (int x = 0; x < N; ++x) {
      num_threads[x] = omp_get_num_threads();
    }
  }

  unsigned int host_b = 0;

  for (int x = 0; x < N; ++x) {
    host_b = host_b | a[x];
  }

  for (int x = 1; x < N; ++x) {
    OMPVV_WARNING_IF(num_threads[x - 1] != num_threads[x], ""Test reported differing numbers of threads.  Validity of testing of reduction clause cannot be guaranteed."");
  }
  OMPVV_WARNING_IF(num_threads[0] == 1, ""Test operated with one thread.  Reduction clause cannot be tested."");
  OMPVV_WARNING_IF(num_threads[0] <= 0, ""Test reported invalid number of threads.  Validity of testing of reduction clause cannot be guaranteed."");

  OMPVV_TEST_AND_SET_VERBOSE(errors, b != host_b);
  OMPVV_ERROR_IF(host_b != b, ""Bit from loop directive is %d but expected bit is %d."", b, host_b);

  return errors;
}

int main() {
  OMPVV_TEST_OFFLOADING;

  int total_errors = 0;

  OMPVV_TEST_AND_SET_VERBOSE(total_errors, test_bitor() != 0);

  OMPVV_REPORT_AND_RETURN(total_errors);
}
",openmp_gpu_batch_14_optionA_full_multivariant.csv,False,failed,True,passed,,NEEDS_REVIEW,target_mapping,general_code,tests/5.0/loop,5.0,needs_review,False,needs_review
tests/5.0/target_teams_distribute/test_target_teams_distribute_reduction_bitor.c,target_teams_distribute,loop_body,BODY_BITOR_TO_BITAND,high,b = b | a[x];,b = b & a[x];,oracle checks b == host_b,loop reduction update expression uses wrong operator,55,test_target_teams_distribute_reduction_bitor_BODY_BITOR_TO_BITAND.c,"//===--- test_target_teams_distribute_reduction_bitor.c----------------------===//
//
// OpenMP API Version 5.0 Nov 2018
//
// This test uses the reduction clause on a target teams distribute directive,
// testing that the variable in the reduction clause is properly reduced using
// the bitor operator.
//
////===----------------------------------------------------------------------===//

#include <omp.h>
#include <stdio.h>
#include <stdlib.h>
#include ""ompvv.h""
#include <math.h>

#define N 1024
#define THRESHOLD 2014

int test_bitor() {
  int a[N];
  // See the 'and' operator test for an exaplantion of this math.
  double true_margin = pow(exp(1), log(.5)/N);
  int errors = 0;
  int num_teams[N];
  int have_true = 0, have_false = 0;
  int num_attempts = 0;
  srand(1);

  while ((!have_true || !have_false) && (num_attempts < THRESHOLD)) {
    have_true = 0;
    have_false = 0;
    for (int x = 0; x < N; ++x) {
      for (int y = 0; y < 16; ++y) {
        if (rand() / (double) RAND_MAX > true_margin) {
          a[x] += (1 << y);
          have_true = 1;
        } else {
          have_false = 1;
        }
      }
      num_teams[x] = -x;
    }
    num_attempts++;
  }

  OMPVV_WARNING_IF(!have_true, ""No true bits were generated to test"");
  OMPVV_WARNING_IF(!have_false, ""No false bits were generated to test"");

  unsigned int b = 0;

#pragma omp target teams distribute reduction(|:b) map(to: a[0:N]) map(tofrom: b) map(from: num_teams[0:N])
  for (int x = 0; x < N; ++x) {
    num_teams[x] = omp_get_num_teams();
    b = b | a[x];
  }

  unsigned int host_b = 0;

  for (int x = 0; x < N; ++x) {
    host_b = host_b | a[x];
  }

  for (int x = 1; x < N; ++x) {
    OMPVV_WARNING_IF(num_teams[x - 1] != num_teams[x], ""Kernel reported differing numbers of teams.  Validity of testing of reduction clause cannot be guaranteed."");
  }
  OMPVV_WARNING_IF(num_teams[0] == 1, ""Test operated with one team.  Reduction clause cannot be tested."");
  OMPVV_WARNING_IF(num_teams[0] <= 0, ""Test reported invalid number of teams.  Validity of testing of reduction clause cannot be guaranteed."");

  OMPVV_TEST_AND_SET_VERBOSE(errors, b != host_b);
  OMPVV_ERROR_IF(host_b != b, ""Bit on device is %d but expected bit from host is %d."", b, host_b);

  return errors;
}

int main() {
  OMPVV_TEST_OFFLOADING;

  int total_errors = 0;

  OMPVV_TEST_AND_SET_VERBOSE(total_errors, test_bitor() != 0);

  OMPVV_REPORT_AND_RETURN(total_errors);
}
","//===--- test_target_teams_distribute_reduction_bitor.c----------------------===//
//
// OpenMP API Version 5.0 Nov 2018
//
// This test uses the reduction clause on a target teams distribute directive,
// testing that the variable in the reduction clause is properly reduced using
// the bitor operator.
//
////===----------------------------------------------------------------------===//

#include <omp.h>
#include <stdio.h>
#include <stdlib.h>
#include ""ompvv.h""
#include <math.h>

#define N 1024
#define THRESHOLD 2014

int test_bitor() {
  int a[N];
  // See the 'and' operator test for an exaplantion of this math.
  double true_margin = pow(exp(1), log(.5)/N);
  int errors = 0;
  int num_teams[N];
  int have_true = 0, have_false = 0;
  int num_attempts = 0;
  srand(1);

  while ((!have_true || !have_false) && (num_attempts < THRESHOLD)) {
    have_true = 0;
    have_false = 0;
    for (int x = 0; x < N; ++x) {
      for (int y = 0; y < 16; ++y) {
        if (rand() / (double) RAND_MAX > true_margin) {
          a[x] += (1 << y);
          have_true = 1;
        } else {
          have_false = 1;
        }
      }
      num_teams[x] = -x;
    }
    num_attempts++;
  }

  OMPVV_WARNING_IF(!have_true, ""No true bits were generated to test"");
  OMPVV_WARNING_IF(!have_false, ""No false bits were generated to test"");

  unsigned int b = 0;

#pragma omp target teams distribute reduction(|:b) map(to: a[0:N]) map(tofrom: b) map(from: num_teams[0:N])
  for (int x = 0; x < N; ++x) {
    num_teams[x] = omp_get_num_teams();
    b = b & a[x];
  }

  unsigned int host_b = 0;

  for (int x = 0; x < N; ++x) {
    host_b = host_b | a[x];
  }

  for (int x = 1; x < N; ++x) {
    OMPVV_WARNING_IF(num_teams[x - 1] != num_teams[x], ""Kernel reported differing numbers of teams.  Validity of testing of reduction clause cannot be guaranteed."");
  }
  OMPVV_WARNING_IF(num_teams[0] == 1, ""Test operated with one team.  Reduction clause cannot be tested."");
  OMPVV_WARNING_IF(num_teams[0] <= 0, ""Test reported invalid number of teams.  Validity of testing of reduction clause cannot be guaranteed."");

  OMPVV_TEST_AND_SET_VERBOSE(errors, b != host_b);
  OMPVV_ERROR_IF(host_b != b, ""Bit on device is %d but expected bit from host is %d."", b, host_b);

  return errors;
}

int main() {
  OMPVV_TEST_OFFLOADING;

  int total_errors = 0;

  OMPVV_TEST_AND_SET_VERBOSE(total_errors, test_bitor() != 0);

  OMPVV_REPORT_AND_RETURN(total_errors);
}
",openmp_gpu_batch_18_optionA_full_multivariant.csv,False,failed,True,passed,,NEEDS_REVIEW,target_mapping,general_code,tests/5.0/target_teams_distribute,5.0,needs_review,False,needs_review
tests/4.5/target_teams_distribute/test_target_teams_distribute_reduction_bitxor.c,target_teams_distribute,loop_body,BODY_BITXOR_TO_BITOR,high,b = (b ^ a[x]);,b = (b | a[x]);,oracle checks b == host_b,loop body updates reduction variable using the wrong operator,35,test_target_teams_distribute_reduction_bitxor_BODY_BITXOR_TO_BITOR.c,"//===--- test_target_teams_distribute_reduction_bitxor.c----------------------------===//
//
// OpenMP API Version 4.5 Nov 2015
//
// This test uses the reduction clause on a target teams distribute directive,
// testing that the variable in the reduction clause is properly reduced using
// the bitxor operator.
//
////===----------------------------------------------------------------------===//

#include <omp.h>
#include <stdio.h>
#include <stdlib.h>
#include ""ompvv.h""
#include <math.h>

#define N 1024

int test_bitxor() {
  unsigned int a[N];
  int errors = 0;
  int num_teams[N];
  srand(1);

  for (int x = 0; x < N; ++x) {
    a[x] = (unsigned int) rand() / (double) (RAND_MAX / 2);
    num_teams[x] = -x;
  }

  unsigned int b = 0;

#pragma omp target teams distribute reduction(^:b) defaultmap(tofrom:scalar)
  for (int x = 0; x < N; ++x) {
    num_teams[x] = omp_get_num_teams();
    b = (b ^ a[x]);
  }

  unsigned int host_b = 0;

  for (int x = 0; x < N; ++x) {
    host_b = (host_b ^ a[x]);
  }

  for (int x = 1; x < N; ++x) {
    OMPVV_WARNING_IF(num_teams[x - 1] != num_teams[x], ""Kernel reported differing numbers of teams.  Validity of testing of reduction clause cannot be guaranteed."");
  }
  OMPVV_WARNING_IF(num_teams[0] == 1, ""Test operated with one team.  Reduction clause cannot be tested."");
  OMPVV_WARNING_IF(num_teams[0] <= 0, ""Test reported invalid number of teams.  Validity of testing of reduction clause cannot be guaranteed."");

  OMPVV_TEST_AND_SET_VERBOSE(errors, b != host_b);
  OMPVV_ERROR_IF(host_b != b, ""Bit on device is %d but expected bit from host is %d."", b, host_b);

  return errors;
}

int main() {
  OMPVV_TEST_OFFLOADING;

  int total_errors = 0;

  OMPVV_TEST_AND_SET_VERBOSE(total_errors, test_bitxor() != 0);

  OMPVV_REPORT_AND_RETURN(total_errors);
}
","//===--- test_target_teams_distribute_reduction_bitxor.c----------------------------===//
//
// OpenMP API Version 4.5 Nov 2015
//
// This test uses the reduction clause on a target teams distribute directive,
// testing that the variable in the reduction clause is properly reduced using
// the bitxor operator.
//
////===----------------------------------------------------------------------===//

#include <omp.h>
#include <stdio.h>
#include <stdlib.h>
#include ""ompvv.h""
#include <math.h>

#define N 1024

int test_bitxor() {
  unsigned int a[N];
  int errors = 0;
  int num_teams[N];
  srand(1);

  for (int x = 0; x < N; ++x) {
    a[x] = (unsigned int) rand() / (double) (RAND_MAX / 2);
    num_teams[x] = -x;
  }

  unsigned int b = 0;

#pragma omp target teams distribute reduction(^:b) defaultmap(tofrom:scalar)
  for (int x = 0; x < N; ++x) {
    num_teams[x] = omp_get_num_teams();
    b = (b | a[x]);
  }

  unsigned int host_b = 0;

  for (int x = 0; x < N; ++x) {
    host_b = (host_b ^ a[x]);
  }

  for (int x = 1; x < N; ++x) {
    OMPVV_WARNING_IF(num_teams[x - 1] != num_teams[x], ""Kernel reported differing numbers of teams.  Validity of testing of reduction clause cannot be guaranteed."");
  }
  OMPVV_WARNING_IF(num_teams[0] == 1, ""Test operated with one team.  Reduction clause cannot be tested."");
  OMPVV_WARNING_IF(num_teams[0] <= 0, ""Test reported invalid number of teams.  Validity of testing of reduction clause cannot be guaranteed."");

  OMPVV_TEST_AND_SET_VERBOSE(errors, b != host_b);
  OMPVV_ERROR_IF(host_b != b, ""Bit on device is %d but expected bit from host is %d."", b, host_b);

  return errors;
}

int main() {
  OMPVV_TEST_OFFLOADING;

  int total_errors = 0;

  OMPVV_TEST_AND_SET_VERBOSE(total_errors, test_bitxor() != 0);

  OMPVV_REPORT_AND_RETURN(total_errors);
}
",openmp_gpu_batch_09_optionA_full_multivariant_REGENERATED.csv,False,failed,True,passed,,NEEDS_REVIEW,target_mapping,general_code,tests/4.5/target_teams_distribute,4.5,needs_review,False,needs_review
tests/5.0/target_teams_distribute/test_target_teams_distribute_reduction_bitxor.c,target_teams_distribute,loop_body,BODY_BITXOR_TO_BITOR,high,b = (b ^ a[x]);,b = (b | a[x]);,oracle checks b == host_b,loop reduction update expression uses wrong operator,35,test_target_teams_distribute_reduction_bitxor_BODY_BITXOR_TO_BITOR.c,"//===--- test_target_teams_distribute_reduction_bitxor.c---------------------===//
//
// OpenMP API Version 5.0 Nov 2018
//
// This test uses the reduction clause on a target teams distribute directive,
// testing that the variable in the reduction clause is properly reduced using
// the bitxor operator.
//
////===----------------------------------------------------------------------===//

#include <omp.h>
#include <stdio.h>
#include <stdlib.h>
#include ""ompvv.h""
#include <math.h>

#define N 1024

int test_bitxor() {
  unsigned int a[N];
  int errors = 0;
  int num_teams[N];
  srand(1);

  for (int x = 0; x < N; ++x) {
    a[x] = (unsigned int) rand() / (double) (RAND_MAX / 2);
    num_teams[x] = -x;
  }

  unsigned int b = 0;

#pragma omp target teams distribute reduction(^:b) map(to: a[0:N]) map(tofrom: b, num_teams[0:N])
  for (int x = 0; x < N; ++x) {
    num_teams[x] = omp_get_num_teams();
    b = (b ^ a[x]);
  }

  unsigned int host_b = 0;

  for (int x = 0; x < N; ++x) {
    host_b = (host_b ^ a[x]);
  }

  for (int x = 1; x < N; ++x) {
    OMPVV_WARNING_IF(num_teams[x - 1] != num_teams[x], ""Kernel reported differing numbers of teams.  Validity of testing of reduction clause cannot be guaranteed."");
  }
  OMPVV_WARNING_IF(num_teams[0] == 1, ""Test operated with one team.  Reduction clause cannot be tested."");
  OMPVV_WARNING_IF(num_teams[0] <= 0, ""Test reported invalid number of teams.  Validity of testing of reduction clause cannot be guaranteed."");

  OMPVV_TEST_AND_SET_VERBOSE(errors, b != host_b);
  OMPVV_ERROR_IF(host_b != b, ""Bit on device is %d but expected bit from host is %d."", b, host_b);

  return errors;
}

int main() {
  OMPVV_TEST_OFFLOADING;

  int total_errors = 0;

  OMPVV_TEST_AND_SET_VERBOSE(total_errors, test_bitxor() != 0);

  OMPVV_REPORT_AND_RETURN(total_errors);
}
","//===--- test_target_teams_distribute_reduction_bitxor.c---------------------===//
//
// OpenMP API Version 5.0 Nov 2018
//
// This test uses the reduction clause on a target teams distribute directive,
// testing that the variable in the reduction clause is properly reduced using
// the bitxor operator.
//
////===----------------------------------------------------------------------===//

#include <omp.h>
#include <stdio.h>
#include <stdlib.h>
#include ""ompvv.h""
#include <math.h>

#define N 1024

int test_bitxor() {
  unsigned int a[N];
  int errors = 0;
  int num_teams[N];
  srand(1);

  for (int x = 0; x < N; ++x) {
    a[x] = (unsigned int) rand() / (double) (RAND_MAX / 2);
    num_teams[x] = -x;
  }

  unsigned int b = 0;

#pragma omp target teams distribute reduction(^:b) map(to: a[0:N]) map(tofrom: b, num_teams[0:N])
  for (int x = 0; x < N; ++x) {
    num_teams[x] = omp_get_num_teams();
    b = (b | a[x]);
  }

  unsigned int host_b = 0;

  for (int x = 0; x < N; ++x) {
    host_b = (host_b ^ a[x]);
  }

  for (int x = 1; x < N; ++x) {
    OMPVV_WARNING_IF(num_teams[x - 1] != num_teams[x], ""Kernel reported differing numbers of teams.  Validity of testing of reduction clause cannot be guaranteed."");
  }
  OMPVV_WARNING_IF(num_teams[0] == 1, ""Test operated with one team.  Reduction clause cannot be tested."");
  OMPVV_WARNING_IF(num_teams[0] <= 0, ""Test reported invalid number of teams.  Validity of testing of reduction clause cannot be guaranteed."");

  OMPVV_TEST_AND_SET_VERBOSE(errors, b != host_b);
  OMPVV_ERROR_IF(host_b != b, ""Bit on device is %d but expected bit from host is %d."", b, host_b);

  return errors;
}

int main() {
  OMPVV_TEST_OFFLOADING;

  int total_errors = 0;

  OMPVV_TEST_AND_SET_VERBOSE(total_errors, test_bitxor() != 0);

  OMPVV_REPORT_AND_RETURN(total_errors);
}
",openmp_gpu_batch_18_optionA_full_multivariant.csv,False,failed,True,passed,,NEEDS_REVIEW,target_mapping,general_code,tests/5.0/target_teams_distribute,5.0,needs_review,False,needs_review
tests/4.5/target_teams_distribute/test_target_teams_distribute_reduction_max.c,target_teams_distribute,loop_body,BODY_FMAX_TO_FMIN,high,"result = fmax(a[x] + b[x], result);","result = fmin(a[x] + b[x], result);",oracle checks result == host_max,loop body updates reduction variable using the wrong operator,36,test_target_teams_distribute_reduction_max_BODY_FMAX_TO_FMIN.c,"//===--- test_target_teams_distribute_reduction_max.c------------------------===//
//
// OpenMP API Version 4.5 Nov 2015
//
// This test uses the reduction clause on a target teams distribute directive,
// testing that the variable in the reduction clause is properly reduced using
// the max operator.
//
////===----------------------------------------------------------------------===//

#include <omp.h>
#include <stdio.h>
#include <stdlib.h>
#include ""ompvv.h""
#include <math.h>

#define N 1024

int test_max() {
  int a[N];
  int b[N];
  int errors = 0;
  int num_teams[N];
  srand(1);

  for (int x = 0; x < N; ++x) {
    a[x] = (int) rand() / (double)(RAND_MAX / 100);
    b[x] = (int) rand() / (double)(RAND_MAX / 100);
    num_teams[x] = -x;
  }

  int result = 0;

#pragma omp target teams distribute reduction(max:result) defaultmap(tofrom:scalar)
  for (int x = 0; x < N; ++x) {
    result = fmax(a[x] + b[x], result);
    num_teams[x] = omp_get_num_teams();
  }

  int host_max = 0;

  for (int x = 0; x < N; ++x) {
    host_max = fmax(host_max, a[x] + b[x]);
  }

  for (int x = 1; x < N; ++x) {
    OMPVV_WARNING_IF(num_teams[x - 1] != num_teams[x], ""Kernel reported differing numbers of teams.  Validity of testing of reduction clause cannot be guaranteed."");
  }
  OMPVV_WARNING_IF(num_teams[0] == 1, ""Test operated with one team.  Reduction clause cannot be tested."");
  OMPVV_WARNING_IF(num_teams[0] <= 0, ""Test reported invalid number of teams.  Validity of testing of reduction clause cannot be guaranteed."");

  OMPVV_TEST_AND_SET_VERBOSE(errors, result != host_max);
  OMPVV_ERROR_IF(host_max != result, ""Max on device is %d but expected max from host is %d."", result, host_max);

  return errors;
}

int main() {
  OMPVV_TEST_OFFLOADING;

  int total_errors = 0;

  OMPVV_TEST_AND_SET_VERBOSE(total_errors, test_max() != 0);

  OMPVV_REPORT_AND_RETURN(total_errors);
}
","//===--- test_target_teams_distribute_reduction_max.c------------------------===//
//
// OpenMP API Version 4.5 Nov 2015
//
// This test uses the reduction clause on a target teams distribute directive,
// testing that the variable in the reduction clause is properly reduced using
// the max operator.
//
////===----------------------------------------------------------------------===//

#include <omp.h>
#include <stdio.h>
#include <stdlib.h>
#include ""ompvv.h""
#include <math.h>

#define N 1024

int test_max() {
  int a[N];
  int b[N];
  int errors = 0;
  int num_teams[N];
  srand(1);

  for (int x = 0; x < N; ++x) {
    a[x] = (int) rand() / (double)(RAND_MAX / 100);
    b[x] = (int) rand() / (double)(RAND_MAX / 100);
    num_teams[x] = -x;
  }

  int result = 0;

#pragma omp target teams distribute reduction(max:result) defaultmap(tofrom:scalar)
  for (int x = 0; x < N; ++x) {
    result = fmin(a[x] + b[x], result);
    num_teams[x] = omp_get_num_teams();
  }

  int host_max = 0;

  for (int x = 0; x < N; ++x) {
    host_max = fmax(host_max, a[x] + b[x]);
  }

  for (int x = 1; x < N; ++x) {
    OMPVV_WARNING_IF(num_teams[x - 1] != num_teams[x], ""Kernel reported differing numbers of teams.  Validity of testing of reduction clause cannot be guaranteed."");
  }
  OMPVV_WARNING_IF(num_teams[0] == 1, ""Test operated with one team.  Reduction clause cannot be tested."");
  OMPVV_WARNING_IF(num_teams[0] <= 0, ""Test reported invalid number of teams.  Validity of testing of reduction clause cannot be guaranteed."");

  OMPVV_TEST_AND_SET_VERBOSE(errors, result != host_max);
  OMPVV_ERROR_IF(host_max != result, ""Max on device is %d but expected max from host is %d."", result, host_max);

  return errors;
}

int main() {
  OMPVV_TEST_OFFLOADING;

  int total_errors = 0;

  OMPVV_TEST_AND_SET_VERBOSE(total_errors, test_max() != 0);

  OMPVV_REPORT_AND_RETURN(total_errors);
}
",openmp_gpu_batch_09_optionA_full_multivariant_REGENERATED.csv,False,failed,True,passed,,NEEDS_REVIEW,target_mapping,general_code,tests/4.5/target_teams_distribute,4.5,needs_review,False,needs_review
tests/5.0/target_teams_distribute/test_target_teams_distribute_reduction_max.c,target_teams_distribute,loop_body,BODY_FMAX_TO_FMIN,high,"result = fmax(a[x] + b[x], result);","result = fmin(a[x] + b[x], result);",oracle checks result == host_max,loop reduction update expression uses wrong operator,36,test_target_teams_distribute_reduction_max_BODY_FMAX_TO_FMIN.c,"//===--- test_target_teams_distribute_reduction_max.c------------------------===//
//
// OpenMP API Version 5.0 Nov 2018
//
// This test uses the reduction clause on a target teams distribute directive,
// testing that the variable in the reduction clause is properly reduced using
// the max operator.
//
////===----------------------------------------------------------------------===//

#include <omp.h>
#include <stdio.h>
#include <stdlib.h>
#include ""ompvv.h""
#include <math.h>

#define N 1024

int test_max() {
  int a[N];
  int b[N];
  int errors = 0;
  int num_teams[N];
  srand(1);

  for (int x = 0; x < N; ++x) {
    a[x] = (int) rand() / (double)(RAND_MAX / 100);
    b[x] = (int) rand() / (double)(RAND_MAX / 100);
    num_teams[x] = -x;
  }

  int result = 0;

#pragma omp target teams distribute reduction(max:result) map(to: a[0:N], b[0:N]) map(tofrom: result, num_teams[0:N])
  for (int x = 0; x < N; ++x) {
    result = fmax(a[x] + b[x], result);
    num_teams[x] = omp_get_num_teams();
  }

  int host_max = 0;

  for (int x = 0; x < N; ++x) {
    host_max = fmax(host_max, a[x] + b[x]);
  }

  for (int x = 1; x < N; ++x) {
    OMPVV_WARNING_IF(num_teams[x - 1] != num_teams[x], ""Kernel reported differing numbers of teams.  Validity of testing of reduction clause cannot be guaranteed."");
  }
  OMPVV_WARNING_IF(num_teams[0] == 1, ""Test operated with one team.  Reduction clause cannot be tested."");
  OMPVV_WARNING_IF(num_teams[0] <= 0, ""Test reported invalid number of teams.  Validity of testing of reduction clause cannot be guaranteed."");

  OMPVV_TEST_AND_SET_VERBOSE(errors, result != host_max);
  OMPVV_ERROR_IF(host_max != result, ""Max on device is %d but expected max from host is %d."", result, host_max);

  return errors;
}

int main() {
  OMPVV_TEST_OFFLOADING;

  int total_errors = 0;

  OMPVV_TEST_AND_SET_VERBOSE(total_errors, test_max() != 0);

  OMPVV_REPORT_AND_RETURN(total_errors);
}
","//===--- test_target_teams_distribute_reduction_max.c------------------------===//
//
// OpenMP API Version 5.0 Nov 2018
//
// This test uses the reduction clause on a target teams distribute directive,
// testing that the variable in the reduction clause is properly reduced using
// the max operator.
//
////===----------------------------------------------------------------------===//

#include <omp.h>
#include <stdio.h>
#include <stdlib.h>
#include ""ompvv.h""
#include <math.h>

#define N 1024

int test_max() {
  int a[N];
  int b[N];
  int errors = 0;
  int num_teams[N];
  srand(1);

  for (int x = 0; x < N; ++x) {
    a[x] = (int) rand() / (double)(RAND_MAX / 100);
    b[x] = (int) rand() / (double)(RAND_MAX / 100);
    num_teams[x] = -x;
  }

  int result = 0;

#pragma omp target teams distribute reduction(max:result) map(to: a[0:N], b[0:N]) map(tofrom: result, num_teams[0:N])
  for (int x = 0; x < N; ++x) {
    result = fmin(a[x] + b[x], result);
    num_teams[x] = omp_get_num_teams();
  }

  int host_max = 0;

  for (int x = 0; x < N; ++x) {
    host_max = fmax(host_max, a[x] + b[x]);
  }

  for (int x = 1; x < N; ++x) {
    OMPVV_WARNING_IF(num_teams[x - 1] != num_teams[x], ""Kernel reported differing numbers of teams.  Validity of testing of reduction clause cannot be guaranteed."");
  }
  OMPVV_WARNING_IF(num_teams[0] == 1, ""Test operated with one team.  Reduction clause cannot be tested."");
  OMPVV_WARNING_IF(num_teams[0] <= 0, ""Test reported invalid number of teams.  Validity of testing of reduction clause cannot be guaranteed."");

  OMPVV_TEST_AND_SET_VERBOSE(errors, result != host_max);
  OMPVV_ERROR_IF(host_max != result, ""Max on device is %d but expected max from host is %d."", result, host_max);

  return errors;
}

int main() {
  OMPVV_TEST_OFFLOADING;

  int total_errors = 0;

  OMPVV_TEST_AND_SET_VERBOSE(total_errors, test_max() != 0);

  OMPVV_REPORT_AND_RETURN(total_errors);
}
",openmp_gpu_batch_18_optionA_full_multivariant.csv,False,failed,True,passed,,NEEDS_REVIEW,target_mapping,general_code,tests/5.0/target_teams_distribute,5.0,needs_review,False,needs_review
tests/4.5/target_teams_distribute/test_target_teams_distribute_reduction_min.c,target_teams_distribute,loop_body,BODY_FMIN_TO_FMAX,high,"result = fmin(result, a[x] + b[x]);","result = fmax(result, a[x] + b[x]);",oracle checks result == host_min,loop body updates reduction variable using the wrong operator,37,test_target_teams_distribute_reduction_min_BODY_FMIN_TO_FMAX.c,"//===--- test_target_teams_distribute_reduction_min.c----------------------------===//
//
// OpenMP API Version 4.5 Nov 2015
//
// This test uses the reduction clause on a target teams distribute directive,
// testing that the variable in the reduction clause is properly reduced using
// the min operator.
//
////===----------------------------------------------------------------------===//

#include <omp.h>
#include <stdio.h>
#include <stdlib.h>
#include ""ompvv.h""
#include <math.h>

#define N 1024

int test_min() {
  int a[N];
  int b[N];
  int errors = 0;
  int num_teams[N];
  srand(1);

  for (int x = 0; x < N; ++x) {
    a[x] = (int) rand() / (double) (RAND_MAX / 100);
    b[x] = (int) rand() / (double) (RAND_MAX / 100);
    num_teams[x] = -x;
  }

  int result = a[0] + b[0];

#pragma omp target teams distribute reduction(min:result) defaultmap(tofrom:scalar)
  for (int x = 0; x < N; ++x) {
    num_teams[x] = omp_get_num_teams();
    result = fmin(result, a[x] + b[x]);
  }

  int host_min = a[0] + b[0];

  for (int x = 0; x < N; ++x) {
    host_min = fmin(host_min, a[x] + b[x]);
  }

  for (int x = 1; x < N; ++x) {
    OMPVV_WARNING_IF(num_teams[x - 1] != num_teams[x], ""Kernel reported differing numbers of teams.  Validity of testing of reduction clause cannot be guaranteed."");
  }
  OMPVV_WARNING_IF(num_teams[0] == 1, ""Test operated with one team.  Reduction clause cannot be tested."");
  OMPVV_WARNING_IF(num_teams[0] <= 0, ""Test reported invalid number of teams.  Validity of testing of reduction clause cannot be guaranteed."");

  OMPVV_TEST_AND_SET_VERBOSE(errors, host_min != result);
  OMPVV_ERROR_IF(host_min != result, ""Min on device is %d but expected min from host is %d."", result, host_min);

  return errors;
}

int main() {
  OMPVV_TEST_OFFLOADING;

  int total_errors = 0;

  OMPVV_TEST_AND_SET_VERBOSE(total_errors, test_min() != 0);

  OMPVV_REPORT_AND_RETURN(total_errors);
}
","//===--- test_target_teams_distribute_reduction_min.c----------------------------===//
//
// OpenMP API Version 4.5 Nov 2015
//
// This test uses the reduction clause on a target teams distribute directive,
// testing that the variable in the reduction clause is properly reduced using
// the min operator.
//
////===----------------------------------------------------------------------===//

#include <omp.h>
#include <stdio.h>
#include <stdlib.h>
#include ""ompvv.h""
#include <math.h>

#define N 1024

int test_min() {
  int a[N];
  int b[N];
  int errors = 0;
  int num_teams[N];
  srand(1);

  for (int x = 0; x < N; ++x) {
    a[x] = (int) rand() / (double) (RAND_MAX / 100);
    b[x] = (int) rand() / (double) (RAND_MAX / 100);
    num_teams[x] = -x;
  }

  int result = a[0] + b[0];

#pragma omp target teams distribute reduction(min:result) defaultmap(tofrom:scalar)
  for (int x = 0; x < N; ++x) {
    num_teams[x] = omp_get_num_teams();
    result = fmax(result, a[x] + b[x]);
  }

  int host_min = a[0] + b[0];

  for (int x = 0; x < N; ++x) {
    host_min = fmin(host_min, a[x] + b[x]);
  }

  for (int x = 1; x < N; ++x) {
    OMPVV_WARNING_IF(num_teams[x - 1] != num_teams[x], ""Kernel reported differing numbers of teams.  Validity of testing of reduction clause cannot be guaranteed."");
  }
  OMPVV_WARNING_IF(num_teams[0] == 1, ""Test operated with one team.  Reduction clause cannot be tested."");
  OMPVV_WARNING_IF(num_teams[0] <= 0, ""Test reported invalid number of teams.  Validity of testing of reduction clause cannot be guaranteed."");

  OMPVV_TEST_AND_SET_VERBOSE(errors, host_min != result);
  OMPVV_ERROR_IF(host_min != result, ""Min on device is %d but expected min from host is %d."", result, host_min);

  return errors;
}

int main() {
  OMPVV_TEST_OFFLOADING;

  int total_errors = 0;

  OMPVV_TEST_AND_SET_VERBOSE(total_errors, test_min() != 0);

  OMPVV_REPORT_AND_RETURN(total_errors);
}
",openmp_gpu_batch_09_optionA_full_multivariant_REGENERATED.csv,False,failed,True,passed,,NEEDS_REVIEW,target_mapping,general_code,tests/4.5/target_teams_distribute,4.5,needs_review,False,needs_review
tests/5.0/target_teams_distribute/test_target_teams_distribute_reduction_min.c,target_teams_distribute,loop_body,BODY_FMIN_TO_FMAX,high,"result = fmin(result, a[x] + b[x]);","result = fmax(result, a[x] + b[x]);",oracle checks result == host_min,loop reduction update expression uses wrong operator,37,test_target_teams_distribute_reduction_min_BODY_FMIN_TO_FMAX.c,"//===--- test_target_teams_distribute_reduction_min.c-------------------------===//
//
// OpenMP API Version 5.0 Nov 2018
//
// This test uses the reduction clause on a target teams distribute directive,
// testing that the variable in the reduction clause is properly reduced using
// the min operator.
//
////===----------------------------------------------------------------------===//

#include <omp.h>
#include <stdio.h>
#include <stdlib.h>
#include ""ompvv.h""
#include <math.h>

#define N 1024

int test_min() {
  int a[N];
  int b[N];
  int errors = 0;
  int num_teams[N];
  srand(1);

  for (int x = 0; x < N; ++x) {
    a[x] = (int) rand() / (double) (RAND_MAX / 100);
    b[x] = (int) rand() / (double) (RAND_MAX / 100);
    num_teams[x] = -x;
  }

  int result = a[0] + b[0];

#pragma omp target teams distribute reduction(min:result) map(to: a[0:N], b[0:N]) map(tofrom: result, num_teams[0:N])
  for (int x = 0; x < N; ++x) {
    num_teams[x] = omp_get_num_teams();
    result = fmin(result, a[x] + b[x]);
  }

  int host_min = a[0] + b[0];

  for (int x = 0; x < N; ++x) {
    host_min = fmin(host_min, a[x] + b[x]);
  }

  for (int x = 1; x < N; ++x) {
    OMPVV_WARNING_IF(num_teams[x - 1] != num_teams[x], ""Kernel reported differing numbers of teams.  Validity of testing of reduction clause cannot be guaranteed."");
  }
  OMPVV_WARNING_IF(num_teams[0] == 1, ""Test operated with one team.  Reduction clause cannot be tested."");
  OMPVV_WARNING_IF(num_teams[0] <= 0, ""Test reported invalid number of teams.  Validity of testing of reduction clause cannot be guaranteed."");

  OMPVV_TEST_AND_SET_VERBOSE(errors, host_min != result);
  OMPVV_ERROR_IF(host_min != result, ""Min on device is %d but expected min from host is %d."", result, host_min);

  return errors;
}

int main() {
  OMPVV_TEST_OFFLOADING;

  int total_errors = 0;

  OMPVV_TEST_AND_SET_VERBOSE(total_errors, test_min() != 0);

  OMPVV_REPORT_AND_RETURN(total_errors);
}
","//===--- test_target_teams_distribute_reduction_min.c-------------------------===//
//
// OpenMP API Version 5.0 Nov 2018
//
// This test uses the reduction clause on a target teams distribute directive,
// testing that the variable in the reduction clause is properly reduced using
// the min operator.
//
////===----------------------------------------------------------------------===//

#include <omp.h>
#include <stdio.h>
#include <stdlib.h>
#include ""ompvv.h""
#include <math.h>

#define N 1024

int test_min() {
  int a[N];
  int b[N];
  int errors = 0;
  int num_teams[N];
  srand(1);

  for (int x = 0; x < N; ++x) {
    a[x] = (int) rand() / (double) (RAND_MAX / 100);
    b[x] = (int) rand() / (double) (RAND_MAX / 100);
    num_teams[x] = -x;
  }

  int result = a[0] + b[0];

#pragma omp target teams distribute reduction(min:result) map(to: a[0:N], b[0:N]) map(tofrom: result, num_teams[0:N])
  for (int x = 0; x < N; ++x) {
    num_teams[x] = omp_get_num_teams();
    result = fmax(result, a[x] + b[x]);
  }

  int host_min = a[0] + b[0];

  for (int x = 0; x < N; ++x) {
    host_min = fmin(host_min, a[x] + b[x]);
  }

  for (int x = 1; x < N; ++x) {
    OMPVV_WARNING_IF(num_teams[x - 1] != num_teams[x], ""Kernel reported differing numbers of teams.  Validity of testing of reduction clause cannot be guaranteed."");
  }
  OMPVV_WARNING_IF(num_teams[0] == 1, ""Test operated with one team.  Reduction clause cannot be tested."");
  OMPVV_WARNING_IF(num_teams[0] <= 0, ""Test reported invalid number of teams.  Validity of testing of reduction clause cannot be guaranteed."");

  OMPVV_TEST_AND_SET_VERBOSE(errors, host_min != result);
  OMPVV_ERROR_IF(host_min != result, ""Min on device is %d but expected min from host is %d."", result, host_min);

  return errors;
}

int main() {
  OMPVV_TEST_OFFLOADING;

  int total_errors = 0;

  OMPVV_TEST_AND_SET_VERBOSE(total_errors, test_min() != 0);

  OMPVV_REPORT_AND_RETURN(total_errors);
}
",openmp_gpu_batch_18_optionA_full_multivariant.csv,False,failed,True,passed,,NEEDS_REVIEW,target_mapping,general_code,tests/5.0/target_teams_distribute,5.0,needs_review,False,needs_review
tests/4.5/target_teams_distribute/test_target_teams_distribute_reduction_multiply.c,target_teams_distribute,loop_body,BODY_MUL_TO_ADD,high,result *= a[x + y];,result += a[x + y];,oracle checks host_result == result for each 16-element chunk,loop body updates reduction variable using the wrong operator,37,test_target_teams_distribute_reduction_multiply_BODY_MUL_TO_ADD.c,"//===--- test_target_teams_distribute_reduction_multiply.c-------------------===//
//
// OpenMP API Version 4.5 Nov 2015
//
// This test uses the reduction clause on a target teams distribute directive,
// testing that the variable in the reduction clause is properly reduced using
// the multiply operator.
//
////===----------------------------------------------------------------------===//

#include <omp.h>
#include <stdio.h>
#include <stdlib.h>
#include ""ompvv.h""
#include <math.h>

#define N 1024

int test_multiply() {
  int a[N];
  int errors = 0;
  int num_teams[N];
  srand(1);

  for (int x = 0; x < N; ++x) {
    a[x] = 1 + (int) rand() / (double) RAND_MAX;
    num_teams[x] = -x;
  }

  int result = 1;
  int host_result;

  for (int x = 0; x < N; x = x + 16) {
    result = 1;
#pragma omp target teams distribute reduction(*:result) defaultmap(tofrom:scalar)
    for (int y = 0; y < 16; ++y) {
      result *= a[x + y];
      num_teams[x + y] = omp_get_num_teams();
    }
    host_result = 1;
    for (int y = 0; y < 16; ++y) {
      host_result *= a[x + y];
    }
    OMPVV_TEST_AND_SET_VERBOSE(errors, host_result != result);
    OMPVV_INFOMSG_IF(host_result != result, ""Device result is %d and host result is %d."", result, host_result);
  }

  for (int x = 1; x < N; ++x) {
    OMPVV_WARNING_IF(num_teams[x - 1] != num_teams[x], ""Kernel reported differing numbers of teams.  Validity of testing of reduction clause cannot be guaranteed."");
  }
  OMPVV_WARNING_IF(num_teams[0] == 1, ""Test operated with one team.  Reduction clause cannot be tested."");
  OMPVV_WARNING_IF(num_teams[0] <= 0, ""Test reported invalid number of teams.  Validity of testing of reduction clause cannot be guaranteed."");

  return errors;
}

int main() {
  OMPVV_TEST_OFFLOADING;

  int total_errors = 0;

  OMPVV_TEST_AND_SET_VERBOSE(total_errors, test_multiply() != 0);

  OMPVV_REPORT_AND_RETURN(total_errors);
}
","//===--- test_target_teams_distribute_reduction_multiply.c-------------------===//
//
// OpenMP API Version 4.5 Nov 2015
//
// This test uses the reduction clause on a target teams distribute directive,
// testing that the variable in the reduction clause is properly reduced using
// the multiply operator.
//
////===----------------------------------------------------------------------===//

#include <omp.h>
#include <stdio.h>
#include <stdlib.h>
#include ""ompvv.h""
#include <math.h>

#define N 1024

int test_multiply() {
  int a[N];
  int errors = 0;
  int num_teams[N];
  srand(1);

  for (int x = 0; x < N; ++x) {
    a[x] = 1 + (int) rand() / (double) RAND_MAX;
    num_teams[x] = -x;
  }

  int result = 1;
  int host_result;

  for (int x = 0; x < N; x = x + 16) {
    result = 1;
#pragma omp target teams distribute reduction(*:result) defaultmap(tofrom:scalar)
    for (int y = 0; y < 16; ++y) {
      result += a[x + y];
      num_teams[x + y] = omp_get_num_teams();
    }
    host_result = 1;
    for (int y = 0; y < 16; ++y) {
      host_result *= a[x + y];
    }
    OMPVV_TEST_AND_SET_VERBOSE(errors, host_result != result);
    OMPVV_INFOMSG_IF(host_result != result, ""Device result is %d and host result is %d."", result, host_result);
  }

  for (int x = 1; x < N; ++x) {
    OMPVV_WARNING_IF(num_teams[x - 1] != num_teams[x], ""Kernel reported differing numbers of teams.  Validity of testing of reduction clause cannot be guaranteed."");
  }
  OMPVV_WARNING_IF(num_teams[0] == 1, ""Test operated with one team.  Reduction clause cannot be tested."");
  OMPVV_WARNING_IF(num_teams[0] <= 0, ""Test reported invalid number of teams.  Validity of testing of reduction clause cannot be guaranteed."");

  return errors;
}

int main() {
  OMPVV_TEST_OFFLOADING;

  int total_errors = 0;

  OMPVV_TEST_AND_SET_VERBOSE(total_errors, test_multiply() != 0);

  OMPVV_REPORT_AND_RETURN(total_errors);
}
",openmp_gpu_batch_09_optionA_full_multivariant_REGENERATED.csv,False,failed,True,passed,,NEEDS_REVIEW,target_mapping,general_code,tests/4.5/target_teams_distribute,4.5,needs_review,False,needs_review
tests/5.0/loop/test_loop_reduction_multiply_device.c,loop,loop_body,BODY_MUL_TO_ADD,high,result *= a[x + y];,result += a[x + y];,oracle checks host_result == result,loop body adds instead of multiplying,39,test_loop_reduction_multiply_device_BODY_MUL_TO_ADD.c,"//===--- test_loop_reduction_multiply_device.c ------------------------------===//
//
// OpenMP API Version 5.0 Nov 2018
//
// This test uses the reduction clause on a loop directive, testing that the
// variable in the reduction clause is properly reduced using the multiply
// operator. This test checks the above in a target context.
//
////===----------------------------------------------------------------------===//

#include <omp.h>
#include <stdio.h>
#include <stdlib.h>
#include ""ompvv.h""
#include <math.h>

#define N 1024

int test_multiply() {
  int a[N];
  int errors = 0;
  int num_threads[N];
  srand(1);

  for (int x = 0; x < N; ++x) {
    a[x] = 1 + (int) rand() / (double) RAND_MAX;
    num_threads[x] = -x;
  }

  int result = 1;
  int host_result;

  for (int x = 0; x < N; x = x + 16) {
    result = 1;
#pragma omp target parallel num_threads(OMPVV_NUM_THREADS_DEVICE) map(tofrom: result, a, num_threads)
    {
#pragma omp loop reduction(*:result)
      for (int y = 0; y < 16; ++y) {
        result *= a[x + y];
      }
#pragma omp for
      for (int y = 0; y < 16; ++y) {
        num_threads[x + y] = omp_get_num_threads();
      }
    }
    host_result = 1;
    for (int y = 0; y < 16; ++y) {
      host_result *= a[x + y];
    }
    OMPVV_TEST_AND_SET_VERBOSE(errors, host_result != result);
    OMPVV_INFOMSG_IF(host_result != result, ""Loop directive result is %d and expected result is %d."", result, host_result);
  }

  for (int x = 1; x < N; ++x) {
    OMPVV_WARNING_IF(num_threads[x - 1] != num_threads[x], ""Test reported differing numbers of threads.  Validity of testing of reduction clause cannot be guaranteed."");
  }
  OMPVV_WARNING_IF(num_threads[0] == 1, ""Test operated with one thread.  Reduction clause cannot be tested."");
  OMPVV_WARNING_IF(num_threads[0] <= 0, ""Test reported invalid number of threads.  Validity of testing of reduction clause cannot be guaranteed."");

  return errors;
}

int main() {
  OMPVV_TEST_OFFLOADING;

  int total_errors = 0;

  OMPVV_TEST_AND_SET_VERBOSE(total_errors, test_multiply() != 0);

  OMPVV_REPORT_AND_RETURN(total_errors);
}
","//===--- test_loop_reduction_multiply_device.c ------------------------------===//
//
// OpenMP API Version 5.0 Nov 2018
//
// This test uses the reduction clause on a loop directive, testing that the
// variable in the reduction clause is properly reduced using the multiply
// operator. This test checks the above in a target context.
//
////===----------------------------------------------------------------------===//

#include <omp.h>
#include <stdio.h>
#include <stdlib.h>
#include ""ompvv.h""
#include <math.h>

#define N 1024

int test_multiply() {
  int a[N];
  int errors = 0;
  int num_threads[N];
  srand(1);

  for (int x = 0; x < N; ++x) {
    a[x] = 1 + (int) rand() / (double) RAND_MAX;
    num_threads[x] = -x;
  }

  int result = 1;
  int host_result;

  for (int x = 0; x < N; x = x + 16) {
    result = 1;
#pragma omp target parallel num_threads(OMPVV_NUM_THREADS_DEVICE) map(tofrom: result, a, num_threads)
    {
#pragma omp loop reduction(*:result)
      for (int y = 0; y < 16; ++y) {
        result += a[x + y];
      }
#pragma omp for
      for (int y = 0; y < 16; ++y) {
        num_threads[x + y] = omp_get_num_threads();
      }
    }
    host_result = 1;
    for (int y = 0; y < 16; ++y) {
      host_result *= a[x + y];
    }
    OMPVV_TEST_AND_SET_VERBOSE(errors, host_result != result);
    OMPVV_INFOMSG_IF(host_result != result, ""Loop directive result is %d and expected result is %d."", result, host_result);
  }

  for (int x = 1; x < N; ++x) {
    OMPVV_WARNING_IF(num_threads[x - 1] != num_threads[x], ""Test reported differing numbers of threads.  Validity of testing of reduction clause cannot be guaranteed."");
  }
  OMPVV_WARNING_IF(num_threads[0] == 1, ""Test operated with one thread.  Reduction clause cannot be tested."");
  OMPVV_WARNING_IF(num_threads[0] <= 0, ""Test reported invalid number of threads.  Validity of testing of reduction clause cannot be guaranteed."");

  return errors;
}

int main() {
  OMPVV_TEST_OFFLOADING;

  int total_errors = 0;

  OMPVV_TEST_AND_SET_VERBOSE(total_errors, test_multiply() != 0);

  OMPVV_REPORT_AND_RETURN(total_errors);
}
",openmp_gpu_batch_15_optionA_full_multivariant.csv,False,failed,True,passed,,NEEDS_REVIEW,target_mapping,general_code,tests/5.0/loop,5.0,needs_review,False,needs_review
tests/5.0/target_teams_distribute/test_target_teams_distribute_reduction_multiply.c,target_teams_distribute,loop_body,BODY_MUL_TO_ADD,high,result *= a[x + y];,result += a[x + y];,oracle checks host_result == result,loop body adds instead of multiplying,37,test_target_teams_distribute_reduction_multiply_BODY_MUL_TO_ADD.c,"//===--- test_target_teams_distribute_reduction_multiply.c-------------------===//
//
// OpenMP API Version 5.0 Nov 2018
//
// This test uses the reduction clause on a target teams distribute directive,
// testing that the variable in the reduction clause is properly reduced using
// the multiply operator.
//
////===----------------------------------------------------------------------===//

#include <omp.h>
#include <stdio.h>
#include <stdlib.h>
#include ""ompvv.h""
#include <math.h>

#define N 1024

int test_multiply() {
  int a[N];
  int errors = 0;
  int num_teams[N];
  srand(1);

  for (int x = 0; x < N; ++x) {
    a[x] = 1 + (int) rand() / (double) RAND_MAX;
    num_teams[x] = -x;
  }

  int result = 1;
  int host_result;

  for (int x = 0; x < N; x = x + 16) {
    result = 1;
#pragma omp target teams distribute reduction(*:result) map(to: a[0:N]) map(tofrom: result, num_teams[0:N])
    for (int y = 0; y < 16; ++y) {
      result *= a[x + y];
      num_teams[x + y] = omp_get_num_teams();
    }
    host_result = 1;
    for (int y = 0; y < 16; ++y) {
      host_result *= a[x + y];
    }
    OMPVV_TEST_AND_SET_VERBOSE(errors, host_result != result);
    OMPVV_INFOMSG_IF(host_result != result, ""Device result is %d and host result is %d."", result, host_result);
  }

  for (int x = 1; x < N; ++x) {
    OMPVV_WARNING_IF(num_teams[x - 1] != num_teams[x], ""Kernel reported differing numbers of teams.  Validity of testing of reduction clause cannot be guaranteed."");
  }
  OMPVV_WARNING_IF(num_teams[0] == 1, ""Test operated with one team.  Reduction clause cannot be tested."");
  OMPVV_WARNING_IF(num_teams[0] <= 0, ""Test reported invalid number of teams.  Validity of testing of reduction clause cannot be guaranteed."");

  return errors;
}

int main() {
  OMPVV_TEST_OFFLOADING;

  int total_errors = 0;

  OMPVV_TEST_AND_SET_VERBOSE(total_errors, test_multiply() != 0);

  OMPVV_REPORT_AND_RETURN(total_errors);
}
","//===--- test_target_teams_distribute_reduction_multiply.c-------------------===//
//
// OpenMP API Version 5.0 Nov 2018
//
// This test uses the reduction clause on a target teams distribute directive,
// testing that the variable in the reduction clause is properly reduced using
// the multiply operator.
//
////===----------------------------------------------------------------------===//

#include <omp.h>
#include <stdio.h>
#include <stdlib.h>
#include ""ompvv.h""
#include <math.h>

#define N 1024

int test_multiply() {
  int a[N];
  int errors = 0;
  int num_teams[N];
  srand(1);

  for (int x = 0; x < N; ++x) {
    a[x] = 1 + (int) rand() / (double) RAND_MAX;
    num_teams[x] = -x;
  }

  int result = 1;
  int host_result;

  for (int x = 0; x < N; x = x + 16) {
    result = 1;
#pragma omp target teams distribute reduction(*:result) map(to: a[0:N]) map(tofrom: result, num_teams[0:N])
    for (int y = 0; y < 16; ++y) {
      result += a[x + y];
      num_teams[x + y] = omp_get_num_teams();
    }
    host_result = 1;
    for (int y = 0; y < 16; ++y) {
      host_result *= a[x + y];
    }
    OMPVV_TEST_AND_SET_VERBOSE(errors, host_result != result);
    OMPVV_INFOMSG_IF(host_result != result, ""Device result is %d and host result is %d."", result, host_result);
  }

  for (int x = 1; x < N; ++x) {
    OMPVV_WARNING_IF(num_teams[x - 1] != num_teams[x], ""Kernel reported differing numbers of teams.  Validity of testing of reduction clause cannot be guaranteed."");
  }
  OMPVV_WARNING_IF(num_teams[0] == 1, ""Test operated with one team.  Reduction clause cannot be tested."");
  OMPVV_WARNING_IF(num_teams[0] <= 0, ""Test reported invalid number of teams.  Validity of testing of reduction clause cannot be guaranteed."");

  return errors;
}

int main() {
  OMPVV_TEST_OFFLOADING;

  int total_errors = 0;

  OMPVV_TEST_AND_SET_VERBOSE(total_errors, test_multiply() != 0);

  OMPVV_REPORT_AND_RETURN(total_errors);
}
",openmp_gpu_batch_19_optionA_full_multivariant.csv,False,failed,True,passed,,NEEDS_REVIEW,target_mapping,general_code,tests/5.0/target_teams_distribute,5.0,needs_review,False,needs_review
tests/4.5/target_teams_distribute/test_target_teams_distribute_reduction_subtract.c,target_teams_distribute,loop_body,BODY_SUB_TO_ADD,high,total -= a[x] + b[x];,total += a[x] + b[x];,oracle checks host_total == total,loop body updates reduction variable using the wrong operator,36,test_target_teams_distribute_reduction_subtract_BODY_SUB_TO_ADD.c,"//===--- test_target_teams_distribute_reduction_subtract.c----------------------------===//
//
// OpenMP API Version 4.5 Nov 2015
//
// This test uses the reduction clause on a target teams distribute directive,
// testing that the variable in the reduction clause is properly reduced using
// the subtract operator.
//
////===----------------------------------------------------------------------===//

#include <omp.h>
#include <stdio.h>
#include <stdlib.h>
#include ""ompvv.h""
#include <math.h>

#define N 1024

int test_subtraction() {
  int a[N];
  int b[N];
  int total = 0;
  int host_total = 0;
  int errors = 0;
  int num_teams[N];

  for (int x = 0; x < N; ++x) {
    a[x] = 1;
    b[x] = x;
    num_teams[x] = -x;
  }

#pragma omp target teams distribute reduction(-:total) defaultmap(tofrom:scalar)
  for (int x = 0; x < N; ++x) {
    num_teams[x] = omp_get_num_teams();
    total -= a[x] + b[x];
  }

  for (int x = 0; x < N; ++x) {
    host_total -= a[x] + b[x];
  }

  for (int x = 1; x < N; ++x) {
    OMPVV_WARNING_IF(num_teams[x - 1] != num_teams[x], ""Kernel reported differing numbers of teams.  Validity of testing of reduction clause cannot be guaranteed."");
  }
  OMPVV_WARNING_IF(num_teams[0] == 1, ""Test operated with one team.  Reduction clause cannot be tested."");
  OMPVV_WARNING_IF(num_teams[0] <= 0, ""Test reported invalid number of teams.  Validity of testing of reduction clause cannot be guaranteed."");

  OMPVV_TEST_AND_SET_VERBOSE(errors, host_total != total);
  OMPVV_ERROR_IF(host_total != total, ""Total on device is %d but expected total from host is %d."", total, host_total);

  return errors;
}

int main() {
  OMPVV_TEST_OFFLOADING;

  int total_errors = 0;

  OMPVV_TEST_AND_SET_VERBOSE(total_errors, test_subtraction() != 0);

  OMPVV_REPORT_AND_RETURN(total_errors);
}
","//===--- test_target_teams_distribute_reduction_subtract.c----------------------------===//
//
// OpenMP API Version 4.5 Nov 2015
//
// This test uses the reduction clause on a target teams distribute directive,
// testing that the variable in the reduction clause is properly reduced using
// the subtract operator.
//
////===----------------------------------------------------------------------===//

#include <omp.h>
#include <stdio.h>
#include <stdlib.h>
#include ""ompvv.h""
#include <math.h>

#define N 1024

int test_subtraction() {
  int a[N];
  int b[N];
  int total = 0;
  int host_total = 0;
  int errors = 0;
  int num_teams[N];

  for (int x = 0; x < N; ++x) {
    a[x] = 1;
    b[x] = x;
    num_teams[x] = -x;
  }

#pragma omp target teams distribute reduction(-:total) defaultmap(tofrom:scalar)
  for (int x = 0; x < N; ++x) {
    num_teams[x] = omp_get_num_teams();
    total += a[x] + b[x];
  }

  for (int x = 0; x < N; ++x) {
    host_total -= a[x] + b[x];
  }

  for (int x = 1; x < N; ++x) {
    OMPVV_WARNING_IF(num_teams[x - 1] != num_teams[x], ""Kernel reported differing numbers of teams.  Validity of testing of reduction clause cannot be guaranteed."");
  }
  OMPVV_WARNING_IF(num_teams[0] == 1, ""Test operated with one team.  Reduction clause cannot be tested."");
  OMPVV_WARNING_IF(num_teams[0] <= 0, ""Test reported invalid number of teams.  Validity of testing of reduction clause cannot be guaranteed."");

  OMPVV_TEST_AND_SET_VERBOSE(errors, host_total != total);
  OMPVV_ERROR_IF(host_total != total, ""Total on device is %d but expected total from host is %d."", total, host_total);

  return errors;
}

int main() {
  OMPVV_TEST_OFFLOADING;

  int total_errors = 0;

  OMPVV_TEST_AND_SET_VERBOSE(total_errors, test_subtraction() != 0);

  OMPVV_REPORT_AND_RETURN(total_errors);
}
",openmp_gpu_batch_09_optionA_full_multivariant_REGENERATED.csv,False,failed,True,passed,,NEEDS_REVIEW,target_mapping,general_code,tests/4.5/target_teams_distribute,4.5,needs_review,False,needs_review
tests/5.0/loop/test_loop_reduction_subtract_device.c,loop,loop_body,BODY_SUB_TO_ADD,high,total -= a[x] + b[x];,total += a[x] + b[x];,oracle checks host_total == total,loop body adds instead of subtracting,37,test_loop_reduction_subtract_device_BODY_SUB_TO_ADD.c,"//===--- test_loop_reduction_subtract_device.c --------------------------------------===//
//
// OpenMP API Version 5.0 Nov 2018
//
// This test uses the reduction clause on a loop directive, testing that the
// variable in the reduction clause is properly reduced using the subtract
// operator. This test checks the above in a target context.
//
////===----------------------------------------------------------------------===//

#include <omp.h>
#include <stdio.h>
#include <stdlib.h>
#include ""ompvv.h""
#include <math.h>

#define N 1024

int test_subtraction() {
  int a[N];
  int b[N];
  int total = 0;
  int host_total = 0;
  int errors = 0;
  int num_threads[N];

  for (int x = 0; x < N; ++x) {
    a[x] = 1;
    b[x] = x;
    num_threads[x] = -x;
  }

#pragma omp target parallel num_threads(OMPVV_NUM_THREADS_DEVICE) map(tofrom: total, a, b, num_threads)
  {
#pragma omp loop reduction(-:total)
    for (int x = 0; x < N; ++x) {
      total -= a[x] + b[x];
    }
#pragma omp for
    for (int x = 0; x < N; ++x) {
      num_threads[x] = omp_get_num_threads();
    }
  }

  for (int x = 0; x < N; ++x) {
    host_total -= a[x] + b[x];
  }

  for (int x = 1; x < N; ++x) {
    OMPVV_WARNING_IF(num_threads[x - 1] != num_threads[x], ""Test reported differing numbers of threads.  Validity of testing of reduction clause cannot be guaranteed."");
  }
  OMPVV_WARNING_IF(num_threads[0] == 1, ""Test operated with one thread.  Reduction clause cannot be tested."");
  OMPVV_WARNING_IF(num_threads[0] <= 0, ""Test reported invalid number of threads.  Validity of testing of reduction clause cannot be guaranteed."");

  OMPVV_TEST_AND_SET_VERBOSE(errors, host_total != total);
  OMPVV_ERROR_IF(host_total != total, ""Total from loop directive is %d but expected total is %d."", total, host_total);

  return errors;
}

int main() {
  OMPVV_TEST_OFFLOADING;

  int total_errors = 0;

  OMPVV_TEST_AND_SET_VERBOSE(total_errors, test_subtraction() != 0);

  OMPVV_REPORT_AND_RETURN(total_errors);
}
","//===--- test_loop_reduction_subtract_device.c --------------------------------------===//
//
// OpenMP API Version 5.0 Nov 2018
//
// This test uses the reduction clause on a loop directive, testing that the
// variable in the reduction clause is properly reduced using the subtract
// operator. This test checks the above in a target context.
//
////===----------------------------------------------------------------------===//

#include <omp.h>
#include <stdio.h>
#include <stdlib.h>
#include ""ompvv.h""
#include <math.h>

#define N 1024

int test_subtraction() {
  int a[N];
  int b[N];
  int total = 0;
  int host_total = 0;
  int errors = 0;
  int num_threads[N];

  for (int x = 0; x < N; ++x) {
    a[x] = 1;
    b[x] = x;
    num_threads[x] = -x;
  }

#pragma omp target parallel num_threads(OMPVV_NUM_THREADS_DEVICE) map(tofrom: total, a, b, num_threads)
  {
#pragma omp loop reduction(-:total)
    for (int x = 0; x < N; ++x) {
      total += a[x] + b[x];
    }
#pragma omp for
    for (int x = 0; x < N; ++x) {
      num_threads[x] = omp_get_num_threads();
    }
  }

  for (int x = 0; x < N; ++x) {
    host_total -= a[x] + b[x];
  }

  for (int x = 1; x < N; ++x) {
    OMPVV_WARNING_IF(num_threads[x - 1] != num_threads[x], ""Test reported differing numbers of threads.  Validity of testing of reduction clause cannot be guaranteed."");
  }
  OMPVV_WARNING_IF(num_threads[0] == 1, ""Test operated with one thread.  Reduction clause cannot be tested."");
  OMPVV_WARNING_IF(num_threads[0] <= 0, ""Test reported invalid number of threads.  Validity of testing of reduction clause cannot be guaranteed."");

  OMPVV_TEST_AND_SET_VERBOSE(errors, host_total != total);
  OMPVV_ERROR_IF(host_total != total, ""Total from loop directive is %d but expected total is %d."", total, host_total);

  return errors;
}

int main() {
  OMPVV_TEST_OFFLOADING;

  int total_errors = 0;

  OMPVV_TEST_AND_SET_VERBOSE(total_errors, test_subtraction() != 0);

  OMPVV_REPORT_AND_RETURN(total_errors);
}
",openmp_gpu_batch_15_optionA_full_multivariant.csv,False,failed,True,passed,,NEEDS_REVIEW,target_mapping,general_code,tests/5.0/loop,5.0,needs_review,False,needs_review
tests/5.0/target_teams_distribute/test_target_teams_distribute_reduction_subtract.c,target_teams_distribute,loop_body,BODY_SUB_TO_ADD,high,total -= a[x] + b[x];,total += a[x] + b[x];,oracle checks host_total == total,loop body adds instead of subtracting,36,test_target_teams_distribute_reduction_subtract_BODY_SUB_TO_ADD.c,"//===--- test_target_teams_distribute_reduction_subtract.c-------------------===//
//
// OpenMP API Version 5.0 Nov 2018
//
// This test uses the reduction clause on a target teams distribute directive,
// testing that the variable in the reduction clause is properly reduced using
// the subtract operator.
//
////===----------------------------------------------------------------------===//

#include <omp.h>
#include <stdio.h>
#include <stdlib.h>
#include ""ompvv.h""
#include <math.h>

#define N 1024

int test_subtraction() {
  int a[N];
  int b[N];
  int total = 0;
  int host_total = 0;
  int errors = 0;
  int num_teams[N];

  for (int x = 0; x < N; ++x) {
    a[x] = 1;
    b[x] = x;
    num_teams[x] = -x;
  }

#pragma omp target teams distribute reduction(-:total) map(to: a[0:N], b[0:N]) map(tofrom: total, num_teams[0:N])
  for (int x = 0; x < N; ++x) {
    num_teams[x] = omp_get_num_teams();
    total -= a[x] + b[x];
  }

  for (int x = 0; x < N; ++x) {
    host_total -= a[x] + b[x];
  }

  for (int x = 1; x < N; ++x) {
    OMPVV_WARNING_IF(num_teams[x - 1] != num_teams[x], ""Kernel reported differing numbers of teams.  Validity of testing of reduction clause cannot be guaranteed."");
  }
  OMPVV_WARNING_IF(num_teams[0] == 1, ""Test operated with one team.  Reduction clause cannot be tested."");
  OMPVV_WARNING_IF(num_teams[0] <= 0, ""Test reported invalid number of teams.  Validity of testing of reduction clause cannot be guaranteed."");

  OMPVV_TEST_AND_SET_VERBOSE(errors, host_total != total);
  OMPVV_ERROR_IF(host_total != total, ""Total on device is %d but expected total from host is %d."", total, host_total);

  return errors;
}

int main() {
  OMPVV_TEST_OFFLOADING;

  int total_errors = 0;

  OMPVV_TEST_AND_SET_VERBOSE(total_errors, test_subtraction() != 0);

  OMPVV_REPORT_AND_RETURN(total_errors);
}
","//===--- test_target_teams_distribute_reduction_subtract.c-------------------===//
//
// OpenMP API Version 5.0 Nov 2018
//
// This test uses the reduction clause on a target teams distribute directive,
// testing that the variable in the reduction clause is properly reduced using
// the subtract operator.
//
////===----------------------------------------------------------------------===//

#include <omp.h>
#include <stdio.h>
#include <stdlib.h>
#include ""ompvv.h""
#include <math.h>

#define N 1024

int test_subtraction() {
  int a[N];
  int b[N];
  int total = 0;
  int host_total = 0;
  int errors = 0;
  int num_teams[N];

  for (int x = 0; x < N; ++x) {
    a[x] = 1;
    b[x] = x;
    num_teams[x] = -x;
  }

#pragma omp target teams distribute reduction(-:total) map(to: a[0:N], b[0:N]) map(tofrom: total, num_teams[0:N])
  for (int x = 0; x < N; ++x) {
    num_teams[x] = omp_get_num_teams();
    total += a[x] + b[x];
  }

  for (int x = 0; x < N; ++x) {
    host_total -= a[x] + b[x];
  }

  for (int x = 1; x < N; ++x) {
    OMPVV_WARNING_IF(num_teams[x - 1] != num_teams[x], ""Kernel reported differing numbers of teams.  Validity of testing of reduction clause cannot be guaranteed."");
  }
  OMPVV_WARNING_IF(num_teams[0] == 1, ""Test operated with one team.  Reduction clause cannot be tested."");
  OMPVV_WARNING_IF(num_teams[0] <= 0, ""Test reported invalid number of teams.  Validity of testing of reduction clause cannot be guaranteed."");

  OMPVV_TEST_AND_SET_VERBOSE(errors, host_total != total);
  OMPVV_ERROR_IF(host_total != total, ""Total on device is %d but expected total from host is %d."", total, host_total);

  return errors;
}

int main() {
  OMPVV_TEST_OFFLOADING;

  int total_errors = 0;

  OMPVV_TEST_AND_SET_VERBOSE(total_errors, test_subtraction() != 0);

  OMPVV_REPORT_AND_RETURN(total_errors);
}
",openmp_gpu_batch_19_optionA_full_multivariant.csv,False,failed,True,passed,,NEEDS_REVIEW,target_mapping,general_code,tests/5.0/target_teams_distribute,5.0,needs_review,False,needs_review
tests/4.5/target_update/test_target_update_from.c,target_update,loop_body,B_ADD_TO_SUB,high,b[j] = (a[j] + b[j]);// b = 12,b[j] = (a[j] - b[j]);// b = 12,first oracle checks b[i] == 12 after target update,device computes 8 instead of 12,43,test_target_update_from_B_ADD_TO_SUB.c,"//===---- test_target_update_from.c -------------------------------------------===//
//
// OpenMP API Version 4.5 Nov 2015
//
// This test checks the target update motion clause 'from' by mapping an array
// to the device with map-type 'to', changing the values of array on the device,
// and finally using the update 'from' motion clause to assign the value of the
// list item. Back on the host, measures are taken to ensure the value was properly
// updated.
//===--------------------------------------------------------------------------===//

#include <omp.h>
#include <stdio.h>
#include ""ompvv.h""

#define N 100

int a[N];
int b[N];
int c[N];


// Test for OpenMP 4.5 target update with to
int main() {
  int errors = 0, i = 0, change_flag = 0;

  for (i = 0; i < N; i++) {
    a[i] = 10;
    b[i] = 2;
  }

  // We test for offloading
  int is_offloading;
  OMPVV_TEST_AND_SET_OFFLOADING(is_offloading);


#pragma omp target data map(to: a[:N], b[:N])
{
  #pragma omp target
  {
    int j = 0;
    for (j = 0; j < N; j++) {
      b[j] = (a[j] + b[j]);// b = 12
    }
  } // end target

  #pragma omp target update from(b[:N]) // update b = 12 on host

} //end target-data

  // Checking values of b[N]
  for (i = 0; i < N; i++)
    OMPVV_TEST_AND_SET_VERBOSE(errors, (b[i] != 12));

  #pragma omp target
  {
    int j = 0;
    for (j = 0; j < N; j++) {
      c[j] = (2* b[j]);// c = 24
    }
  } // end target

  // Checking values of c[N]
  for (i = 0; i < N; i++)
    OMPVV_TEST_AND_SET_VERBOSE(errors, (c[i] != 24));

  OMPVV_REPORT_AND_RETURN(errors);
}
","//===---- test_target_update_from.c -------------------------------------------===//
//
// OpenMP API Version 4.5 Nov 2015
//
// This test checks the target update motion clause 'from' by mapping an array
// to the device with map-type 'to', changing the values of array on the device,
// and finally using the update 'from' motion clause to assign the value of the
// list item. Back on the host, measures are taken to ensure the value was properly
// updated.
//===--------------------------------------------------------------------------===//

#include <omp.h>
#include <stdio.h>
#include ""ompvv.h""

#define N 100

int a[N];
int b[N];
int c[N];


// Test for OpenMP 4.5 target update with to
int main() {
  int errors = 0, i = 0, change_flag = 0;

  for (i = 0; i < N; i++) {
    a[i] = 10;
    b[i] = 2;
  }

  // We test for offloading
  int is_offloading;
  OMPVV_TEST_AND_SET_OFFLOADING(is_offloading);


#pragma omp target data map(to: a[:N], b[:N])
{
  #pragma omp target
  {
    int j = 0;
    for (j = 0; j < N; j++) {
      b[j] = (a[j] - b[j]);// b = 12
    }
  } // end target

  #pragma omp target update from(b[:N]) // update b = 12 on host

} //end target-data

  // Checking values of b[N]
  for (i = 0; i < N; i++)
    OMPVV_TEST_AND_SET_VERBOSE(errors, (b[i] != 12));

  #pragma omp target
  {
    int j = 0;
    for (j = 0; j < N; j++) {
      c[j] = (2* b[j]);// c = 24
    }
  } // end target

  // Checking values of c[N]
  for (i = 0; i < N; i++)
    OMPVV_TEST_AND_SET_VERBOSE(errors, (c[i] != 24));

  OMPVV_REPORT_AND_RETURN(errors);
}
",openmp_gpu_batch_12_optionA_full_multivariant_FULL.csv,False,failed,True,passed,,NEEDS_REVIEW,target_mapping,general_code,tests/4.5/target_update,4.5,needs_review,False,needs_review
tests/5.2/declare_target/test_declare_target_enter_device_type_any.c,declare_target,loop_body,B_PLUS2_TO_PLUS1,high,b[i] += 2;,b[i] += 1;,oracle expects b[i] == i+3 after target update and i+5 after host update,update increments b by 1 instead of 2,28,test_declare_target_enter_device_type_any_B_PLUS2_TO_PLUS1.c,"//===---- test_declare_target_enter_device_type_any.c -------------------------------------===//
//
// OpenMP API Version 5.2
//
// The enter clause was added as a synonym for the to clause on the declare target directive.
// The device_type clause specifies if a version of the procedure or variable should be made
//  available. If any is specified then both host device and non-host device versions of the
// procedure or variable are made available.

//===-------------------------------------------------------------------------------===//

#include <omp.h>
#include <stdio.h>
#include <stdlib.h>
#include ""ompvv.h""

#define N 1024
int errors = 0;

#pragma omp declare target
int a[N], b[N], c[N];
int i = 0;
#pragma omp end declare target

void update() {
  for (i = 0; i < N; i++) {
    a[i] += 1;
    b[i] += 2;
    c[i] += 3;
  }
}

#pragma omp declare target enter(update) device_type(any)

int test_declare_target_enter_device_type_any() {

  #pragma omp target update to(a,b,c)
  #pragma omp target
  {
    update();
  }
  #pragma omp target update from( a, b, c)


  for (i = 0; i < N; i++) { //check array values on host
    if ( a[i] != i + 1 || b[i] != i + 3 || c[i] != i + 5) {
      errors++;
    }
  }

  //on host
  update();

  for (i = 0; i < N; i++) { //check array values on host
    if ( a[i] != i + 2 || b[i] != i + 5 || c[i] != i + 8) {
      errors++;
    }
  }

  return errors;
}

int main () {

  //initalize arrays on host
  for (i = 0; i < N; i++) {
    a[i] = i;
    b[i] = i + 1;
    c[i] = i + 2;
  }

  OMPVV_TEST_AND_SET_VERBOSE(errors, test_declare_target_enter_device_type_any());

  OMPVV_REPORT_AND_RETURN(errors);
}
","//===---- test_declare_target_enter_device_type_any.c -------------------------------------===//
//
// OpenMP API Version 5.2
//
// The enter clause was added as a synonym for the to clause on the declare target directive.
// The device_type clause specifies if a version of the procedure or variable should be made
//  available. If any is specified then both host device and non-host device versions of the
// procedure or variable are made available.

//===-------------------------------------------------------------------------------===//

#include <omp.h>
#include <stdio.h>
#include <stdlib.h>
#include ""ompvv.h""

#define N 1024
int errors = 0;

#pragma omp declare target
int a[N], b[N], c[N];
int i = 0;
#pragma omp end declare target

void update() {
  for (i = 0; i < N; i++) {
    a[i] += 1;
    b[i] += 1;
    c[i] += 3;
  }
}

#pragma omp declare target enter(update) device_type(any)

int test_declare_target_enter_device_type_any() {

  #pragma omp target update to(a,b,c)
  #pragma omp target
  {
    update();
  }
  #pragma omp target update from( a, b, c)


  for (i = 0; i < N; i++) { //check array values on host
    if ( a[i] != i + 1 || b[i] != i + 3 || c[i] != i + 5) {
      errors++;
    }
  }

  //on host
  update();

  for (i = 0; i < N; i++) { //check array values on host
    if ( a[i] != i + 2 || b[i] != i + 5 || c[i] != i + 8) {
      errors++;
    }
  }

  return errors;
}

int main () {

  //initalize arrays on host
  for (i = 0; i < N; i++) {
    a[i] = i;
    b[i] = i + 1;
    c[i] = i + 2;
  }

  OMPVV_TEST_AND_SET_VERBOSE(errors, test_declare_target_enter_device_type_any());

  OMPVV_REPORT_AND_RETURN(errors);
}
",openmp_gpu_batch_28_optionA_full_multivariant.csv,False,failed,True,passed,,NEEDS_REVIEW,target_mapping,general_code,tests/5.2/declare_target,5.2,needs_review,False,needs_review
tests/5.0/task/test_task_affinity_device.c,task,loop_body,B_PLUS_A_TO_MINUS_A,high,B[i] += A[i];,B[i] -= A[i];,oracle checks B[i] == i*3,second task subtracts A[i] instead of adding it,53,test_task_affinity_device_B_PLUS_A_TO_MINUS_A.c,"//===--- test_task_affinity_device.c ----------------------------------------------===//
//
// OpenMP API Version 5.0 Nov 2018
//
// This is a test of the affinity clause on a task construct. The affinity
// clause indicates to the compiler that the task should execute physically
// near to the memory location of the list items in the clause. This test
// checks that the affinity clause can be used in the appropriate context
// of a task construct but cannot guarantee that the compiler provides any
// exact semantics for the clause. This test checks the above in a target
// offload context.
//
////===----------------------------------------------------------------------===//

#include <assert.h>
#include <omp.h>
#include <stdio.h>
#include <stdlib.h>
#include ""ompvv.h""

#define N 1024

int test_task_affinity() {
  OMPVV_INFOMSG(""test_task_affinity_device"");
  int errors = 0;
  int* A;
  int* B;

  A = (int*) malloc(sizeof(int)*N);
  B = (int*) malloc(sizeof(int)*N);

  for (int i = 0; i < N; i++) {
    A[i] = i;
    B[i] = 0;
  }

#pragma omp target enter data map(to: A[0:N])

#pragma omp target data use_device_ptr(A)
{
#pragma omp target defaultmap(none) is_device_ptr(A) map(tofrom: B[0:N])
 {
#pragma omp task depend(out: B) shared(B) affinity(A[0:N])
   {
     for (int i = 0; i < N; i++) {
       B[i] = 2 * A[i];
     }
   }

#pragma omp task depend(in: B) shared(B) affinity(A[0:N])
   {
     for (int i = 0; i < N; i++) {
       B[i] += A[i];
     }
   }

#pragma omp taskwait
 }
}

  for (int i = 0; i < N; i++) {
    OMPVV_TEST_AND_SET_VERBOSE(errors, B[i] != i*3);
  }

  free(A);
  free(B);

  return errors;
}

int main() {
  int errors = 0;

  OMPVV_TEST_OFFLOADING;

  OMPVV_TEST_AND_SET_VERBOSE(errors, test_task_affinity());

  OMPVV_REPORT_AND_RETURN(errors);
}
","//===--- test_task_affinity_device.c ----------------------------------------------===//
//
// OpenMP API Version 5.0 Nov 2018
//
// This is a test of the affinity clause on a task construct. The affinity
// clause indicates to the compiler that the task should execute physically
// near to the memory location of the list items in the clause. This test
// checks that the affinity clause can be used in the appropriate context
// of a task construct but cannot guarantee that the compiler provides any
// exact semantics for the clause. This test checks the above in a target
// offload context.
//
////===----------------------------------------------------------------------===//

#include <assert.h>
#include <omp.h>
#include <stdio.h>
#include <stdlib.h>
#include ""ompvv.h""

#define N 1024

int test_task_affinity() {
  OMPVV_INFOMSG(""test_task_affinity_device"");
  int errors = 0;
  int* A;
  int* B;

  A = (int*) malloc(sizeof(int)*N);
  B = (int*) malloc(sizeof(int)*N);

  for (int i = 0; i < N; i++) {
    A[i] = i;
    B[i] = 0;
  }

#pragma omp target enter data map(to: A[0:N])

#pragma omp target data use_device_ptr(A)
{
#pragma omp target defaultmap(none) is_device_ptr(A) map(tofrom: B[0:N])
 {
#pragma omp task depend(out: B) shared(B) affinity(A[0:N])
   {
     for (int i = 0; i < N; i++) {
       B[i] = 2 * A[i];
     }
   }

#pragma omp task depend(in: B) shared(B) affinity(A[0:N])
   {
     for (int i = 0; i < N; i++) {
       B[i] -= A[i];
     }
   }

#pragma omp taskwait
 }
}

  for (int i = 0; i < N; i++) {
    OMPVV_TEST_AND_SET_VERBOSE(errors, B[i] != i*3);
  }

  free(A);
  free(B);

  return errors;
}

int main() {
  int errors = 0;

  OMPVV_TEST_OFFLOADING;

  OMPVV_TEST_AND_SET_VERBOSE(errors, test_task_affinity());

  OMPVV_REPORT_AND_RETURN(errors);
}
",openmp_gpu_batch_23_optionA_full_multivariant.csv,False,failed,True,passed,,NEEDS_REVIEW,task,general_code,tests/5.0/task,5.0,needs_review,False,needs_review
tests/4.5/target/test_target_map_array_default.c,target,loop_body,COMPUTE_INCREMENT_I_TO_I_PLUS_ONE,high,compute_array[i] += i;,compute_array[i] += i + 1;,oracle compares sum against result += 10 + i,target adds one extra per element,30,test_target_map_array_default_COMPUTE_INCREMENT_I_TO_I_PLUS_ONE.c,"//===--test_target_map_array_default.c - test default behavior of array map--===//
//
// OpenMP API Version 4.5 Nov 2015
//
// Whenever a map-type-modifier is not specified in the map clause, the symbol
// is mapped as a tofrom. This test make sure this is satisfied
//
////===----------------------------------------------------------------------===//

#include <omp.h>
#include <stdio.h>
#include ""ompvv.h""

#define N 1000

int main() {
  int compute_array[N];
  int sum = 0, result = 0, errors = 0;
  int i;

  OMPVV_TEST_OFFLOADING;

  // Array initialization
  for (i=0; i<N; i++)
    compute_array[i] = 10;

#pragma omp target map(compute_array)
  {
    for (i = 0; i < N; i++)
      compute_array[i] += i;

  } // End target

  for (i = 0; i < N; i++)
    sum = sum + compute_array[i];

  for (i = 0; i < N; i++)
    result += 10 + i;

  OMPVV_TEST_AND_SET_VERBOSE(errors, result != sum);

  OMPVV_REPORT_AND_RETURN(errors)
}
","//===--test_target_map_array_default.c - test default behavior of array map--===//
//
// OpenMP API Version 4.5 Nov 2015
//
// Whenever a map-type-modifier is not specified in the map clause, the symbol
// is mapped as a tofrom. This test make sure this is satisfied
//
////===----------------------------------------------------------------------===//

#include <omp.h>
#include <stdio.h>
#include ""ompvv.h""

#define N 1000

int main() {
  int compute_array[N];
  int sum = 0, result = 0, errors = 0;
  int i;

  OMPVV_TEST_OFFLOADING;

  // Array initialization
  for (i=0; i<N; i++)
    compute_array[i] = 10;

#pragma omp target map(compute_array)
  {
    for (i = 0; i < N; i++)
      compute_array[i] += i + 1;

  } // End target

  for (i = 0; i < N; i++)
    sum = sum + compute_array[i];

  for (i = 0; i < N; i++)
    result += 10 + i;

  OMPVV_TEST_AND_SET_VERBOSE(errors, result != sum);

  OMPVV_REPORT_AND_RETURN(errors)
}
",openmp_gpu_batch_10_optionA_full_multivariant.csv,False,failed,True,passed,,NEEDS_REVIEW,target_mapping,general_code,tests/4.5/target,4.5,needs_review,False,needs_review
tests/4.5/target_data/test_target_data_map_to_from.c,target_data,loop_body,COPY_VALUE_PLUS_ONE,high,h_array2_h[i] = h_array_h[i];,h_array2_h[i] = h_array_h[i] + 1;,"OMPVV_TEST_AND_SET_VERBOSE(errors, ((N - sum) != 0))",sum becomes 2*N instead of expected N,38,test_target_data_map_to_from_WRONG_COPY_VALUE.c,"//===---- test_target_data_map_to_from.c ---------------------------------------------------===//
//
// OpenMP API Version 4.5 Nov 2015
//
// The test_target_data_map group of tests checks all the possible map-type-modifiers
// for the target data map clauses. These are: from, to, fromto, alloc, release and
// delete. There is a a separate c file for each test with the prefix test_target_data_map.
// This specific test is for both the 'to' and 'from' clause utilized separately.
//
//===----------------------------------------------------------------------------------===//

#include <omp.h>
#include <stdio.h>
#include <stdlib.h>
#include ""ompvv.h""

#define N 1000

// Test for OpenMP 4.5 target data map(to: ) and map(from:)
int test_map_to_from() {

  OMPVV_INFOMSG(""test_map_to_from"");

  int sum = 0, errors = 0;
  int *h_array_h = (int *)malloc(N * sizeof(int));
  int *h_array2_h = (int *)malloc(N * sizeof(int));

  for (int i = 0; i < N; ++i) {
    h_array_h[i] = 1;
    h_array2_h[i] = 0;
  }

#pragma omp target data map(to: h_array_h[0:N]) map(from: h_array2_h[0:N])
  {
#pragma omp target
    {
      for (int i = 0; i < N; ++i)
        h_array2_h[i] = h_array_h[i];
    } // end target
  } // end target data

  // checking errors
  for (int i = 0; i < N; ++i)
    sum += h_array2_h[i];

  free(h_array_h);
  free(h_array2_h);

  OMPVV_TEST_AND_SET_VERBOSE(errors, ((N - sum) != 0));

  return errors;
}

int main() {

  int errors = 0;

  int is_offloading;
  OMPVV_TEST_AND_SET_OFFLOADING(is_offloading);

  OMPVV_TEST_AND_SET_VERBOSE(errors, test_map_to_from());
  OMPVV_REPORT_AND_RETURN(errors);
}
","//===---- test_target_data_map_to_from.c ---------------------------------------------------===//
//
// OpenMP API Version 4.5 Nov 2015
//
// The test_target_data_map group of tests checks all the possible map-type-modifiers
// for the target data map clauses. These are: from, to, fromto, alloc, release and
// delete. There is a a separate c file for each test with the prefix test_target_data_map.
// This specific test is for both the 'to' and 'from' clause utilized separately.
//
//===----------------------------------------------------------------------------------===//

#include <omp.h>
#include <stdio.h>
#include <stdlib.h>
#include ""ompvv.h""

#define N 1000

// Test for OpenMP 4.5 target data map(to: ) and map(from:)
int test_map_to_from() {

  OMPVV_INFOMSG(""test_map_to_from"");

  int sum = 0, errors = 0;
  int *h_array_h = (int *)malloc(N * sizeof(int));
  int *h_array2_h = (int *)malloc(N * sizeof(int));

  for (int i = 0; i < N; ++i) {
    h_array_h[i] = 1;
    h_array2_h[i] = 0;
  }

#pragma omp target data map(to: h_array_h[0:N]) map(from: h_array2_h[0:N])
  {
#pragma omp target
    {
      for (int i = 0; i < N; ++i)
        h_array2_h[i] = h_array_h[i] + 1;
    } // end target
  } // end target data

  // checking errors
  for (int i = 0; i < N; ++i)
    sum += h_array2_h[i];

  free(h_array_h);
  free(h_array2_h);

  OMPVV_TEST_AND_SET_VERBOSE(errors, ((N - sum) != 0));

  return errors;
}

int main() {

  int errors = 0;

  int is_offloading;
  OMPVV_TEST_AND_SET_OFFLOADING(is_offloading);

  OMPVV_TEST_AND_SET_VERBOSE(errors, test_map_to_from());
  OMPVV_REPORT_AND_RETURN(errors);
}
",openmp_gpu_batch_2_optionA_full_multivariant.csv,False,failed,True,passed,,NEEDS_REVIEW,target_mapping,general_code,tests/4.5/target_data,4.5,needs_review,False,needs_review
tests/4.5/target_update/test_target_update_if.c,target_update,loop_body,C_ADD_B_TO_SUB_B,high,c[j] = (c[j] + b[j]);//if b is updated c=16 else c=14,c[j] = (c[j] - b[j]);//if b is updated c=16 else c=14,oracle expects c[i] == 16 or c[i] == 14 depending on change_flag,target subtracts b instead of adding it,81,test_target_update_if_C_ADD_B_TO_SUB_B.c,"//===---- test_target_update_if.c - check the if clause of target update ------===//
//
// OpenMP API Version 4.5 Nov 2015
//
// The if clause determines if the section should be updated on
// the device. There are two scenarios to test here:
// (a) with offloading when 'if' clause evaluates to true then
// associated data is updated depending on the motion clause.
// (b) with offloading when 'if' clause evaluates to false
// then there is no update
// The if clause is evaluated on runtime which means that variables could
// determine this behavior.
//
//===----------------------------------------------------------------------===//

#include <omp.h>
#include <stdio.h>
#include ""ompvv.h""

#define N 100

int a[N];
int b[N];
int c[N];
int count, toggle=0;

int init_b(){
  if(toggle % 2){
    int i;
    for (i = 0; i < N; i++) {
      b[i] = b[i] * 2;
    }
    toggle++;
    return 1;
  }
  else{
    toggle++;
    return 0;
  }
}

// Test for OpenMP 4.5 target update with if
int main() {
  int errors[2]={0,0}, i = 0, report_errors = 0, change_flag = 0;

  for (i = 0; i < N; i++) {
    a[i] = 10;
  }

  // We test for offloading
  int is_offloading;
  OMPVV_TEST_AND_SET_OFFLOADING(is_offloading);

  if (!is_offloading)
  OMPVV_WARNING(""It is not possible to test conditional data transfers ""
                 ""if the environment is shared or offloading is off. Not testing ""
                 ""anything"");

  for(count = 0; count < 4; count++){
    for (i = 0; i < N; i++) {
      b[i] = 2;
      c[i] = 0;
  }
#pragma omp target data map(to: a[:N], b[:N]) map(tofrom: c)
{
  #pragma omp target
  {
        int j = 0;
        for (j = 0; j < N; j++) {
          c[j] = (a[j] + b[j]);//c=12
        }
  } // end target

  change_flag = init_b();
  #pragma omp target update if (change_flag) to(b[:N]) //update b=4 for all odd iterations

  #pragma omp target //default mapping is tofrom on b and c
  {
        int j = 0;
        for (j = 0; j < N; j++) {
          c[j] = (c[j] + b[j]);//if b is updated c=16 else c=14
        }
  } // end target

}// end target-data

    // checking results
  if (change_flag) {
    for (i = 0; i < N; i++) {
        if (c[i] != 16) {
          errors[0] += 1;
        }
    }
  }
  else {
    for (i = 0; i < N; i++) {
        if (c[i] != 14) {
          errors[1] += 1;
        }
    }
  }
}//end for

  OMPVV_TEST_AND_SET_VERBOSE(report_errors, errors[0] > 0);
  OMPVV_INFOMSG_IF(errors[0] > 0, ""Target update test when if clause is true failed"");
  OMPVV_TEST_AND_SET_VERBOSE(report_errors, errors[1] > 0);
  OMPVV_INFOMSG_IF(errors[1] > 0,  ""Target update test when if clause is false failed"");

  OMPVV_REPORT_AND_RETURN(report_errors);
}
","//===---- test_target_update_if.c - check the if clause of target update ------===//
//
// OpenMP API Version 4.5 Nov 2015
//
// The if clause determines if the section should be updated on
// the device. There are two scenarios to test here:
// (a) with offloading when 'if' clause evaluates to true then
// associated data is updated depending on the motion clause.
// (b) with offloading when 'if' clause evaluates to false
// then there is no update
// The if clause is evaluated on runtime which means that variables could
// determine this behavior.
//
//===----------------------------------------------------------------------===//

#include <omp.h>
#include <stdio.h>
#include ""ompvv.h""

#define N 100

int a[N];
int b[N];
int c[N];
int count, toggle=0;

int init_b(){
  if(toggle % 2){
    int i;
    for (i = 0; i < N; i++) {
      b[i] = b[i] * 2;
    }
    toggle++;
    return 1;
  }
  else{
    toggle++;
    return 0;
  }
}

// Test for OpenMP 4.5 target update with if
int main() {
  int errors[2]={0,0}, i = 0, report_errors = 0, change_flag = 0;

  for (i = 0; i < N; i++) {
    a[i] = 10;
  }

  // We test for offloading
  int is_offloading;
  OMPVV_TEST_AND_SET_OFFLOADING(is_offloading);

  if (!is_offloading)
  OMPVV_WARNING(""It is not possible to test conditional data transfers ""
                 ""if the environment is shared or offloading is off. Not testing ""
                 ""anything"");

  for(count = 0; count < 4; count++){
    for (i = 0; i < N; i++) {
      b[i] = 2;
      c[i] = 0;
  }
#pragma omp target data map(to: a[:N], b[:N]) map(tofrom: c)
{
  #pragma omp target
  {
        int j = 0;
        for (j = 0; j < N; j++) {
          c[j] = (a[j] + b[j]);//c=12
        }
  } // end target

  change_flag = init_b();
  #pragma omp target update if (change_flag) to(b[:N]) //update b=4 for all odd iterations

  #pragma omp target //default mapping is tofrom on b and c
  {
        int j = 0;
        for (j = 0; j < N; j++) {
          c[j] = (c[j] - b[j]);//if b is updated c=16 else c=14
        }
  } // end target

}// end target-data

    // checking results
  if (change_flag) {
    for (i = 0; i < N; i++) {
        if (c[i] != 16) {
          errors[0] += 1;
        }
    }
  }
  else {
    for (i = 0; i < N; i++) {
        if (c[i] != 14) {
          errors[1] += 1;
        }
    }
  }
}//end for

  OMPVV_TEST_AND_SET_VERBOSE(report_errors, errors[0] > 0);
  OMPVV_INFOMSG_IF(errors[0] > 0, ""Target update test when if clause is true failed"");
  OMPVV_TEST_AND_SET_VERBOSE(report_errors, errors[1] > 0);
  OMPVV_INFOMSG_IF(errors[1] > 0,  ""Target update test when if clause is false failed"");

  OMPVV_REPORT_AND_RETURN(report_errors);
}
",openmp_gpu_batch_12_optionA_full_multivariant_FULL.csv,False,failed,True,passed,,NEEDS_REVIEW,target_mapping,general_code,tests/4.5/target_update,4.5,needs_review,False,needs_review
tests/4.5/target_update/test_target_update_to.c,target_update,loop_body,C_ADD_B_TO_SUB_B,high,c[j] = (c[j] + b[j]);        // c = 16,c[j] = (c[j] - b[j]);        // c = 16,oracle checks c[i] == 16,second target region subtracts b instead of adding it,59,test_target_update_to_C_ADD_B_TO_SUB_B.c,"//===--- test_target_update_to.c ------------------------------------------===//
//
// OpenMP API Version 4.5 Nov 2015
//
// This test checks target update with the 'to' clause by checking that
// after a target update to is applied to an array, the device reads and
// uses the expected, new value rather than the previous value.
//
//===----------------------------------------------------------------------===//

#include <omp.h>
#include <stdio.h>
#include ""ompvv.h""

#define N 1024

int a[N];
int b[N];
int c[N];

void update_b() {
  int i;
  for (i = 0; i < N; i++) {
    b[i] = b[i] * 2;
  }
}

// Test for OpenMP 4.5 target update with to
int main() {
  int errors= 0;
  int i = 0;

  OMPVV_TEST_OFFLOADING;

  for (i = 0; i < N; i++) {
    a[i] = 10;
    b[i] = 2;
    c[i] = 0;
  }

#pragma omp target data map(to: a[:N], b[:N]) map(from: c)
  {
#pragma omp target
    {
      int j = 0;
      for (j = 0; j < N; j++) {
        c[j] = (a[j] + b[j]);        // c = 12
      }
    }

    update_b();

#pragma omp target update to(b[:N])  // update b = 4

#pragma omp target
    {
      int j = 0;
      for (j = 0; j < N; j++) {
        c[j] = (c[j] + b[j]);        // c = 16
      }
    }
  }

  for (i = 0; i < N; i++) {
    OMPVV_TEST_AND_SET_VERBOSE(errors, c[i] != 16);
  }

  OMPVV_REPORT_AND_RETURN(errors);
}
","//===--- test_target_update_to.c ------------------------------------------===//
//
// OpenMP API Version 4.5 Nov 2015
//
// This test checks target update with the 'to' clause by checking that
// after a target update to is applied to an array, the device reads and
// uses the expected, new value rather than the previous value.
//
//===----------------------------------------------------------------------===//

#include <omp.h>
#include <stdio.h>
#include ""ompvv.h""

#define N 1024

int a[N];
int b[N];
int c[N];

void update_b() {
  int i;
  for (i = 0; i < N; i++) {
    b[i] = b[i] * 2;
  }
}

// Test for OpenMP 4.5 target update with to
int main() {
  int errors= 0;
  int i = 0;

  OMPVV_TEST_OFFLOADING;

  for (i = 0; i < N; i++) {
    a[i] = 10;
    b[i] = 2;
    c[i] = 0;
  }

#pragma omp target data map(to: a[:N], b[:N]) map(from: c)
  {
#pragma omp target
    {
      int j = 0;
      for (j = 0; j < N; j++) {
        c[j] = (a[j] + b[j]);        // c = 12
      }
    }

    update_b();

#pragma omp target update to(b[:N])  // update b = 4

#pragma omp target
    {
      int j = 0;
      for (j = 0; j < N; j++) {
        c[j] = (c[j] - b[j]);        // c = 16
      }
    }
  }

  for (i = 0; i < N; i++) {
    OMPVV_TEST_AND_SET_VERBOSE(errors, c[i] != 16);
  }

  OMPVV_REPORT_AND_RETURN(errors);
}
",openmp_gpu_batch_12_optionA_full_multivariant_FULL.csv,False,failed,True,passed,,NEEDS_REVIEW,target_mapping,general_code,tests/4.5/target_update,4.5,needs_review,False,needs_review
tests/4.5/task/test_task_target.c,task,loop_body,C_ADD_TO_SUB,high,c[i] = a[i] + b[i];,c[i] = a[i] - b[i];,final oracle checks c[i] == i + 10,final target task subtracts b instead of adding it,40,test_task_target_C_ADD_TO_SUB.c,"//===-------- test_task_target.c - test task with target offload  ------------===//
//
// OpenMP API Version 4.5 Nov 2015
//
// This test checks target regions inside of tasks. With offloading support
// the tasks are executed on the device. The results do not change if the
// test is executed on the host. Output will indicate if the test passed and
// where (host/device).
//
////===----------------------------------------------------------------------===//

#include <stdio.h>
#include <omp.h>
#include ""ompvv.h""

#define N 1000

int test_task_target() {
  int a[N], b[N], c[N];
  int errors = 0, i;

#pragma omp task shared(a) private(i)
#pragma omp target map(from: a)
#pragma omp parallel for
  for (i = 0; i < N; i++)
    a[i] = i;

#pragma omp task shared(b) private(i)
#pragma omp target map(from: b)
#pragma omp parallel for
  for (i = 0; i < N; i++)
    b[i] = 10;

#pragma omp taskwait

#pragma omp task shared(c) private(i)
#pragma omp target map(from: c) map(to:a,b)
#pragma omp parallel for
  for (i = 0; i < N; i++)
    c[i] = a[i] + b[i];

#pragma omp taskwait

  for (i = 0; i < N; i++) {
    OMPVV_TEST_AND_SET(errors, (c[i] != i + 10));
  }
  return(errors);
}

int main() {

  OMPVV_TEST_OFFLOADING;

  int errors = 0;
  OMPVV_TEST_AND_SET_VERBOSE(errors, test_task_target());

  OMPVV_REPORT_AND_RETURN(errors);
}
","//===-------- test_task_target.c - test task with target offload  ------------===//
//
// OpenMP API Version 4.5 Nov 2015
//
// This test checks target regions inside of tasks. With offloading support
// the tasks are executed on the device. The results do not change if the
// test is executed on the host. Output will indicate if the test passed and
// where (host/device).
//
////===----------------------------------------------------------------------===//

#include <stdio.h>
#include <omp.h>
#include ""ompvv.h""

#define N 1000

int test_task_target() {
  int a[N], b[N], c[N];
  int errors = 0, i;

#pragma omp task shared(a) private(i)
#pragma omp target map(from: a)
#pragma omp parallel for
  for (i = 0; i < N; i++)
    a[i] = i;

#pragma omp task shared(b) private(i)
#pragma omp target map(from: b)
#pragma omp parallel for
  for (i = 0; i < N; i++)
    b[i] = 10;

#pragma omp taskwait

#pragma omp task shared(c) private(i)
#pragma omp target map(from: c) map(to:a,b)
#pragma omp parallel for
  for (i = 0; i < N; i++)
    c[i] = a[i] - b[i];

#pragma omp taskwait

  for (i = 0; i < N; i++) {
    OMPVV_TEST_AND_SET(errors, (c[i] != i + 10));
  }
  return(errors);
}

int main() {

  OMPVV_TEST_OFFLOADING;

  int errors = 0;
  OMPVV_TEST_AND_SET_VERBOSE(errors, test_task_target());

  OMPVV_REPORT_AND_RETURN(errors);
}
",openmp_gpu_batch_12_optionA_full_multivariant_FULL.csv,False,failed,True,passed,,NEEDS_REVIEW,task,general_code,tests/4.5/task,4.5,needs_review,False,needs_review
tests/5.0/target/test_target_task_depend_mutexinoutset.c,target,loop_body,C_PLUS_B_TO_MINUS_B,high,c += b; /* Task T5 */,c -= b; /* Task T5 */,oracle checks d == 6,T5 subtracts b instead of adding it,41,test_target_task_depend_mutexinoutset_C_PLUS_B_TO_MINUS_B.c,"//===--- test_target_task_depend_mutexinoutset.c -------------------------------------------------===//
//
// OpenMP API Version 5.0 Nov 2018
//
// This test verifies the working of the mutexinout on the depend clause.
// Here task T5 will be scheduled after tasks T1 and T3 are completed. Due to
// the mutexinoutset dependence type on c, T4 and T5 may be scheduled
// in any order with respect to each other, but not at the same time. Tasks
// T6 will be scheduled after both T4 and T5 are completed.
//
// Adapted from OpenMP Examples 5.0.
////===----------------------------------------------------------------------===//

#include <assert.h>
#include <omp.h>
#include <stdio.h>
#include <stdlib.h>
#include ""ompvv.h""

#define N 1024

int test_target_task_depend_mutexinoutset() {
  OMPVV_INFOMSG(""test_task_mutexinoutset"");
  int errors = 0;
  int a, b, c, d;

#pragma omp target map(from: d)
{
#pragma omp parallel
#pragma omp single
  {
#pragma omp task depend(out: c)
   c = 1; /* Task T1 */
 #pragma omp task depend(out: a)
   a = 2; /* Task T2 */
 #pragma omp task depend(out: b)
   b = 3; /* Task T3 */
 #pragma omp task depend(in: a) depend(mutexinoutset: c)
   c += a; /* Task T4 */
 #pragma omp task depend(in: b) depend(mutexinoutset: c)
   c += b; /* Task T5 */
 #pragma omp task depend(in: c)
   d = c; /* Task T6 */
  }
}
  OMPVV_TEST_AND_SET_VERBOSE(errors, d != 6);

  return errors;
}

int main() {

  int errors = 0;

  OMPVV_TEST_OFFLOADING;
  OMPVV_TEST_AND_SET_VERBOSE(errors, test_target_task_depend_mutexinoutset());

  OMPVV_REPORT_AND_RETURN(errors);
}
","//===--- test_target_task_depend_mutexinoutset.c -------------------------------------------------===//
//
// OpenMP API Version 5.0 Nov 2018
//
// This test verifies the working of the mutexinout on the depend clause.
// Here task T5 will be scheduled after tasks T1 and T3 are completed. Due to
// the mutexinoutset dependence type on c, T4 and T5 may be scheduled
// in any order with respect to each other, but not at the same time. Tasks
// T6 will be scheduled after both T4 and T5 are completed.
//
// Adapted from OpenMP Examples 5.0.
////===----------------------------------------------------------------------===//

#include <assert.h>
#include <omp.h>
#include <stdio.h>
#include <stdlib.h>
#include ""ompvv.h""

#define N 1024

int test_target_task_depend_mutexinoutset() {
  OMPVV_INFOMSG(""test_task_mutexinoutset"");
  int errors = 0;
  int a, b, c, d;

#pragma omp target map(from: d)
{
#pragma omp parallel
#pragma omp single
  {
#pragma omp task depend(out: c)
   c = 1; /* Task T1 */
 #pragma omp task depend(out: a)
   a = 2; /* Task T2 */
 #pragma omp task depend(out: b)
   b = 3; /* Task T3 */
 #pragma omp task depend(in: a) depend(mutexinoutset: c)
   c += a; /* Task T4 */
 #pragma omp task depend(in: b) depend(mutexinoutset: c)
   c -= b; /* Task T5 */
 #pragma omp task depend(in: c)
   d = c; /* Task T6 */
  }
}
  OMPVV_TEST_AND_SET_VERBOSE(errors, d != 6);

  return errors;
}

int main() {

  int errors = 0;

  OMPVV_TEST_OFFLOADING;
  OMPVV_TEST_AND_SET_VERBOSE(errors, test_target_task_depend_mutexinoutset());

  OMPVV_REPORT_AND_RETURN(errors);
}
",openmp_gpu_batch_21_optionA_full_multivariant.csv,False,failed,True,passed,,NEEDS_REVIEW,target_mapping,general_code,tests/5.0/target,5.0,needs_review,False,needs_review
tests/4.5/target/test_target_map_struct_default.c,target,target_mapping,DEFAULT_STRUCT_TO_EXPLICIT_TO,high,#pragma omp target,#pragma omp target map(to: single),test_map_struct checks single.a == 1 and single.b[i] == 1 after target,single struct updates are not copied back when explicit to-only mapping replaces default tofrom,43,test_target_map_struct_default_TARGET_TO_TARGET_MAP_SINGLE_TO.c,"//===---test_target_map_struct_default.c - test of struct mapping to device -===//
//
// OpenMP API Version 4.5 Nov 2015
//
// This test checks the default variable mapping behavior. Without specifying
// any attribute or map clause, all used variables inside the target region
// should be mapped tofrom. There are two different test cases. The first one
// where a struct is defined and used, the second one where a typedef struct is
// defined, then a struct with that type is defined and then used.
//
//===----------------------------------------------------------------------===//

#include <omp.h>
#include <stdio.h>
#include <stdlib.h>
#include ""ompvv.h""

#define N 1000

int test_map_struct() {

  OMPVV_INFOMSG(""Running test_map_struct()"");

  int errors = 0;
  int* pointers[6];

  struct {
    int a;
    int b[N];
    int *p;
  } single, array[5];

  single.p = (int*) malloc(5 * sizeof(int));
  pointers[0] = single.p;

  for (int i = 0; i < 5; ++i) {
    array[i].p = (int*) malloc(5 * sizeof(int));
    pointers[i + 1] = array[i].p;
  }

  // By default. map(tofrom: single) map(tofrom: array) map(tofrom: pointers[0:0])
  {
#pragma omp target
    if (!omp_is_initial_device()) {
      single.a = 1;
      for (int i = 0; i < N; ++i)
        single.b[i] = 1;

      for (int i = 0; i < 5; ++i) {
        array[i].a = 1;
        for (int j = 0; j < N; ++j)
          array[i].b[j] = 1;
      }
    }
  } // end target

  // checking results
  OMPVV_TEST_AND_SET_VERBOSE(errors, (single.a != 1));
  for (int i = 0; i < N; ++i)
    OMPVV_TEST_AND_SET_VERBOSE(errors, (single.b[i] != 1));
  OMPVV_TEST_AND_SET_VERBOSE(errors, (pointers[0] != single.p));
  for (int i = 0; i < 5; ++i) {
    OMPVV_TEST_AND_SET_VERBOSE(errors, (array[i].a != 1));
    for (int j = 0; j < N; ++j)
      OMPVV_TEST_AND_SET_VERBOSE(errors, (array[i].b[j] != 1));
    OMPVV_TEST_AND_SET_VERBOSE(errors, (pointers[i + 1] != array[i].p));
  }

  return errors;
}

int test_map_typedef() {

  OMPVV_INFOMSG(""Running test_map_typedef()"");

  int errors = 0;
  int* pointers[6];

  typedef struct {
    int a;
    int b[N];
    int *p;
  } test_struct;

  test_struct single, array[5];

  single.p = (int*) malloc(5 * sizeof(int));
  pointers[0] = single.p;

  for (int i = 0; i < 5; ++i) {
    array[i].p = (int*) malloc(5 * sizeof(int));
    pointers[i + 1] = array[i].p;
  }

  //By default: map(tofrom: single) map(tofrom: array) map(tofrom: pointers)
  {
#pragma omp target
    if (!omp_is_initial_device()) {
      single.a = 1;
      for (int i = 0; i < N; ++i)
        single.b[i] = 1;

      for (int i = 0; i < 5; ++i) {
        array[i].a = 1;
        for (int j = 0; j < N; ++j)
          array[i].b[j] = 1;
      }
    }
  } // end target

  // checking results
  OMPVV_TEST_AND_SET_VERBOSE(errors, (single.a != 1));
  for (int i = 0; i < N; ++i)
    OMPVV_TEST_AND_SET_VERBOSE(errors, (single.b[i] != 1));
  OMPVV_TEST_AND_SET_VERBOSE(errors, (pointers[0] != single.p));
  for (int i = 0; i < 5; ++i) {
   OMPVV_TEST_AND_SET_VERBOSE(errors, (array[i].a != 1));
    for (int j = 0; j < N; ++j)
      OMPVV_TEST_AND_SET_VERBOSE(errors, (array[i].b[j] != 1));
    OMPVV_TEST_AND_SET_VERBOSE(errors, (pointers[i + 1] != array[i].p));
  }

  return errors;
}


int main () {

  int errors = 0;
  //Check that offloading is enabled
  int is_offloading;
  OMPVV_TEST_AND_SET_OFFLOADING(is_offloading);

  if (!is_offloading) {
    OMPVV_ERROR(""Mapping to device cannot be properly tested as offloading is not enabled"");
    errors ++;
    OMPVV_REPORT_AND_RETURN(errors);
  }

  errors += test_map_struct();
  errors += test_map_typedef();
  OMPVV_REPORT_AND_RETURN(errors);
}
","//===---test_target_map_struct_default.c - test of struct mapping to device -===//
//
// OpenMP API Version 4.5 Nov 2015
//
// This test checks the default variable mapping behavior. Without specifying
// any attribute or map clause, all used variables inside the target region
// should be mapped tofrom. There are two different test cases. The first one
// where a struct is defined and used, the second one where a typedef struct is
// defined, then a struct with that type is defined and then used.
//
//===----------------------------------------------------------------------===//

#include <omp.h>
#include <stdio.h>
#include <stdlib.h>
#include ""ompvv.h""

#define N 1000

int test_map_struct() {

  OMPVV_INFOMSG(""Running test_map_struct()"");

  int errors = 0;
  int* pointers[6];

  struct {
    int a;
    int b[N];
    int *p;
  } single, array[5];

  single.p = (int*) malloc(5 * sizeof(int));
  pointers[0] = single.p;

  for (int i = 0; i < 5; ++i) {
    array[i].p = (int*) malloc(5 * sizeof(int));
    pointers[i + 1] = array[i].p;
  }

  // By default. map(tofrom: single) map(tofrom: array) map(tofrom: pointers[0:0])
  {
#pragma omp target map(to: single)
    if (!omp_is_initial_device()) {
      single.a = 1;
      for (int i = 0; i < N; ++i)
        single.b[i] = 1;

      for (int i = 0; i < 5; ++i) {
        array[i].a = 1;
        for (int j = 0; j < N; ++j)
          array[i].b[j] = 1;
      }
    }
  } // end target

  // checking results
  OMPVV_TEST_AND_SET_VERBOSE(errors, (single.a != 1));
  for (int i = 0; i < N; ++i)
    OMPVV_TEST_AND_SET_VERBOSE(errors, (single.b[i] != 1));
  OMPVV_TEST_AND_SET_VERBOSE(errors, (pointers[0] != single.p));
  for (int i = 0; i < 5; ++i) {
    OMPVV_TEST_AND_SET_VERBOSE(errors, (array[i].a != 1));
    for (int j = 0; j < N; ++j)
      OMPVV_TEST_AND_SET_VERBOSE(errors, (array[i].b[j] != 1));
    OMPVV_TEST_AND_SET_VERBOSE(errors, (pointers[i + 1] != array[i].p));
  }

  return errors;
}

int test_map_typedef() {

  OMPVV_INFOMSG(""Running test_map_typedef()"");

  int errors = 0;
  int* pointers[6];

  typedef struct {
    int a;
    int b[N];
    int *p;
  } test_struct;

  test_struct single, array[5];

  single.p = (int*) malloc(5 * sizeof(int));
  pointers[0] = single.p;

  for (int i = 0; i < 5; ++i) {
    array[i].p = (int*) malloc(5 * sizeof(int));
    pointers[i + 1] = array[i].p;
  }

  //By default: map(tofrom: single) map(tofrom: array) map(tofrom: pointers)
  {
#pragma omp target
    if (!omp_is_initial_device()) {
      single.a = 1;
      for (int i = 0; i < N; ++i)
        single.b[i] = 1;

      for (int i = 0; i < 5; ++i) {
        array[i].a = 1;
        for (int j = 0; j < N; ++j)
          array[i].b[j] = 1;
      }
    }
  } // end target

  // checking results
  OMPVV_TEST_AND_SET_VERBOSE(errors, (single.a != 1));
  for (int i = 0; i < N; ++i)
    OMPVV_TEST_AND_SET_VERBOSE(errors, (single.b[i] != 1));
  OMPVV_TEST_AND_SET_VERBOSE(errors, (pointers[0] != single.p));
  for (int i = 0; i < 5; ++i) {
   OMPVV_TEST_AND_SET_VERBOSE(errors, (array[i].a != 1));
    for (int j = 0; j < N; ++j)
      OMPVV_TEST_AND_SET_VERBOSE(errors, (array[i].b[j] != 1));
    OMPVV_TEST_AND_SET_VERBOSE(errors, (pointers[i + 1] != array[i].p));
  }

  return errors;
}


int main () {

  int errors = 0;
  //Check that offloading is enabled
  int is_offloading;
  OMPVV_TEST_AND_SET_OFFLOADING(is_offloading);

  if (!is_offloading) {
    OMPVV_ERROR(""Mapping to device cannot be properly tested as offloading is not enabled"");
    errors ++;
    OMPVV_REPORT_AND_RETURN(errors);
  }

  errors += test_map_struct();
  errors += test_map_typedef();
  OMPVV_REPORT_AND_RETURN(errors);
}
",openmp_gpu_batch_11_optionA_full_multivariant.csv,False,failed,True,passed,,NEEDS_REVIEW,target_mapping,mapping,tests/4.5/target,4.5,needs_review,False,needs_review
tests/5.0/requires/test_requires_unified_shared_memory_static_is_device_ptr.c,requires,loop_body,DEVICE_PLUS10_TO_PLUS11,high,aPtr[i] += 10;,aPtr[i] += 11;,oracle checks anArray[i] == i + 20,device-side update adds 11 instead of 10,40,test_requires_unified_shared_memory_static_is_device_ptr_DEVICE_PLUS10_TO_PLUS11.c,"//===---test_requires_unified_shared_memory_static_is_device_ptr.c ----------===//
//
// OpenMP API Version 5.0 Nov 2018
//
// We request the use of unified_shared_memory in this program.
// Checking for static arrays. The array is global and then accessed through
// a pointer from the host and the device.
//
// We use is_device_ptr to guarantee that the host pointer is used in the device.
//
////===----------------------------------------------------------------------===//
#include <omp.h>
#include <stdio.h>
#include <stdlib.h>
#include ""ompvv.h""

#define N 1024

#pragma omp requires unified_shared_memory

// STATIC ARRAY
int anArray[N];

int unified_shared_memory_static_is_device_ptr() {
  OMPVV_INFOMSG(""Unified shared memory testing - Static Array"");
  int errors = 0;

  int anArrayCopy[N];
  int * aPtr = anArray;

  for (int i = 0; i < N; i++) {
    anArray[i] = i;
    anArrayCopy[i] = 0;
  }

  // Test for writes to this variable from device
#pragma omp target is_device_ptr(aPtr)
  {
    for (int i = 0; i < N; i++) {
      aPtr[i] += 10;
    }
  }
  // Modify again on the host
  for (int i = 0; i < N; i++) {
    aPtr[i] += 10;
  }

  // Test for reads to this variable from device
#pragma omp target is_device_ptr(aPtr)
  {
    for (int i = 0; i < N; i++) {
      anArrayCopy[i] = aPtr[i];
    }
  }
  for (int i = 0; i < N; i++) {
    OMPVV_TEST_AND_SET_VERBOSE(errors, anArray[i] != i + 20);
    OMPVV_TEST_AND_SET_VERBOSE(errors, anArrayCopy[i] != i + 20);
    if (errors) break;
  }
  return errors;
}

int main() {
  int isOffloading;
  OMPVV_TEST_AND_SET_OFFLOADING(isOffloading);
  OMPVV_WARNING_IF(!isOffloading, ""With no offloading, unified shared memory is guaranteed due to host execution"");
  int errors = 0;
  OMPVV_TEST_AND_SET_VERBOSE(errors, unified_shared_memory_static_is_device_ptr());

  OMPVV_REPORT_AND_RETURN(errors);
}
","//===---test_requires_unified_shared_memory_static_is_device_ptr.c ----------===//
//
// OpenMP API Version 5.0 Nov 2018
//
// We request the use of unified_shared_memory in this program.
// Checking for static arrays. The array is global and then accessed through
// a pointer from the host and the device.
//
// We use is_device_ptr to guarantee that the host pointer is used in the device.
//
////===----------------------------------------------------------------------===//
#include <omp.h>
#include <stdio.h>
#include <stdlib.h>
#include ""ompvv.h""

#define N 1024

#pragma omp requires unified_shared_memory

// STATIC ARRAY
int anArray[N];

int unified_shared_memory_static_is_device_ptr() {
  OMPVV_INFOMSG(""Unified shared memory testing - Static Array"");
  int errors = 0;

  int anArrayCopy[N];
  int * aPtr = anArray;

  for (int i = 0; i < N; i++) {
    anArray[i] = i;
    anArrayCopy[i] = 0;
  }

  // Test for writes to this variable from device
#pragma omp target is_device_ptr(aPtr)
  {
    for (int i = 0; i < N; i++) {
      aPtr[i] += 11;
    }
  }
  // Modify again on the host
  for (int i = 0; i < N; i++) {
    aPtr[i] += 10;
  }

  // Test for reads to this variable from device
#pragma omp target is_device_ptr(aPtr)
  {
    for (int i = 0; i < N; i++) {
      anArrayCopy[i] = aPtr[i];
    }
  }
  for (int i = 0; i < N; i++) {
    OMPVV_TEST_AND_SET_VERBOSE(errors, anArray[i] != i + 20);
    OMPVV_TEST_AND_SET_VERBOSE(errors, anArrayCopy[i] != i + 20);
    if (errors) break;
  }
  return errors;
}

int main() {
  int isOffloading;
  OMPVV_TEST_AND_SET_OFFLOADING(isOffloading);
  OMPVV_WARNING_IF(!isOffloading, ""With no offloading, unified shared memory is guaranteed due to host execution"");
  int errors = 0;
  OMPVV_TEST_AND_SET_VERBOSE(errors, unified_shared_memory_static_is_device_ptr());

  OMPVV_REPORT_AND_RETURN(errors);
}
",openmp_gpu_batch_16_optionA_full_multivariant.csv,False,failed,True,passed,,NEEDS_REVIEW,target_mapping,general_code,tests/5.0/requires,5.0,needs_review,False,needs_review
tests/5.0/requires/test_requires_unified_shared_memory_heap_is_device_ptr.c,requires,loop_body,DEVICE_PLUS10_TO_PLUS9,high,anArray[i] += 10;,anArray[i] += 9;,oracle checks anArray[i] == i + 20,device-side USM update adds 9 instead of 10,41,test_requires_unified_shared_memory_heap_is_device_ptr_DEVICE_PLUS10_TO_PLUS9.c,"//===---test_requires_unified_shared_memory_heap_is_device_ptr.c -----------===//
//
// OpenMP API Version 5.0 Nov 2018
//
// This test Checks for unified shared memory of an array that is allocated on
// the heap and that is accessed from host and device with the same pointer
//
// To guarantee the use of the device pointer, we use the is_device_ptr clause
//
////===----------------------------------------------------------------------===//
#include <omp.h>
#include <stdio.h>
#include <stdlib.h>
#include ""ompvv.h""

#define N 1024

#pragma omp requires unified_shared_memory

int unified_shared_memory_heap() {
  OMPVV_INFOMSG(""Unified shared memory testing - Array on heap"");
  int errors = 0;

  int *anArray;
  int anArrayCopy[N];

  anArray = (int*)malloc(sizeof(int)*N);
  if( anArray == NULL ) {
     OMPVV_ERROR(""Memory was not properly allocated"");
     OMPVV_RETURN(1);
  }

  for (int i = 0; i < N; i++) {
    anArray[i] = i;
    anArrayCopy[i] = 0;
  }
  // Modify in the device
#pragma omp target is_device_ptr(anArray)
  {
    for (int i = 0; i < N; i++) {
      anArray[i] += 10;
    }
  }
  // Modify again on the host
  for (int i = 0; i < N; i++) {
    anArray[i] += 10;
  }

  // Get the value the device is seeing
#pragma omp target is_device_ptr(anArray)
  {
    for (int i = 0; i < N; i++) {
      anArrayCopy[i] = anArray[i];
    }
  }

  for (int i = 0; i < N; i++) {
    OMPVV_TEST_AND_SET_VERBOSE(errors, anArray[i] != i + 20);
    OMPVV_TEST_AND_SET_VERBOSE(errors, anArrayCopy[i] != i + 20);
    if (errors) break;
  }

  free(anArray);
  return errors;
}
int main() {
  int isOffloading;
  OMPVV_TEST_AND_SET_OFFLOADING(isOffloading);
  OMPVV_WARNING_IF(!isOffloading, ""With no offloading, unified shared memory is guaranteed due to host execution"");
  int errors = 0;

  OMPVV_TEST_AND_SET_VERBOSE(errors, unified_shared_memory_heap());

  OMPVV_REPORT_AND_RETURN(errors);
}
","//===---test_requires_unified_shared_memory_heap_is_device_ptr.c -----------===//
//
// OpenMP API Version 5.0 Nov 2018
//
// This test Checks for unified shared memory of an array that is allocated on
// the heap and that is accessed from host and device with the same pointer
//
// To guarantee the use of the device pointer, we use the is_device_ptr clause
//
////===----------------------------------------------------------------------===//
#include <omp.h>
#include <stdio.h>
#include <stdlib.h>
#include ""ompvv.h""

#define N 1024

#pragma omp requires unified_shared_memory

int unified_shared_memory_heap() {
  OMPVV_INFOMSG(""Unified shared memory testing - Array on heap"");
  int errors = 0;

  int *anArray;
  int anArrayCopy[N];

  anArray = (int*)malloc(sizeof(int)*N);
  if( anArray == NULL ) {
     OMPVV_ERROR(""Memory was not properly allocated"");
     OMPVV_RETURN(1);
  }

  for (int i = 0; i < N; i++) {
    anArray[i] = i;
    anArrayCopy[i] = 0;
  }
  // Modify in the device
#pragma omp target is_device_ptr(anArray)
  {
    for (int i = 0; i < N; i++) {
      anArray[i] += 9;
    }
  }
  // Modify again on the host
  for (int i = 0; i < N; i++) {
    anArray[i] += 10;
  }

  // Get the value the device is seeing
#pragma omp target is_device_ptr(anArray)
  {
    for (int i = 0; i < N; i++) {
      anArrayCopy[i] = anArray[i];
    }
  }

  for (int i = 0; i < N; i++) {
    OMPVV_TEST_AND_SET_VERBOSE(errors, anArray[i] != i + 20);
    OMPVV_TEST_AND_SET_VERBOSE(errors, anArrayCopy[i] != i + 20);
    if (errors) break;
  }

  free(anArray);
  return errors;
}
int main() {
  int isOffloading;
  OMPVV_TEST_AND_SET_OFFLOADING(isOffloading);
  OMPVV_WARNING_IF(!isOffloading, ""With no offloading, unified shared memory is guaranteed due to host execution"");
  int errors = 0;

  OMPVV_TEST_AND_SET_VERBOSE(errors, unified_shared_memory_heap());

  OMPVV_REPORT_AND_RETURN(errors);
}
",openmp_gpu_batch_16_optionA_full_multivariant.csv,False,failed,True,passed,,NEEDS_REVIEW,target_mapping,general_code,tests/5.0/requires,5.0,needs_review,False,needs_review
tests/5.0/requires/test_requires_unified_shared_memory_omp_target_alloc.c,requires,loop_body,DEVICE_PLUS10_TO_PLUS9,high,anArray[i] += 10;,anArray[i] += 9;,oracle checks anArray[i] == i + 20,device update adds 9 instead of 10,43,test_requires_unified_shared_memory_omp_target_alloc_DEVICE_PLUS10_TO_PLUS9.c,"//===---test_requires_unified_shared_memory_omp_target_alloc.c --------------===//
//
// OpenMP API Version 5.0 Nov 2018
//
// This test Checks for unified shared memory of an array that is allocated on
// the device and accessed in both host and device
//
// We use default mapping of pointers, which should be mappend as a zero length
// array
//
////===----------------------------------------------------------------------===//
#include <omp.h>
#include <stdio.h>
#include <stdlib.h>
#include ""ompvv.h""

#define N 1024

#pragma omp requires unified_shared_memory

int unified_shared_memory_target_alloc() {
  OMPVV_INFOMSG(""Unified shared memory testing - Memory allocated in the device"");
  int errors = 0;

  int *anArray = (int *) omp_target_alloc(sizeof(int)*N, omp_get_default_device());
  int anArrayCopy[N];

  // Initialization
#pragma omp target
  {
    for (int i = 0; i < N; i++) {
      anArray[i] = i;
    }
  }
  for (int i = 0; i < N; i++) {
    anArrayCopy[i] = 0;
  }

  // Modify in the device
#pragma omp target
  {
    for (int i = 0; i < N; i++) {
      anArray[i] += 10;
    }
  }

  // Modify again on the host
  for (int i = 0; i < N; i++) {
    anArray[i] += 10;
  }

  // Get the value the device is seeing
#pragma omp target
  {
    for (int i = 0; i < N; i++) {
      anArrayCopy[i] = anArray[i];
    }
  }

  for (int i = 0; i < N; i++) {
    OMPVV_TEST_AND_SET_VERBOSE(errors, anArray[i] != i + 20);
    OMPVV_TEST_AND_SET_VERBOSE(errors, anArrayCopy[i] != i + 20);
    if (errors) break;
  }

  omp_target_free(anArray,omp_get_default_device());
  return errors;
}
int main() {
  int isOffloading;
  OMPVV_TEST_AND_SET_OFFLOADING(isOffloading);
  OMPVV_WARNING_IF(!isOffloading, ""With no offloading, unified shared memory is guaranteed due to host execution"");
  int errors = 0;

  OMPVV_TEST_AND_SET_VERBOSE(errors, unified_shared_memory_target_alloc());

  OMPVV_REPORT_AND_RETURN(errors);
}
","//===---test_requires_unified_shared_memory_omp_target_alloc.c --------------===//
//
// OpenMP API Version 5.0 Nov 2018
//
// This test Checks for unified shared memory of an array that is allocated on
// the device and accessed in both host and device
//
// We use default mapping of pointers, which should be mappend as a zero length
// array
//
////===----------------------------------------------------------------------===//
#include <omp.h>
#include <stdio.h>
#include <stdlib.h>
#include ""ompvv.h""

#define N 1024

#pragma omp requires unified_shared_memory

int unified_shared_memory_target_alloc() {
  OMPVV_INFOMSG(""Unified shared memory testing - Memory allocated in the device"");
  int errors = 0;

  int *anArray = (int *) omp_target_alloc(sizeof(int)*N, omp_get_default_device());
  int anArrayCopy[N];

  // Initialization
#pragma omp target
  {
    for (int i = 0; i < N; i++) {
      anArray[i] = i;
    }
  }
  for (int i = 0; i < N; i++) {
    anArrayCopy[i] = 0;
  }

  // Modify in the device
#pragma omp target
  {
    for (int i = 0; i < N; i++) {
      anArray[i] += 9;
    }
  }

  // Modify again on the host
  for (int i = 0; i < N; i++) {
    anArray[i] += 10;
  }

  // Get the value the device is seeing
#pragma omp target
  {
    for (int i = 0; i < N; i++) {
      anArrayCopy[i] = anArray[i];
    }
  }

  for (int i = 0; i < N; i++) {
    OMPVV_TEST_AND_SET_VERBOSE(errors, anArray[i] != i + 20);
    OMPVV_TEST_AND_SET_VERBOSE(errors, anArrayCopy[i] != i + 20);
    if (errors) break;
  }

  omp_target_free(anArray,omp_get_default_device());
  return errors;
}
int main() {
  int isOffloading;
  OMPVV_TEST_AND_SET_OFFLOADING(isOffloading);
  OMPVV_WARNING_IF(!isOffloading, ""With no offloading, unified shared memory is guaranteed due to host execution"");
  int errors = 0;

  OMPVV_TEST_AND_SET_VERBOSE(errors, unified_shared_memory_target_alloc());

  OMPVV_REPORT_AND_RETURN(errors);
}
",openmp_gpu_batch_16_optionA_full_multivariant.csv,False,failed,True,passed,,NEEDS_REVIEW,target_mapping,general_code,tests/5.0/requires,5.0,needs_review,False,needs_review
tests/5.0/target/test_target_in_reduction.c,target,loop_body,DEVICE_PLUS2_TO_PLUS1,high,*sum += 2;,*sum += 1;,oracle checks device contribution is 2*N and host contribution is N,device contribution is reduced from 2 per iteration to 1,60,test_target_in_reduction_DEVICE_PLUS2_TO_PLUS1.c,"//===--- test_target_in_reduction.c -----------------------------------------===//
//
// OpenMP API Version 5.0 Nov 2018
//
// This test checks task reductions for a target task resulting from a target
// construct with the 'in_reduction' clause.
//
////===----------------------------------------------------------------------===//

#include <stdlib.h>
#include <stdio.h>
#include <omp.h>
#include ""ompvv.h""

#define N 1028

void compute_on_device(int *);
void compute_on_host(int *);

#pragma omp declare target to (compute_on_device)

int main ()
{
   int i, host_reduction_sum = 0, device_reduction_sum = 0;
   int sum = 0, errors = 0;

   OMPVV_TEST_OFFLOADING;


   #pragma omp parallel master
   #pragma omp taskgroup task_reduction(+:sum)
   {
      #pragma omp target in_reduction(+:sum)
         compute_on_device(&sum);

      #pragma omp task in_reduction(+:sum)
         compute_on_host(&sum);
   }

   for (i = 0; i < N; i++) {
      device_reduction_sum += 2;
      host_reduction_sum += 1;
   }

   OMPVV_TEST_AND_SET_VERBOSE(errors, sum != (device_reduction_sum + host_reduction_sum));

   OMPVV_TEST_AND_SET_VERBOSE(errors, sum == device_reduction_sum);
   OMPVV_ERROR_IF(sum == device_reduction_sum, ""Host task did not participate in the reduction"");

   OMPVV_TEST_AND_SET_VERBOSE(errors, sum == host_reduction_sum);
   OMPVV_ERROR_IF(sum == host_reduction_sum, ""Target task did not participate in the reduction"");

   OMPVV_REPORT_AND_RETURN(errors);
}

void compute_on_device(int *sum)
{
   int i;
   for (i = 0; i < N; i++) {
      *sum += 2;
   }
}

void compute_on_host(int *sum)
{
   int i;
   for (i = 0; i < N; i++) {
      *sum += 1;
   }
}
","//===--- test_target_in_reduction.c -----------------------------------------===//
//
// OpenMP API Version 5.0 Nov 2018
//
// This test checks task reductions for a target task resulting from a target
// construct with the 'in_reduction' clause.
//
////===----------------------------------------------------------------------===//

#include <stdlib.h>
#include <stdio.h>
#include <omp.h>
#include ""ompvv.h""

#define N 1028

void compute_on_device(int *);
void compute_on_host(int *);

#pragma omp declare target to (compute_on_device)

int main ()
{
   int i, host_reduction_sum = 0, device_reduction_sum = 0;
   int sum = 0, errors = 0;

   OMPVV_TEST_OFFLOADING;


   #pragma omp parallel master
   #pragma omp taskgroup task_reduction(+:sum)
   {
      #pragma omp target in_reduction(+:sum)
         compute_on_device(&sum);

      #pragma omp task in_reduction(+:sum)
         compute_on_host(&sum);
   }

   for (i = 0; i < N; i++) {
      device_reduction_sum += 2;
      host_reduction_sum += 1;
   }

   OMPVV_TEST_AND_SET_VERBOSE(errors, sum != (device_reduction_sum + host_reduction_sum));

   OMPVV_TEST_AND_SET_VERBOSE(errors, sum == device_reduction_sum);
   OMPVV_ERROR_IF(sum == device_reduction_sum, ""Host task did not participate in the reduction"");

   OMPVV_TEST_AND_SET_VERBOSE(errors, sum == host_reduction_sum);
   OMPVV_ERROR_IF(sum == host_reduction_sum, ""Target task did not participate in the reduction"");

   OMPVV_REPORT_AND_RETURN(errors);
}

void compute_on_device(int *sum)
{
   int i;
   for (i = 0; i < N; i++) {
      *sum += 1;
   }
}

void compute_on_host(int *sum)
{
   int i;
   for (i = 0; i < N; i++) {
      *sum += 1;
   }
}
",openmp_gpu_batch_20_optionA_full_multivariant_FULL.csv,False,failed,True,passed,,NEEDS_REVIEW,target_mapping,general_code,tests/5.0/target,5.0,needs_review,False,needs_review
tests/4.5/target_enter_data/test_target_enter_data_depend.c,target_enter_data,loop_body,DEVICE_TASK1_OR_TO_AND,high,h_array[i] = DEVICE_TASK1_BIT | in_1[i] | in_2[i];,h_array[i] = DEVICE_TASK1_BIT & in_1[i] & in_2[i];,"OMPVV_TEST_AND_SET(errors, (N * ALL_TASKS_BITS != sum))",bitwise combination loses expected task bits,71,test_target_enter_data_depend_DEVICE_TASK1_OR_TO_AND.c,"//===--- test_target_enter_data_depend.c ------------------------------------===//
//
// OpenMP API Version 4.5 Nov 2015
//
// This test checks the target enter data directive with a depend clause
// specified. Behavior for depend 'in' and depend 'out' are both addressed.
//
//===------------------------------------------------------------------------===//

#include <omp.h>
#include <stdio.h>
#include <stdlib.h>
#include <stdbool.h>
#include ""ompvv.h""

#define N 1000
#define HOST_TASK1_BIT 0x1
#define HOST_TASK2_BIT 0x2
#define DEVICE_TASK1_BIT 0x4
#define DEVICE_TASK2_BIT 0x8
#define HOST_TASK3_BIT 0x10
#define ALL_TASKS_BITS 0x1F

/*
 * Test if it is possible to:
 * 1. target enter data to depend 'in' and 'out'
 * 2. target exit data to depend 'in' and 'out'
 * 3. Mix target-based tasks with host tasks.
 *
 * We use bits for each task to know where it fails
 */
int test_async_between_task_target() {
  OMPVV_INFOMSG(""test_async_between_task_target"");

  int errors = 0;
  bool isHost = true;
  int sum = 0.0;
  int* h_array = (int *) malloc(N * sizeof(int));
  int* h_array_copy = (int *) malloc(N * sizeof(int));
  int* in_1 = (int *) malloc(N * sizeof(int));
  int* in_2 = (int *) malloc(N * sizeof(int));

  // host task 1
#pragma omp task depend(out: in_1) shared(in_1)
  {
    for (int i = 0; i < N; ++i) {
      in_1[i] = HOST_TASK1_BIT; // 0b01
    }
  }

  // host task 2
#pragma omp task depend(out: in_2) shared(in_2)
  {
    for (int i = 0; i < N; ++i) {
      in_2[i] = HOST_TASK2_BIT; // 0b10
    }
  }

  // target enter data
#pragma omp target enter data map(alloc: h_array[0:N]) map(to: in_1[0:N]) map(to: in_2[0:N]) depend(out: h_array) depend(in: in_1) depend(in: in_2)

  // target task to compute on the device
  // device task 1
  // adding redundant depends on in_1 + in_2 to make the test work if compiled for the host
#pragma omp task shared (isHost, h_array, in_1, in_2) depend(inout: h_array) depend(in: in_1) depend(in: in_2)
  {
#pragma omp target map(tofrom: isHost) map(alloc: in_1[0:N]) map(alloc: in_2[0:N]) map(alloc: h_array[0:N])
    {
      isHost = omp_is_initial_device();
      for (int i = 0; i < N; ++i) {
        h_array[i] = DEVICE_TASK1_BIT | in_1[i] | in_2[i]; // Expected = 0b111
      }
    }
  }

  // Device task 2
#pragma omp task shared (h_array, h_array_copy) depend(in: h_array) depend(out: h_array_copy)
  {
#pragma omp target map(alloc: h_array[0:N]) map(from: h_array_copy[0:N])
    {
      for (int i = 0; i < N; ++i) {
        h_array_copy[i] = h_array[i] | DEVICE_TASK2_BIT; //  Expected = 0b1111
      }
    }
  }

  // host task 3
#pragma omp task depend(in: h_array_copy) shared(sum, h_array_copy)
  {
    // checking results
    for (int i = 0; i < N; ++i) {
      // Identify which task was problematic
      h_array_copy[i] |= HOST_TASK3_BIT;
      sum += (h_array_copy[i] & ALL_TASKS_BITS); // AND with 0b111 should produce sum
    }
  }
#pragma omp taskwait

  // We verify all the tasks without a task
  int h_task1 = 0;
  int h_task2 = 0;
  int h_task3 = 0;
  int d_task1 = 0;
  int d_task2 = 0;
  for (int i = 0; i < N; ++i) {
    h_task1 |= !(h_array_copy[i] & HOST_TASK1_BIT);
    h_task2 |= !(h_array_copy[i] & HOST_TASK2_BIT);
    h_task2 |= !(h_array_copy[i] & HOST_TASK3_BIT);
    d_task1 |= !(h_array_copy[i] & DEVICE_TASK1_BIT);
    d_task2 |= !(h_array_copy[i] & DEVICE_TASK2_BIT);
  }
  OMPVV_ERROR_IF(h_task1 != 0, ""Error in host task 1"");
  OMPVV_ERROR_IF(h_task2 != 0, ""Error in host task 2"");
  OMPVV_ERROR_IF(h_task3 != 0, ""Error in host task 3"");
  OMPVV_ERROR_IF(d_task1 != 0, ""Error in device task 1"");
  OMPVV_ERROR_IF(d_task2 != 0, ""Error in device task 2"");

  OMPVV_TEST_AND_SET(errors, (N * ALL_TASKS_BITS != sum));
  OMPVV_INFOMSG(""Test test_async_between_task_target ran on the %s"", (isHost ? ""host"" : ""device""));

// Garbage collection
// This is outside of the testing area but we need to clear memory on the device
// created with the target enter data
#pragma omp target exit data map(delete: h_array[0:N], in_1[0:N], in_2[0:N])
  free(h_array);
  free(h_array_copy);
  free(in_1);
  free(in_2);

  return errors;
}

/*
 * Test if it is possible to:
 * 1. target enter data to depend 'out'
 * 2. target exit data to depend 'in'
 * 3. use nowait for async
 */
int test_async_between_target() {
  OMPVV_INFOMSG(""test_async_between_target"");

  int errors = 0;
  bool isHost = true;
  int sum = 0;
  int* h_array = (int *) malloc(N * sizeof(int));
  int* h_array_copy = (int *) malloc(N * sizeof(int));
  int val = DEVICE_TASK1_BIT;

  // target enter data
#pragma omp target enter data map(alloc: h_array[0:N]) depend(out: h_array)

#pragma omp target enter data map(to: val) depend(out: val)

#pragma omp target map(tofrom: isHost) map(alloc: h_array[0:N]) depend(inout: h_array) depend(in: val)
  {
    isHost = omp_is_initial_device();
    for (int i = 0; i < N; ++i) {
      h_array[i] = val; // val = DEVICE_TASK1_BIT
    }
  }

#pragma omp target map(alloc: h_array[0:N]) map(from: h_array_copy[0:N]) depend(in: h_array) depend(out: h_array_copy)
  {
    for (int i = 0; i < N; ++i) {
      h_array_copy[i] = h_array[i] | DEVICE_TASK2_BIT;
    }
  }
#pragma omp taskwait

  // checking results
  int d_task1 = 0;
  int d_task2 = 0;
  for (int i = 0; i < N; ++i) {
    sum += (h_array_copy[i] & (DEVICE_TASK1_BIT | DEVICE_TASK2_BIT)); // this will lead to 0b1100
    // Checking each individual task
    d_task1 |= !(h_array_copy[i] & DEVICE_TASK1_BIT);
    d_task2 |= !(h_array_copy[i] & DEVICE_TASK2_BIT);
  }
  // Report on each task
  OMPVV_ERROR_IF(d_task1 != 0, ""Error in device task 1"");
  OMPVV_ERROR_IF(d_task2 != 0, ""Error in device task 2"");

  OMPVV_TEST_AND_SET(errors, (N * (DEVICE_TASK1_BIT | DEVICE_TASK2_BIT) != sum));
  OMPVV_INFOMSG(""Test test_async_between_task_target ran on the %s"", (isHost ? ""host"" : ""device""));

// Garbage collection
// This is outside of the testing area but we need to clear memory on the device
// created with the target enter data
#pragma omp target exit data map(delete: h_array[0:N], val)

  free(h_array);
  free(h_array_copy);
  return errors;
}

int main(){
  OMPVV_TEST_OFFLOADING;
  int errors = 0;

  OMPVV_TEST_AND_SET(errors, test_async_between_target());
  OMPVV_TEST_AND_SET(errors, test_async_between_task_target());

  OMPVV_REPORT_AND_RETURN(errors);
}
","//===--- test_target_enter_data_depend.c ------------------------------------===//
//
// OpenMP API Version 4.5 Nov 2015
//
// This test checks the target enter data directive with a depend clause
// specified. Behavior for depend 'in' and depend 'out' are both addressed.
//
//===------------------------------------------------------------------------===//

#include <omp.h>
#include <stdio.h>
#include <stdlib.h>
#include <stdbool.h>
#include ""ompvv.h""

#define N 1000
#define HOST_TASK1_BIT 0x1
#define HOST_TASK2_BIT 0x2
#define DEVICE_TASK1_BIT 0x4
#define DEVICE_TASK2_BIT 0x8
#define HOST_TASK3_BIT 0x10
#define ALL_TASKS_BITS 0x1F

/*
 * Test if it is possible to:
 * 1. target enter data to depend 'in' and 'out'
 * 2. target exit data to depend 'in' and 'out'
 * 3. Mix target-based tasks with host tasks.
 *
 * We use bits for each task to know where it fails
 */
int test_async_between_task_target() {
  OMPVV_INFOMSG(""test_async_between_task_target"");

  int errors = 0;
  bool isHost = true;
  int sum = 0.0;
  int* h_array = (int *) malloc(N * sizeof(int));
  int* h_array_copy = (int *) malloc(N * sizeof(int));
  int* in_1 = (int *) malloc(N * sizeof(int));
  int* in_2 = (int *) malloc(N * sizeof(int));

  // host task 1
#pragma omp task depend(out: in_1) shared(in_1)
  {
    for (int i = 0; i < N; ++i) {
      in_1[i] = HOST_TASK1_BIT; // 0b01
    }
  }

  // host task 2
#pragma omp task depend(out: in_2) shared(in_2)
  {
    for (int i = 0; i < N; ++i) {
      in_2[i] = HOST_TASK2_BIT; // 0b10
    }
  }

  // target enter data
#pragma omp target enter data map(alloc: h_array[0:N]) map(to: in_1[0:N]) map(to: in_2[0:N]) depend(out: h_array) depend(in: in_1) depend(in: in_2)

  // target task to compute on the device
  // device task 1
  // adding redundant depends on in_1 + in_2 to make the test work if compiled for the host
#pragma omp task shared (isHost, h_array, in_1, in_2) depend(inout: h_array) depend(in: in_1) depend(in: in_2)
  {
#pragma omp target map(tofrom: isHost) map(alloc: in_1[0:N]) map(alloc: in_2[0:N]) map(alloc: h_array[0:N])
    {
      isHost = omp_is_initial_device();
      for (int i = 0; i < N; ++i) {
        h_array[i] = DEVICE_TASK1_BIT & in_1[i] & in_2[i]; // Expected = 0b111
      }
    }
  }

  // Device task 2
#pragma omp task shared (h_array, h_array_copy) depend(in: h_array) depend(out: h_array_copy)
  {
#pragma omp target map(alloc: h_array[0:N]) map(from: h_array_copy[0:N])
    {
      for (int i = 0; i < N; ++i) {
        h_array_copy[i] = h_array[i] | DEVICE_TASK2_BIT; //  Expected = 0b1111
      }
    }
  }

  // host task 3
#pragma omp task depend(in: h_array_copy) shared(sum, h_array_copy)
  {
    // checking results
    for (int i = 0; i < N; ++i) {
      // Identify which task was problematic
      h_array_copy[i] |= HOST_TASK3_BIT;
      sum += (h_array_copy[i] & ALL_TASKS_BITS); // AND with 0b111 should produce sum
    }
  }
#pragma omp taskwait

  // We verify all the tasks without a task
  int h_task1 = 0;
  int h_task2 = 0;
  int h_task3 = 0;
  int d_task1 = 0;
  int d_task2 = 0;
  for (int i = 0; i < N; ++i) {
    h_task1 |= !(h_array_copy[i] & HOST_TASK1_BIT);
    h_task2 |= !(h_array_copy[i] & HOST_TASK2_BIT);
    h_task2 |= !(h_array_copy[i] & HOST_TASK3_BIT);
    d_task1 |= !(h_array_copy[i] & DEVICE_TASK1_BIT);
    d_task2 |= !(h_array_copy[i] & DEVICE_TASK2_BIT);
  }
  OMPVV_ERROR_IF(h_task1 != 0, ""Error in host task 1"");
  OMPVV_ERROR_IF(h_task2 != 0, ""Error in host task 2"");
  OMPVV_ERROR_IF(h_task3 != 0, ""Error in host task 3"");
  OMPVV_ERROR_IF(d_task1 != 0, ""Error in device task 1"");
  OMPVV_ERROR_IF(d_task2 != 0, ""Error in device task 2"");

  OMPVV_TEST_AND_SET(errors, (N * ALL_TASKS_BITS != sum));
  OMPVV_INFOMSG(""Test test_async_between_task_target ran on the %s"", (isHost ? ""host"" : ""device""));

// Garbage collection
// This is outside of the testing area but we need to clear memory on the device
// created with the target enter data
#pragma omp target exit data map(delete: h_array[0:N], in_1[0:N], in_2[0:N])
  free(h_array);
  free(h_array_copy);
  free(in_1);
  free(in_2);

  return errors;
}

/*
 * Test if it is possible to:
 * 1. target enter data to depend 'out'
 * 2. target exit data to depend 'in'
 * 3. use nowait for async
 */
int test_async_between_target() {
  OMPVV_INFOMSG(""test_async_between_target"");

  int errors = 0;
  bool isHost = true;
  int sum = 0;
  int* h_array = (int *) malloc(N * sizeof(int));
  int* h_array_copy = (int *) malloc(N * sizeof(int));
  int val = DEVICE_TASK1_BIT;

  // target enter data
#pragma omp target enter data map(alloc: h_array[0:N]) depend(out: h_array)

#pragma omp target enter data map(to: val) depend(out: val)

#pragma omp target map(tofrom: isHost) map(alloc: h_array[0:N]) depend(inout: h_array) depend(in: val)
  {
    isHost = omp_is_initial_device();
    for (int i = 0; i < N; ++i) {
      h_array[i] = val; // val = DEVICE_TASK1_BIT
    }
  }

#pragma omp target map(alloc: h_array[0:N]) map(from: h_array_copy[0:N]) depend(in: h_array) depend(out: h_array_copy)
  {
    for (int i = 0; i < N; ++i) {
      h_array_copy[i] = h_array[i] | DEVICE_TASK2_BIT;
    }
  }
#pragma omp taskwait

  // checking results
  int d_task1 = 0;
  int d_task2 = 0;
  for (int i = 0; i < N; ++i) {
    sum += (h_array_copy[i] & (DEVICE_TASK1_BIT | DEVICE_TASK2_BIT)); // this will lead to 0b1100
    // Checking each individual task
    d_task1 |= !(h_array_copy[i] & DEVICE_TASK1_BIT);
    d_task2 |= !(h_array_copy[i] & DEVICE_TASK2_BIT);
  }
  // Report on each task
  OMPVV_ERROR_IF(d_task1 != 0, ""Error in device task 1"");
  OMPVV_ERROR_IF(d_task2 != 0, ""Error in device task 2"");

  OMPVV_TEST_AND_SET(errors, (N * (DEVICE_TASK1_BIT | DEVICE_TASK2_BIT) != sum));
  OMPVV_INFOMSG(""Test test_async_between_task_target ran on the %s"", (isHost ? ""host"" : ""device""));

// Garbage collection
// This is outside of the testing area but we need to clear memory on the device
// created with the target enter data
#pragma omp target exit data map(delete: h_array[0:N], val)

  free(h_array);
  free(h_array_copy);
  return errors;
}

int main(){
  OMPVV_TEST_OFFLOADING;
  int errors = 0;

  OMPVV_TEST_AND_SET(errors, test_async_between_target());
  OMPVV_TEST_AND_SET(errors, test_async_between_task_target());

  OMPVV_REPORT_AND_RETURN(errors);
}
",openmp_gpu_batch_3_optionA_full_multivariant.csv,False,failed,True,passed,,NEEDS_REVIEW,target_mapping,general_code,tests/4.5/target_enter_data,4.5,needs_review,False,needs_review
tests/4.5/target_update/test_target_update_depend.c,target_update,loop_body,DEVICE_TASK_OR_TO_AND,high,h_array[i] = DEVICE_TASK1_BIT | in_1[i] | in_2[i];,h_array[i] = DEVICE_TASK1_BIT & in_1[i] & in_2[i];,final bitmask sum must equal N * ALL_TASKS_BITS,device task loses expected task bits by using bitwise AND instead of OR,72,test_target_update_depend_DEVICE_OR_TO_AND.c,"//===--- test_target_update_depend.c ----------------------------------------===//
//
// OpenMP API Version 4.5 Nov 2015
//
// This is a test of the target update construct with the depend clause.
// The test_async_between_hosts_tasks() functions additionatly tests if
// the target enter data and exit data constructs work properly with the
// depend clause. Bits are used for each task in order to determine where
// failure occurs.
//
////===----------------------------------------------------------------------===//






#include <omp.h>
#include <stdio.h>
#include <stdlib.h>
#include <stdbool.h>
#include ""ompvv.h""

#define N 1000
#define HOST_TASK1_BIT 0x1
#define HOST_TASK2_BIT 0x2
#define DEVICE_TASK1_BIT 0x4
#define HOST_TASK3_BIT 0x8
#define ALL_TASKS_BITS 0xF

int test_async_between_hosts_tasks() {
  OMPVV_INFOMSG(""test_async_between_hosts_tasks"");

  int errors = 0;
  bool isHost = true;
  int sum = 0.0;
  int* h_array = (int *) malloc(N * sizeof(int));
  int* in_1 = (int *) malloc(N * sizeof(int));
  int* in_2 = (int *) malloc(N * sizeof(int));


// We allocate the arrays in the device
#pragma omp target enter data map(alloc: h_array[0:N], in_1[0:N], in_2[0:N]) depend(out: h_array, in_1, in_2)

  // host task 1
#pragma omp task depend(out: in_1) shared(in_1)
  {
    for (int i = 0; i < N; ++i) {
      in_1[i] = HOST_TASK1_BIT; // 0b01
    }
  }

  // host task 2
#pragma omp task depend(out: in_2) shared(in_2)
  {
    for (int i = 0; i < N; ++i) {
      in_2[i] = HOST_TASK2_BIT; // 0b10
    }
  }

 // Testing the update to
#pragma omp target update depend(in: in_1, in_2) depend(out: in_1, in_2) to(in_1[0:N], in_2[0:N])


  // Device task waiting for update
#pragma omp task shared (isHost, h_array, in_1, in_2) depend(inout: h_array) depend(in: in_1) depend(in: in_2)
  {
#pragma omp target map(tofrom: isHost) map(alloc: in_1[0:N]) map(alloc: in_2[0:N]) map(alloc: h_array[0:N])
    {
      isHost = omp_is_initial_device();
      for (int i = 0; i < N; ++i) {
        h_array[i] = DEVICE_TASK1_BIT | in_1[i] | in_2[i]; // Expected = 0b111
      }
    }
  }

 // Testing the update from
#pragma omp target update depend(inout: h_array) from(h_array[0:N])

  // host task 3
#pragma omp task depend(in: h_array) shared(sum, h_array)
  {
    // checking results
    for (int i = 0; i < N; ++i) {
      // Identify which task was problematic
      h_array[i] |= HOST_TASK3_BIT;
      sum += (h_array[i] & ALL_TASKS_BITS); // AND with 0b111 should produce sum
    }
  }
#pragma omp taskwait

  // Garbage collection
#pragma omp target exit data map(delete: h_array[0:N], in_1[0:N], in_2[0:N])

  // We verify all the tasks without a task
  int h_task1 = 0;
  int h_task2 = 0;
  int h_task3 = 0;
  int d_task1 = 0;
  for (int i = 0; i < N; ++i) {
    h_task1 |= !(h_array[i] & HOST_TASK1_BIT);
    h_task2 |= !(h_array[i] & HOST_TASK2_BIT);
    h_task3 |= !(h_array[i] & HOST_TASK3_BIT);
    d_task1 |= !(h_array[i] & DEVICE_TASK1_BIT);
  }
  OMPVV_ERROR_IF(h_task1 != 0, ""Error in host task 1"");
  OMPVV_ERROR_IF(h_task2 != 0, ""Error in host task 2"");
  OMPVV_ERROR_IF(h_task3 != 0, ""Error in host task 3"");
  OMPVV_ERROR_IF(d_task1 != 0, ""Error in device task 1"");

  OMPVV_TEST_AND_SET(errors, (N * ALL_TASKS_BITS != sum));
  OMPVV_INFOMSG(""Test test_async_between_task_target ran on the %s"", (isHost ? ""host"" : ""device""));

  free(h_array);
  free(in_1);
  free(in_2);

  return errors;
}

/*
 * Test if it is possible to:
 * 3. use nowait for async
 */
int test_async_between_host_and_device() {
  OMPVV_INFOMSG(""test_async_between_host_and_device"");

  int errors = 0;
  bool isHost = true;
  int sum = 0.0;
  int* h_array = (int *) malloc(N * sizeof(int));
  int* in_1 = (int *) malloc(N * sizeof(int));
  int* in_2 = (int *) malloc(N * sizeof(int));


// We allocate the arrays in the device
#pragma omp target enter data map(alloc: h_array[0:N], in_1[0:N], in_2[0:N]) depend(out: h_array, in_1, in_2)

  // host task 1
#pragma omp task depend(out: in_1) shared(in_1)
  {
    for (int i = 0; i < N; ++i) {
      in_1[i] = HOST_TASK1_BIT; // 0b01
    }
  }

  // host task 2
#pragma omp task depend(out: in_2) shared(in_2)
  {
    for (int i = 0; i < N; ++i) {
      in_2[i] = HOST_TASK2_BIT; // 0b10
    }
  }

 // Testing the update to
#pragma omp target update depend(inout: in_1, in_2) to(in_1[0:N], in_2[0:N])


  // Device task waiting for update
#pragma omp target depend(inout: h_array) depend(in: in_1) depend(in: in_2) \
    map(tofrom: isHost) map(alloc: in_1[0:N]) map(alloc: in_2[0:N]) map(alloc: h_array[0:N])
  {
    isHost = omp_is_initial_device();
    for (int i = 0; i < N; ++i) {
      h_array[i] = DEVICE_TASK1_BIT | in_1[i] | in_2[i]; // Expected = 0b111
    }
  }

 // Testing the update from
#pragma omp target update depend(inout: h_array) from(h_array[0:N])

  // host task 3
#pragma omp task depend(in: h_array) shared(sum, h_array)
  {
    // checking results
    for (int i = 0; i < N; ++i) {
      // Identify which task was problematic
      h_array[i] |= HOST_TASK3_BIT;
      sum += (h_array[i] & ALL_TASKS_BITS); // AND with 0b111 should produce sum
    }
  }
#pragma omp taskwait

  // Garbage collection
#pragma omp target exit data map(delete: h_array[0:N], in_1[0:N], in_2[0:N])

  // We verify all the tasks without a task
  int h_task1 = 0;
  int h_task2 = 0;
  int h_task3 = 0;
  int d_task1 = 0;
  for (int i = 0; i < N; ++i) {
    h_task1 |= !(h_array[i] & HOST_TASK1_BIT);
    h_task2 |= !(h_array[i] & HOST_TASK2_BIT);
    h_task3 |= !(h_array[i] & HOST_TASK3_BIT);
    d_task1 |= !(h_array[i] & DEVICE_TASK1_BIT);
  }
  OMPVV_ERROR_IF(h_task1 != 0, ""Error in host task 1"");
  OMPVV_ERROR_IF(h_task2 != 0, ""Error in host task 2"");
  OMPVV_ERROR_IF(h_task3 != 0, ""Error in host task 3"");
  OMPVV_ERROR_IF(d_task1 != 0, ""Error in device task 1"");

  OMPVV_TEST_AND_SET(errors, (N * ALL_TASKS_BITS != sum));
  OMPVV_INFOMSG(""Test test_async_between_task_target ran on the %s"", (isHost ? ""host"" : ""device""));

  free(h_array);
  free(in_1);
  free(in_2);

  return errors;
}

int main(){
  OMPVV_TEST_OFFLOADING;
  int errors = 0;

  OMPVV_TEST_AND_SET(errors, test_async_between_hosts_tasks());
  OMPVV_TEST_AND_SET(errors, test_async_between_host_and_device());

  OMPVV_REPORT_AND_RETURN(errors);
}
","//===--- test_target_update_depend.c ----------------------------------------===//
//
// OpenMP API Version 4.5 Nov 2015
//
// This is a test of the target update construct with the depend clause.
// The test_async_between_hosts_tasks() functions additionatly tests if
// the target enter data and exit data constructs work properly with the
// depend clause. Bits are used for each task in order to determine where
// failure occurs.
//
////===----------------------------------------------------------------------===//






#include <omp.h>
#include <stdio.h>
#include <stdlib.h>
#include <stdbool.h>
#include ""ompvv.h""

#define N 1000
#define HOST_TASK1_BIT 0x1
#define HOST_TASK2_BIT 0x2
#define DEVICE_TASK1_BIT 0x4
#define HOST_TASK3_BIT 0x8
#define ALL_TASKS_BITS 0xF

int test_async_between_hosts_tasks() {
  OMPVV_INFOMSG(""test_async_between_hosts_tasks"");

  int errors = 0;
  bool isHost = true;
  int sum = 0.0;
  int* h_array = (int *) malloc(N * sizeof(int));
  int* in_1 = (int *) malloc(N * sizeof(int));
  int* in_2 = (int *) malloc(N * sizeof(int));


// We allocate the arrays in the device
#pragma omp target enter data map(alloc: h_array[0:N], in_1[0:N], in_2[0:N]) depend(out: h_array, in_1, in_2)

  // host task 1
#pragma omp task depend(out: in_1) shared(in_1)
  {
    for (int i = 0; i < N; ++i) {
      in_1[i] = HOST_TASK1_BIT; // 0b01
    }
  }

  // host task 2
#pragma omp task depend(out: in_2) shared(in_2)
  {
    for (int i = 0; i < N; ++i) {
      in_2[i] = HOST_TASK2_BIT; // 0b10
    }
  }

 // Testing the update to
#pragma omp target update depend(in: in_1, in_2) depend(out: in_1, in_2) to(in_1[0:N], in_2[0:N])


  // Device task waiting for update
#pragma omp task shared (isHost, h_array, in_1, in_2) depend(inout: h_array) depend(in: in_1) depend(in: in_2)
  {
#pragma omp target map(tofrom: isHost) map(alloc: in_1[0:N]) map(alloc: in_2[0:N]) map(alloc: h_array[0:N])
    {
      isHost = omp_is_initial_device();
      for (int i = 0; i < N; ++i) {
        h_array[i] = DEVICE_TASK1_BIT & in_1[i] & in_2[i]; // Expected = 0b111
      }
    }
  }

 // Testing the update from
#pragma omp target update depend(inout: h_array) from(h_array[0:N])

  // host task 3
#pragma omp task depend(in: h_array) shared(sum, h_array)
  {
    // checking results
    for (int i = 0; i < N; ++i) {
      // Identify which task was problematic
      h_array[i] |= HOST_TASK3_BIT;
      sum += (h_array[i] & ALL_TASKS_BITS); // AND with 0b111 should produce sum
    }
  }
#pragma omp taskwait

  // Garbage collection
#pragma omp target exit data map(delete: h_array[0:N], in_1[0:N], in_2[0:N])

  // We verify all the tasks without a task
  int h_task1 = 0;
  int h_task2 = 0;
  int h_task3 = 0;
  int d_task1 = 0;
  for (int i = 0; i < N; ++i) {
    h_task1 |= !(h_array[i] & HOST_TASK1_BIT);
    h_task2 |= !(h_array[i] & HOST_TASK2_BIT);
    h_task3 |= !(h_array[i] & HOST_TASK3_BIT);
    d_task1 |= !(h_array[i] & DEVICE_TASK1_BIT);
  }
  OMPVV_ERROR_IF(h_task1 != 0, ""Error in host task 1"");
  OMPVV_ERROR_IF(h_task2 != 0, ""Error in host task 2"");
  OMPVV_ERROR_IF(h_task3 != 0, ""Error in host task 3"");
  OMPVV_ERROR_IF(d_task1 != 0, ""Error in device task 1"");

  OMPVV_TEST_AND_SET(errors, (N * ALL_TASKS_BITS != sum));
  OMPVV_INFOMSG(""Test test_async_between_task_target ran on the %s"", (isHost ? ""host"" : ""device""));

  free(h_array);
  free(in_1);
  free(in_2);

  return errors;
}

/*
 * Test if it is possible to:
 * 3. use nowait for async
 */
int test_async_between_host_and_device() {
  OMPVV_INFOMSG(""test_async_between_host_and_device"");

  int errors = 0;
  bool isHost = true;
  int sum = 0.0;
  int* h_array = (int *) malloc(N * sizeof(int));
  int* in_1 = (int *) malloc(N * sizeof(int));
  int* in_2 = (int *) malloc(N * sizeof(int));


// We allocate the arrays in the device
#pragma omp target enter data map(alloc: h_array[0:N], in_1[0:N], in_2[0:N]) depend(out: h_array, in_1, in_2)

  // host task 1
#pragma omp task depend(out: in_1) shared(in_1)
  {
    for (int i = 0; i < N; ++i) {
      in_1[i] = HOST_TASK1_BIT; // 0b01
    }
  }

  // host task 2
#pragma omp task depend(out: in_2) shared(in_2)
  {
    for (int i = 0; i < N; ++i) {
      in_2[i] = HOST_TASK2_BIT; // 0b10
    }
  }

 // Testing the update to
#pragma omp target update depend(inout: in_1, in_2) to(in_1[0:N], in_2[0:N])


  // Device task waiting for update
#pragma omp target depend(inout: h_array) depend(in: in_1) depend(in: in_2) \
    map(tofrom: isHost) map(alloc: in_1[0:N]) map(alloc: in_2[0:N]) map(alloc: h_array[0:N])
  {
    isHost = omp_is_initial_device();
    for (int i = 0; i < N; ++i) {
      h_array[i] = DEVICE_TASK1_BIT | in_1[i] | in_2[i]; // Expected = 0b111
    }
  }

 // Testing the update from
#pragma omp target update depend(inout: h_array) from(h_array[0:N])

  // host task 3
#pragma omp task depend(in: h_array) shared(sum, h_array)
  {
    // checking results
    for (int i = 0; i < N; ++i) {
      // Identify which task was problematic
      h_array[i] |= HOST_TASK3_BIT;
      sum += (h_array[i] & ALL_TASKS_BITS); // AND with 0b111 should produce sum
    }
  }
#pragma omp taskwait

  // Garbage collection
#pragma omp target exit data map(delete: h_array[0:N], in_1[0:N], in_2[0:N])

  // We verify all the tasks without a task
  int h_task1 = 0;
  int h_task2 = 0;
  int h_task3 = 0;
  int d_task1 = 0;
  for (int i = 0; i < N; ++i) {
    h_task1 |= !(h_array[i] & HOST_TASK1_BIT);
    h_task2 |= !(h_array[i] & HOST_TASK2_BIT);
    h_task3 |= !(h_array[i] & HOST_TASK3_BIT);
    d_task1 |= !(h_array[i] & DEVICE_TASK1_BIT);
  }
  OMPVV_ERROR_IF(h_task1 != 0, ""Error in host task 1"");
  OMPVV_ERROR_IF(h_task2 != 0, ""Error in host task 2"");
  OMPVV_ERROR_IF(h_task3 != 0, ""Error in host task 3"");
  OMPVV_ERROR_IF(d_task1 != 0, ""Error in device task 1"");

  OMPVV_TEST_AND_SET(errors, (N * ALL_TASKS_BITS != sum));
  OMPVV_INFOMSG(""Test test_async_between_task_target ran on the %s"", (isHost ? ""host"" : ""device""));

  free(h_array);
  free(in_1);
  free(in_2);

  return errors;
}

int main(){
  OMPVV_TEST_OFFLOADING;
  int errors = 0;

  OMPVV_TEST_AND_SET(errors, test_async_between_hosts_tasks());
  OMPVV_TEST_AND_SET(errors, test_async_between_host_and_device());

  OMPVV_REPORT_AND_RETURN(errors);
}
",openmp_gpu_batch_11_optionA_full_multivariant.csv,False,failed,True,passed,,NEEDS_REVIEW,target_mapping,general_code,tests/4.5/target_update,4.5,needs_review,False,needs_review
tests/5.2/target_enter_data/test_target_enter_data_map.c,target_enter_data,loop_body,D_70_TO_69,high,D[i] = 70;,D[i] = 69;,oracle checks D[i] == 70 after target exit data,target writes D as 69 instead of 70,51,test_target_enter_data_map_D_70_TO_69.c,"//===--- test_target_enter_data_map.c -----------------------------------===//
//
// OpenMP API Version 5.2 May 2022
//
// This is a test of the target enter data map construct with global arrays.
// The 'to' map-type-modifier is not specified on the map clause.
// The 'from' map-type-modifier is not specified on the map clause.
// Specification update 5.1 -> 5.2 target enter data has a default map type
// that perfroms the same behavior as 'to' or 'from' map types
//
//===--------------------------------------------------------------------===//

#include ""ompvv.h""
#include <stdio.h>
#include <stdlib.h>
#include <omp.h>

// Test for OpenMP 5.2 target enter data with global arrays.

int main (){

  int N=10;
  int A[10]={10,10,10,10,10,10,10,10,10,10};
  int B[10];
  int D[10];
  int i = 0;
  int errors = 0;

  for (i = 0; i < N; i++) {
    B[i] = 50;
    D[i] = 0;
  }



  OMPVV_TEST_OFFLOADING;

  #pragma omp target enter data map(A[:N], B[:N], D[:N])
  //should default to map to
  #pragma omp target map(tofrom: errors)
  {
    for (i = 0; i < N; i++){
      if(B[i] != 50){errors++;}
      if(A[i] != 10){errors++;}
      if(D[i] != 00){errors++;}

    }


    for (i = 0; i < N; i++) {
      D[i] = 70;
      B[i] = 120;
      A[i] = 1000;
    }
  }

  for (i = 0; i < N; i++){
    OMPVV_TEST_AND_SET_VERBOSE(errors, B[i] == 120)
    OMPVV_TEST_AND_SET_VERBOSE(errors, A[i] == 1000)
    OMPVV_TEST_AND_SET_VERBOSE(errors, D[i] == 70)
  }




  #pragma omp target exit data map(B[:N], A[:N],D[:N])
  //should default to map from
  for (i = 0; i < N; i++){
    OMPVV_TEST_AND_SET_VERBOSE(errors, B[i] != 120)
    OMPVV_TEST_AND_SET_VERBOSE(errors, A[i] != 1000)
    OMPVV_TEST_AND_SET_VERBOSE(errors, D[i] != 70)
  }

  OMPVV_REPORT_AND_RETURN(errors);
}
","//===--- test_target_enter_data_map.c -----------------------------------===//
//
// OpenMP API Version 5.2 May 2022
//
// This is a test of the target enter data map construct with global arrays.
// The 'to' map-type-modifier is not specified on the map clause.
// The 'from' map-type-modifier is not specified on the map clause.
// Specification update 5.1 -> 5.2 target enter data has a default map type
// that perfroms the same behavior as 'to' or 'from' map types
//
//===--------------------------------------------------------------------===//

#include ""ompvv.h""
#include <stdio.h>
#include <stdlib.h>
#include <omp.h>

// Test for OpenMP 5.2 target enter data with global arrays.

int main (){

  int N=10;
  int A[10]={10,10,10,10,10,10,10,10,10,10};
  int B[10];
  int D[10];
  int i = 0;
  int errors = 0;

  for (i = 0; i < N; i++) {
    B[i] = 50;
    D[i] = 0;
  }



  OMPVV_TEST_OFFLOADING;

  #pragma omp target enter data map(A[:N], B[:N], D[:N])
  //should default to map to
  #pragma omp target map(tofrom: errors)
  {
    for (i = 0; i < N; i++){
      if(B[i] != 50){errors++;}
      if(A[i] != 10){errors++;}
      if(D[i] != 00){errors++;}

    }


    for (i = 0; i < N; i++) {
      D[i] = 69;
      B[i] = 120;
      A[i] = 1000;
    }
  }

  for (i = 0; i < N; i++){
    OMPVV_TEST_AND_SET_VERBOSE(errors, B[i] == 120)
    OMPVV_TEST_AND_SET_VERBOSE(errors, A[i] == 1000)
    OMPVV_TEST_AND_SET_VERBOSE(errors, D[i] == 70)
  }




  #pragma omp target exit data map(B[:N], A[:N],D[:N])
  //should default to map from
  for (i = 0; i < N; i++){
    OMPVV_TEST_AND_SET_VERBOSE(errors, B[i] != 120)
    OMPVV_TEST_AND_SET_VERBOSE(errors, A[i] != 1000)
    OMPVV_TEST_AND_SET_VERBOSE(errors, D[i] != 70)
  }

  OMPVV_REPORT_AND_RETURN(errors);
}
",openmp_gpu_batch_28_optionA_full_multivariant.csv,False,failed,True,passed,,NEEDS_REVIEW,target_mapping,general_code,tests/5.2/target_enter_data,5.2,needs_review,False,needs_review
tests/4.5/target_enter_exit_data/test_target_enter_exit_data_if.c,target_enter_exit_data,condition,ENTER_EXIT_IF_GT_TO_LT,high,#pragma omp target enter data if(size > SIZE_THRESHOLD) map(to: size) map(to: c[0:size]),#pragma omp target enter data if(size < SIZE_THRESHOLD) map(to: size) map(to: c[0:size]),device case expects c[i] == i+1 and host case expects c[i] == 0,conditional enter-data mapping occurs for wrong size regime,52,test_target_enter_exit_data_if_ENTER_CONDITION_GT_TO_LT.c,"//===---- test_target_enter_exit_data_if.c --------------------------------===//
//
// OpenMP API Version 4.5 Nov 2015
//
// The if clause determines if the section should be executed in the host or
// the device. There are three things to test here:
// (a) with offloading when 'if' clause evaluates to true then code
// be executed on the device
// (b) with offloading when 'if' clause evaluates to false then code should
// be executed on the host
// (c) without offloading all the code should be executed on the device
// The if clause is evaluated on runtime which means that variables could
// determine this behavior. We use a SIZE_THRESHOLD variable to check if we
// should execute on the device or the host. Before starting the test we
// sample offloading to see if it was enabled or not. If the code is executed
// in the device, the result should be c[i] = a[i] + b[i] = i + 1.
// If the code is executed on the host the result should be c[i] = -1
//
//===----------------------------------------------------------------------===//

#include <omp.h>
#include <stdio.h>
#include ""ompvv.h""

#define SIZE_THRESHOLD 512

int main() {
  int a[1024];
  int b[1024];
  int c[1024];
  int size, i = 0, errors[2] = {0,0}, isOffloading = 0;

  // a and b array initialization
  for (i = 0; i < 1024; i++) {
    a[i] = 1;
    b[i] = i;
  }

  // We test for offloading
  OMPVV_TEST_AND_SET_OFFLOADING(isOffloading);

  OMPVV_WARNING_IF(!isOffloading, ""It is not possible to test conditional data transfers ""
                 ""if the environment is shared or offloading is off. Not testing ""
                 ""anything"");

  // check multiple sizes.
  for (size = 256; size <= 1024; size += 256) {
    // C initialization
    for (i = 0; i < size; i++) {
      c[i] = -1;
    }
#pragma omp target enter data if(size > SIZE_THRESHOLD) map(to: size) map(to: c[0:size])

#pragma omp target if(size > SIZE_THRESHOLD)  \
        map(to: a[0:size], b[0:size]) map(to: c[0:size]) //Mapping c again will not be required in OpenMP 4.5.
                                                                             // Refer to https://gcc.gnu.org/bugzilla/show_bug.cgi?id=83295
{
        int isHost = -1;
        isHost = omp_is_initial_device();
        int alpha = (isHost ? 0 : 1);
        int j = 0;
        for (j = 0; j < size; j++) {
          // c[j] is zero if executed in the host
          // c[j] is 1+j if executed on the device
          c[j] = alpha*(a[j] + b[j]);
        }
} // end target
#pragma omp target exit data if(size > SIZE_THRESHOLD) map(from: c[0:size])

    // checking results
    for (i = 0; i < size; i++) {
      if (isOffloading && size > SIZE_THRESHOLD) {
        // Should have executed on the device
        // if offloading was used
        if (c[i] != i + 1) {
          // c[i] is zero if it was executed in the host
          errors[0] += 1;//error when executed on the device
        }
      } else {
        // Should have executed in the host
        // with or without offloading
        if (c[i] != 0) {
          errors[1] += 1;
        }
      } //end-else
    }
  } // end-for size

  if (!errors[0] && !errors[1]) {
    OMPVV_INFOMSG(""Test passed with offloading %s"", (isOffloading ? ""enabled"" : ""disabled""));
  } else if (errors[0]==0 && errors[1]!=0) {
      OMPVV_ERROR(""Test failed on host with offloading %s."", (isOffloading ? ""enabled"" : ""disabled""));
    } else if (errors[0]!=0 && errors[1]==0) {
        OMPVV_ERROR(""Test failed on device with offloading %s."", (isOffloading ? ""enabled"" : ""disabled""));
      } else if (errors[0]!=0 && errors[1]!=0) {
              OMPVV_ERROR(""Test failed on host and device with offloading %s."", (isOffloading ? ""enabled"" : ""disabled""));
        }

   OMPVV_REPORT_AND_RETURN((errors[0] && errors[1]));
}
","//===---- test_target_enter_exit_data_if.c --------------------------------===//
//
// OpenMP API Version 4.5 Nov 2015
//
// The if clause determines if the section should be executed in the host or
// the device. There are three things to test here:
// (a) with offloading when 'if' clause evaluates to true then code
// be executed on the device
// (b) with offloading when 'if' clause evaluates to false then code should
// be executed on the host
// (c) without offloading all the code should be executed on the device
// The if clause is evaluated on runtime which means that variables could
// determine this behavior. We use a SIZE_THRESHOLD variable to check if we
// should execute on the device or the host. Before starting the test we
// sample offloading to see if it was enabled or not. If the code is executed
// in the device, the result should be c[i] = a[i] + b[i] = i + 1.
// If the code is executed on the host the result should be c[i] = -1
//
//===----------------------------------------------------------------------===//

#include <omp.h>
#include <stdio.h>
#include ""ompvv.h""

#define SIZE_THRESHOLD 512

int main() {
  int a[1024];
  int b[1024];
  int c[1024];
  int size, i = 0, errors[2] = {0,0}, isOffloading = 0;

  // a and b array initialization
  for (i = 0; i < 1024; i++) {
    a[i] = 1;
    b[i] = i;
  }

  // We test for offloading
  OMPVV_TEST_AND_SET_OFFLOADING(isOffloading);

  OMPVV_WARNING_IF(!isOffloading, ""It is not possible to test conditional data transfers ""
                 ""if the environment is shared or offloading is off. Not testing ""
                 ""anything"");

  // check multiple sizes.
  for (size = 256; size <= 1024; size += 256) {
    // C initialization
    for (i = 0; i < size; i++) {
      c[i] = -1;
    }
#pragma omp target enter data if(size < SIZE_THRESHOLD) map(to: size) map(to: c[0:size])

#pragma omp target if(size > SIZE_THRESHOLD)  \
        map(to: a[0:size], b[0:size]) map(to: c[0:size]) //Mapping c again will not be required in OpenMP 4.5.
                                                                             // Refer to https://gcc.gnu.org/bugzilla/show_bug.cgi?id=83295
{
        int isHost = -1;
        isHost = omp_is_initial_device();
        int alpha = (isHost ? 0 : 1);
        int j = 0;
        for (j = 0; j < size; j++) {
          // c[j] is zero if executed in the host
          // c[j] is 1+j if executed on the device
          c[j] = alpha*(a[j] + b[j]);
        }
} // end target
#pragma omp target exit data if(size > SIZE_THRESHOLD) map(from: c[0:size])

    // checking results
    for (i = 0; i < size; i++) {
      if (isOffloading && size > SIZE_THRESHOLD) {
        // Should have executed on the device
        // if offloading was used
        if (c[i] != i + 1) {
          // c[i] is zero if it was executed in the host
          errors[0] += 1;//error when executed on the device
        }
      } else {
        // Should have executed in the host
        // with or without offloading
        if (c[i] != 0) {
          errors[1] += 1;
        }
      } //end-else
    }
  } // end-for size

  if (!errors[0] && !errors[1]) {
    OMPVV_INFOMSG(""Test passed with offloading %s"", (isOffloading ? ""enabled"" : ""disabled""));
  } else if (errors[0]==0 && errors[1]!=0) {
      OMPVV_ERROR(""Test failed on host with offloading %s."", (isOffloading ? ""enabled"" : ""disabled""));
    } else if (errors[0]!=0 && errors[1]==0) {
        OMPVV_ERROR(""Test failed on device with offloading %s."", (isOffloading ? ""enabled"" : ""disabled""));
      } else if (errors[0]!=0 && errors[1]!=0) {
              OMPVV_ERROR(""Test failed on host and device with offloading %s."", (isOffloading ? ""enabled"" : ""disabled""));
        }

   OMPVV_REPORT_AND_RETURN((errors[0] && errors[1]));
}
",openmp_gpu_batch_3_optionA_full_multivariant.csv,False,failed,True,passed,,NEEDS_REVIEW,target_mapping,mapping,tests/4.5/target_enter_exit_data,4.5,needs_review,False,needs_review
tests/5.0/loop/test_loop_reduction_max_device.c,loop,loop_body,FMAX_TO_FMIN,high,"result = fmax(a[x] + b[x], result);","result = fmin(a[x] + b[x], result);",result == host_max,loop reduction update expression uses the wrong operator,38,test_loop_reduction_max_device_FMAX_TO_FMIN.c,"//===--- test_loop_reduction_max_device.c -----------------------------------===//
//
// OpenMP API Version 5.0 Nov 2018
//
// This test uses the reduction clause on a loop directive, testing that the
// variable in the reduction clause is properly reduced using the max
// operator. This test checks the above in a target context.
//
////===----------------------------------------------------------------------===//

#include <omp.h>
#include <stdio.h>
#include <stdlib.h>
#include ""ompvv.h""
#include <math.h>

#define N 1024

int test_max() {
  int a[N];
  int b[N];
  int errors = 0;
  int num_threads[N];
  srand(1);

  for (int x = 0; x < N; ++x) {
    a[x] = (int) rand() / (double)(RAND_MAX / 100);
    b[x] = (int) rand() / (double)(RAND_MAX / 100);
    num_threads[x] = -x;
  }

  int result = 0;

#pragma omp target parallel num_threads(OMPVV_NUM_THREADS_DEVICE) map(tofrom: result, a, b, num_threads)
  {
#pragma omp loop reduction(max:result)
    for (int x = 0; x < N; ++x) {
      result = fmax(a[x] + b[x], result);
    }
#pragma omp for
    for (int x = 0; x < N; ++x) {
      num_threads[x] = omp_get_num_threads();
    }
  }

  int host_max = 0;

  for (int x = 0; x < N; ++x) {
    host_max = fmax(host_max, a[x] + b[x]);
  }

  for (int x = 1; x < N; ++x) {
    OMPVV_WARNING_IF(num_threads[x - 1] != num_threads[x], ""Test reported differing numbers of threads.  Validity of testing of reduction clause cannot be guaranteed."");
  }
  OMPVV_WARNING_IF(num_threads[0] == 1, ""Test operated with one thread.  Reduction clause cannot be tested."");
  OMPVV_WARNING_IF(num_threads[0] <= 0, ""Test reported invalid number of threads.  Validity of testing of reduction clause cannot be guaranteed."");

  OMPVV_TEST_AND_SET_VERBOSE(errors, result != host_max);
  OMPVV_ERROR_IF(host_max != result, ""Max from loop directive is %d but expected max is %d."", result, host_max);

  return errors;
}

int main() {
  OMPVV_TEST_OFFLOADING;

  int total_errors = 0;

  OMPVV_TEST_AND_SET_VERBOSE(total_errors, test_max() != 0);

  OMPVV_REPORT_AND_RETURN(total_errors);
}
","//===--- test_loop_reduction_max_device.c -----------------------------------===//
//
// OpenMP API Version 5.0 Nov 2018
//
// This test uses the reduction clause on a loop directive, testing that the
// variable in the reduction clause is properly reduced using the max
// operator. This test checks the above in a target context.
//
////===----------------------------------------------------------------------===//

#include <omp.h>
#include <stdio.h>
#include <stdlib.h>
#include ""ompvv.h""
#include <math.h>

#define N 1024

int test_max() {
  int a[N];
  int b[N];
  int errors = 0;
  int num_threads[N];
  srand(1);

  for (int x = 0; x < N; ++x) {
    a[x] = (int) rand() / (double)(RAND_MAX / 100);
    b[x] = (int) rand() / (double)(RAND_MAX / 100);
    num_threads[x] = -x;
  }

  int result = 0;

#pragma omp target parallel num_threads(OMPVV_NUM_THREADS_DEVICE) map(tofrom: result, a, b, num_threads)
  {
#pragma omp loop reduction(max:result)
    for (int x = 0; x < N; ++x) {
      result = fmin(a[x] + b[x], result);
    }
#pragma omp for
    for (int x = 0; x < N; ++x) {
      num_threads[x] = omp_get_num_threads();
    }
  }

  int host_max = 0;

  for (int x = 0; x < N; ++x) {
    host_max = fmax(host_max, a[x] + b[x]);
  }

  for (int x = 1; x < N; ++x) {
    OMPVV_WARNING_IF(num_threads[x - 1] != num_threads[x], ""Test reported differing numbers of threads.  Validity of testing of reduction clause cannot be guaranteed."");
  }
  OMPVV_WARNING_IF(num_threads[0] == 1, ""Test operated with one thread.  Reduction clause cannot be tested."");
  OMPVV_WARNING_IF(num_threads[0] <= 0, ""Test reported invalid number of threads.  Validity of testing of reduction clause cannot be guaranteed."");

  OMPVV_TEST_AND_SET_VERBOSE(errors, result != host_max);
  OMPVV_ERROR_IF(host_max != result, ""Max from loop directive is %d but expected max is %d."", result, host_max);

  return errors;
}

int main() {
  OMPVV_TEST_OFFLOADING;

  int total_errors = 0;

  OMPVV_TEST_AND_SET_VERBOSE(total_errors, test_max() != 0);

  OMPVV_REPORT_AND_RETURN(total_errors);
}
",openmp_gpu_batch_14_optionA_full_multivariant.csv,False,failed,True,passed,,NEEDS_REVIEW,loop,general_code,tests/5.0/loop,5.0,needs_review,False,needs_review
tests/5.0/loop/test_loop_reduction_min_device.c,loop,loop_body,FMIN_TO_FMAX,high,"result = fmin(result, a[x] + b[x]);","result = fmax(result, a[x] + b[x]);",result == host_min,loop reduction update expression uses the wrong operator,39,test_loop_reduction_min_device_FMIN_TO_FMAX.c,"//===--- test_loop_reduction_min_device.c -----------------------------------===//
//
// OpenMP API Version 5.0 Nov 2018
//
// This test uses the reduction clause on a loop directive, testing that the
// variable in the reduction clause is properly reduced using the min
// operator. This test checks the above in a target context.
//
////===----------------------------------------------------------------------===//


#include <omp.h>
#include <stdio.h>
#include <stdlib.h>
#include ""ompvv.h""
#include <math.h>

#define N 1024

int test_min() {
  int a[N];
  int b[N];
  int errors = 0;
  int num_threads[N];
  srand(1);

  for (int x = 0; x < N; ++x) {
    a[x] = (int) rand() / (double) (RAND_MAX / 100);
    b[x] = (int) rand() / (double) (RAND_MAX / 100);
    num_threads[x] = -x;
  }

  int result = a[0] + b[0];

#pragma omp target parallel num_threads(OMPVV_NUM_THREADS_DEVICE) map(tofrom: result, a, b, num_threads)
  {
#pragma omp loop reduction(min:result)
    for (int x = 0; x < N; ++x) {
      result = fmin(result, a[x] + b[x]);
    }
#pragma omp for
    for (int x = 0; x < N; ++x) {
      num_threads[x] = omp_get_num_threads();
    }
  }

  int host_min = a[0] + b[0];

  for (int x = 0; x < N; ++x) {
    host_min = fmin(host_min, a[x] + b[x]);
  }

  for (int x = 1; x < N; ++x) {
    OMPVV_WARNING_IF(num_threads[x - 1] != num_threads[x], ""Test reported differing numbers of threads.  Validity of testing of reduction clause cannot be guaranteed."");
  }
  OMPVV_WARNING_IF(num_threads[0] == 1, ""Test operated with one thread.  Reduction clause cannot be tested."");
  OMPVV_WARNING_IF(num_threads[0] <= 0, ""Test reported invalid number of threads.  Validity of testing of reduction clause cannot be guaranteed."");

  OMPVV_TEST_AND_SET_VERBOSE(errors, host_min != result);
  OMPVV_ERROR_IF(host_min != result, ""Min from loop directive is %d but expected min is %d."", result, host_min);

  return errors;
}

int main() {
  OMPVV_TEST_OFFLOADING;

  int total_errors = 0;

  OMPVV_TEST_AND_SET_VERBOSE(total_errors, test_min() != 0);

  OMPVV_REPORT_AND_RETURN(total_errors);
}
","//===--- test_loop_reduction_min_device.c -----------------------------------===//
//
// OpenMP API Version 5.0 Nov 2018
//
// This test uses the reduction clause on a loop directive, testing that the
// variable in the reduction clause is properly reduced using the min
// operator. This test checks the above in a target context.
//
////===----------------------------------------------------------------------===//


#include <omp.h>
#include <stdio.h>
#include <stdlib.h>
#include ""ompvv.h""
#include <math.h>

#define N 1024

int test_min() {
  int a[N];
  int b[N];
  int errors = 0;
  int num_threads[N];
  srand(1);

  for (int x = 0; x < N; ++x) {
    a[x] = (int) rand() / (double) (RAND_MAX / 100);
    b[x] = (int) rand() / (double) (RAND_MAX / 100);
    num_threads[x] = -x;
  }

  int result = a[0] + b[0];

#pragma omp target parallel num_threads(OMPVV_NUM_THREADS_DEVICE) map(tofrom: result, a, b, num_threads)
  {
#pragma omp loop reduction(min:result)
    for (int x = 0; x < N; ++x) {
      result = fmax(result, a[x] + b[x]);
    }
#pragma omp for
    for (int x = 0; x < N; ++x) {
      num_threads[x] = omp_get_num_threads();
    }
  }

  int host_min = a[0] + b[0];

  for (int x = 0; x < N; ++x) {
    host_min = fmin(host_min, a[x] + b[x]);
  }

  for (int x = 1; x < N; ++x) {
    OMPVV_WARNING_IF(num_threads[x - 1] != num_threads[x], ""Test reported differing numbers of threads.  Validity of testing of reduction clause cannot be guaranteed."");
  }
  OMPVV_WARNING_IF(num_threads[0] == 1, ""Test operated with one thread.  Reduction clause cannot be tested."");
  OMPVV_WARNING_IF(num_threads[0] <= 0, ""Test reported invalid number of threads.  Validity of testing of reduction clause cannot be guaranteed."");

  OMPVV_TEST_AND_SET_VERBOSE(errors, host_min != result);
  OMPVV_ERROR_IF(host_min != result, ""Min from loop directive is %d but expected min is %d."", result, host_min);

  return errors;
}

int main() {
  OMPVV_TEST_OFFLOADING;

  int total_errors = 0;

  OMPVV_TEST_AND_SET_VERBOSE(total_errors, test_min() != 0);

  OMPVV_REPORT_AND_RETURN(total_errors);
}
",openmp_gpu_batch_14_optionA_full_multivariant.csv,False,failed,True,passed,,NEEDS_REVIEW,loop,general_code,tests/5.0/loop,5.0,needs_review,False,needs_review
tests/5.0/target_teams_distribute_parallel_for/test_target_teams_distribute_parallel_for_collapse.c,target_teams_distribute_parallel_for,loop_body,FOUR_L_TO_THREE_L,high,a[i][j][k][l] += i+2*j+3*k+4*l;,a[i][j][k][l] += i+2*j+3*k+3*l;,oracle checks a[i][j][k][l] == 1 + i + 2*j + 3*k + 4*l,loop body uses 3*l instead of 4*l,39,test_target_teams_distribute_parallel_for_collapse_FOUR_L_TO_THREE_L.c,"//===---- test_target_teams_distribute_parallel_for_collapse.c - combined consutrct -===//
//
// OpenMP API Version 5.0 Nov 2018
//
// Testing loop collapse with multiple loops. Trying to mimic lsms kernel.
//
//===--------------------------------------------------------------------------------===//

#include <stdio.h>
#include <omp.h>
#include ""ompvv.h""

#define SIZE_N 10
#define SIZE_M 12

int test_target_teams_distribute_parallel_for_collapse() {
  OMPVV_INFOMSG(""test_target_teams_distribute_parallel_for_collapse"");

  int a[SIZE_N][SIZE_M][SIZE_N][SIZE_M];
  int errors = 0;
  int i,j,k,l;

  // a array initialization
  for (i = 0; i < SIZE_N; i++) {
    for (j = 0; j < SIZE_M; j++) {
      for (k = 0; k < SIZE_N; k++) {
        for (l = 0; l < SIZE_M; l++) {
          a[i][j][k][l] = 1;
        }
      }
    }
  }

#pragma omp target teams distribute parallel for collapse(4) map(tofrom: a) private(i,j,k,l)
  for (i = 0; i < SIZE_N; i++) {
    for (j = 0; j < SIZE_M; j++) {
      for (k = i; k < SIZE_N; k++) {
        for (l = 0; l < SIZE_M; l++) {
          a[i][j][k][l] += i+2*j+3*k+4*l;
        }
      }
    }
  }

  for (i = 0; i < SIZE_N; i++) {
    for (j = 0; j < SIZE_M; j++) {
      for (k = i; k < SIZE_N; k++) {
        for (l = 0; l < SIZE_M; l++) {
          int temp = 1+ i + 2*j + 3*k + 4*l;
          OMPVV_TEST_AND_SET(errors, a[i][j][k][l] != temp);
        }
      }
    }
  }

  return errors;
}

int main() {
  OMPVV_TEST_OFFLOADING;
  int errors = 0;

  OMPVV_TEST_AND_SET_VERBOSE(errors, test_target_teams_distribute_parallel_for_collapse());

  OMPVV_REPORT_AND_RETURN(errors);
}
","//===---- test_target_teams_distribute_parallel_for_collapse.c - combined consutrct -===//
//
// OpenMP API Version 5.0 Nov 2018
//
// Testing loop collapse with multiple loops. Trying to mimic lsms kernel.
//
//===--------------------------------------------------------------------------------===//

#include <stdio.h>
#include <omp.h>
#include ""ompvv.h""

#define SIZE_N 10
#define SIZE_M 12

int test_target_teams_distribute_parallel_for_collapse() {
  OMPVV_INFOMSG(""test_target_teams_distribute_parallel_for_collapse"");

  int a[SIZE_N][SIZE_M][SIZE_N][SIZE_M];
  int errors = 0;
  int i,j,k,l;

  // a array initialization
  for (i = 0; i < SIZE_N; i++) {
    for (j = 0; j < SIZE_M; j++) {
      for (k = 0; k < SIZE_N; k++) {
        for (l = 0; l < SIZE_M; l++) {
          a[i][j][k][l] = 1;
        }
      }
    }
  }

#pragma omp target teams distribute parallel for collapse(4) map(tofrom: a) private(i,j,k,l)
  for (i = 0; i < SIZE_N; i++) {
    for (j = 0; j < SIZE_M; j++) {
      for (k = i; k < SIZE_N; k++) {
        for (l = 0; l < SIZE_M; l++) {
          a[i][j][k][l] += i+2*j+3*k+3*l;
        }
      }
    }
  }

  for (i = 0; i < SIZE_N; i++) {
    for (j = 0; j < SIZE_M; j++) {
      for (k = i; k < SIZE_N; k++) {
        for (l = 0; l < SIZE_M; l++) {
          int temp = 1+ i + 2*j + 3*k + 4*l;
          OMPVV_TEST_AND_SET(errors, a[i][j][k][l] != temp);
        }
      }
    }
  }

  return errors;
}

int main() {
  OMPVV_TEST_OFFLOADING;
  int errors = 0;

  OMPVV_TEST_AND_SET_VERBOSE(errors, test_target_teams_distribute_parallel_for_collapse());

  OMPVV_REPORT_AND_RETURN(errors);
}
",openmp_gpu_batch_18_optionA_full_multivariant.csv,False,failed,True,passed,,NEEDS_REVIEW,target_mapping,general_code,tests/5.0/target_teams_distribute_parallel_for,5.0,needs_review,False,needs_review
tests/5.0/program_control/test_omp_get_device_num.c,program_control,runtime_api,GET_DEVICE_NUM_TO_INITIAL_DEVICE,high,target_device_num = omp_get_device_num();,target_device_num = omp_get_initial_device();,device-clause loop checks target_device_num == i,runtime query records initial device instead of current target device,59,test_omp_get_device_num_GET_DEVICE_NUM_TO_INITIAL_DEVICE.c,"//===--- test_omp_get_device_num.c -------------------------------------------===//
//
// OpenMP API Version 5.0 Nov 2018
//
// Test of omp_get_device_num() on both the host device and offloading
// device. When called on host device, omp_get_device_num() will return the
// same value as omp_get_initial_device().
//
////===-----------------------------------------------------------------------===//

#include <omp.h>
#include <stdio.h>
#include <stdlib.h>
#include ""ompvv.h""

#define N 1028

int errors;
int original_device_num;
int target_device_num;
int a[N];
int b[N];
int c[N];


int test_omp_get_dev_num(void) {

   original_device_num = omp_get_device_num();

   OMPVV_ERROR_IF(original_device_num != omp_get_initial_device(), ""omp_get_device_num() does not equal omp_get_initial_device()"");

   OMPVV_TEST_AND_SET_VERBOSE(errors, original_device_num != omp_get_initial_device());

   for (int i = 0; i < N; i++) {
      a[i] = 0;
      b[i] = 5;
      c[i] = i;
   }

   #pragma omp target map(from: target_device_num) map(to: b, c) map(tofrom: a)
   {
      target_device_num = omp_get_device_num();
      for (int i = 0; i < N; i++) {
         a[i] = b[i] + c[i];
      }
   }

   OMPVV_WARNING_IF(target_device_num == original_device_num, ""omp_get_device_num() returned the same device number as host, cannot guarantee that target region properly offloaded to device"");

   for (int i = 0; i < N; i++) {
      OMPVV_TEST_AND_SET_VERBOSE(errors, a[i] != i + 5);
   }

   target_device_num = 99;

   for (int i = 0; i <= omp_get_num_devices(); i++) {
     #pragma omp target map(from: target_device_num) device(i)
     {
       target_device_num = omp_get_device_num();
     }

     OMPVV_TEST_AND_SET_VERBOSE(errors, target_device_num != i);
   }

   return errors;
}

int main () {

   errors = 0;

   OMPVV_TEST_OFFLOADING;

   OMPVV_TEST_AND_SET_VERBOSE(errors, test_omp_get_dev_num());

   OMPVV_REPORT_AND_RETURN(errors);
}
","//===--- test_omp_get_device_num.c -------------------------------------------===//
//
// OpenMP API Version 5.0 Nov 2018
//
// Test of omp_get_device_num() on both the host device and offloading
// device. When called on host device, omp_get_device_num() will return the
// same value as omp_get_initial_device().
//
////===-----------------------------------------------------------------------===//

#include <omp.h>
#include <stdio.h>
#include <stdlib.h>
#include ""ompvv.h""

#define N 1028

int errors;
int original_device_num;
int target_device_num;
int a[N];
int b[N];
int c[N];


int test_omp_get_dev_num(void) {

   original_device_num = omp_get_device_num();

   OMPVV_ERROR_IF(original_device_num != omp_get_initial_device(), ""omp_get_device_num() does not equal omp_get_initial_device()"");

   OMPVV_TEST_AND_SET_VERBOSE(errors, original_device_num != omp_get_initial_device());

   for (int i = 0; i < N; i++) {
      a[i] = 0;
      b[i] = 5;
      c[i] = i;
   }

   #pragma omp target map(from: target_device_num) map(to: b, c) map(tofrom: a)
   {
      target_device_num = omp_get_device_num();
      for (int i = 0; i < N; i++) {
         a[i] = b[i] + c[i];
      }
   }

   OMPVV_WARNING_IF(target_device_num == original_device_num, ""omp_get_device_num() returned the same device number as host, cannot guarantee that target region properly offloaded to device"");

   for (int i = 0; i < N; i++) {
      OMPVV_TEST_AND_SET_VERBOSE(errors, a[i] != i + 5);
   }

   target_device_num = 99;

   for (int i = 0; i <= omp_get_num_devices(); i++) {
     #pragma omp target map(from: target_device_num) device(i)
     {
       target_device_num = omp_get_initial_device();
     }

     OMPVV_TEST_AND_SET_VERBOSE(errors, target_device_num != i);
   }

   return errors;
}

int main () {

   errors = 0;

   OMPVV_TEST_OFFLOADING;

   OMPVV_TEST_AND_SET_VERBOSE(errors, test_omp_get_dev_num());

   OMPVV_REPORT_AND_RETURN(errors);
}
",openmp_gpu_batch_15_optionA_full_multivariant.csv,False,failed,True,passed,,NEEDS_REVIEW,runtime_api,runtime_api,tests/5.0/program_control,5.0,needs_review,False,needs_review
tests/5.0/requires/test_requires_unified_shared_memory_stack_is_device_ptr.c,requires,loop_body,HOST_PLUS10_TO_PLUS9,high,aPtr[i] += 10;,aPtr[i] += 9;,oracle checks anArray[i] == i + 20,one of the shared-memory updates adds 9 instead of 10,43,test_requires_unified_shared_memory_stack_is_device_ptr_HOST_PLUS10_TO_PLUS9.c,"//===---test_requires_unified_shared_memory_stack_is_device_ptr.c ------------===//
//
// OpenMP API Version 5.0 Nov 2018
//
// Testing memory access from host and device to a variable allocated in the stack
// The variable is accessed through a pointer to guarantee that there is no default
// mapping tofrom: of the stack array
//
// We use the is_device_ptr to guarantee using the host pointer is used in the device
//
////===----------------------------------------------------------------------===//
#include <omp.h>
#include <stdio.h>
#include <stdlib.h>
#include ""ompvv.h""

#define N 1024

#pragma omp requires unified_shared_memory

int unified_shared_memory_stack_is_device_ptr() {
  OMPVV_INFOMSG(""Unified shared memory testing - Array on stack"");
  int errors = 0;

  int anArray[N];
  int anArrayCopy[N];
  int * aPtr = anArray;

  for (int i = 0; i < N; i++) {
    anArray[i] = i;
    anArrayCopy[i] = 0;
  }

  // Test for writes to this variable from device
#pragma omp target is_device_ptr(aPtr)
  {
    for (int i = 0; i < N; i++) {
      aPtr[i] += 10;
    }
  }
  // Modify again on the host
  for (int i = 0; i < N; i++) {
    aPtr[i] += 10;
  }

  // Test for reads to this variable from device
#pragma omp target is_device_ptr(aPtr)
  {
    for (int i = 0; i < N; i++) {
      anArrayCopy[i] = aPtr[i];
    }
  }
  for (int i = 0; i < N; i++) {
    OMPVV_TEST_AND_SET_VERBOSE(errors, anArray[i] != i + 20);
    OMPVV_TEST_AND_SET_VERBOSE(errors, anArrayCopy[i] != i + 20);
    if (errors) break;
  }
  return errors;
}

int main() {
  int isOffloading;
  OMPVV_TEST_AND_SET_OFFLOADING(isOffloading);
  OMPVV_WARNING_IF(!isOffloading, ""With no offloading, unified shared memory is guaranteed due to host execution"");
  int errors = 0;
  OMPVV_TEST_AND_SET_VERBOSE(errors, unified_shared_memory_stack_is_device_ptr());

  OMPVV_REPORT_AND_RETURN(errors);
}
","//===---test_requires_unified_shared_memory_stack_is_device_ptr.c ------------===//
//
// OpenMP API Version 5.0 Nov 2018
//
// Testing memory access from host and device to a variable allocated in the stack
// The variable is accessed through a pointer to guarantee that there is no default
// mapping tofrom: of the stack array
//
// We use the is_device_ptr to guarantee using the host pointer is used in the device
//
////===----------------------------------------------------------------------===//
#include <omp.h>
#include <stdio.h>
#include <stdlib.h>
#include ""ompvv.h""

#define N 1024

#pragma omp requires unified_shared_memory

int unified_shared_memory_stack_is_device_ptr() {
  OMPVV_INFOMSG(""Unified shared memory testing - Array on stack"");
  int errors = 0;

  int anArray[N];
  int anArrayCopy[N];
  int * aPtr = anArray;

  for (int i = 0; i < N; i++) {
    anArray[i] = i;
    anArrayCopy[i] = 0;
  }

  // Test for writes to this variable from device
#pragma omp target is_device_ptr(aPtr)
  {
    for (int i = 0; i < N; i++) {
      aPtr[i] += 10;
    }
  }
  // Modify again on the host
  for (int i = 0; i < N; i++) {
    aPtr[i] += 9;
  }

  // Test for reads to this variable from device
#pragma omp target is_device_ptr(aPtr)
  {
    for (int i = 0; i < N; i++) {
      anArrayCopy[i] = aPtr[i];
    }
  }
  for (int i = 0; i < N; i++) {
    OMPVV_TEST_AND_SET_VERBOSE(errors, anArray[i] != i + 20);
    OMPVV_TEST_AND_SET_VERBOSE(errors, anArrayCopy[i] != i + 20);
    if (errors) break;
  }
  return errors;
}

int main() {
  int isOffloading;
  OMPVV_TEST_AND_SET_OFFLOADING(isOffloading);
  OMPVV_WARNING_IF(!isOffloading, ""With no offloading, unified shared memory is guaranteed due to host execution"");
  int errors = 0;
  OMPVV_TEST_AND_SET_VERBOSE(errors, unified_shared_memory_stack_is_device_ptr());

  OMPVV_REPORT_AND_RETURN(errors);
}
",openmp_gpu_batch_16_optionA_full_multivariant.csv,False,failed,True,passed,,NEEDS_REVIEW,target_mapping,general_code,tests/5.0/requires,5.0,needs_review,False,needs_review
tests/5.1/target/test_target_memcpy_async_no_obj.c,target,loop_body,I2_TO_I3,high,mem_dev_cpy[i] = i*2; // initialize data on device,mem_dev_cpy[i] = i*3; // initialize data on device,oracle checks mem[i] == i*2,device kernel writes 3*i instead of 2*i,68,test_target_memcpy_async_no_obj_I2_TO_I3.c,"//===--- test_target_memcpy_async_no_obj.c --------------------------------===//
//
//  OpenMP API Version 5.1 Nov 2020
//
//  Inspired from OpenMP 5.1 Examples Doc, 5.16.4 & 8.9
//  This test utilizes the omp_target_memcpy_async construct to
//  allocate memory on the device asynchronously. The construct
//  uses 0 for 'depobj_count'; therefore, the generated target task
//  is not a dependent task, but the memory copy is still asynchronous.
//
////===--------------------------------------------------------------------===//

#include <omp.h>
#include <stdio.h>
#include <stdlib.h>
#include ""ompvv.h""
#include <math.h>

#define N 1024

int errors, i;

int test_target_memcpy_async_no_obj() {

    int h, t, i, err_r;
    errors = 0;
    double *mem;
    double *mem_dev_cpy;
    h = omp_get_initial_device();
    t = omp_get_default_device();

    OMPVV_TEST_AND_SET_VERBOSE(errors, omp_get_num_devices() < 1 || t < 0);

    //allocate space on host & target
    mem = (double *)malloc( sizeof(double)*N);
    mem_dev_cpy = (double *)omp_target_alloc( sizeof(double)*N, t);

    OMPVV_TEST_AND_SET_VERBOSE(errors, mem == NULL);
    if(mem == NULL) {
       return errors;
    }

    OMPVV_TEST_AND_SET_VERBOSE(errors, mem_dev_cpy == NULL);
    if(mem_dev_cpy == NULL) {
       return errors;
    }

    for(i = 0; i < N; i++){
        mem[i] = i;
    }

    /* copy to target */
    err_r = omp_target_memcpy_async(mem_dev_cpy, mem, sizeof(double)*N,
                                0,          0,
                                t,          h,
                                0,          NULL);
    if(err_r) {
       OMPVV_ERROR(""omp_target_memcpy_async returns not 0"");
       free(mem);
       omp_target_free(mem_dev_cpy, t);
       return errors;
    }

    #pragma omp taskwait
    #pragma omp target is_device_ptr(mem_dev_cpy) device(t)
    #pragma omp teams distribute parallel for
    for(i = 0; i < N; i++){
        mem_dev_cpy[i] = i*2; // initialize data on device
    }
    /* copy to host */
    omp_target_memcpy_async(mem, mem_dev_cpy, sizeof(double)*N,
                                0,          0,
                                h,          t,
                                0,          NULL);

    #pragma omp taskwait
    for(i = 0; i < N; i++){
        OMPVV_TEST_AND_SET(errors, mem[i]!=i*2);
    }
    // free resources
    free(mem);
    omp_target_free(mem_dev_cpy, t);
    return errors;
}

int main() {
   errors = 0;
   OMPVV_TEST_OFFLOADING;
   OMPVV_TEST_AND_SET_VERBOSE(errors, test_target_memcpy_async_no_obj() != 0);
   OMPVV_REPORT_AND_RETURN(errors);
}
","//===--- test_target_memcpy_async_no_obj.c --------------------------------===//
//
//  OpenMP API Version 5.1 Nov 2020
//
//  Inspired from OpenMP 5.1 Examples Doc, 5.16.4 & 8.9
//  This test utilizes the omp_target_memcpy_async construct to
//  allocate memory on the device asynchronously. The construct
//  uses 0 for 'depobj_count'; therefore, the generated target task
//  is not a dependent task, but the memory copy is still asynchronous.
//
////===--------------------------------------------------------------------===//

#include <omp.h>
#include <stdio.h>
#include <stdlib.h>
#include ""ompvv.h""
#include <math.h>

#define N 1024

int errors, i;

int test_target_memcpy_async_no_obj() {

    int h, t, i, err_r;
    errors = 0;
    double *mem;
    double *mem_dev_cpy;
    h = omp_get_initial_device();
    t = omp_get_default_device();

    OMPVV_TEST_AND_SET_VERBOSE(errors, omp_get_num_devices() < 1 || t < 0);

    //allocate space on host & target
    mem = (double *)malloc( sizeof(double)*N);
    mem_dev_cpy = (double *)omp_target_alloc( sizeof(double)*N, t);

    OMPVV_TEST_AND_SET_VERBOSE(errors, mem == NULL);
    if(mem == NULL) {
       return errors;
    }

    OMPVV_TEST_AND_SET_VERBOSE(errors, mem_dev_cpy == NULL);
    if(mem_dev_cpy == NULL) {
       return errors;
    }

    for(i = 0; i < N; i++){
        mem[i] = i;
    }

    /* copy to target */
    err_r = omp_target_memcpy_async(mem_dev_cpy, mem, sizeof(double)*N,
                                0,          0,
                                t,          h,
                                0,          NULL);
    if(err_r) {
       OMPVV_ERROR(""omp_target_memcpy_async returns not 0"");
       free(mem);
       omp_target_free(mem_dev_cpy, t);
       return errors;
    }

    #pragma omp taskwait
    #pragma omp target is_device_ptr(mem_dev_cpy) device(t)
    #pragma omp teams distribute parallel for
    for(i = 0; i < N; i++){
        mem_dev_cpy[i] = i*3; // initialize data on device
    }
    /* copy to host */
    omp_target_memcpy_async(mem, mem_dev_cpy, sizeof(double)*N,
                                0,          0,
                                h,          t,
                                0,          NULL);

    #pragma omp taskwait
    for(i = 0; i < N; i++){
        OMPVV_TEST_AND_SET(errors, mem[i]!=i*2);
    }
    // free resources
    free(mem);
    omp_target_free(mem_dev_cpy, t);
    return errors;
}

int main() {
   errors = 0;
   OMPVV_TEST_OFFLOADING;
   OMPVV_TEST_AND_SET_VERBOSE(errors, test_target_memcpy_async_no_obj() != 0);
   OMPVV_REPORT_AND_RETURN(errors);
}
",openmp_gpu_batch_27_optionA_full_multivariant.csv,False,failed,True,passed,,NEEDS_REVIEW,target_mapping,general_code,tests/5.1/target,5.1,needs_review,False,needs_review
tests/4.5/task/test_task_if.c,task,condition_semantics,IF0_TO_IF1_FIRST_TASK,high,#pragma omp task shared(A) if(0),#pragma omp task shared(A) if(1),A[i] == ((val + inc) * inc) for all i,"first task becomes deferred, breaking intended update order",28,test_task_if_FIRST_IF0_TO_IF1.c,"//===-- test_task_if.c ------------------------------------------------===//
//
// OpenMP API Version 4.5 Nov 2015
//
// Description
// testTaskWithIf():
// Create an undeferred task followed by a deferred task
// in a parallel code section. Ensure that the undeferred
// task is always executed before deferred task.
//===----------------------------------------------------------------------===//



#include <stdio.h>
#include <assert.h>
#include <stdlib.h>
#include <omp.h>
#include ""ompvv.h""

int testTaskWithIf(int num_threads, int val, int inc) {
  int errors = 0;
  int *A = (int*) (malloc(num_threads*sizeof(int)));
  omp_set_num_threads(num_threads);
#pragma omp parallel
  {
    int id = omp_get_thread_num();
    A[id] = val;
#pragma omp task shared(A) if(0)
    {
#pragma omp critical
      {
        A[id] += inc;
      }
    }
#pragma omp task shared(A) if(1)
    {
#pragma omp critical
      {
        A[id] *= inc;
      }
    }
  }
  int ret = 0;
  for (int i = 0; i < num_threads; i++) {
    if (A[i] != ((val + inc)*inc)) {
      ret = 1;
      break;
    }
  }
  free(A);
  OMPVV_TEST_AND_SET_VERBOSE(errors, ret != 0);
  return errors;
}

int main() {
  int errors = 0;
  OMPVV_TEST_AND_SET_VERBOSE(errors, testTaskWithIf(4, 5, 2));
  OMPVV_TEST_AND_SET_VERBOSE(errors, testTaskWithIf(8, 5, 2));
  OMPVV_TEST_AND_SET_VERBOSE(errors, testTaskWithIf(16, 5, 2));
  OMPVV_TEST_AND_SET_VERBOSE(errors, testTaskWithIf(32, 5, 2));
  OMPVV_TEST_AND_SET_VERBOSE(errors, testTaskWithIf(64, 5, 2));
  OMPVV_REPORT_AND_RETURN(errors);
}
","//===-- test_task_if.c ------------------------------------------------===//
//
// OpenMP API Version 4.5 Nov 2015
//
// Description
// testTaskWithIf():
// Create an undeferred task followed by a deferred task
// in a parallel code section. Ensure that the undeferred
// task is always executed before deferred task.
//===----------------------------------------------------------------------===//



#include <stdio.h>
#include <assert.h>
#include <stdlib.h>
#include <omp.h>
#include ""ompvv.h""

int testTaskWithIf(int num_threads, int val, int inc) {
  int errors = 0;
  int *A = (int*) (malloc(num_threads*sizeof(int)));
  omp_set_num_threads(num_threads);
#pragma omp parallel
  {
    int id = omp_get_thread_num();
    A[id] = val;
#pragma omp task shared(A) if(1)
    {
#pragma omp critical
      {
        A[id] += inc;
      }
    }
#pragma omp task shared(A) if(1)
    {
#pragma omp critical
      {
        A[id] *= inc;
      }
    }
  }
  int ret = 0;
  for (int i = 0; i < num_threads; i++) {
    if (A[i] != ((val + inc)*inc)) {
      ret = 1;
      break;
    }
  }
  free(A);
  OMPVV_TEST_AND_SET_VERBOSE(errors, ret != 0);
  return errors;
}

int main() {
  int errors = 0;
  OMPVV_TEST_AND_SET_VERBOSE(errors, testTaskWithIf(4, 5, 2));
  OMPVV_TEST_AND_SET_VERBOSE(errors, testTaskWithIf(8, 5, 2));
  OMPVV_TEST_AND_SET_VERBOSE(errors, testTaskWithIf(16, 5, 2));
  OMPVV_TEST_AND_SET_VERBOSE(errors, testTaskWithIf(32, 5, 2));
  OMPVV_TEST_AND_SET_VERBOSE(errors, testTaskWithIf(64, 5, 2));
  OMPVV_REPORT_AND_RETURN(errors);
}
",HPC_BUGFIX_V2_2.xlsx,False,failed,True,passed,,NEEDS_REVIEW,task,data_sharing,tests/4.5/task,4.5,needs_review,False,needs_review
tests/4.5/target_teams_distribute/test_target_teams_distribute_if.c,target_teams_distribute,condition,IF_GE_TO_GT,high,#pragma omp target teams distribute if(attempt >= ATTEMPT_THRESHOLD) map(tofrom: a),#pragma omp target teams distribute if(attempt > ATTEMPT_THRESHOLD) map(tofrom: a),checks a[i] == 1 + ATTEMPT_THRESHOLD,attempt equal to threshold executes in the wrong branch,45,test_target_teams_distribute_if_IF_GE_TO_GT.c,"//===--- test_target_teams_distribute_if.c-----------------------------------===//
//
// OpenMP API Version 4.5 Nov 2015
//
// This test uses the if clause to specify whether the target teams distribute
// directve should execute in the device or the hosts through the if clause of the
// taget directive. The test uses omp_is_initial_device through the different
// threads, assigning an expected value to a matrix according to 1) offloading is
// enabled and working, 2) the if clause evaluates to true and the code executes in
// the offloading device, and 3) the if clause evaluates to false and the code executes
// in the offloading devices.
//
// If not operating on a device, the test has a minimal test
// of the basic use of the if clause with both a true and a false parameter.
// However, the execution is identical to that of host operation in both cases.
//
////===----------------------------------------------------------------------===//

#include <omp.h>
#include <stdio.h>
#include <stdlib.h>
#include ""ompvv.h""

#define N 1024
#define ATTEMPT_THRESHOLD 70
#define NUM_ATTEMPTS 100

int test_target_teams_distribute_if() {
  OMPVV_INFOMSG(""test_target_teams_distribute_if"");

  int isOffloading = 0;
  OMPVV_TEST_AND_SET_OFFLOADING(isOffloading);
  OMPVV_WARNING_IF(!isOffloading, ""With offloading off, it is not possible to test if"");

  int a[N];
  int errors = 0;
  int attempt = 0;
  int i;

  for (int x = 0; x < N; ++x) {
    a[x] = 1;
  }

  for (attempt = 0; attempt < NUM_ATTEMPTS; ++attempt) {
#pragma omp target teams distribute if(attempt >= ATTEMPT_THRESHOLD) map(tofrom: a)
    for (i = 0; i < N; ++i) {
      if (attempt >= ATTEMPT_THRESHOLD) {
        a[i] += (isOffloading && omp_is_initial_device() ? 10 : 0); // false -> running on device or not offloading -> add 0
      } else {
        a[i] += (omp_is_initial_device() ? 1 : 100);                // true -> running on host -> add 1
      }
    }
  }

  for (i = 0; i < N; ++i) {
    OMPVV_TEST_AND_SET(errors, a[i] != (1 + ATTEMPT_THRESHOLD));
  }

  if (errors) {
    int sum = 0;
    for (i = 0; i < N; ++i) {
      sum += a[i];
    }
    if (sum == N*(100*ATTEMPT_THRESHOLD + 1)) {
      OMPVV_ERROR(""Error in if. The execution was expected to occur on the host, but it occurred on the device."");
    } else if (sum == N*(ATTEMPT_THRESHOLD + 10*(NUM_ATTEMPTS - ATTEMPT_THRESHOLD) + 1)) {
      OMPVV_ERROR(""Error in if. The execution was expected to occur on the device, but it occurred on the host."");
    } else {
      OMPVV_ERROR(""Error in if. The execution occurred inconsistently on the host or on the device."");
    }
  }

  return errors;
}

int main() {
  OMPVV_TEST_OFFLOADING;
  int errors = 0;

  OMPVV_TEST_AND_SET_VERBOSE(errors, test_target_teams_distribute_if());

  OMPVV_REPORT_AND_RETURN(errors);
}
","//===--- test_target_teams_distribute_if.c-----------------------------------===//
//
// OpenMP API Version 4.5 Nov 2015
//
// This test uses the if clause to specify whether the target teams distribute
// directve should execute in the device or the hosts through the if clause of the
// taget directive. The test uses omp_is_initial_device through the different
// threads, assigning an expected value to a matrix according to 1) offloading is
// enabled and working, 2) the if clause evaluates to true and the code executes in
// the offloading device, and 3) the if clause evaluates to false and the code executes
// in the offloading devices.
//
// If not operating on a device, the test has a minimal test
// of the basic use of the if clause with both a true and a false parameter.
// However, the execution is identical to that of host operation in both cases.
//
////===----------------------------------------------------------------------===//

#include <omp.h>
#include <stdio.h>
#include <stdlib.h>
#include ""ompvv.h""

#define N 1024
#define ATTEMPT_THRESHOLD 70
#define NUM_ATTEMPTS 100

int test_target_teams_distribute_if() {
  OMPVV_INFOMSG(""test_target_teams_distribute_if"");

  int isOffloading = 0;
  OMPVV_TEST_AND_SET_OFFLOADING(isOffloading);
  OMPVV_WARNING_IF(!isOffloading, ""With offloading off, it is not possible to test if"");

  int a[N];
  int errors = 0;
  int attempt = 0;
  int i;

  for (int x = 0; x < N; ++x) {
    a[x] = 1;
  }

  for (attempt = 0; attempt < NUM_ATTEMPTS; ++attempt) {
#pragma omp target teams distribute if(attempt > ATTEMPT_THRESHOLD) map(tofrom: a)
    for (i = 0; i < N; ++i) {
      if (attempt >= ATTEMPT_THRESHOLD) {
        a[i] += (isOffloading && omp_is_initial_device() ? 10 : 0); // false -> running on device or not offloading -> add 0
      } else {
        a[i] += (omp_is_initial_device() ? 1 : 100);                // true -> running on host -> add 1
      }
    }
  }

  for (i = 0; i < N; ++i) {
    OMPVV_TEST_AND_SET(errors, a[i] != (1 + ATTEMPT_THRESHOLD));
  }

  if (errors) {
    int sum = 0;
    for (i = 0; i < N; ++i) {
      sum += a[i];
    }
    if (sum == N*(100*ATTEMPT_THRESHOLD + 1)) {
      OMPVV_ERROR(""Error in if. The execution was expected to occur on the host, but it occurred on the device."");
    } else if (sum == N*(ATTEMPT_THRESHOLD + 10*(NUM_ATTEMPTS - ATTEMPT_THRESHOLD) + 1)) {
      OMPVV_ERROR(""Error in if. The execution was expected to occur on the device, but it occurred on the host."");
    } else {
      OMPVV_ERROR(""Error in if. The execution occurred inconsistently on the host or on the device."");
    }
  }

  return errors;
}

int main() {
  OMPVV_TEST_OFFLOADING;
  int errors = 0;

  OMPVV_TEST_AND_SET_VERBOSE(errors, test_target_teams_distribute_if());

  OMPVV_REPORT_AND_RETURN(errors);
}
",openmp_gpu_batch_8_optionA_full_multivariant.csv,False,failed,True,passed,,NEEDS_REVIEW,target_mapping,general_code,tests/4.5/target_teams_distribute,4.5,needs_review,False,needs_review
tests/4.5/target_teams_distribute_parallel_for/test_target_teams_distribute_parallel_for_if_no_modifier.c,target_teams_distribute_parallel_for,condition,IF_GE_TO_GT,high,#pragma omp target teams distribute parallel for if(attempt >= ATTEMPT_THRESHOLD)\,#pragma omp target teams distribute parallel for if(attempt > ATTEMPT_THRESHOLD)\,oracle expects increments for attempts >= threshold,attempt equal to threshold follows the wrong branch,102,test_target_teams_if_no_modifier_IF_GE_TO_GT.c,"//===---- test_target_teams_distribute_parallel_for_if_no_modifier.c --------===//
//
// OpenMP API Version 4.5 Nov 2015
//
// In this test we want to try to check if the if clause is working
// when used with the combined construct target teams distribute parallel for
// and no modifier is specified.
// To do this we check if offloading is working, if it is not, it won't be
// possible for us to tell if the test passed or not, since it depends on
// offloading capabilities.
//
// The if has a directive-name-modifier that specifies to which directive the
// if applies to (either both directives, to the target or to the parallel).
// we create three test, one for no directive, another one for the target directive
// and another one for the parallel directive
//
//===----------------------------------------------------------------------===//

#include <omp.h>
#include ""ompvv.h""
#include <stdio.h>

#define ATTEMPT_THRESHOLD 70
#define NUM_ATTEMPTS 100
#define N 1024

int checkPreconditions() {
  // We test if offloading is enable, and if
  // the number of threads is not 1. Having
  // the number of threads equal to 1 is legal, but
  // we won't be able to test if the 'if' clause is
  // affecting this or not

  // Testing for offloading
  int isOffloading = 0;
  int i;
  OMPVV_TEST_AND_SET_OFFLOADING(isOffloading);
  OMPVV_WARNING_IF(!isOffloading, ""With offloading off, it is not possible to test if on the parallel and not the target"");

  // Testing for number of threads
  int init_num_threads_dev[N], init_num_threads_host[N];
  // init_num_threads_dev and init_num_threads_host arrays initialization
  for (i = 0; i < N; i++) {
    init_num_threads_dev[i] = 0;
    init_num_threads_host[i] = 0;
  }

  // Get the init_num_threads for host and device. If it is 1, then we
  // cannot test the if parallel
  // See section 2.5.1 of the ref manual
#pragma omp target teams distribute parallel for num_threads(OMPVV_NUM_THREADS_DEVICE)
  for (i = 0; i < N; i++) {
    init_num_threads_dev[i] = omp_get_num_threads();
  }

#pragma omp parallel for num_threads(OMPVV_NUM_THREADS_DEVICE)
  for (i = 0; i < N; i++) {
    init_num_threads_host[i] = omp_get_num_threads();
  }

  // We check that not all the values are 1. This would make the test of if parallel
  // not possible.
  int raiseWarningDevice = 0, raiseWarningHost = 0;
  for (i = 0; i < N; i++) {
    if (init_num_threads_dev[i] > 1 ) {
      raiseWarningDevice +=  1;
    }
    if ( init_num_threads_host[i] > 1) {
      raiseWarningHost += 1;
    }
  }
  OMPVV_WARNING_IF(raiseWarningDevice == 0, ""Initial number of threads in device was 1. It is not possible to test the if for the parallel directive"");
  OMPVV_WARNING_IF(raiseWarningHost == 0, ""Initial number of threads in host was 1. It is not possible to test the if for the parallel directive"");

  return isOffloading;
}

int test_target_teams_distribute_if_no_modifier() {
  OMPVV_INFOMSG(""test_target_teams_distribute_if_no_modifier"");

  int isOffloading = checkPreconditions();

  int a[N];
  int warning[N] ; // num_threads = 1 is not technically an error
  int attempt = 0;
  int errors = 0;
  int i;

  for (i = 0; i < N; i++) {
    a[i] = 1;
    warning[i] = 0;
  }

  // We iterate NUM_ATTEMPTS times. When the iteration value is >= ATTEMPT_THRESHOLD the
  // execution of the target region should happen in the devie, and the number of threads
  // is expected to be greater than 1 (although if it is not, this is not an error, just warning)
  // If the iteration variable attempt  < ATTEMPT_THRESHOLD, the if condition evaluates to false,
  // and hence the execution should occur in the host with a number of threads equal to 1.
  // We check that when we are executing on the host, the value of the iteration variable is
  // greather than ATTEMPT_THRESHOLD, and we make sure the number of threads is 1.
  for (attempt = 0; attempt < NUM_ATTEMPTS; ++attempt) {
#pragma omp target teams distribute parallel for if(attempt >= ATTEMPT_THRESHOLD)\
    map(tofrom: a, warning) num_threads(OMPVV_NUM_THREADS_DEVICE)
    for (i = 0; i < N; i++) {
      if (omp_is_initial_device()) {
        // if(false): We should execute in the host
        // and the number of threads is expected
        // to be 1
        a[i] += (omp_get_num_threads() > 1) ? 10 : 0; // This +10 should not happena
        a[i] += (attempt >= ATTEMPT_THRESHOLD) ? 10 : 0; // This +10 should not happena
      } else {
        a[i] += 1;
        warning[i] += (omp_get_num_threads() == 1 ? 1 : 0); // We cannot say that this is an error but we can raise a warning
      }
    }
  }

  int raiseWarning = 0;

  for (i = 0; i < N; i++) {
    OMPVV_TEST_AND_SET(errors, a[i] != 1 + (NUM_ATTEMPTS - ATTEMPT_THRESHOLD));
    if (warning[i] != 0) {
      raiseWarning = 1;
    }
  }
  OMPVV_WARNING_IF(raiseWarning != 0, ""The number of threads was 1 even though we expected it to be more than 1. Not a compliance error in the specs"");

  OMPVV_ERROR_IF(errors, ""error in if(no-modifier). Possible causes are: the number of threads was greater than 1 for if(false), the test executed in the host for if(true), or the test executed in the device for if(false)"");

  return errors;
}

int main() {
  OMPVV_TEST_OFFLOADING;
  int errors = 0;

  OMPVV_TEST_AND_SET_VERBOSE(errors, test_target_teams_distribute_if_no_modifier());

  OMPVV_REPORT_AND_RETURN(errors);
}
","//===---- test_target_teams_distribute_parallel_for_if_no_modifier.c --------===//
//
// OpenMP API Version 4.5 Nov 2015
//
// In this test we want to try to check if the if clause is working
// when used with the combined construct target teams distribute parallel for
// and no modifier is specified.
// To do this we check if offloading is working, if it is not, it won't be
// possible for us to tell if the test passed or not, since it depends on
// offloading capabilities.
//
// The if has a directive-name-modifier that specifies to which directive the
// if applies to (either both directives, to the target or to the parallel).
// we create three test, one for no directive, another one for the target directive
// and another one for the parallel directive
//
//===----------------------------------------------------------------------===//

#include <omp.h>
#include ""ompvv.h""
#include <stdio.h>

#define ATTEMPT_THRESHOLD 70
#define NUM_ATTEMPTS 100
#define N 1024

int checkPreconditions() {
  // We test if offloading is enable, and if
  // the number of threads is not 1. Having
  // the number of threads equal to 1 is legal, but
  // we won't be able to test if the 'if' clause is
  // affecting this or not

  // Testing for offloading
  int isOffloading = 0;
  int i;
  OMPVV_TEST_AND_SET_OFFLOADING(isOffloading);
  OMPVV_WARNING_IF(!isOffloading, ""With offloading off, it is not possible to test if on the parallel and not the target"");

  // Testing for number of threads
  int init_num_threads_dev[N], init_num_threads_host[N];
  // init_num_threads_dev and init_num_threads_host arrays initialization
  for (i = 0; i < N; i++) {
    init_num_threads_dev[i] = 0;
    init_num_threads_host[i] = 0;
  }

  // Get the init_num_threads for host and device. If it is 1, then we
  // cannot test the if parallel
  // See section 2.5.1 of the ref manual
#pragma omp target teams distribute parallel for num_threads(OMPVV_NUM_THREADS_DEVICE)
  for (i = 0; i < N; i++) {
    init_num_threads_dev[i] = omp_get_num_threads();
  }

#pragma omp parallel for num_threads(OMPVV_NUM_THREADS_DEVICE)
  for (i = 0; i < N; i++) {
    init_num_threads_host[i] = omp_get_num_threads();
  }

  // We check that not all the values are 1. This would make the test of if parallel
  // not possible.
  int raiseWarningDevice = 0, raiseWarningHost = 0;
  for (i = 0; i < N; i++) {
    if (init_num_threads_dev[i] > 1 ) {
      raiseWarningDevice +=  1;
    }
    if ( init_num_threads_host[i] > 1) {
      raiseWarningHost += 1;
    }
  }
  OMPVV_WARNING_IF(raiseWarningDevice == 0, ""Initial number of threads in device was 1. It is not possible to test the if for the parallel directive"");
  OMPVV_WARNING_IF(raiseWarningHost == 0, ""Initial number of threads in host was 1. It is not possible to test the if for the parallel directive"");

  return isOffloading;
}

int test_target_teams_distribute_if_no_modifier() {
  OMPVV_INFOMSG(""test_target_teams_distribute_if_no_modifier"");

  int isOffloading = checkPreconditions();

  int a[N];
  int warning[N] ; // num_threads = 1 is not technically an error
  int attempt = 0;
  int errors = 0;
  int i;

  for (i = 0; i < N; i++) {
    a[i] = 1;
    warning[i] = 0;
  }

  // We iterate NUM_ATTEMPTS times. When the iteration value is >= ATTEMPT_THRESHOLD the
  // execution of the target region should happen in the devie, and the number of threads
  // is expected to be greater than 1 (although if it is not, this is not an error, just warning)
  // If the iteration variable attempt  < ATTEMPT_THRESHOLD, the if condition evaluates to false,
  // and hence the execution should occur in the host with a number of threads equal to 1.
  // We check that when we are executing on the host, the value of the iteration variable is
  // greather than ATTEMPT_THRESHOLD, and we make sure the number of threads is 1.
  for (attempt = 0; attempt < NUM_ATTEMPTS; ++attempt) {
#pragma omp target teams distribute parallel for if(attempt > ATTEMPT_THRESHOLD)\
    map(tofrom: a, warning) num_threads(OMPVV_NUM_THREADS_DEVICE)
    for (i = 0; i < N; i++) {
      if (omp_is_initial_device()) {
        // if(false): We should execute in the host
        // and the number of threads is expected
        // to be 1
        a[i] += (omp_get_num_threads() > 1) ? 10 : 0; // This +10 should not happena
        a[i] += (attempt >= ATTEMPT_THRESHOLD) ? 10 : 0; // This +10 should not happena
      } else {
        a[i] += 1;
        warning[i] += (omp_get_num_threads() == 1 ? 1 : 0); // We cannot say that this is an error but we can raise a warning
      }
    }
  }

  int raiseWarning = 0;

  for (i = 0; i < N; i++) {
    OMPVV_TEST_AND_SET(errors, a[i] != 1 + (NUM_ATTEMPTS - ATTEMPT_THRESHOLD));
    if (warning[i] != 0) {
      raiseWarning = 1;
    }
  }
  OMPVV_WARNING_IF(raiseWarning != 0, ""The number of threads was 1 even though we expected it to be more than 1. Not a compliance error in the specs"");

  OMPVV_ERROR_IF(errors, ""error in if(no-modifier). Possible causes are: the number of threads was greater than 1 for if(false), the test executed in the host for if(true), or the test executed in the device for if(false)"");

  return errors;
}

int main() {
  OMPVV_TEST_OFFLOADING;
  int errors = 0;

  OMPVV_TEST_AND_SET_VERBOSE(errors, test_target_teams_distribute_if_no_modifier());

  OMPVV_REPORT_AND_RETURN(errors);
}
",openmp_gpu_batch_5_optionA_full_multivariant.csv,False,failed,True,passed,,NEEDS_REVIEW,target_mapping,general_code,tests/4.5/target_teams_distribute_parallel_for,4.5,needs_review,False,needs_review
tests/4.5/target_teams_distribute_parallel_for/test_target_teams_distribute_parallel_for_if_parallel_modifier.c,target_teams_distribute_parallel_for,condition,IF_PARALLEL_TO_TARGET,high,#pragma omp target teams distribute parallel for if(parallel: attempt >= ATTEMPT_THRESHOLD)\,#pragma omp target teams distribute parallel for if(target: attempt >= ATTEMPT_THRESHOLD)\,oracle expects target execution to always occur on device while parallelism changes with condition,"if modifier is applied to target instead of parallel, changing host/device behavior",104,test_target_teams_if_parallel_modifier_PARALLEL_TO_TARGET.c,"//===---- test_target_teams_distribute_parallel_for_if_parallel_modifier.c ------===//
//
// OpenMP API Version 4.5 Nov 2015
//
// In this test we want to try to check if the if clause is working
// when used with the combined construct target teams distribute parallel for
// and the parallel modifier is specified.
// To do this we check if offloading is working, if it is not, it won't be
// possible for us to tell if the test passed or not, since it depends on
// offloading capabilities.
//
// The if has a directive-name-modifier that specifies to which directive the
// if applies to (either both directives, to the target or to the parallel).
// we create three test, one for no directive, another one for the target directive
// and another one for the parallel directive
//
//===----------------------------------------------------------------------===//

#include <omp.h>
#include ""ompvv.h""
#include <stdio.h>

#define ATTEMPT_THRESHOLD 70
#define NUM_ATTEMPTS 100
#define N 1024

void checkPreconditions() {
  // We test if offloading is enable, and if
  // the number of threads is not 1. Having
  // the number of threads equal to 1 is legal, but
  // we won't be able to test if the if is
  // affecting this or not

  // Testing for offloading
  int isOffloading = 0;
  int i;
  OMPVV_TEST_AND_SET_OFFLOADING(isOffloading);
  OMPVV_WARNING_IF(!isOffloading, ""With offloading off, it is not possible to test that if(parallel:) is not affecting the target offloading"");

  // Testing for number of threads
  int init_num_threads_dev[N], init_num_threads_host[N];
  // init_num_threads_dev and init_num_threads_host arrays initialization
  for (i = 0; i < N; i++) {
    init_num_threads_dev[i] = 0;
    init_num_threads_host[i] = 0;
  }

  // Get the init_num_threads for host and device. If it is 1, then we
  // cannot test the if parallel
  // See section 2.5.1 of the ref manual
#pragma omp target teams distribute parallel for num_threads(OMPVV_NUM_THREADS_DEVICE)
  for (i = 0; i < N; i++) {
    init_num_threads_dev[i] = omp_get_num_threads();
  }

#pragma omp parallel for num_threads(OMPVV_NUM_THREADS_DEVICE)
  for (i = 0; i < N; i++) {
    init_num_threads_host[i] = omp_get_num_threads();
  }

  // We check that not all the values are 1. This would make the test of if parallel
  // not possible.
  int raiseWarningDevice = 0, raiseWarningHost = 0;
  for (i = 0; i < N; i++) {
    if (init_num_threads_dev[i] > 1 ) {
      raiseWarningDevice +=  1;
    }
    if ( init_num_threads_host[i] > 1) {
      raiseWarningHost += 1;
    }
  }
  OMPVV_WARNING_IF(raiseWarningDevice == 0, ""Initial number of threads in device was 1. It is not possible to test the if for the parallel directive"");
  OMPVV_WARNING_IF(raiseWarningHost == 0, ""Initial number of threads in host was 1. It is not possible to test the if for parallel"");

}


int test_target_teams_distribute_if_parallel_modifier() {
  OMPVV_INFOMSG(""test_target_teams_distribute_if_parallel_modifier"");

  int a[N];
  int warning[N] ; // num_threads = 1 is not technically an error
  int attempt = 0;
  int errors = 0;
  int i;

  checkPreconditions();
  // Initialize a and warning
  for (i = 0; i < N; i++) {
    a[i] = 0;
    warning[i] = 0;
  }

  // We iterates NUM_ATTEMPTS times. When the iteration value is >= ATTEMPT_THRESHOLD the
  // number of threads is expected to be greater than 1, (although if it is not, this is
  // not an error, just warning)
  // If the iteration variable attempt < ATTEMPT_THRESHOLD, the if condition evaluates
  // to false, and then the number of threads should be 1. Regardless of the value of
  // the condition the execution should always occur in the device.
  // We check that when we are never executing on the host, and we check that when the
  // condition evaluates to false, the number of threads is always 1. We also raise a
  // warning if the number of threads is 1 when the condition evaluates to true.
  for (attempt = 0; attempt < NUM_ATTEMPTS; ++attempt) {
#pragma omp target teams distribute parallel for if(parallel: attempt >= ATTEMPT_THRESHOLD)\
    map(tofrom: a, warning) num_threads(OMPVV_NUM_THREADS_DEVICE)
    for (i = 0; i < N; i++) {
      if (omp_is_initial_device())
        a[i] += 10; // This +10 should not happen

      if (attempt >= ATTEMPT_THRESHOLD) {
        // This is not an error, but we should mention it
        if (omp_get_num_threads() == 1) {
          warning[i] += 1;
        }
      } else {
        a[i] += (omp_get_num_threads() != 1) ? 10 : 1;
      }
    }
  }

  int raiseWarning = 0;
  for (i = 0; i < N; i++) {
    OMPVV_TEST_AND_SET(errors, a[i] != ATTEMPT_THRESHOLD);
    if (warning[i] != 0) {
      raiseWarning++;
    }
  }

  OMPVV_WARNING_IF(raiseWarning == N * (NUM_ATTEMPTS - ATTEMPT_THRESHOLD), ""The number of threads was 1 when a number > 1 was expected. if(parallel:true). Not a compliance error in the specs"");
  OMPVV_ERROR_IF(errors, ""error in if(parallel: modifier). Possible causes are: the execution occurred in the host even though it should not affect the target region. The number of threads was > 1 when if(false)."");

  return errors;
}

int main() {
  OMPVV_TEST_OFFLOADING;
  int errors = 0;

  OMPVV_TEST_AND_SET_VERBOSE(errors, test_target_teams_distribute_if_parallel_modifier());

  OMPVV_REPORT_AND_RETURN(errors);
}
","//===---- test_target_teams_distribute_parallel_for_if_parallel_modifier.c ------===//
//
// OpenMP API Version 4.5 Nov 2015
//
// In this test we want to try to check if the if clause is working
// when used with the combined construct target teams distribute parallel for
// and the parallel modifier is specified.
// To do this we check if offloading is working, if it is not, it won't be
// possible for us to tell if the test passed or not, since it depends on
// offloading capabilities.
//
// The if has a directive-name-modifier that specifies to which directive the
// if applies to (either both directives, to the target or to the parallel).
// we create three test, one for no directive, another one for the target directive
// and another one for the parallel directive
//
//===----------------------------------------------------------------------===//

#include <omp.h>
#include ""ompvv.h""
#include <stdio.h>

#define ATTEMPT_THRESHOLD 70
#define NUM_ATTEMPTS 100
#define N 1024

void checkPreconditions() {
  // We test if offloading is enable, and if
  // the number of threads is not 1. Having
  // the number of threads equal to 1 is legal, but
  // we won't be able to test if the if is
  // affecting this or not

  // Testing for offloading
  int isOffloading = 0;
  int i;
  OMPVV_TEST_AND_SET_OFFLOADING(isOffloading);
  OMPVV_WARNING_IF(!isOffloading, ""With offloading off, it is not possible to test that if(parallel:) is not affecting the target offloading"");

  // Testing for number of threads
  int init_num_threads_dev[N], init_num_threads_host[N];
  // init_num_threads_dev and init_num_threads_host arrays initialization
  for (i = 0; i < N; i++) {
    init_num_threads_dev[i] = 0;
    init_num_threads_host[i] = 0;
  }

  // Get the init_num_threads for host and device. If it is 1, then we
  // cannot test the if parallel
  // See section 2.5.1 of the ref manual
#pragma omp target teams distribute parallel for num_threads(OMPVV_NUM_THREADS_DEVICE)
  for (i = 0; i < N; i++) {
    init_num_threads_dev[i] = omp_get_num_threads();
  }

#pragma omp parallel for num_threads(OMPVV_NUM_THREADS_DEVICE)
  for (i = 0; i < N; i++) {
    init_num_threads_host[i] = omp_get_num_threads();
  }

  // We check that not all the values are 1. This would make the test of if parallel
  // not possible.
  int raiseWarningDevice = 0, raiseWarningHost = 0;
  for (i = 0; i < N; i++) {
    if (init_num_threads_dev[i] > 1 ) {
      raiseWarningDevice +=  1;
    }
    if ( init_num_threads_host[i] > 1) {
      raiseWarningHost += 1;
    }
  }
  OMPVV_WARNING_IF(raiseWarningDevice == 0, ""Initial number of threads in device was 1. It is not possible to test the if for the parallel directive"");
  OMPVV_WARNING_IF(raiseWarningHost == 0, ""Initial number of threads in host was 1. It is not possible to test the if for parallel"");

}


int test_target_teams_distribute_if_parallel_modifier() {
  OMPVV_INFOMSG(""test_target_teams_distribute_if_parallel_modifier"");

  int a[N];
  int warning[N] ; // num_threads = 1 is not technically an error
  int attempt = 0;
  int errors = 0;
  int i;

  checkPreconditions();
  // Initialize a and warning
  for (i = 0; i < N; i++) {
    a[i] = 0;
    warning[i] = 0;
  }

  // We iterates NUM_ATTEMPTS times. When the iteration value is >= ATTEMPT_THRESHOLD the
  // number of threads is expected to be greater than 1, (although if it is not, this is
  // not an error, just warning)
  // If the iteration variable attempt < ATTEMPT_THRESHOLD, the if condition evaluates
  // to false, and then the number of threads should be 1. Regardless of the value of
  // the condition the execution should always occur in the device.
  // We check that when we are never executing on the host, and we check that when the
  // condition evaluates to false, the number of threads is always 1. We also raise a
  // warning if the number of threads is 1 when the condition evaluates to true.
  for (attempt = 0; attempt < NUM_ATTEMPTS; ++attempt) {
#pragma omp target teams distribute parallel for if(target: attempt >= ATTEMPT_THRESHOLD)\
    map(tofrom: a, warning) num_threads(OMPVV_NUM_THREADS_DEVICE)
    for (i = 0; i < N; i++) {
      if (omp_is_initial_device())
        a[i] += 10; // This +10 should not happen

      if (attempt >= ATTEMPT_THRESHOLD) {
        // This is not an error, but we should mention it
        if (omp_get_num_threads() == 1) {
          warning[i] += 1;
        }
      } else {
        a[i] += (omp_get_num_threads() != 1) ? 10 : 1;
      }
    }
  }

  int raiseWarning = 0;
  for (i = 0; i < N; i++) {
    OMPVV_TEST_AND_SET(errors, a[i] != ATTEMPT_THRESHOLD);
    if (warning[i] != 0) {
      raiseWarning++;
    }
  }

  OMPVV_WARNING_IF(raiseWarning == N * (NUM_ATTEMPTS - ATTEMPT_THRESHOLD), ""The number of threads was 1 when a number > 1 was expected. if(parallel:true). Not a compliance error in the specs"");
  OMPVV_ERROR_IF(errors, ""error in if(parallel: modifier). Possible causes are: the execution occurred in the host even though it should not affect the target region. The number of threads was > 1 when if(false)."");

  return errors;
}

int main() {
  OMPVV_TEST_OFFLOADING;
  int errors = 0;

  OMPVV_TEST_AND_SET_VERBOSE(errors, test_target_teams_distribute_if_parallel_modifier());

  OMPVV_REPORT_AND_RETURN(errors);
}
",openmp_gpu_batch_5_optionA_full_multivariant.csv,False,failed,True,passed,,NEEDS_REVIEW,target_mapping,general_code,tests/4.5/target_teams_distribute_parallel_for,4.5,needs_review,False,needs_review
tests/4.5/target_teams_distribute_parallel_for/test_target_teams_distribute_parallel_for_if_target_modifier.c,target_teams_distribute_parallel_for,condition,IF_TARGET_TO_PARALLEL,high,#pragma omp target teams distribute parallel for if(target: attempt >= ATTEMPT_THRESHOLD)\,#pragma omp target teams distribute parallel for if(parallel: attempt >= ATTEMPT_THRESHOLD)\,oracle expects false target-if iterations to execute on host and add 1,"if modifier affects parallel instead of target, changing host/device branch behavior",63,test_target_teams_if_target_modifier_TARGET_TO_PARALLEL.c,"//===---- test_target_teams_distribute_parallel_for_if_no_modifier.c --------===//
//
// OpenMP API Version 4.5 Nov 2015
//
// In this test we want to try to check if the if clause is working
// when used with the combined construct target teams distribute parallel for
// and the target modifier is specified.
// To do this we check if offloading is working, if it is not, it won't be
// possible for us to tell if the test passed or not, since it depends on
// offloading capabilities.
//
// The if has a directive-name-modifier that specifies to which directive the
// if applies to (either both directives, to the target or to the parallel).
// We have three tests: one for no directive, another for the target directive
// and another for the parallel directive
//
//===------------------------------------------------------------------------===//

#include <omp.h>
#include ""ompvv.h""
#include <stdio.h>

#define ATTEMPT_THRESHOLD 70
#define NUM_ATTEMPTS 100
#define N 1024

int checkPreconditions() {
  // We test if offloading is enable

  // Testing for offloading
  int isOffloading = 0;
  int i;
  OMPVV_TEST_AND_SET_OFFLOADING(isOffloading);
  OMPVV_WARNING_IF(!isOffloading, ""With offloading off, it is not possible to test if"");

  return isOffloading;
}

int test_target_teams_distribute_if_target_modifier() {
  OMPVV_INFOMSG(""test_target_teams_distribute_if_target_modifier"");

  int a[N], warning[N];
  int attempt = 0;
  int errors = 0;
  int i;
  int isOffloading;

  isOffloading = checkPreconditions();

  for (i = 0; i < N; i++) {
    a[i] = 1;
    warning[i] = 0;
  }

  // We iterate NUM_ATTEMPTS times. When the iteration value is >= ATTEMPT_THRESHOLD the
  // execution of the target region should happen in the device, and the number of threads
  // is expected to be greater than 1 (although if it is not, this is not an error, just warning)
  // If the iteration variable attempt  < ATTEMPT_THRESHOLD, then the if condition evaluates to false,
  // and hence the execution should occur in the host, while the number of threads should not change
  // We check that when we are executing on the host, the value of the iteration variable is
  // greather than ATTEMPT_THRESHOLD
  for (attempt = 0; attempt < NUM_ATTEMPTS; ++attempt) {
#pragma omp target teams distribute parallel for if(target: attempt >= ATTEMPT_THRESHOLD)\
    map(tofrom: a) num_threads(OMPVV_NUM_THREADS_DEVICE)
    for (i = 0; i < N; i++) {
      warning[i] += (omp_get_num_threads() == 1) ? 1 : 0; // Ideally we should not change the number of threads at any point
      if (attempt >= ATTEMPT_THRESHOLD) {
        a[i] += (isOffloading && omp_is_initial_device() ? 10 : 0); // True condition, it should run on the device
      }
      else {
        a[i] += (omp_is_initial_device() ? 1 : 100);
      }
    }
  }

  int raiseWarning = 0;
  for (i = 0; i < N; i++) {
    OMPVV_TEST_AND_SET(errors, a[i] != 1 + (ATTEMPT_THRESHOLD));
    if (warning[i] != 0) {
      raiseWarning = 1;
    }
  }

  OMPVV_WARNING_IF(raiseWarning != 0, ""The number of threads was 1 even though we expected it to be more than 1. Not a compliance error in the specs"");
  OMPVV_ERROR_IF(errors, ""error in if(target: modifier). The execution was expected to occur in the device, but it happened in the host when if(false), or the other way around"");

  return errors;
}

int main() {

  int errors = 0;

  //Offloading is checked in checkPreconditions() function

  OMPVV_TEST_AND_SET_VERBOSE(errors, test_target_teams_distribute_if_target_modifier());

  OMPVV_REPORT_AND_RETURN(errors);
}
","//===---- test_target_teams_distribute_parallel_for_if_no_modifier.c --------===//
//
// OpenMP API Version 4.5 Nov 2015
//
// In this test we want to try to check if the if clause is working
// when used with the combined construct target teams distribute parallel for
// and the target modifier is specified.
// To do this we check if offloading is working, if it is not, it won't be
// possible for us to tell if the test passed or not, since it depends on
// offloading capabilities.
//
// The if has a directive-name-modifier that specifies to which directive the
// if applies to (either both directives, to the target or to the parallel).
// We have three tests: one for no directive, another for the target directive
// and another for the parallel directive
//
//===------------------------------------------------------------------------===//

#include <omp.h>
#include ""ompvv.h""
#include <stdio.h>

#define ATTEMPT_THRESHOLD 70
#define NUM_ATTEMPTS 100
#define N 1024

int checkPreconditions() {
  // We test if offloading is enable

  // Testing for offloading
  int isOffloading = 0;
  int i;
  OMPVV_TEST_AND_SET_OFFLOADING(isOffloading);
  OMPVV_WARNING_IF(!isOffloading, ""With offloading off, it is not possible to test if"");

  return isOffloading;
}

int test_target_teams_distribute_if_target_modifier() {
  OMPVV_INFOMSG(""test_target_teams_distribute_if_target_modifier"");

  int a[N], warning[N];
  int attempt = 0;
  int errors = 0;
  int i;
  int isOffloading;

  isOffloading = checkPreconditions();

  for (i = 0; i < N; i++) {
    a[i] = 1;
    warning[i] = 0;
  }

  // We iterate NUM_ATTEMPTS times. When the iteration value is >= ATTEMPT_THRESHOLD the
  // execution of the target region should happen in the device, and the number of threads
  // is expected to be greater than 1 (although if it is not, this is not an error, just warning)
  // If the iteration variable attempt  < ATTEMPT_THRESHOLD, then the if condition evaluates to false,
  // and hence the execution should occur in the host, while the number of threads should not change
  // We check that when we are executing on the host, the value of the iteration variable is
  // greather than ATTEMPT_THRESHOLD
  for (attempt = 0; attempt < NUM_ATTEMPTS; ++attempt) {
#pragma omp target teams distribute parallel for if(parallel: attempt >= ATTEMPT_THRESHOLD)\
    map(tofrom: a) num_threads(OMPVV_NUM_THREADS_DEVICE)
    for (i = 0; i < N; i++) {
      warning[i] += (omp_get_num_threads() == 1) ? 1 : 0; // Ideally we should not change the number of threads at any point
      if (attempt >= ATTEMPT_THRESHOLD) {
        a[i] += (isOffloading && omp_is_initial_device() ? 10 : 0); // True condition, it should run on the device
      }
      else {
        a[i] += (omp_is_initial_device() ? 1 : 100);
      }
    }
  }

  int raiseWarning = 0;
  for (i = 0; i < N; i++) {
    OMPVV_TEST_AND_SET(errors, a[i] != 1 + (ATTEMPT_THRESHOLD));
    if (warning[i] != 0) {
      raiseWarning = 1;
    }
  }

  OMPVV_WARNING_IF(raiseWarning != 0, ""The number of threads was 1 even though we expected it to be more than 1. Not a compliance error in the specs"");
  OMPVV_ERROR_IF(errors, ""error in if(target: modifier). The execution was expected to occur in the device, but it happened in the host when if(false), or the other way around"");

  return errors;
}

int main() {

  int errors = 0;

  //Offloading is checked in checkPreconditions() function

  OMPVV_TEST_AND_SET_VERBOSE(errors, test_target_teams_distribute_if_target_modifier());

  OMPVV_REPORT_AND_RETURN(errors);
}
",openmp_gpu_batch_5_optionA_full_multivariant.csv,False,failed,True,passed,,NEEDS_REVIEW,target_mapping,general_code,tests/4.5/target_teams_distribute_parallel_for,4.5,needs_review,False,needs_review
tests/4.5/target_data/test_target_data_map_tofrom.c,target_data,loop_body,INCREMENT_ONE_TO_TWO,high,h_array_h[i] += 1;,h_array_h[i] += 2;,"OMPVV_TEST_AND_SET_VERBOSE(errors, (N != sum) || (N != sum2))",heap sum becomes 2*N instead of expected N,40,test_target_data_map_tofrom_INCREMENT_PLUS_TWO.c,"//===---- test_target_data_map_tofrom.c -----------------------------------------------===//
//
// OpenMP API Version 4.5 Nov 2015
//
// The test_target_data_map group of tests checks all the possible map-type-modifiers
// for the target data map clauses. These are: from, to, fromto, alloc, release and
// delete. There is a a separate c file for each test with the prefix test_target_data_map.
// This tests is specifically for the 'tofrom' clause.
//
//===----------------------------------------------------------------------------------===//
#include <omp.h>
#include <stdio.h>
#include <stdlib.h>
#include ""ompvv.h""

#define N 1000

// Test for OpenMP 4.5 target data map(tofrom: )
int test_map_tofrom() {

  OMPVV_INFOMSG(""test_map_tofrom"");

  int sum = 0, sum2 = 0, errors = 0;

  // host arrays: heap and stack
  int *h_array_h = (int *)malloc(N * sizeof(int));
  int h_array_s[N];

  for (int i = 0; i < N; ++i) {
    h_array_h[i] = 0;
    h_array_s[i] = 0;
  }

#pragma omp target data map(tofrom: h_array_h[0:N])    \
        map(tofrom : h_array_s[0:N])
  {
#pragma omp target //map //remove map clause?
    {
      for (int i = 0; i < N; ++i) {
        h_array_h[i] += 1;
        h_array_s[i] += 1;
      }
    } // end target
  } // end target data

   // checking errors
  for (int i = 0; i < N; ++i) {
    sum += h_array_h[i];
    sum2 += h_array_s[i];
  }

  free(h_array_h);
  OMPVV_TEST_AND_SET_VERBOSE(errors, (N != sum) || (N != sum2));

  return errors;
}

int main() {

  int errors = 0;

  int is_offloading;
  OMPVV_TEST_AND_SET_OFFLOADING(is_offloading);

  OMPVV_TEST_AND_SET_VERBOSE(errors, test_map_tofrom());
  OMPVV_REPORT_AND_RETURN(errors);
}
","//===---- test_target_data_map_tofrom.c -----------------------------------------------===//
//
// OpenMP API Version 4.5 Nov 2015
//
// The test_target_data_map group of tests checks all the possible map-type-modifiers
// for the target data map clauses. These are: from, to, fromto, alloc, release and
// delete. There is a a separate c file for each test with the prefix test_target_data_map.
// This tests is specifically for the 'tofrom' clause.
//
//===----------------------------------------------------------------------------------===//
#include <omp.h>
#include <stdio.h>
#include <stdlib.h>
#include ""ompvv.h""

#define N 1000

// Test for OpenMP 4.5 target data map(tofrom: )
int test_map_tofrom() {

  OMPVV_INFOMSG(""test_map_tofrom"");

  int sum = 0, sum2 = 0, errors = 0;

  // host arrays: heap and stack
  int *h_array_h = (int *)malloc(N * sizeof(int));
  int h_array_s[N];

  for (int i = 0; i < N; ++i) {
    h_array_h[i] = 0;
    h_array_s[i] = 0;
  }

#pragma omp target data map(tofrom: h_array_h[0:N])    \
        map(tofrom : h_array_s[0:N])
  {
#pragma omp target //map //remove map clause?
    {
      for (int i = 0; i < N; ++i) {
        h_array_h[i] += 2;
        h_array_s[i] += 1;
      }
    } // end target
  } // end target data

   // checking errors
  for (int i = 0; i < N; ++i) {
    sum += h_array_h[i];
    sum2 += h_array_s[i];
  }

  free(h_array_h);
  OMPVV_TEST_AND_SET_VERBOSE(errors, (N != sum) || (N != sum2));

  return errors;
}

int main() {

  int errors = 0;

  int is_offloading;
  OMPVV_TEST_AND_SET_OFFLOADING(is_offloading);

  OMPVV_TEST_AND_SET_VERBOSE(errors, test_map_tofrom());
  OMPVV_REPORT_AND_RETURN(errors);
}
",openmp_gpu_batch_2_optionA_full_multivariant.csv,False,failed,True,passed,,NEEDS_REVIEW,target_mapping,general_code,tests/4.5/target_data,4.5,needs_review,False,needs_review
tests/4.5/target_update/test_target_update_devices.c,target_update,loop_body,INCREMENT_TO_DECREMENT,high,h_matrix[i]++;,h_matrix[i]--;,oracle checks sum == num_dev * N,device computation decrements each element instead of incrementing it,82,test_target_update_devices_INCREMENT_TO_DECREMENT.c,"//===--- test_target_update_devices.c--------------------------------------===//
//
// OpenMP API Version 4.5 Nov 2015
//
// This test checks if the target update directive works on different devices.
// We check two different variants.
// 1. setting up the default device with the API call omp_set_default_device()
// 2. using the device clause of the target update directive.
//
// Testing metodology uses an array that gets mapped into the device at first
// through target enter data. Then on each iteration we update the array in one
// device, create a compute region in that device, and then update it back
// We also record that the compute region is not executed in the host
// with the omp_is_initial_device() API call. Unfortunately 4.5 has no device
// number API call.
//
////===----------------------------------------------------------------------===//



#include <assert.h>
#include <omp.h>
#include <stdio.h>
#include <stdlib.h>
#include ""ompvv.h""

#define N 1000

/*
 * This test check if update device works well
 * when the omp_set_default_device API call is used
 * to change the default device
 */
int test_set_default_dev() {
  OMPVV_INFOMSG(""test_set_default_dev"");

  // Get number of devices
  int num_dev = omp_get_num_devices();
  OMPVV_INFOMSG(""num_devices: %d"", num_dev);
  OMPVV_WARNING_IF(num_dev < 1, ""Test requires non-host device(s), but none were found. \n This test will be skipped.\n"");
  if (num_dev < 1) {
    return OMPVV_SKIPPED_EXIT_CODE;
  }

  int def_dev = omp_get_default_device();
  OMPVV_INFOMSG(""initial device: %d"", omp_get_initial_device());
  OMPVV_INFOMSG(""default device: %d"", def_dev);

  int sum = 0;
  int errors = 0;
  int isHost[num_dev];
  int h_matrix[N];

  // Mapping the array to all the devices
  for (int dev = 0; dev < num_dev; ++dev) {
    omp_set_default_device(dev);
    // unstructured mapping
    {
#pragma omp target enter data map(alloc: h_matrix[0:N])
        printf(""""); // forcing the compiler to not moving out of the scope
    }
  }

  // Initialize the array
  for (int i = 0; i < N; ++i) {
    h_matrix[i] = 0;
  }

  // Each device gets updated with the current array version,
  // one gets added to each element in the array, and then
  // the host gets the updated version
  for (int dev = 0; dev < num_dev; ++dev) {
    omp_set_default_device(dev);
#pragma omp target update to(h_matrix[0:N])
    // operation
#pragma omp target map(alloc: h_matrix[0:N]) map(tofrom: isHost[dev:1]) // map(alloc: ) to avoid target to map the entire matrix h_matrix[:]
    {
      // Check on device or host execution
      isHost[dev] = omp_is_initial_device();

      for (int i = 0; i < N; ++i) {
        h_matrix[i]++;
      }
    }
#pragma omp target update from(h_matrix[0:N])
    // unstructured exit
  }

  // Unmap the matrix
  for (int dev = 0; dev < num_dev; ++dev) {
    omp_set_default_device(dev);
#pragma omp target exit data map(delete: h_matrix[0:N])
    printf("""");
  }

  // checking results
  for (int dev = 0; dev < num_dev; ++dev) {
    OMPVV_INFOMSG(""device %d ran on the %s"", dev, (isHost[dev])? ""host"" : ""device"");
  }
  for (int i = 0; i < N; ++i) {
    sum += h_matrix[i];
  }
  OMPVV_TEST_AND_SET_VERBOSE(errors, (num_dev * N != sum));

  omp_set_default_device(def_dev);

  return errors;
}

/*
 * This test checks if using the device clause in
 * data update works fine
 */
int test_device() {
  OMPVV_INFOMSG(""test_device_clause"");

  // Get number of devices
  int num_dev = omp_get_num_devices();
  OMPVV_INFOMSG(""num_devices: %d"", num_dev);

  int def_dev = omp_get_default_device();
  OMPVV_INFOMSG(""initial device: %d"", omp_get_initial_device());
  OMPVV_INFOMSG(""default device: %d"", def_dev);

  int sum = 0;
  int errors = 0;
  int isHost[num_dev];
  int h_matrix[N];

  // Mapping the array to all the devices
  for (int dev = 0; dev < num_dev; ++dev) {
    // unstructured mapping
    {
#pragma omp target enter data map(alloc: h_matrix[0:N]) device(dev)
        printf(""""); // forcing the compiler to not moving out of the scope
    }
  }

  // Initialize the array
  for (int i = 0; i < N; ++i) {
    h_matrix[i] = 0;
  }

  // Each device gets updated with the current array version,
  // one gets added to each element in the array, and then
  // the host gets the updated version
  for (int dev = 0; dev < num_dev; ++dev) {
#pragma omp target update to(h_matrix[0:N]) device(dev)
    // operation
#pragma omp target map(alloc: h_matrix[0:N]) map(tofrom: isHost[dev:1]) \
    device(dev)// map(alloc: ) to avoid target to map the entire matrix h_matrix[:]
    {
      // Check on device or host execution
      isHost[dev] = omp_is_initial_device();

      for (int i = 0; i < N; ++i) {
        h_matrix[i]++;
      }
    }
#pragma omp target update from(h_matrix[0:N]) device(dev)
    // unstructured exit
  }

  // Unmap the matrix
  for (int dev = 0; dev < num_dev; ++dev) {
#pragma omp target exit data map(delete: h_matrix[0:N]) device(dev)
    printf("""");
  }

  // checking results
  for (int dev = 0; dev < num_dev; ++dev) {
    OMPVV_INFOMSG(""device %d ran on the %s"", dev, (isHost[dev])? ""host"" : ""device"");
  }
  for (int i = 0; i < N; ++i) {
    sum += h_matrix[i];
  }
  OMPVV_TEST_AND_SET_VERBOSE(errors, (num_dev * N != sum));


  return errors;
}

int main() {
  OMPVV_TEST_OFFLOADING;

  int errors = 0;

  OMPVV_TEST_AND_SET(errors, test_set_default_dev());
  OMPVV_TEST_AND_SET(errors, test_device());

  OMPVV_REPORT_AND_RETURN(errors);
}
","//===--- test_target_update_devices.c--------------------------------------===//
//
// OpenMP API Version 4.5 Nov 2015
//
// This test checks if the target update directive works on different devices.
// We check two different variants.
// 1. setting up the default device with the API call omp_set_default_device()
// 2. using the device clause of the target update directive.
//
// Testing metodology uses an array that gets mapped into the device at first
// through target enter data. Then on each iteration we update the array in one
// device, create a compute region in that device, and then update it back
// We also record that the compute region is not executed in the host
// with the omp_is_initial_device() API call. Unfortunately 4.5 has no device
// number API call.
//
////===----------------------------------------------------------------------===//



#include <assert.h>
#include <omp.h>
#include <stdio.h>
#include <stdlib.h>
#include ""ompvv.h""

#define N 1000

/*
 * This test check if update device works well
 * when the omp_set_default_device API call is used
 * to change the default device
 */
int test_set_default_dev() {
  OMPVV_INFOMSG(""test_set_default_dev"");

  // Get number of devices
  int num_dev = omp_get_num_devices();
  OMPVV_INFOMSG(""num_devices: %d"", num_dev);
  OMPVV_WARNING_IF(num_dev < 1, ""Test requires non-host device(s), but none were found. \n This test will be skipped.\n"");
  if (num_dev < 1) {
    return OMPVV_SKIPPED_EXIT_CODE;
  }

  int def_dev = omp_get_default_device();
  OMPVV_INFOMSG(""initial device: %d"", omp_get_initial_device());
  OMPVV_INFOMSG(""default device: %d"", def_dev);

  int sum = 0;
  int errors = 0;
  int isHost[num_dev];
  int h_matrix[N];

  // Mapping the array to all the devices
  for (int dev = 0; dev < num_dev; ++dev) {
    omp_set_default_device(dev);
    // unstructured mapping
    {
#pragma omp target enter data map(alloc: h_matrix[0:N])
        printf(""""); // forcing the compiler to not moving out of the scope
    }
  }

  // Initialize the array
  for (int i = 0; i < N; ++i) {
    h_matrix[i] = 0;
  }

  // Each device gets updated with the current array version,
  // one gets added to each element in the array, and then
  // the host gets the updated version
  for (int dev = 0; dev < num_dev; ++dev) {
    omp_set_default_device(dev);
#pragma omp target update to(h_matrix[0:N])
    // operation
#pragma omp target map(alloc: h_matrix[0:N]) map(tofrom: isHost[dev:1]) // map(alloc: ) to avoid target to map the entire matrix h_matrix[:]
    {
      // Check on device or host execution
      isHost[dev] = omp_is_initial_device();

      for (int i = 0; i < N; ++i) {
        h_matrix[i]--;
      }
    }
#pragma omp target update from(h_matrix[0:N])
    // unstructured exit
  }

  // Unmap the matrix
  for (int dev = 0; dev < num_dev; ++dev) {
    omp_set_default_device(dev);
#pragma omp target exit data map(delete: h_matrix[0:N])
    printf("""");
  }

  // checking results
  for (int dev = 0; dev < num_dev; ++dev) {
    OMPVV_INFOMSG(""device %d ran on the %s"", dev, (isHost[dev])? ""host"" : ""device"");
  }
  for (int i = 0; i < N; ++i) {
    sum += h_matrix[i];
  }
  OMPVV_TEST_AND_SET_VERBOSE(errors, (num_dev * N != sum));

  omp_set_default_device(def_dev);

  return errors;
}

/*
 * This test checks if using the device clause in
 * data update works fine
 */
int test_device() {
  OMPVV_INFOMSG(""test_device_clause"");

  // Get number of devices
  int num_dev = omp_get_num_devices();
  OMPVV_INFOMSG(""num_devices: %d"", num_dev);

  int def_dev = omp_get_default_device();
  OMPVV_INFOMSG(""initial device: %d"", omp_get_initial_device());
  OMPVV_INFOMSG(""default device: %d"", def_dev);

  int sum = 0;
  int errors = 0;
  int isHost[num_dev];
  int h_matrix[N];

  // Mapping the array to all the devices
  for (int dev = 0; dev < num_dev; ++dev) {
    // unstructured mapping
    {
#pragma omp target enter data map(alloc: h_matrix[0:N]) device(dev)
        printf(""""); // forcing the compiler to not moving out of the scope
    }
  }

  // Initialize the array
  for (int i = 0; i < N; ++i) {
    h_matrix[i] = 0;
  }

  // Each device gets updated with the current array version,
  // one gets added to each element in the array, and then
  // the host gets the updated version
  for (int dev = 0; dev < num_dev; ++dev) {
#pragma omp target update to(h_matrix[0:N]) device(dev)
    // operation
#pragma omp target map(alloc: h_matrix[0:N]) map(tofrom: isHost[dev:1]) \
    device(dev)// map(alloc: ) to avoid target to map the entire matrix h_matrix[:]
    {
      // Check on device or host execution
      isHost[dev] = omp_is_initial_device();

      for (int i = 0; i < N; ++i) {
        h_matrix[i]++;
      }
    }
#pragma omp target update from(h_matrix[0:N]) device(dev)
    // unstructured exit
  }

  // Unmap the matrix
  for (int dev = 0; dev < num_dev; ++dev) {
#pragma omp target exit data map(delete: h_matrix[0:N]) device(dev)
    printf("""");
  }

  // checking results
  for (int dev = 0; dev < num_dev; ++dev) {
    OMPVV_INFOMSG(""device %d ran on the %s"", dev, (isHost[dev])? ""host"" : ""device"");
  }
  for (int i = 0; i < N; ++i) {
    sum += h_matrix[i];
  }
  OMPVV_TEST_AND_SET_VERBOSE(errors, (num_dev * N != sum));


  return errors;
}

int main() {
  OMPVV_TEST_OFFLOADING;

  int errors = 0;

  OMPVV_TEST_AND_SET(errors, test_set_default_dev());
  OMPVV_TEST_AND_SET(errors, test_device());

  OMPVV_REPORT_AND_RETURN(errors);
}
",openmp_gpu_batch_11_optionA_full_multivariant.csv,False,failed,True,passed,,NEEDS_REVIEW,target_mapping,general_code,tests/4.5/target_update,4.5,needs_review,False,needs_review
tests/4.5/taskloop/test_target_taskloop_shared.c,taskloop,loop_body,INCREMENT_TO_PLUS2,high,++s_val;,s_val += 2;,oracle checks s_val == N,each taskloop iteration increments by 2 instead of 1,29,test_target_taskloop_shared_INCREMENT_TO_PLUS2.c,"//===--test_target_taskloop_shared.c ----------------------------------------------------===//
//
// OpenMP API Version 4.5 Nov 2015
//
// Test uses a value within a taskloop & an atomic construct to update the value of
// s_val. The shared clause ensures that the s_val will be shared between threads,
// and therefore should be equal to N After the taskloop region.
//
////===--------------------------------------------------------------------------===//

#include <omp.h>
#include ""ompvv.h""

#define N 1024

int taskloop_shared() {

  int errors = 0;
  int s_val=0;

  #pragma omp target map(tofrom: s_val)
  {
    #pragma omp parallel
    {
      #pragma omp single
      #pragma omp taskloop shared(s_val)
      for (int i = 0; i < N; ++i){
        #pragma omp atomic update
        ++s_val;
      }
    }
  }
  OMPVV_ERROR_IF(s_val != N, ""Value of s_val should be %i, received %i"", N, s_val);
  OMPVV_TEST_AND_SET(errors, s_val != N);
  return errors;
}

int main() {
    int errors = 0;
    OMPVV_TEST_OFFLOADING;
    OMPVV_TEST_AND_SET(errors, taskloop_shared());
    OMPVV_REPORT_AND_RETURN(errors);
}
","//===--test_target_taskloop_shared.c ----------------------------------------------------===//
//
// OpenMP API Version 4.5 Nov 2015
//
// Test uses a value within a taskloop & an atomic construct to update the value of
// s_val. The shared clause ensures that the s_val will be shared between threads,
// and therefore should be equal to N After the taskloop region.
//
////===--------------------------------------------------------------------------===//

#include <omp.h>
#include ""ompvv.h""

#define N 1024

int taskloop_shared() {

  int errors = 0;
  int s_val=0;

  #pragma omp target map(tofrom: s_val)
  {
    #pragma omp parallel
    {
      #pragma omp single
      #pragma omp taskloop shared(s_val)
      for (int i = 0; i < N; ++i){
        #pragma omp atomic update
        s_val += 2;
      }
    }
  }
  OMPVV_ERROR_IF(s_val != N, ""Value of s_val should be %i, received %i"", N, s_val);
  OMPVV_TEST_AND_SET(errors, s_val != N);
  return errors;
}

int main() {
    int errors = 0;
    OMPVV_TEST_OFFLOADING;
    OMPVV_TEST_AND_SET(errors, taskloop_shared());
    OMPVV_REPORT_AND_RETURN(errors);
}
",openmp_gpu_batch_12_optionA_full_multivariant_FULL.csv,False,failed,True,passed,,NEEDS_REVIEW,taskloop,general_code,tests/4.5/taskloop,4.5,needs_review,False,needs_review
tests/5.0/declare_target/test_declare_target_nested_functions.c,declare_target,loop_body,INNER_PLUS1_TO_PLUS2,high,return 1 + a;,return 2 + a;,oracle checks result == 2 after outer_fn(inner_fn()),inner/outer increment changes returned value,21,test_declare_target_nested_functions_INNER_PLUS1_TO_PLUS2.c,"//===------ test_declare_target_nested_functions.c ------------------------===//
//
// OpenMP API Version 5.0 Nov 2018
//
// Test of declare target on a host function that calls another host
// function. According to 5.0 specification, the inner function, while not
// explicitly declared on the target, should be treated as if it was. The
// declared functions increment the passed-in value and return it. They are
// tested in a simple target region and the result is mapped out and checked.
//
//===----------------------------------------------------------------------===//

#include <omp.h>
#include <stdio.h>
#include <stdlib.h>
#include ""ompvv.h""

#define N 1024

int inner_fn(int a) {
  return 1 + a;
}

int outer_fn(int a) {
  return 1 + inner_fn(a);
}

int test_declared_functions() {
  int result = 0, errors = 0;

#pragma omp target map(tofrom: result)
  {
    result = outer_fn(result);
  }

  OMPVV_TEST_AND_SET_VERBOSE(errors, result != 2)

    return errors;
}

int main() {
  OMPVV_TEST_OFFLOADING;

  int errors = 0;

#pragma omp declare target to(outer_fn)

  OMPVV_TEST_AND_SET_VERBOSE(errors, test_declared_functions() != 0);

  OMPVV_REPORT_AND_RETURN(errors);
}
","//===------ test_declare_target_nested_functions.c ------------------------===//
//
// OpenMP API Version 5.0 Nov 2018
//
// Test of declare target on a host function that calls another host
// function. According to 5.0 specification, the inner function, while not
// explicitly declared on the target, should be treated as if it was. The
// declared functions increment the passed-in value and return it. They are
// tested in a simple target region and the result is mapped out and checked.
//
//===----------------------------------------------------------------------===//

#include <omp.h>
#include <stdio.h>
#include <stdlib.h>
#include ""ompvv.h""

#define N 1024

int inner_fn(int a) {
  return 2 + a;
}

int outer_fn(int a) {
  return 1 + inner_fn(a);
}

int test_declared_functions() {
  int result = 0, errors = 0;

#pragma omp target map(tofrom: result)
  {
    result = outer_fn(result);
  }

  OMPVV_TEST_AND_SET_VERBOSE(errors, result != 2)

    return errors;
}

int main() {
  OMPVV_TEST_OFFLOADING;

  int errors = 0;

#pragma omp declare target to(outer_fn)

  OMPVV_TEST_AND_SET_VERBOSE(errors, test_declared_functions() != 0);

  OMPVV_REPORT_AND_RETURN(errors);
}
",openmp_gpu_batch_13_optionA_full_multivariant.csv,False,failed,True,passed,,NEEDS_REVIEW,target_mapping,general_code,tests/5.0/declare_target,5.0,needs_review,False,needs_review
tests/5.0/target/test_target_parallel_if_device.c,target,runtime_api,IS_INITIAL_DEVICE_NEGATED,high,InitDev[0] = omp_is_initial_device();,InitDev[0] = !omp_is_initial_device();,oracle checks InitDev[0] == !Proc,runtime observation of initial-device status is negated,27,test_target_parallel_if_device_IS_INITIAL_DEVICE_NEGATED.c,"//===------ test_target_if_device.c --------------------------------------===//
//
// OpenMP API Version 5.0 Nov 2018
//
// Tests the target directive with parallel for + if + device clauses
//
//===------------------------------------------------------------------------===//
#include <stdio.h>
#include ""omp.h""
#include ""ompvv.h""
#define N 1024



int Runtst(int gpu, int Proc) { // Proc = 0(host), 1(gpu)
  int *A = (int*) malloc(sizeof(int) * N), Errors = 0;
  int *InitDev = (int*) malloc(sizeof(int));
  for (int i = 0; i < N; ++i) {
    A[i] = i;
  }

#pragma omp target data map(tofrom: A[0:N], InitDev[0:1]) if(Proc) device(gpu)
  {
#pragma omp target parallel for if(Proc) device(gpu)
    for (int i = 0; i < N; ++i) {
      if (i == 0) {
        InitDev[0] = omp_is_initial_device();
      }
      A[i] = A[i] * A[i];
    }
  }

  // Verification
  for (int i = 0; i < N; ++i) {
    if (A[i] != i*i) {
      Errors++;
    }
  }
  // Verifying if target block ran on intended processor
  if (InitDev[0] != (!Proc)) {
    Errors++;
  }

  free(A);
  return Errors;
}


int main() {
  OMPVV_TEST_OFFLOADING;
  int TotGpus = omp_get_num_devices();
  int errors = 0;
  for (int gpu = 0; gpu < TotGpus; ++gpu) {
    OMPVV_TEST_AND_SET_VERBOSE(errors, (Runtst(gpu, 0 /*for cpu*/) != 0));
    OMPVV_TEST_AND_SET_VERBOSE(errors, (Runtst(gpu, gpu < TotGpus /*for gpu*/) != 0));
  }
  OMPVV_REPORT_AND_RETURN(errors);
}
","//===------ test_target_if_device.c --------------------------------------===//
//
// OpenMP API Version 5.0 Nov 2018
//
// Tests the target directive with parallel for + if + device clauses
//
//===------------------------------------------------------------------------===//
#include <stdio.h>
#include ""omp.h""
#include ""ompvv.h""
#define N 1024



int Runtst(int gpu, int Proc) { // Proc = 0(host), 1(gpu)
  int *A = (int*) malloc(sizeof(int) * N), Errors = 0;
  int *InitDev = (int*) malloc(sizeof(int));
  for (int i = 0; i < N; ++i) {
    A[i] = i;
  }

#pragma omp target data map(tofrom: A[0:N], InitDev[0:1]) if(Proc) device(gpu)
  {
#pragma omp target parallel for if(Proc) device(gpu)
    for (int i = 0; i < N; ++i) {
      if (i == 0) {
        InitDev[0] = !omp_is_initial_device();
      }
      A[i] = A[i] * A[i];
    }
  }

  // Verification
  for (int i = 0; i < N; ++i) {
    if (A[i] != i*i) {
      Errors++;
    }
  }
  // Verifying if target block ran on intended processor
  if (InitDev[0] != (!Proc)) {
    Errors++;
  }

  free(A);
  return Errors;
}


int main() {
  OMPVV_TEST_OFFLOADING;
  int TotGpus = omp_get_num_devices();
  int errors = 0;
  for (int gpu = 0; gpu < TotGpus; ++gpu) {
    OMPVV_TEST_AND_SET_VERBOSE(errors, (Runtst(gpu, 0 /*for cpu*/) != 0));
    OMPVV_TEST_AND_SET_VERBOSE(errors, (Runtst(gpu, gpu < TotGpus /*for gpu*/) != 0));
  }
  OMPVV_REPORT_AND_RETURN(errors);
}
",openmp_gpu_batch_20_optionA_full_multivariant_FULL.csv,False,failed,True,passed,,NEEDS_REVIEW,target_mapping,runtime_api,tests/5.0/target,5.0,needs_review,False,needs_review
tests/4.5/target/test_target_map_scalar_no_map_type_modifier.c,target,loop_body,I_PLUS_ASCLR_TO_I_MINUS_ASCLR,high,compute_array[i] = i + asclr;,compute_array[i] = i - asclr;,test_scalar_to expects compute_array[i] == i + asclr,target uses subtraction instead of addition,31,test_target_map_scalar_no_map_type_modifier_COMPUTE_I_PLUS_ASCLR_TO_I_MINUS_ASCLR.c,"//===--- test_target_map_scalar_no_map_type_modifier.c ----------------------===//
//
// OpenMP API Version 4.5 Nov 2015
//
// When map-type-modifier (e.g. to, from and tofrom) is not specified, the
// default behavior should be tofrom. This test checks if this is satisfied with
// a simple integer value. An array is created an initialized to zero in the host
// then changed in the device with a scalar value. An additional simple test
// function also checks from behavior by changing scalar value on device.
////===----------------------------------------------------------------------===//

#include <omp.h>
#include <stdio.h>
#include ""ompvv.h""

#define N 1000

int test_scalar_to() {

  int compute_array[N];
  int asclr = 12, sum = 0, result = 0, errors = 0;
  int i;

  // Array initialization
  for (i = 0; i < N; i++)
    compute_array[i] = 0;

#pragma omp target map(from: compute_array) map(asclr)
  {
  for (i = 0; i < N; i++)
    compute_array[i] = i + asclr;

  } // end target

  for (i = 0; i < N; i++)
    sum = sum + compute_array[i];

  for (i = 0; i < N; i++)
    result += i + asclr;

  OMPVV_TEST_AND_SET_VERBOSE(errors, result!= sum);

  return errors;
}

int test_scalar_from() {

  int new_scalar = 25;
  int errors = 0;

#pragma omp target map(new_scalar)
  {
  //Change scalar value on device
  new_scalar = 27;

  }

  OMPVV_TEST_AND_SET_VERBOSE(errors, new_scalar!=27);

  return errors;
}

int main() {

  int errors = 0;

  //Test Offloading
  int is_offloading;
  OMPVV_TEST_AND_SET_OFFLOADING(is_offloading);
  OMPVV_WARNING_IF(!is_offloading, ""This test in running on host, asclr is not copied over to the device"");

  OMPVV_TEST_AND_SET_VERBOSE(errors, test_scalar_to());
  OMPVV_TEST_AND_SET_VERBOSE(errors, test_scalar_from());
  OMPVV_REPORT_AND_RETURN(errors);
}
","//===--- test_target_map_scalar_no_map_type_modifier.c ----------------------===//
//
// OpenMP API Version 4.5 Nov 2015
//
// When map-type-modifier (e.g. to, from and tofrom) is not specified, the
// default behavior should be tofrom. This test checks if this is satisfied with
// a simple integer value. An array is created an initialized to zero in the host
// then changed in the device with a scalar value. An additional simple test
// function also checks from behavior by changing scalar value on device.
////===----------------------------------------------------------------------===//

#include <omp.h>
#include <stdio.h>
#include ""ompvv.h""

#define N 1000

int test_scalar_to() {

  int compute_array[N];
  int asclr = 12, sum = 0, result = 0, errors = 0;
  int i;

  // Array initialization
  for (i = 0; i < N; i++)
    compute_array[i] = 0;

#pragma omp target map(from: compute_array) map(asclr)
  {
  for (i = 0; i < N; i++)
    compute_array[i] = i - asclr;

  } // end target

  for (i = 0; i < N; i++)
    sum = sum + compute_array[i];

  for (i = 0; i < N; i++)
    result += i + asclr;

  OMPVV_TEST_AND_SET_VERBOSE(errors, result!= sum);

  return errors;
}

int test_scalar_from() {

  int new_scalar = 25;
  int errors = 0;

#pragma omp target map(new_scalar)
  {
  //Change scalar value on device
  new_scalar = 27;

  }

  OMPVV_TEST_AND_SET_VERBOSE(errors, new_scalar!=27);

  return errors;
}

int main() {

  int errors = 0;

  //Test Offloading
  int is_offloading;
  OMPVV_TEST_AND_SET_OFFLOADING(is_offloading);
  OMPVV_WARNING_IF(!is_offloading, ""This test in running on host, asclr is not copied over to the device"");

  OMPVV_TEST_AND_SET_VERBOSE(errors, test_scalar_to());
  OMPVV_TEST_AND_SET_VERBOSE(errors, test_scalar_from());
  OMPVV_REPORT_AND_RETURN(errors);
}
",openmp_gpu_batch_11_optionA_full_multivariant.csv,False,failed,True,passed,,NEEDS_REVIEW,target_mapping,general_code,tests/4.5/target,4.5,needs_review,False,needs_review
tests/5.0/master_taskloop_simd/test_master_taskloop_simd.c,master_taskloop_simd,directive_semantics,MASTER_TASKLOOP_SIMD_TO_TASKLOOP_SIMD,high,#pragma omp master taskloop simd,#pragma omp taskloop simd,x[i] == 1 + y[i]*z[i] for all i,removing master changes execution context and can invalidate intended single-thread task generation semantics,34,test_master_taskloop_simd_DROP_MASTER.c,"//===--- test_master_taskloop_simd.c ----------------------------------------===//
//
// OpenMP API Version 5.0 Nov 2018
//
// This test checks the master taskloop simd directive in a parallel region.
// The test performs simple operations on an int array which are then checked
// for correctness.
//
////===----------------------------------------------------------------------===//
#include <assert.h>
#include <omp.h>
#include <stdio.h>
#include <stdlib.h>
#include ""ompvv.h""

#define N 1024

int test_master_taskloop_simd() {
  OMPVV_INFOMSG(""test_master_taskloop_simd"");
  int errors = 0;
  int num_threads = -1;
  int x[N];
  int y[N];
  int z[N];

  for (int i = 0; i < N; i++) {
    x[i] = 1;
    y[i] = i + 1;
    z[i] = 2*(i + 1);
  }

#pragma omp parallel num_threads(OMPVV_NUM_THREADS_HOST) shared(x, y, z, num_threads)
  {
#pragma omp master taskloop simd
    for (int i = 0; i < N; i++) {
      x[i] += y[i]*z[i];
    }
    if (omp_get_thread_num() == 0) {
      num_threads = omp_get_num_threads();
    }
  }

  for (int i = 0; i < N; i++) {
    OMPVV_TEST_AND_SET_VERBOSE(errors, x[i] != 1 + (y[i]*z[i]));
  }

  OMPVV_WARNING_IF(num_threads == 1, ""Test ran with one thread, so parallelism of taskloop can't be guaranteed."");
  OMPVV_ERROR_IF(num_threads < 1, ""Test returned an invalid number of threads."");
  OMPVV_TEST_AND_SET_VERBOSE(errors, num_threads < 1);

  return errors;
}


int main() {
  int errors = 0;

  OMPVV_TEST_AND_SET_VERBOSE(errors, test_master_taskloop_simd());

  OMPVV_REPORT_AND_RETURN(errors);
}
","//===--- test_master_taskloop_simd.c ----------------------------------------===//
//
// OpenMP API Version 5.0 Nov 2018
//
// This test checks the master taskloop simd directive in a parallel region.
// The test performs simple operations on an int array which are then checked
// for correctness.
//
////===----------------------------------------------------------------------===//
#include <assert.h>
#include <omp.h>
#include <stdio.h>
#include <stdlib.h>
#include ""ompvv.h""

#define N 1024

int test_master_taskloop_simd() {
  OMPVV_INFOMSG(""test_master_taskloop_simd"");
  int errors = 0;
  int num_threads = -1;
  int x[N];
  int y[N];
  int z[N];

  for (int i = 0; i < N; i++) {
    x[i] = 1;
    y[i] = i + 1;
    z[i] = 2*(i + 1);
  }

#pragma omp parallel num_threads(OMPVV_NUM_THREADS_HOST) shared(x, y, z, num_threads)
  {
#pragma omp taskloop simd
    for (int i = 0; i < N; i++) {
      x[i] += y[i]*z[i];
    }
    if (omp_get_thread_num() == 0) {
      num_threads = omp_get_num_threads();
    }
  }

  for (int i = 0; i < N; i++) {
    OMPVV_TEST_AND_SET_VERBOSE(errors, x[i] != 1 + (y[i]*z[i]));
  }

  OMPVV_WARNING_IF(num_threads == 1, ""Test ran with one thread, so parallelism of taskloop can't be guaranteed."");
  OMPVV_ERROR_IF(num_threads < 1, ""Test returned an invalid number of threads."");
  OMPVV_TEST_AND_SET_VERBOSE(errors, num_threads < 1);

  return errors;
}


int main() {
  int errors = 0;

  OMPVV_TEST_AND_SET_VERBOSE(errors, test_master_taskloop_simd());

  OMPVV_REPORT_AND_RETURN(errors);
}
",HPC_BUGFIX_V2_5.xlsx,False,failed,True,passed,,NEEDS_REVIEW,taskloop_simd,loop,tests/5.0/master_taskloop_simd,5.0,needs_review,False,needs_review
tests/5.0/master_taskloop_simd/test_master_taskloop_simd_device.c,master_taskloop_simd,taskloop,MASTER_TASKLOOP_SIMD_TO_TASKLOOP_SIMD,medium,#pragma omp master taskloop simd,#pragma omp taskloop simd,oracle checks x[i] == 1 + y[i]*z[i] and valid num_threads,master portion of combined construct is removed,34,test_master_taskloop_simd_device_MASTER_TASKLOOP_SIMD_TO_TASKLOOP_SIMD.c,"//===--- test_master_taskloop_simd_device.c ---------------------------------===//
//
// OpenMP API Version 5.0 Nov 2018
//
// This test checks the master taskloop simd directive in a parallel region.
// The test performs simple operations on an int array which are then checked
// for correctness. This test checks the above in a target region.
//
////===----------------------------------------------------------------------===//
#include <assert.h>
#include <omp.h>
#include <stdio.h>
#include <stdlib.h>
#include ""ompvv.h""

#define N 1024

int test_master_taskloop_simd_device() {
  OMPVV_INFOMSG(""test_master_taskloop_simd_device"");
  int errors = 0;
  int num_threads = -1;
  int x[N];
  int y[N];
  int z[N];

  for (int i = 0; i < N; i++) {
    x[i] = 1;
    y[i] = i + 1;
    z[i] = 2*(i + 1);
  }

#pragma omp target parallel num_threads(OMPVV_NUM_THREADS_DEVICE) shared(x, y, z, num_threads) map(tofrom: x, num_threads) map(to: y, z)
  {
#pragma omp master taskloop simd
    for (int i = 0; i < N; i++) {
      x[i] += y[i]*z[i];
    }
    if (omp_get_thread_num() == 0) {
      num_threads = omp_get_num_threads();
    }
  }

  for (int i = 0; i < N; i++) {
    OMPVV_TEST_AND_SET_VERBOSE(errors, x[i] != 1 + (y[i]*z[i]));
  }

  OMPVV_WARNING_IF(num_threads == 1, ""Test ran with one thread, so parallelism of taskloop can't be guaranteed."");
  OMPVV_ERROR_IF(num_threads < 1, ""Test returned an invalid number of threads."");
  OMPVV_TEST_AND_SET_VERBOSE(errors, num_threads < 1);
  OMPVV_INFOMSG(""This test does not guarantee vector instructions were generated for the simd construct."");

  return errors;
}


int main() {
  OMPVV_TEST_OFFLOADING;

  int errors = 0;

  OMPVV_TEST_AND_SET_VERBOSE(errors, test_master_taskloop_simd_device());

  OMPVV_REPORT_AND_RETURN(errors);
}
","//===--- test_master_taskloop_simd_device.c ---------------------------------===//
//
// OpenMP API Version 5.0 Nov 2018
//
// This test checks the master taskloop simd directive in a parallel region.
// The test performs simple operations on an int array which are then checked
// for correctness. This test checks the above in a target region.
//
////===----------------------------------------------------------------------===//
#include <assert.h>
#include <omp.h>
#include <stdio.h>
#include <stdlib.h>
#include ""ompvv.h""

#define N 1024

int test_master_taskloop_simd_device() {
  OMPVV_INFOMSG(""test_master_taskloop_simd_device"");
  int errors = 0;
  int num_threads = -1;
  int x[N];
  int y[N];
  int z[N];

  for (int i = 0; i < N; i++) {
    x[i] = 1;
    y[i] = i + 1;
    z[i] = 2*(i + 1);
  }

#pragma omp target parallel num_threads(OMPVV_NUM_THREADS_DEVICE) shared(x, y, z, num_threads) map(tofrom: x, num_threads) map(to: y, z)
  {
#pragma omp taskloop simd
    for (int i = 0; i < N; i++) {
      x[i] += y[i]*z[i];
    }
    if (omp_get_thread_num() == 0) {
      num_threads = omp_get_num_threads();
    }
  }

  for (int i = 0; i < N; i++) {
    OMPVV_TEST_AND_SET_VERBOSE(errors, x[i] != 1 + (y[i]*z[i]));
  }

  OMPVV_WARNING_IF(num_threads == 1, ""Test ran with one thread, so parallelism of taskloop can't be guaranteed."");
  OMPVV_ERROR_IF(num_threads < 1, ""Test returned an invalid number of threads."");
  OMPVV_TEST_AND_SET_VERBOSE(errors, num_threads < 1);
  OMPVV_INFOMSG(""This test does not guarantee vector instructions were generated for the simd construct."");

  return errors;
}


int main() {
  OMPVV_TEST_OFFLOADING;

  int errors = 0;

  OMPVV_TEST_AND_SET_VERBOSE(errors, test_master_taskloop_simd_device());

  OMPVV_REPORT_AND_RETURN(errors);
}
",openmp_gpu_batch_15_optionA_full_multivariant.csv,False,failed,True,passed,,NEEDS_REVIEW,taskloop_simd,loop,tests/5.0/master_taskloop_simd,5.0,needs_review,False,needs_review
tests/5.0/master_taskloop/test_master_taskloop.c,master_taskloop,directive_semantics,MASTER_TASKLOOP_TO_TASKLOOP,high,#pragma omp master taskloop,#pragma omp taskloop,x[i] == 1 + y[i]*z[i] for all i,removing master changes execution context and can invalidate intended single-thread task generation semantics,34,test_master_taskloop_DROP_MASTER.c,"//===--- test_master_taskloop.c ---------------------------------------------===//
//
// OpenMP API Version 5.0 Nov 2018
//
// This test checks the master taskloop directive in a parallel region. The
// test performs simple operations on an int array which are then checked for
// correctness.
//
////===----------------------------------------------------------------------===//
#include <assert.h>
#include <omp.h>
#include <stdio.h>
#include <stdlib.h>
#include ""ompvv.h""

#define N 1024

int test_master_taskloop() {
  OMPVV_INFOMSG(""test_master_taskloop"");
  int errors = 0;
  int num_threads = -1;
  int x[N];
  int y[N];
  int z[N];

  for (int i = 0; i < N; i++) {
    x[i] = 1;
    y[i] = i + 1;
    z[i] = 2*(i + 1);
  }

#pragma omp parallel num_threads(OMPVV_NUM_THREADS_HOST) shared(x, y, z, num_threads)
  {
#pragma omp master taskloop
    for (int i = 0; i < N; i++) {
      x[i] += y[i]*z[i];
    }
    if (omp_get_thread_num() == 0) {
      num_threads = omp_get_num_threads();
    }
  }

  for (int i = 0; i < N; i++) {
    OMPVV_TEST_AND_SET_VERBOSE(errors, x[i] != 1 + (y[i]*z[i]));
  }

  OMPVV_WARNING_IF(num_threads == 1, ""Test ran with one thread, so parallelism of taskloop can't be guaranteed."");
  OMPVV_ERROR_IF(num_threads < 1, ""Test returned an invalid number of threads."");
  OMPVV_TEST_AND_SET_VERBOSE(errors, num_threads < 1);

  return errors;
}


int main() {
  int errors = 0;

  OMPVV_TEST_AND_SET_VERBOSE(errors, test_master_taskloop());

  OMPVV_REPORT_AND_RETURN(errors);
}
","//===--- test_master_taskloop.c ---------------------------------------------===//
//
// OpenMP API Version 5.0 Nov 2018
//
// This test checks the master taskloop directive in a parallel region. The
// test performs simple operations on an int array which are then checked for
// correctness.
//
////===----------------------------------------------------------------------===//
#include <assert.h>
#include <omp.h>
#include <stdio.h>
#include <stdlib.h>
#include ""ompvv.h""

#define N 1024

int test_master_taskloop() {
  OMPVV_INFOMSG(""test_master_taskloop"");
  int errors = 0;
  int num_threads = -1;
  int x[N];
  int y[N];
  int z[N];

  for (int i = 0; i < N; i++) {
    x[i] = 1;
    y[i] = i + 1;
    z[i] = 2*(i + 1);
  }

#pragma omp parallel num_threads(OMPVV_NUM_THREADS_HOST) shared(x, y, z, num_threads)
  {
#pragma omp taskloop
    for (int i = 0; i < N; i++) {
      x[i] += y[i]*z[i];
    }
    if (omp_get_thread_num() == 0) {
      num_threads = omp_get_num_threads();
    }
  }

  for (int i = 0; i < N; i++) {
    OMPVV_TEST_AND_SET_VERBOSE(errors, x[i] != 1 + (y[i]*z[i]));
  }

  OMPVV_WARNING_IF(num_threads == 1, ""Test ran with one thread, so parallelism of taskloop can't be guaranteed."");
  OMPVV_ERROR_IF(num_threads < 1, ""Test returned an invalid number of threads."");
  OMPVV_TEST_AND_SET_VERBOSE(errors, num_threads < 1);

  return errors;
}


int main() {
  int errors = 0;

  OMPVV_TEST_AND_SET_VERBOSE(errors, test_master_taskloop());

  OMPVV_REPORT_AND_RETURN(errors);
}
",HPC_BUGFIX_V2_5.xlsx,False,failed,True,passed,,NEEDS_REVIEW,taskloop,loop,tests/5.0/master_taskloop,5.0,needs_review,False,needs_review
tests/5.0/master_taskloop/test_master_taskloop_device.c,master_taskloop,taskloop,MASTER_TASKLOOP_TO_TASKLOOP,medium,#pragma omp master taskloop,#pragma omp taskloop,oracle checks x[i] == 1 + y[i]*z[i] and valid num_threads,master portion of combined construct is removed,34,test_master_taskloop_device_MASTER_TASKLOOP_TO_TASKLOOP.c,"//===--- test_master_taskloop_device.c --------------------------------------===//
//
// OpenMP API Version 5.0 Nov 2018
//
// This test checks the master taskloop directive in a parallel region. The
// test performs simple operations on an int array which are then checked for
// correctness. This test checks the above in a target region.
//
////===----------------------------------------------------------------------===//
#include <assert.h>
#include <omp.h>
#include <stdio.h>
#include <stdlib.h>
#include ""ompvv.h""

#define N 1024

int test_master_taskloop_device() {
  OMPVV_INFOMSG(""test_master_taskloop_device"");
  int errors = 0;
  int num_threads = -1;
  int x[N];
  int y[N];
  int z[N];

  for (int i = 0; i < N; i++) {
    x[i] = 1;
    y[i] = i + 1;
    z[i] = 2*(i + 1);
  }

#pragma omp target parallel num_threads(OMPVV_NUM_THREADS_DEVICE) shared(x, y, z, num_threads) map(tofrom: x, y, z, num_threads)
  {
#pragma omp master taskloop
    for (int i = 0; i < N; i++) {
      x[i] += y[i]*z[i];
    }
    if (omp_get_thread_num() == 0) {
      num_threads = omp_get_num_threads();
    }
  }

  for (int i = 0; i < N; i++) {
    OMPVV_TEST_AND_SET_VERBOSE(errors, x[i] != 1 + (y[i]*z[i]));
  }

  OMPVV_WARNING_IF(num_threads == 1, ""Test ran with one thread, so parallelism of taskloop can't be guaranteed."");
  OMPVV_ERROR_IF(num_threads < 1, ""Test returned an invalid number of threads."");
  OMPVV_TEST_AND_SET_VERBOSE(errors, num_threads < 1);

  return errors;
}


int main() {
  OMPVV_TEST_OFFLOADING;

  int errors = 0;

  OMPVV_TEST_AND_SET_VERBOSE(errors, test_master_taskloop_device());

  OMPVV_REPORT_AND_RETURN(errors);
}
","//===--- test_master_taskloop_device.c --------------------------------------===//
//
// OpenMP API Version 5.0 Nov 2018
//
// This test checks the master taskloop directive in a parallel region. The
// test performs simple operations on an int array which are then checked for
// correctness. This test checks the above in a target region.
//
////===----------------------------------------------------------------------===//
#include <assert.h>
#include <omp.h>
#include <stdio.h>
#include <stdlib.h>
#include ""ompvv.h""

#define N 1024

int test_master_taskloop_device() {
  OMPVV_INFOMSG(""test_master_taskloop_device"");
  int errors = 0;
  int num_threads = -1;
  int x[N];
  int y[N];
  int z[N];

  for (int i = 0; i < N; i++) {
    x[i] = 1;
    y[i] = i + 1;
    z[i] = 2*(i + 1);
  }

#pragma omp target parallel num_threads(OMPVV_NUM_THREADS_DEVICE) shared(x, y, z, num_threads) map(tofrom: x, y, z, num_threads)
  {
#pragma omp taskloop
    for (int i = 0; i < N; i++) {
      x[i] += y[i]*z[i];
    }
    if (omp_get_thread_num() == 0) {
      num_threads = omp_get_num_threads();
    }
  }

  for (int i = 0; i < N; i++) {
    OMPVV_TEST_AND_SET_VERBOSE(errors, x[i] != 1 + (y[i]*z[i]));
  }

  OMPVV_WARNING_IF(num_threads == 1, ""Test ran with one thread, so parallelism of taskloop can't be guaranteed."");
  OMPVV_ERROR_IF(num_threads < 1, ""Test returned an invalid number of threads."");
  OMPVV_TEST_AND_SET_VERBOSE(errors, num_threads < 1);

  return errors;
}


int main() {
  OMPVV_TEST_OFFLOADING;

  int errors = 0;

  OMPVV_TEST_AND_SET_VERBOSE(errors, test_master_taskloop_device());

  OMPVV_REPORT_AND_RETURN(errors);
}
",openmp_gpu_batch_15_optionA_full_multivariant.csv,False,failed,True,passed,,NEEDS_REVIEW,taskloop,loop,tests/5.0/master_taskloop,5.0,needs_review,False,needs_review
tests/4.5/target/test_target_device1.c,target,loop_body,MULTIPLY_TO_ADD,high,A[i] = A[i] * A[i];,A[i] = A[i] + A[i];,verification checks A[i] == i*i,target computation doubles A[i] instead of squaring it,27,test_target_device1_MULTIPLY_TO_ADD.c,"//===------test_target_device.c--------------------------------------===//
//
// OpenMP API Version 4.5 Nov 2015
//
// Description:
// This is a basic test to demonstrate target + parallel for + device clause
//
//===------------------------------------------------------------------------===//
#include <stdio.h>
#include ""omp.h""
#include ""ompvv.h""

#define N 1024


int Runtst(int gpu) {
  int errors = 0;
  int *A = (int *)malloc(sizeof(int) * N);
  for (int i = 0; i < N; ++i) {
    A[i] = i;
  }

#pragma omp target data map(tofrom: A[0:N]) device(gpu)
  {
    #pragma omp target parallel for device(gpu)
    for (int i = 0; i < N; ++i) {
      A[i] = A[i] * A[i];
    }
  }

  // Verification

  for (int i = 0; i < N; ++i) {
    if (A[i] != i*i) {
      errors++;
    }
  }

  free(A);
  return errors;
}


int main() {
  OMPVV_TEST_OFFLOADING;
  int TotGpus = omp_get_num_devices();
  OMPVV_WARNING_IF(TotGpus < 1, ""Test requires non-host devices, but none were found. \n This test will be skipped.\n"");
  if (TotGpus < 1) {
    return OMPVV_SKIPPED_EXIT_CODE;
  }
  int errors = 0;
  for (int gpu = 0; gpu < TotGpus; ++gpu) {
    OMPVV_TEST_AND_SET_VERBOSE(errors, (Runtst(gpu) != 0));
  }
  OMPVV_REPORT_AND_RETURN(errors);
}
","//===------test_target_device.c--------------------------------------===//
//
// OpenMP API Version 4.5 Nov 2015
//
// Description:
// This is a basic test to demonstrate target + parallel for + device clause
//
//===------------------------------------------------------------------------===//
#include <stdio.h>
#include ""omp.h""
#include ""ompvv.h""

#define N 1024


int Runtst(int gpu) {
  int errors = 0;
  int *A = (int *)malloc(sizeof(int) * N);
  for (int i = 0; i < N; ++i) {
    A[i] = i;
  }

#pragma omp target data map(tofrom: A[0:N]) device(gpu)
  {
    #pragma omp target parallel for device(gpu)
    for (int i = 0; i < N; ++i) {
      A[i] = A[i] + A[i];
    }
  }

  // Verification

  for (int i = 0; i < N; ++i) {
    if (A[i] != i*i) {
      errors++;
    }
  }

  free(A);
  return errors;
}


int main() {
  OMPVV_TEST_OFFLOADING;
  int TotGpus = omp_get_num_devices();
  OMPVV_WARNING_IF(TotGpus < 1, ""Test requires non-host devices, but none were found. \n This test will be skipped.\n"");
  if (TotGpus < 1) {
    return OMPVV_SKIPPED_EXIT_CODE;
  }
  int errors = 0;
  for (int gpu = 0; gpu < TotGpus; ++gpu) {
    OMPVV_TEST_AND_SET_VERBOSE(errors, (Runtst(gpu) != 0));
  }
  OMPVV_REPORT_AND_RETURN(errors);
}
",openmp_gpu_batch_10_optionA_full_multivariant.csv,False,failed,True,passed,,NEEDS_REVIEW,target_mapping,general_code,tests/4.5/target,4.5,needs_review,False,needs_review
tests/4.5/target_simd/test_nested_target_simd.c,target_simd,loop_body,MULTIPLY_TO_ADD,high,a[i] += b[i] * c[i];,a[i] += b[i] + c[i];,"OMPVV_TEST_AND_SET(errors, (a[i] != 1 + (b[i] * c[i])))",target computes b+c instead of b*c,46,test_nested_target_simd_MULTIPLY_TO_ADD.c,"//===---- test_target_simd.c - Using simd directive inside of a terget region -===//
//
// OpenMP API Version 4.5 Nov 2015
//
// SIMD in OpenMP 4.5 does not have any API that allows us to confirm the creation
// of SIMD lanes, nor the use of SIMD instructions in any architecture. Hence, our
// tests are limited in that they check that the expected result is created, but
// assume nothing in how they are mapped into a particular architecture
//
// This test creates a regular for loop and uses the SIMD directive inside
// a target region then it checks that the values of the array are as expected
//===--------------------------------------------------------------------------===//
//
#include <omp.h>
#include <stdio.h>
#include <stdlib.h>
#include ""ompvv.h""

#define ARRAY_SIZE 1024

int test_target_simd() {
  OMPVV_INFOMSG(""test_target_simd"");
  OMPVV_WARNING(""This test cannot check if actual SIMD extensions at the hardware level""
                 "" were used, or of the generated code is different in any way"");

  // Variable for errors counting
  int errors = 0;

  int a[ARRAY_SIZE];
  int b[ARRAY_SIZE];
  int c[ARRAY_SIZE];
  int i;

  // a and b array initialization
  for (i = 0; i < ARRAY_SIZE; ++i) {
      a[i] = 1;
      b[i] = i;
      c[i] = 2 * i;
  }


#pragma omp target map(to: b[0:ARRAY_SIZE], c[0:ARRAY_SIZE]) map(tofrom: a[0:ARRAY_SIZE])
  {
#pragma omp simd
    for (i = 0; i < ARRAY_SIZE; ++i) {
        a[i] += b[i] * c[i];
    }
  }


  for (i = 0; i < ARRAY_SIZE; ++i) {
      OMPVV_TEST_AND_SET(errors, (a[i] != 1 + (b[i] * c[i])));
  }

  return errors;
}

int main() {
  OMPVV_TEST_OFFLOADING;

  int errors = 0;

  OMPVV_TEST_AND_SET_VERBOSE(errors, test_target_simd());

  OMPVV_REPORT_AND_RETURN(errors);
}
","//===---- test_target_simd.c - Using simd directive inside of a terget region -===//
//
// OpenMP API Version 4.5 Nov 2015
//
// SIMD in OpenMP 4.5 does not have any API that allows us to confirm the creation
// of SIMD lanes, nor the use of SIMD instructions in any architecture. Hence, our
// tests are limited in that they check that the expected result is created, but
// assume nothing in how they are mapped into a particular architecture
//
// This test creates a regular for loop and uses the SIMD directive inside
// a target region then it checks that the values of the array are as expected
//===--------------------------------------------------------------------------===//
//
#include <omp.h>
#include <stdio.h>
#include <stdlib.h>
#include ""ompvv.h""

#define ARRAY_SIZE 1024

int test_target_simd() {
  OMPVV_INFOMSG(""test_target_simd"");
  OMPVV_WARNING(""This test cannot check if actual SIMD extensions at the hardware level""
                 "" were used, or of the generated code is different in any way"");

  // Variable for errors counting
  int errors = 0;

  int a[ARRAY_SIZE];
  int b[ARRAY_SIZE];
  int c[ARRAY_SIZE];
  int i;

  // a and b array initialization
  for (i = 0; i < ARRAY_SIZE; ++i) {
      a[i] = 1;
      b[i] = i;
      c[i] = 2 * i;
  }


#pragma omp target map(to: b[0:ARRAY_SIZE], c[0:ARRAY_SIZE]) map(tofrom: a[0:ARRAY_SIZE])
  {
#pragma omp simd
    for (i = 0; i < ARRAY_SIZE; ++i) {
        a[i] += b[i] + c[i];
    }
  }


  for (i = 0; i < ARRAY_SIZE; ++i) {
      OMPVV_TEST_AND_SET(errors, (a[i] != 1 + (b[i] * c[i])));
  }

  return errors;
}

int main() {
  OMPVV_TEST_OFFLOADING;

  int errors = 0;

  OMPVV_TEST_AND_SET_VERBOSE(errors, test_target_simd());

  OMPVV_REPORT_AND_RETURN(errors);
}
",openmp_gpu_batch_4_optionA_full_multivariant.csv,False,failed,True,passed,,NEEDS_REVIEW,target_mapping,general_code,tests/4.5/target_simd,4.5,needs_review,False,needs_review
tests/4.5/target_simd/test_target_simd.c,target_simd,loop_body,MULTIPLY_TO_ADD,high,a[i] += b[i] * c[i];,a[i] += b[i] + c[i];,"OMPVV_TEST_AND_SET(errors, (a[i] != 1 + (b[i] * c[i])))",target simd computes b+c instead of b*c,44,test_target_simd_MULTIPLY_TO_ADD.c,"//===---- test_target_simd.c - Using combined construct target simd -===//
//
// OpenMP API Version 4.5 Nov 2015
//
// SIMD in OpenMP 4.5 does not have any API that allows us to confirm the creation
// of SIMD lanes, nor the use of SIMD instructions in any architecture. Hence, our
// tests are limited in that they check that the expected result is created, but
// assume nothing in how they are mapped into a particular architecture
//
// This test creates a regular for loop and uses the combined target simd directive
// then it checks that the values of the array are as expected
//===--------------------------------------------------------------------------===//
//
#include <omp.h>
#include <stdio.h>
#include <stdlib.h>
#include ""ompvv.h""

#define ARRAY_SIZE 1024

int test_target_simd() {
  OMPVV_INFOMSG(""test_target_simd"");
  OMPVV_WARNING(""This test cannot check if actual SIMD extensions at the hardware level""
                 "" were used, or of the generated code is different in any way"");

  // Variable for errors counting
  int errors = 0;

  int a[ARRAY_SIZE];
  int b[ARRAY_SIZE];
  int c[ARRAY_SIZE];
  int i;

  // a and b array initialization
  for (i = 0; i < ARRAY_SIZE; ++i) {
      a[i] = 1;
      b[i] = i;
      c[i] = 2 * i;
  }


#pragma omp target simd map(to: b[0:ARRAY_SIZE], c[0:ARRAY_SIZE]) map(tofrom: a[0:ARRAY_SIZE])
    for (i = 0; i < ARRAY_SIZE; ++i) {
        a[i] += b[i] * c[i];
    }


  for (i = 0; i < ARRAY_SIZE; ++i) {
      OMPVV_TEST_AND_SET(errors, (a[i] != 1 + (b[i] * c[i])));
  }

  return errors;
}

int main() {
  OMPVV_TEST_OFFLOADING;

  int errors = 0;

  OMPVV_TEST_AND_SET_VERBOSE(errors, test_target_simd());

  OMPVV_REPORT_AND_RETURN(errors);
}
","//===---- test_target_simd.c - Using combined construct target simd -===//
//
// OpenMP API Version 4.5 Nov 2015
//
// SIMD in OpenMP 4.5 does not have any API that allows us to confirm the creation
// of SIMD lanes, nor the use of SIMD instructions in any architecture. Hence, our
// tests are limited in that they check that the expected result is created, but
// assume nothing in how they are mapped into a particular architecture
//
// This test creates a regular for loop and uses the combined target simd directive
// then it checks that the values of the array are as expected
//===--------------------------------------------------------------------------===//
//
#include <omp.h>
#include <stdio.h>
#include <stdlib.h>
#include ""ompvv.h""

#define ARRAY_SIZE 1024

int test_target_simd() {
  OMPVV_INFOMSG(""test_target_simd"");
  OMPVV_WARNING(""This test cannot check if actual SIMD extensions at the hardware level""
                 "" were used, or of the generated code is different in any way"");

  // Variable for errors counting
  int errors = 0;

  int a[ARRAY_SIZE];
  int b[ARRAY_SIZE];
  int c[ARRAY_SIZE];
  int i;

  // a and b array initialization
  for (i = 0; i < ARRAY_SIZE; ++i) {
      a[i] = 1;
      b[i] = i;
      c[i] = 2 * i;
  }


#pragma omp target simd map(to: b[0:ARRAY_SIZE], c[0:ARRAY_SIZE]) map(tofrom: a[0:ARRAY_SIZE])
    for (i = 0; i < ARRAY_SIZE; ++i) {
        a[i] += b[i] + c[i];
    }


  for (i = 0; i < ARRAY_SIZE; ++i) {
      OMPVV_TEST_AND_SET(errors, (a[i] != 1 + (b[i] * c[i])));
  }

  return errors;
}

int main() {
  OMPVV_TEST_OFFLOADING;

  int errors = 0;

  OMPVV_TEST_AND_SET_VERBOSE(errors, test_target_simd());

  OMPVV_REPORT_AND_RETURN(errors);
}
",openmp_gpu_batch_4_optionA_full_multivariant.csv,False,failed,True,passed,,NEEDS_REVIEW,target_mapping,general_code,tests/4.5/target_simd,4.5,needs_review,False,needs_review
tests/4.5/target_teams_distribute/test_target_teams_distribute_default_none.c,target_teams_distribute,loop_body,MULTIPLY_TO_ADD,high,d[x] = c[x] * privatized;,d[x] = c[x] + privatized;,checks d[x] == (1 + x)*2*x,uses addition instead of multiplication,47,test_target_teams_distribute_default_none_MULTIPLY_TO_ADD.c,"//===--- test_target_teams_distribute_default_none.c-------------------------===//
//
// OpenMP API Version 4.5 Nov 2015
//
// This tests uses the default(none) clause on a target teams distribute test.
// The test aims to validate that all values will not have default data sharing
// attributes.
//
////===----------------------------------------------------------------------===//

#include <omp.h>
#include <stdio.h>
#include <stdlib.h>
#include ""ompvv.h""

#define N 1024

int main() {
  int is_offloading = 0;
  OMPVV_TEST_AND_SET_OFFLOADING(is_offloading);
  OMPVV_WARNING(""Test only uses default(none) clause and does not guarantee that the default(none) is enforced."");
  int a[N];
  int b[N];
  int c[N];
  int d[N];
  int privatized;
  int num_teams;
  int share = 0;
  int x;
  int errors = 0;

  for (int x = 0; x < N; ++x) {
    a[x] = 1;
    b[x] = x;
    c[x] = 2*x;
    d[x] = 0;
  }

#pragma omp target data map(from: d[0:N], num_teams) map(to: a[0:N], b[0:N], c[0:N])
  {
#pragma omp target teams distribute default(none) shared(a, b, c, d, num_teams) private(x, privatized) num_teams(OMPVV_NUM_TEAMS_DEVICE)
    for (x = 0; x < N; ++x) {
      privatized = 0;
      for (int y = 0; y < a[x] + b[x]; ++y) {
        privatized++;
      }
      d[x] = c[x] * privatized;
      if (omp_get_team_num() == 0) {
        num_teams = omp_get_num_teams();
      }
    }
  }

  OMPVV_WARNING_IF(num_teams == 1, ""The number of teams was 1. This is not a specification error but we could not guarantee parallelism of teams."");

  for (x = 0; x < N; ++x) {
    OMPVV_TEST_AND_SET_VERBOSE(errors, (d[x] != (1 + x)*2*x));
    if (d[x] != (1 + x)*2*x) {
      break;
    }
  }

#pragma omp target data map(from: num_teams) map(to: b[0:N])
  {
#pragma omp target teams distribute default(none) private(x) shared(share, b, num_teams) defaultmap(tofrom:scalar) num_teams(OMPVV_NUM_TEAMS_DEVICE)
    for (x = 0; x < N; ++x) {
#pragma omp atomic update
      share = share + b[x];
      if (omp_get_team_num() == 0) {
        num_teams = omp_get_num_teams();
      }
    }
  }

  OMPVV_WARNING_IF(num_teams == 1, ""The number of teams was 1. This is not a specification error but we could not guarantee parallelism of teams."");

  for (int x = 0; x < N; ++x) {
    share = share - x;
  }
  OMPVV_TEST_AND_SET_VERBOSE(errors, (share != 0));

  OMPVV_REPORT_AND_RETURN(errors);
}
","//===--- test_target_teams_distribute_default_none.c-------------------------===//
//
// OpenMP API Version 4.5 Nov 2015
//
// This tests uses the default(none) clause on a target teams distribute test.
// The test aims to validate that all values will not have default data sharing
// attributes.
//
////===----------------------------------------------------------------------===//

#include <omp.h>
#include <stdio.h>
#include <stdlib.h>
#include ""ompvv.h""

#define N 1024

int main() {
  int is_offloading = 0;
  OMPVV_TEST_AND_SET_OFFLOADING(is_offloading);
  OMPVV_WARNING(""Test only uses default(none) clause and does not guarantee that the default(none) is enforced."");
  int a[N];
  int b[N];
  int c[N];
  int d[N];
  int privatized;
  int num_teams;
  int share = 0;
  int x;
  int errors = 0;

  for (int x = 0; x < N; ++x) {
    a[x] = 1;
    b[x] = x;
    c[x] = 2*x;
    d[x] = 0;
  }

#pragma omp target data map(from: d[0:N], num_teams) map(to: a[0:N], b[0:N], c[0:N])
  {
#pragma omp target teams distribute default(none) shared(a, b, c, d, num_teams) private(x, privatized) num_teams(OMPVV_NUM_TEAMS_DEVICE)
    for (x = 0; x < N; ++x) {
      privatized = 0;
      for (int y = 0; y < a[x] + b[x]; ++y) {
        privatized++;
      }
      d[x] = c[x] + privatized;
      if (omp_get_team_num() == 0) {
        num_teams = omp_get_num_teams();
      }
    }
  }

  OMPVV_WARNING_IF(num_teams == 1, ""The number of teams was 1. This is not a specification error but we could not guarantee parallelism of teams."");

  for (x = 0; x < N; ++x) {
    OMPVV_TEST_AND_SET_VERBOSE(errors, (d[x] != (1 + x)*2*x));
    if (d[x] != (1 + x)*2*x) {
      break;
    }
  }

#pragma omp target data map(from: num_teams) map(to: b[0:N])
  {
#pragma omp target teams distribute default(none) private(x) shared(share, b, num_teams) defaultmap(tofrom:scalar) num_teams(OMPVV_NUM_TEAMS_DEVICE)
    for (x = 0; x < N; ++x) {
#pragma omp atomic update
      share = share + b[x];
      if (omp_get_team_num() == 0) {
        num_teams = omp_get_num_teams();
      }
    }
  }

  OMPVV_WARNING_IF(num_teams == 1, ""The number of teams was 1. This is not a specification error but we could not guarantee parallelism of teams."");

  for (int x = 0; x < N; ++x) {
    share = share - x;
  }
  OMPVV_TEST_AND_SET_VERBOSE(errors, (share != 0));

  OMPVV_REPORT_AND_RETURN(errors);
}
",openmp_gpu_batch_7_optionA_full_multivariant.csv,False,failed,True,passed,,NEEDS_REVIEW,target_mapping,general_code,tests/4.5/target_teams_distribute,4.5,needs_review,False,needs_review
tests/4.5/target_teams_distribute/test_target_teams_distribute_is_device_ptr.c,target_teams_distribute,loop_body,MULTIPLY_TO_ADD,high,c[x] = b[x] * b[x];,c[x] = b[x] + b[x];,checks a[x] == 1 + b[x] + b[x]*b[x],device buffer stores 2*b instead of b*b,40,test_target_teams_distribute_is_device_ptr_MULTIPLY_TO_ADD.c,"//===--- test_target_teams_distribute_is_device_ptr.c------------------------===//
//
// OpenMP API Version 4.5 Nov 2015
//
// This test uses is_device_ptr clause to indicate that the parameter that is
// given is already an address to the data on the device.  The parameter is set
// using the omp_target_alloc which returns the pointer to the location on the
// target that was allocated.
//
////===----------------------------------------------------------------------===//

#include <omp.h>
#include <stdio.h>
#include <stdlib.h>
#include ""ompvv.h""

#define SIZE_THRESHOLD 512
#define ARRAY_SIZE 1024

int main() {
  OMPVV_TEST_OFFLOADING;
  OMPVV_INFOMSG(""test target_teams_distribute_is_device_ptr"");

  int a[ARRAY_SIZE];
  int b[ARRAY_SIZE];
  int *c = (int *)omp_target_alloc(ARRAY_SIZE * sizeof(int), omp_get_default_device());
  int errors = 0;

  if (!c) {
    OMPVV_WARNING(""Test was unable to allocate memory on device.  Test could not procede."");
    OMPVV_REPORT_AND_RETURN(errors);
  } else {
    for (int x = 0; x < ARRAY_SIZE; ++x) {
      a[x] = 1;
      b[x] = x;
    }

#pragma omp target teams distribute is_device_ptr(c) map(tofrom: a[0:ARRAY_SIZE]) map(to: b[0:ARRAY_SIZE])
    for (int x = 0; x < ARRAY_SIZE; ++x) {
      c[x] = b[x] * b[x];
      a[x] += c[x] + b[x];
    }

    for (int x = 0; x < ARRAY_SIZE; ++x) {
      OMPVV_TEST_AND_SET_VERBOSE(errors, (a[x] != 1 + b[x] + b[x] * b[x]));
      if (a[x] != 1 + b[x] + b[x] * b[x]) {
        break;
      }
    }

    omp_target_free (c, omp_get_default_device());

    OMPVV_REPORT_AND_RETURN(errors);
  }
}
","//===--- test_target_teams_distribute_is_device_ptr.c------------------------===//
//
// OpenMP API Version 4.5 Nov 2015
//
// This test uses is_device_ptr clause to indicate that the parameter that is
// given is already an address to the data on the device.  The parameter is set
// using the omp_target_alloc which returns the pointer to the location on the
// target that was allocated.
//
////===----------------------------------------------------------------------===//

#include <omp.h>
#include <stdio.h>
#include <stdlib.h>
#include ""ompvv.h""

#define SIZE_THRESHOLD 512
#define ARRAY_SIZE 1024

int main() {
  OMPVV_TEST_OFFLOADING;
  OMPVV_INFOMSG(""test target_teams_distribute_is_device_ptr"");

  int a[ARRAY_SIZE];
  int b[ARRAY_SIZE];
  int *c = (int *)omp_target_alloc(ARRAY_SIZE * sizeof(int), omp_get_default_device());
  int errors = 0;

  if (!c) {
    OMPVV_WARNING(""Test was unable to allocate memory on device.  Test could not procede."");
    OMPVV_REPORT_AND_RETURN(errors);
  } else {
    for (int x = 0; x < ARRAY_SIZE; ++x) {
      a[x] = 1;
      b[x] = x;
    }

#pragma omp target teams distribute is_device_ptr(c) map(tofrom: a[0:ARRAY_SIZE]) map(to: b[0:ARRAY_SIZE])
    for (int x = 0; x < ARRAY_SIZE; ++x) {
      c[x] = b[x] + b[x];
      a[x] += c[x] + b[x];
    }

    for (int x = 0; x < ARRAY_SIZE; ++x) {
      OMPVV_TEST_AND_SET_VERBOSE(errors, (a[x] != 1 + b[x] + b[x] * b[x]));
      if (a[x] != 1 + b[x] + b[x] * b[x]) {
        break;
      }
    }

    omp_target_free (c, omp_get_default_device());

    OMPVV_REPORT_AND_RETURN(errors);
  }
}
",openmp_gpu_batch_8_optionA_full_multivariant.csv,False,failed,True,passed,,NEEDS_REVIEW,target_mapping,general_code,tests/4.5/target_teams_distribute,4.5,needs_review,False,needs_review
tests/4.5/target_teams_distribute/test_target_teams_distribute_private.c,target_teams_distribute,loop_body,MULTIPLY_TO_ADD,high,d[x] = c[x] * privatized;,d[x] = c[x] + privatized;,checks d[x] == (1+x)*2*x,uses addition instead of multiplication,50,test_target_teams_distribute_private_MULTIPLY_TO_ADD.c,"//===--- test_target_teams_distribute_private.c------------------------------===//
//
// OpenMP API Version 4.5 Nov 2015
//
// This test uses the private clause on a target teams distribute directive to
// indicate that the variable in the private clause should be made private to
// each team executing the teams distribute region.  The test then operates on
// the privatized variable in such a way that would most likely cause competing
// operations if the variable is not privatized.  If the computation completes
// without errors, we assume that the privatization occured.
//
////===----------------------------------------------------------------------===//

#include <omp.h>
#include <stdio.h>
#include <stdlib.h>
#include ""ompvv.h""

#define SIZE 1024

int main() {
  int isOffloading = 0;
  OMPVV_TEST_AND_SET_OFFLOADING(isOffloading);
  int a[SIZE];
  int b[SIZE];
  int c[SIZE];
  int d[SIZE];
  int privatized;
  int errors = 0;
  int num_teams = -1;

  for (int x = 0; x < SIZE; ++x) {
    a[x] = 1;
    b[x] = x;
    c[x] = 2*x;
    d[x] = 0;
  }

#pragma omp target data map(from: d[0:SIZE]) map(to: a[0:SIZE], b[0:SIZE], c[0:SIZE])
  {
#pragma omp target teams distribute private(privatized) map(alloc: a[0:SIZE], b[0:SIZE], c[0:SIZE], d[0:SIZE]) map(tofrom: num_teams) num_teams(OMPVV_NUM_TEAMS_DEVICE)
    for (int x = 0; x < SIZE; ++x) {
      if (omp_get_team_num() == 0) {
        num_teams = omp_get_num_teams();
      }
      privatized = 0;
      for (int y = 0; y < a[x] + b[x]; ++y) {
        privatized++;
      }
      d[x] = c[x] * privatized;
    }
  }

  for (int x = 0; x < SIZE; ++x) {
    OMPVV_TEST_AND_SET_VERBOSE(errors, d[x] != (1 + x)*2*x);
    if (d[x] != (1 + x)*2*x) {
      break;
    }
  }

  OMPVV_WARNING_IF(num_teams == 1, ""Test ran with one team. Results of private test are inconclusive."");
  OMPVV_TEST_AND_SET_VERBOSE(errors, num_teams < 1);

  OMPVV_REPORT_AND_RETURN(errors);
}
","//===--- test_target_teams_distribute_private.c------------------------------===//
//
// OpenMP API Version 4.5 Nov 2015
//
// This test uses the private clause on a target teams distribute directive to
// indicate that the variable in the private clause should be made private to
// each team executing the teams distribute region.  The test then operates on
// the privatized variable in such a way that would most likely cause competing
// operations if the variable is not privatized.  If the computation completes
// without errors, we assume that the privatization occured.
//
////===----------------------------------------------------------------------===//

#include <omp.h>
#include <stdio.h>
#include <stdlib.h>
#include ""ompvv.h""

#define SIZE 1024

int main() {
  int isOffloading = 0;
  OMPVV_TEST_AND_SET_OFFLOADING(isOffloading);
  int a[SIZE];
  int b[SIZE];
  int c[SIZE];
  int d[SIZE];
  int privatized;
  int errors = 0;
  int num_teams = -1;

  for (int x = 0; x < SIZE; ++x) {
    a[x] = 1;
    b[x] = x;
    c[x] = 2*x;
    d[x] = 0;
  }

#pragma omp target data map(from: d[0:SIZE]) map(to: a[0:SIZE], b[0:SIZE], c[0:SIZE])
  {
#pragma omp target teams distribute private(privatized) map(alloc: a[0:SIZE], b[0:SIZE], c[0:SIZE], d[0:SIZE]) map(tofrom: num_teams) num_teams(OMPVV_NUM_TEAMS_DEVICE)
    for (int x = 0; x < SIZE; ++x) {
      if (omp_get_team_num() == 0) {
        num_teams = omp_get_num_teams();
      }
      privatized = 0;
      for (int y = 0; y < a[x] + b[x]; ++y) {
        privatized++;
      }
      d[x] = c[x] + privatized;
    }
  }

  for (int x = 0; x < SIZE; ++x) {
    OMPVV_TEST_AND_SET_VERBOSE(errors, d[x] != (1 + x)*2*x);
    if (d[x] != (1 + x)*2*x) {
      break;
    }
  }

  OMPVV_WARNING_IF(num_teams == 1, ""Test ran with one team. Results of private test are inconclusive."");
  OMPVV_TEST_AND_SET_VERBOSE(errors, num_teams < 1);

  OMPVV_REPORT_AND_RETURN(errors);
}
",openmp_gpu_batch_8_optionA_full_multivariant.csv,False,failed,True,passed,,NEEDS_REVIEW,target_mapping,general_code,tests/4.5/target_teams_distribute,4.5,needs_review,False,needs_review
tests/4.5/target_teams_distribute_parallel_for/test_target_teams_distribute_parallel_for.c,target_teams_distribute_parallel_for,loop_body,MULTIPLY_TO_ADD,high,a[i] += b[i] * c[i];,a[i] += b[i] + c[i];,"OMPVV_TEST_AND_SET(errors, (a[i] != 1 + (b[i] * c[i])))",target teams loop computes b+c instead of b*c,44,test_target_teams_distribute_parallel_for_MULTIPLY_TO_ADD.c,"//===---- test_target_teams_distribute_parallel_for.c - combined consutrct -===//
//
// OpenMP API Version 4.5 Nov 2015
//
// testing the combined construct target teams distribute parallel for
//
//===----------------------------------------------------------------------------------===//
//
#include <omp.h>
#include <stdio.h>
#include <stdlib.h>
#include ""ompvv.h""

#define ARRAY_SIZE 1024

int test_target_teams_distribute_parallel_for() {
  OMPVV_INFOMSG(""test_target_teams_distribute_parallel_for"");

  // Variable for errors counting
  int errors = 0;

  int a[ARRAY_SIZE];
  int b[ARRAY_SIZE];
  int c[ARRAY_SIZE];
  int num_teams = 0;
  int num_threads[ARRAY_SIZE];
  int alert_num_threads = 0;
  int i;

  // a and b array initialization
  for (i = 0; i < ARRAY_SIZE; ++i) {
    a[i] = 1;
    b[i] = i;
    c[i] = 2 * i;
    num_threads[i] = 0;
  }


#pragma omp target teams distribute parallel for map(from:num_teams, num_threads) num_teams(OMPVV_NUM_TEAMS_DEVICE) num_threads(OMPVV_NUM_THREADS_DEVICE)
  for (i = 0; i < ARRAY_SIZE; ++i) {
#pragma omp atomic write
    num_teams = omp_get_num_teams();
    num_threads[i] = omp_get_num_threads();
    a[i] += b[i] * c[i];
  }


  for (i = 0; i < ARRAY_SIZE; ++i) {
    OMPVV_TEST_AND_SET(errors, (a[i] != 1 + (b[i] * c[i])));
    if (num_threads[i] == 1) {
      alert_num_threads++;
    }
  }

  // Rise lack of parallelism alerts
  if (num_teams == 1) {
    OMPVV_WARNING(""Test operated with one team.  Parallelism of teams distribute can't be guaranteed."");
  }
  if (alert_num_threads == ARRAY_SIZE) {
    OMPVV_WARNING(""Test operated with one thread in all the teams. Parallel clause had no effect"");
  }

  return errors;
}

// Test for OpenMP 4.5 target data with if
int main() {
  OMPVV_TEST_OFFLOADING;

  int errors = 0;

  OMPVV_TEST_AND_SET_VERBOSE(errors, test_target_teams_distribute_parallel_for());

  OMPVV_REPORT_AND_RETURN(errors);
}
","//===---- test_target_teams_distribute_parallel_for.c - combined consutrct -===//
//
// OpenMP API Version 4.5 Nov 2015
//
// testing the combined construct target teams distribute parallel for
//
//===----------------------------------------------------------------------------------===//
//
#include <omp.h>
#include <stdio.h>
#include <stdlib.h>
#include ""ompvv.h""

#define ARRAY_SIZE 1024

int test_target_teams_distribute_parallel_for() {
  OMPVV_INFOMSG(""test_target_teams_distribute_parallel_for"");

  // Variable for errors counting
  int errors = 0;

  int a[ARRAY_SIZE];
  int b[ARRAY_SIZE];
  int c[ARRAY_SIZE];
  int num_teams = 0;
  int num_threads[ARRAY_SIZE];
  int alert_num_threads = 0;
  int i;

  // a and b array initialization
  for (i = 0; i < ARRAY_SIZE; ++i) {
    a[i] = 1;
    b[i] = i;
    c[i] = 2 * i;
    num_threads[i] = 0;
  }


#pragma omp target teams distribute parallel for map(from:num_teams, num_threads) num_teams(OMPVV_NUM_TEAMS_DEVICE) num_threads(OMPVV_NUM_THREADS_DEVICE)
  for (i = 0; i < ARRAY_SIZE; ++i) {
#pragma omp atomic write
    num_teams = omp_get_num_teams();
    num_threads[i] = omp_get_num_threads();
    a[i] += b[i] + c[i];
  }


  for (i = 0; i < ARRAY_SIZE; ++i) {
    OMPVV_TEST_AND_SET(errors, (a[i] != 1 + (b[i] * c[i])));
    if (num_threads[i] == 1) {
      alert_num_threads++;
    }
  }

  // Rise lack of parallelism alerts
  if (num_teams == 1) {
    OMPVV_WARNING(""Test operated with one team.  Parallelism of teams distribute can't be guaranteed."");
  }
  if (alert_num_threads == ARRAY_SIZE) {
    OMPVV_WARNING(""Test operated with one thread in all the teams. Parallel clause had no effect"");
  }

  return errors;
}

// Test for OpenMP 4.5 target data with if
int main() {
  OMPVV_TEST_OFFLOADING;

  int errors = 0;

  OMPVV_TEST_AND_SET_VERBOSE(errors, test_target_teams_distribute_parallel_for());

  OMPVV_REPORT_AND_RETURN(errors);
}
",openmp_gpu_batch_4_optionA_full_multivariant.csv,False,failed,True,passed,,NEEDS_REVIEW,target_mapping,general_code,tests/4.5/target_teams_distribute_parallel_for,4.5,needs_review,False,needs_review
tests/4.5/target_teams_distribute_parallel_for/test_target_teams_distribute_parallel_for_firstprivate.c,target_teams_distribute_parallel_for,loop_body,MULTIPLY_TO_ADD,high,d[j] = c[j] * privatized;,d[j] = c[j] + privatized;,oracle checks d[i] == (10 + 1 + i)*2*i,target computation uses addition instead of multiplication,55,test_target_teams_firstprivate_MULTIPLY_TO_ADD.c,"//===---- test_target_teams_distribute_parallel_for_firstprivate.c - combined consutrct -===//
//
// OpenMP API Version 4.5 Nov 2015
//
// This test check for a private variable within a pragma omp target teams distribute
// parallel for that is initialized from the host through firstprivate clause
// We use a private variable within a for loop and asign it every iteration
// hoping that we won't get into data races. We do this multiple times to improve
// test
//
//===-------------------------------------------------------------------------------===//

#include <omp.h>
#include ""ompvv.h""
#include <stdio.h>

#define SIZE_N 1024

int test_target_teams_distribute_parallel_for_firstprivate() {
  OMPVV_INFOMSG(""test_target_teams_distribute_parallel_for_firstprivate"");

  int a[SIZE_N];
  int b[SIZE_N];
  int c[SIZE_N];
  int d[SIZE_N];
  int firstized = 10;
  int privatized;
  int reported_num_teams[SIZE_N];
  int reported_team_num[SIZE_N];
  int reported_num_threads[SIZE_N];
  int errors = 0;
  int i, j, dev;

  // array initialization
  for (i = 0; i < SIZE_N; i++) {
    a[i] = 1;
    b[i] = i;
    c[i] = 2*i;
    d[i] = 0;
  }

  // check multiple sizes.
#pragma omp target data map(to: a[0:SIZE_N], b[0:SIZE_N], c[0:SIZE_N])
  {
#pragma omp target teams distribute parallel for firstprivate(privatized, firstized, i) num_teams(OMPVV_NUM_TEAMS_DEVICE) num_threads(OMPVV_NUM_THREADS_DEVICE)
      for (j = 0; j < SIZE_N; ++j) {
        reported_num_teams[j] = omp_get_num_teams();
        reported_num_threads[j] = omp_get_num_threads();
        reported_team_num[j] = omp_get_team_num();
        privatized = 0;
        for (i = 0; i < a[j] + b[j]; ++i) {
          privatized++;
        }
        privatized += firstized;
        d[j] = c[j] * privatized;
      }
  }

  // Checking for reported teams and number of threads
  OMPVV_WARNING_IF(reported_num_teams[0] == 1, ""Number of teams reported was 1, test cannot assert privatization across teams"");
  // To have a single warning for threds. diff teams could have different number of threads, we warn if all are 1
  int warning_threads = 0;
  for (i = 0; i < SIZE_N; i++) {
    if (reported_num_threads[i] == 1)
      warning_threads++;
    if (i > 0) {
      OMPVV_ERROR_IF(reported_num_teams[i] != reported_num_teams[i-1], ""Discrepancy in the reported number of teams across teams"");
      if (reported_team_num[i] == reported_team_num[i-1] && reported_num_threads[i] != reported_num_threads[i-1])
        OMPVV_ERROR(""Discrepancy in the reported number of threads inside a single team"");
    }
  }
  OMPVV_WARNING_IF(warning_threads == SIZE_N, ""Number of threads was 1 for all teams. test cannot assert privatization across teams"");
  // Checking for the expected values
  for (i = 0; i < SIZE_N; i++) {
    // 10 = initial value of privatized + 1 initial value of a[i]
    // + i initial value of b[i]
    OMPVV_TEST_AND_SET(errors, d[i] != (10 + 1 + i)*2*i);
  }

  return errors;
}

// Test for OpenMP 4.5 target enter data with if
int main() {
  OMPVV_TEST_OFFLOADING;
  int errors = 0;

  OMPVV_TEST_AND_SET_VERBOSE(errors, test_target_teams_distribute_parallel_for_firstprivate());

  OMPVV_REPORT_AND_RETURN(errors);
}
","//===---- test_target_teams_distribute_parallel_for_firstprivate.c - combined consutrct -===//
//
// OpenMP API Version 4.5 Nov 2015
//
// This test check for a private variable within a pragma omp target teams distribute
// parallel for that is initialized from the host through firstprivate clause
// We use a private variable within a for loop and asign it every iteration
// hoping that we won't get into data races. We do this multiple times to improve
// test
//
//===-------------------------------------------------------------------------------===//

#include <omp.h>
#include ""ompvv.h""
#include <stdio.h>

#define SIZE_N 1024

int test_target_teams_distribute_parallel_for_firstprivate() {
  OMPVV_INFOMSG(""test_target_teams_distribute_parallel_for_firstprivate"");

  int a[SIZE_N];
  int b[SIZE_N];
  int c[SIZE_N];
  int d[SIZE_N];
  int firstized = 10;
  int privatized;
  int reported_num_teams[SIZE_N];
  int reported_team_num[SIZE_N];
  int reported_num_threads[SIZE_N];
  int errors = 0;
  int i, j, dev;

  // array initialization
  for (i = 0; i < SIZE_N; i++) {
    a[i] = 1;
    b[i] = i;
    c[i] = 2*i;
    d[i] = 0;
  }

  // check multiple sizes.
#pragma omp target data map(to: a[0:SIZE_N], b[0:SIZE_N], c[0:SIZE_N])
  {
#pragma omp target teams distribute parallel for firstprivate(privatized, firstized, i) num_teams(OMPVV_NUM_TEAMS_DEVICE) num_threads(OMPVV_NUM_THREADS_DEVICE)
      for (j = 0; j < SIZE_N; ++j) {
        reported_num_teams[j] = omp_get_num_teams();
        reported_num_threads[j] = omp_get_num_threads();
        reported_team_num[j] = omp_get_team_num();
        privatized = 0;
        for (i = 0; i < a[j] + b[j]; ++i) {
          privatized++;
        }
        privatized += firstized;
        d[j] = c[j] + privatized;
      }
  }

  // Checking for reported teams and number of threads
  OMPVV_WARNING_IF(reported_num_teams[0] == 1, ""Number of teams reported was 1, test cannot assert privatization across teams"");
  // To have a single warning for threds. diff teams could have different number of threads, we warn if all are 1
  int warning_threads = 0;
  for (i = 0; i < SIZE_N; i++) {
    if (reported_num_threads[i] == 1)
      warning_threads++;
    if (i > 0) {
      OMPVV_ERROR_IF(reported_num_teams[i] != reported_num_teams[i-1], ""Discrepancy in the reported number of teams across teams"");
      if (reported_team_num[i] == reported_team_num[i-1] && reported_num_threads[i] != reported_num_threads[i-1])
        OMPVV_ERROR(""Discrepancy in the reported number of threads inside a single team"");
    }
  }
  OMPVV_WARNING_IF(warning_threads == SIZE_N, ""Number of threads was 1 for all teams. test cannot assert privatization across teams"");
  // Checking for the expected values
  for (i = 0; i < SIZE_N; i++) {
    // 10 = initial value of privatized + 1 initial value of a[i]
    // + i initial value of b[i]
    OMPVV_TEST_AND_SET(errors, d[i] != (10 + 1 + i)*2*i);
  }

  return errors;
}

// Test for OpenMP 4.5 target enter data with if
int main() {
  OMPVV_TEST_OFFLOADING;
  int errors = 0;

  OMPVV_TEST_AND_SET_VERBOSE(errors, test_target_teams_distribute_parallel_for_firstprivate());

  OMPVV_REPORT_AND_RETURN(errors);
}
",openmp_gpu_batch_5_optionA_full_multivariant.csv,False,failed,True,passed,,NEEDS_REVIEW,target_mapping,general_code,tests/4.5/target_teams_distribute_parallel_for,4.5,needs_review,False,needs_review
tests/4.5/target_teams_distribute_parallel_for/test_target_teams_distribute_parallel_for_map_default.c,target_teams_distribute_parallel_for,loop_body,MULTIPLY_TO_ADD,high,d[j] += c[j] * (a[j] + b[j] + scalar);,d[j] += c[j] + (a[j] + b[j] + scalar);,oracle checks d[i] == (1 + i + 20) * 2*i,target loop computes addition instead of multiplication,44,test_target_teams_map_default_MULTIPLY_TO_ADD.c,"//===---- test_target_teams_distribute_parallel_for_map_default.c -----------===//
//
// OpenMP API Version 4.5 Nov 2015
//
// test the mapping of arrays by default. The expected behavior is that all
// the arrays are mapped tofrom by default.
//
//===------------------------------------------------------------------------===//

#include <omp.h>
#include ""ompvv.h""
#include <stdio.h>

#define N 2000

int test_target_teams_distribute_parallel_for_map_default() {
  OMPVV_INFOMSG(""test_target_teams_distribute_parallel_for_devices"");

  int a[N];
  int b[N];
  int c[N];
  int d[N];
  int scalar = 20;
  int scalar2 = -1;
  int errors = 0;
  int i, j, dev;

  // array initialization
  for (i = 0; i < N; i++) {
    a[i] = 1;
    b[i] = i;
    c[i] = 2*i;
    d[i] = 0;
  }


#pragma omp target teams distribute parallel for
  for (j = 0; j < N; ++j) {
    // scalar is firstprivate for the target region, but
    // in a parallel construct, if not default clause is present
    // the variable is shared. Hence scalar = any other value
    // could cause a data race.
    // See page 182, line 1.
    d[j] += c[j] * (a[j] + b[j] + scalar);
#pragma omp atomic write
    scalar2 = j;
  } // atomic prevents indeterminacy from simultaneous writes
    // since scalar2 is shared implicitly.

  for (i = 0; i < N; i++) {
    OMPVV_TEST_AND_SET(errors, d[i] != (1 + i + 20) * 2*i);
  }

  return errors;
}

// Test for OpenMP 4.5 target enter data with if
int main() {
  OMPVV_TEST_OFFLOADING;
  int errors = 0;

  OMPVV_TEST_AND_SET_VERBOSE(errors, test_target_teams_distribute_parallel_for_map_default());

  OMPVV_REPORT_AND_RETURN(errors);
}
","//===---- test_target_teams_distribute_parallel_for_map_default.c -----------===//
//
// OpenMP API Version 4.5 Nov 2015
//
// test the mapping of arrays by default. The expected behavior is that all
// the arrays are mapped tofrom by default.
//
//===------------------------------------------------------------------------===//

#include <omp.h>
#include ""ompvv.h""
#include <stdio.h>

#define N 2000

int test_target_teams_distribute_parallel_for_map_default() {
  OMPVV_INFOMSG(""test_target_teams_distribute_parallel_for_devices"");

  int a[N];
  int b[N];
  int c[N];
  int d[N];
  int scalar = 20;
  int scalar2 = -1;
  int errors = 0;
  int i, j, dev;

  // array initialization
  for (i = 0; i < N; i++) {
    a[i] = 1;
    b[i] = i;
    c[i] = 2*i;
    d[i] = 0;
  }


#pragma omp target teams distribute parallel for
  for (j = 0; j < N; ++j) {
    // scalar is firstprivate for the target region, but
    // in a parallel construct, if not default clause is present
    // the variable is shared. Hence scalar = any other value
    // could cause a data race.
    // See page 182, line 1.
    d[j] += c[j] + (a[j] + b[j] + scalar);
#pragma omp atomic write
    scalar2 = j;
  } // atomic prevents indeterminacy from simultaneous writes
    // since scalar2 is shared implicitly.

  for (i = 0; i < N; i++) {
    OMPVV_TEST_AND_SET(errors, d[i] != (1 + i + 20) * 2*i);
  }

  return errors;
}

// Test for OpenMP 4.5 target enter data with if
int main() {
  OMPVV_TEST_OFFLOADING;
  int errors = 0;

  OMPVV_TEST_AND_SET_VERBOSE(errors, test_target_teams_distribute_parallel_for_map_default());

  OMPVV_REPORT_AND_RETURN(errors);
}
",openmp_gpu_batch_5_optionA_full_multivariant.csv,False,failed,True,passed,,NEEDS_REVIEW,target_mapping,general_code,tests/4.5/target_teams_distribute_parallel_for,4.5,needs_review,False,needs_review
tests/4.5/target_teams_distribute_parallel_for/test_target_teams_distribute_parallel_for_map_to.c,target_teams_distribute_parallel_for,loop_body,MULTIPLY_TO_ADD,high,d[j] = (a[j] + b[j]) * scalar;,d[j] = (a[j] + b[j]) + scalar;,oracle checks d[i] == (1 + i) * 50,target computation uses addition instead of multiplication,35,test_target_teams_map_to_MULTIPLY_TO_ADD.c,"//===---- test_target_teams_distribute_parallel_for_map_to.c ----------------===//
//
// OpenMP API Version 4.5 Nov 2015
//
// Testing the mapping of arrays and scalar through the map clause with the
// to map-modifier.
//
//===------------------------------------------------------------------------===//

#include <omp.h>
#include ""ompvv.h""
#include <stdio.h>

#define N 2000

int test_target_teams_distribute_parallel_for_map_to() {
  OMPVV_INFOMSG(""test_target_teams_distribute_parallel_for_map_to"");

  int a[N];
  int b[N];
  int d[N];
  int scalar = 50; // This one is to test the to of an scalar
  int errors = 0;
  int i, j;

  // array initialization
  for (i = 0; i < N; i++) {
    a[i] = 1;
    b[i] = i;
    d[i] = 0;
  }

#pragma omp target teams distribute parallel for map(to: a, b, scalar) map(tofrom: d)
    for (j = 0; j < N; ++j) {
      d[j] = (a[j] + b[j]) * scalar;
    }

  for (i = 0; i < N; i++) {
    OMPVV_TEST_AND_SET(errors, d[i] != (1 + i) * 50);
  }

  return errors;
}

int main() {
  OMPVV_TEST_OFFLOADING;
  int errors = 0;

  OMPVV_TEST_AND_SET_VERBOSE(errors, test_target_teams_distribute_parallel_for_map_to());

  OMPVV_REPORT_AND_RETURN(errors);
}
","//===---- test_target_teams_distribute_parallel_for_map_to.c ----------------===//
//
// OpenMP API Version 4.5 Nov 2015
//
// Testing the mapping of arrays and scalar through the map clause with the
// to map-modifier.
//
//===------------------------------------------------------------------------===//

#include <omp.h>
#include ""ompvv.h""
#include <stdio.h>

#define N 2000

int test_target_teams_distribute_parallel_for_map_to() {
  OMPVV_INFOMSG(""test_target_teams_distribute_parallel_for_map_to"");

  int a[N];
  int b[N];
  int d[N];
  int scalar = 50; // This one is to test the to of an scalar
  int errors = 0;
  int i, j;

  // array initialization
  for (i = 0; i < N; i++) {
    a[i] = 1;
    b[i] = i;
    d[i] = 0;
  }

#pragma omp target teams distribute parallel for map(to: a, b, scalar) map(tofrom: d)
    for (j = 0; j < N; ++j) {
      d[j] = (a[j] + b[j]) + scalar;
    }

  for (i = 0; i < N; i++) {
    OMPVV_TEST_AND_SET(errors, d[i] != (1 + i) * 50);
  }

  return errors;
}

int main() {
  OMPVV_TEST_OFFLOADING;
  int errors = 0;

  OMPVV_TEST_AND_SET_VERBOSE(errors, test_target_teams_distribute_parallel_for_map_to());

  OMPVV_REPORT_AND_RETURN(errors);
}
",openmp_gpu_batch_5_optionA_full_multivariant.csv,False,failed,True,passed,,NEEDS_REVIEW,target_mapping,general_code,tests/4.5/target_teams_distribute_parallel_for,4.5,needs_review,False,needs_review
tests/4.5/target_teams_distribute_parallel_for/test_target_teams_distribute_parallel_for_map_tofrom.c,target_teams_distribute_parallel_for,loop_body,MULTIPLY_TO_ADD,high,d[j] += c[j] * (a[j] + b[j] + scalar_to);,d[j] += c[j] + (a[j] + b[j] + scalar_to);,"OMPVV_TEST_AND_SET(errors, d[i] != (1 + i + 50) * 2*i)",target computation uses addition instead of multiplication,45,test_target_teams_distribute_parallel_for_map_tofrom_MULTIPLY_TO_ADD.c,"//===---- test_target_teams_distribute_parallel_for_map_tofrom.c - combined consutrct -===//
//
// OpenMP API Version 4.5 Nov 2015
//
// Testing the map clause with the tofrom map-modifier, for the combined construct
// target teams distribute parallel for.
// Scalar mapping has to be divided between to and from. Otherwise there will be
// data races between the threads that are writting the scalar and those that are reading
// from it
//
//===-----------------------------------------------------------------------------------===//

#include <omp.h>
#include ""ompvv.h""
#include <stdio.h>

#define N 2000

int test_target_teams_distribute_parallel_for_map_tofrom() {
  OMPVV_INFOMSG(""test_target_teams_distribute_parallel_for_map_tofrom"");

  int a[N];
  int b[N];
  int c[N];
  int d[N];
  int scalar_to = 50; //to avoid datarace on the scalar due to read and write in the loop
  int scalar_from = 50;
  int errors = 0;
  int i, j, dev;


  // variables initialization
  scalar_to = 50;
  scalar_from = 50;
  for (i = 0; i < N; i++) {
    a[i] = 1;
    b[i] = i;
    c[i] = 2*i;
    d[i] = 0;
  }

    // Tests
#pragma omp target teams distribute parallel for map(tofrom: a, b, c, d, scalar_to, scalar_from)
  for (j = 0; j < N; ++j) {
    d[j] += c[j] * (a[j] + b[j] + scalar_to);
    a[j] = 10;
    b[j] = 11;
    c[j] = 12;
#pragma omp atomic write
    scalar_from = 13; // This is to avoid data races on a single scalar
  }

  // Checking the results
  OMPVV_TEST_AND_SET(errors, scalar_from != 13);
  for (i = 0; i < N; i++) {
    OMPVV_TEST_AND_SET(errors, a[i] != 10);
    OMPVV_TEST_AND_SET(errors, b[i] != 11);
    OMPVV_TEST_AND_SET(errors, c[i] != 12);
    OMPVV_TEST_AND_SET(errors, d[i] != (1 + i + 50) * 2*i);
  }
  return errors;
}

int main() {
  OMPVV_TEST_OFFLOADING;
  int errors = 0;

  OMPVV_TEST_AND_SET_VERBOSE(errors, test_target_teams_distribute_parallel_for_map_tofrom());

  OMPVV_REPORT_AND_RETURN(errors);
}
","//===---- test_target_teams_distribute_parallel_for_map_tofrom.c - combined consutrct -===//
//
// OpenMP API Version 4.5 Nov 2015
//
// Testing the map clause with the tofrom map-modifier, for the combined construct
// target teams distribute parallel for.
// Scalar mapping has to be divided between to and from. Otherwise there will be
// data races between the threads that are writting the scalar and those that are reading
// from it
//
//===-----------------------------------------------------------------------------------===//

#include <omp.h>
#include ""ompvv.h""
#include <stdio.h>

#define N 2000

int test_target_teams_distribute_parallel_for_map_tofrom() {
  OMPVV_INFOMSG(""test_target_teams_distribute_parallel_for_map_tofrom"");

  int a[N];
  int b[N];
  int c[N];
  int d[N];
  int scalar_to = 50; //to avoid datarace on the scalar due to read and write in the loop
  int scalar_from = 50;
  int errors = 0;
  int i, j, dev;


  // variables initialization
  scalar_to = 50;
  scalar_from = 50;
  for (i = 0; i < N; i++) {
    a[i] = 1;
    b[i] = i;
    c[i] = 2*i;
    d[i] = 0;
  }

    // Tests
#pragma omp target teams distribute parallel for map(tofrom: a, b, c, d, scalar_to, scalar_from)
  for (j = 0; j < N; ++j) {
    d[j] += c[j] + (a[j] + b[j] + scalar_to);
    a[j] = 10;
    b[j] = 11;
    c[j] = 12;
#pragma omp atomic write
    scalar_from = 13; // This is to avoid data races on a single scalar
  }

  // Checking the results
  OMPVV_TEST_AND_SET(errors, scalar_from != 13);
  for (i = 0; i < N; i++) {
    OMPVV_TEST_AND_SET(errors, a[i] != 10);
    OMPVV_TEST_AND_SET(errors, b[i] != 11);
    OMPVV_TEST_AND_SET(errors, c[i] != 12);
    OMPVV_TEST_AND_SET(errors, d[i] != (1 + i + 50) * 2*i);
  }
  return errors;
}

int main() {
  OMPVV_TEST_OFFLOADING;
  int errors = 0;

  OMPVV_TEST_AND_SET_VERBOSE(errors, test_target_teams_distribute_parallel_for_map_tofrom());

  OMPVV_REPORT_AND_RETURN(errors);
}
",openmp_gpu_batch_6_optionA_full_multivariant.csv,False,failed,True,passed,,NEEDS_REVIEW,target_mapping,general_code,tests/4.5/target_teams_distribute_parallel_for,4.5,needs_review,False,needs_review
tests/4.5/target_teams_distribute_parallel_for/test_target_teams_distribute_parallel_for_private.c,target_teams_distribute_parallel_for,loop_body,MULTIPLY_TO_ADD,high,d[j] = c[j] * privatized;,d[j] = c[j] + privatized;,checks d[i] == (1+i)*2*i,uses addition instead of multiplication,55,test_target_teams_distribute_parallel_for_private_MULTIPLY_TO_ADD.c,"//===---- test_target_teams_distribute_parallel_for_private.c - combined consutrct -===//
//
// OpenMP API Version 4.5 Nov 2015
//
// This test check for a private variable within a pragma omp target teams distribute
// parallel for. We use a private variable within a for loop and asign it every iteration
// hoping that we won't get into data races. We do this multiple times to improve
// test
// we assign a large number of threads and teams to try to increase parallelism and
// contention on the privatized variable
//
//===-------------------------------------------------------------------------------===//

#include <omp.h>
#include ""ompvv.h""
#include <stdio.h>

#define N 1024

int test_target_teams_distribute_parallel_for_private() {
  OMPVV_INFOMSG(""test_target_teams_distribute_parallel_for_devices"");

  int a[N];
  int b[N];
  int c[N];
  int d[N];
  int privatized = 10;
  int num_teams[N];
  int num_threads[N];
  int errors = 0;
  int i, j;

  // array initialization
  for (i = 0; i < N; i++) {
    a[i] = 1;
    b[i] = i;
    c[i] = 2*i;
    d[i] = 0;
    num_teams[i] = -1;
    num_threads[i] = -1;
  }

  // check multiple sizes.
#pragma omp target data map(to: a[0:N], b[0:N], c[0:N]) map(from: d[0:N])
  {
#pragma omp target teams distribute parallel for private(privatized, i) num_threads(OMPVV_NUM_THREADS_DEVICE) num_teams(OMPVV_NUM_TEAMS_DEVICE)
    for (j = 0; j < N; ++j) {
      num_teams[j] = omp_get_num_teams();
      num_threads[j] = omp_get_num_threads();

      privatized = 0;
      for (i = 0; i < a[j] + b[j]; ++i) {
        privatized++;
      }
      d[j] = c[j] * privatized;
    }
  }

  int warning_threads = 0;
  int warning_teams = 0;

  for (i = 0; i < N; i++) {
    OMPVV_TEST_AND_SET(errors, d[i] != (1 + i)*2*i);
    warning_teams += num_teams[i];
    warning_threads += num_threads[i];
  }

  OMPVV_WARNING_IF(warning_teams == N, ""There was a single team across the target region. Privatization cannot be tested at the teams level"");
  OMPVV_WARNING_IF(warning_threads == N, ""All the parallel regions ran with a single thread. Privatization cannot be tested at the thread level"");

  return errors;
}

int main() {
  OMPVV_TEST_OFFLOADING;
  int errors = 0;

  OMPVV_TEST_AND_SET_VERBOSE(errors, test_target_teams_distribute_parallel_for_private());

  OMPVV_REPORT_AND_RETURN(errors);
}
","//===---- test_target_teams_distribute_parallel_for_private.c - combined consutrct -===//
//
// OpenMP API Version 4.5 Nov 2015
//
// This test check for a private variable within a pragma omp target teams distribute
// parallel for. We use a private variable within a for loop and asign it every iteration
// hoping that we won't get into data races. We do this multiple times to improve
// test
// we assign a large number of threads and teams to try to increase parallelism and
// contention on the privatized variable
//
//===-------------------------------------------------------------------------------===//

#include <omp.h>
#include ""ompvv.h""
#include <stdio.h>

#define N 1024

int test_target_teams_distribute_parallel_for_private() {
  OMPVV_INFOMSG(""test_target_teams_distribute_parallel_for_devices"");

  int a[N];
  int b[N];
  int c[N];
  int d[N];
  int privatized = 10;
  int num_teams[N];
  int num_threads[N];
  int errors = 0;
  int i, j;

  // array initialization
  for (i = 0; i < N; i++) {
    a[i] = 1;
    b[i] = i;
    c[i] = 2*i;
    d[i] = 0;
    num_teams[i] = -1;
    num_threads[i] = -1;
  }

  // check multiple sizes.
#pragma omp target data map(to: a[0:N], b[0:N], c[0:N]) map(from: d[0:N])
  {
#pragma omp target teams distribute parallel for private(privatized, i) num_threads(OMPVV_NUM_THREADS_DEVICE) num_teams(OMPVV_NUM_TEAMS_DEVICE)
    for (j = 0; j < N; ++j) {
      num_teams[j] = omp_get_num_teams();
      num_threads[j] = omp_get_num_threads();

      privatized = 0;
      for (i = 0; i < a[j] + b[j]; ++i) {
        privatized++;
      }
      d[j] = c[j] + privatized;
    }
  }

  int warning_threads = 0;
  int warning_teams = 0;

  for (i = 0; i < N; i++) {
    OMPVV_TEST_AND_SET(errors, d[i] != (1 + i)*2*i);
    warning_teams += num_teams[i];
    warning_threads += num_threads[i];
  }

  OMPVV_WARNING_IF(warning_teams == N, ""There was a single team across the target region. Privatization cannot be tested at the teams level"");
  OMPVV_WARNING_IF(warning_threads == N, ""All the parallel regions ran with a single thread. Privatization cannot be tested at the thread level"");

  return errors;
}

int main() {
  OMPVV_TEST_OFFLOADING;
  int errors = 0;

  OMPVV_TEST_AND_SET_VERBOSE(errors, test_target_teams_distribute_parallel_for_private());

  OMPVV_REPORT_AND_RETURN(errors);
}
",openmp_gpu_batch_6_optionA_full_multivariant.csv,False,failed,True,passed,,NEEDS_REVIEW,target_mapping,general_code,tests/4.5/target_teams_distribute_parallel_for,4.5,needs_review,False,needs_review
tests/5.0/declare_target/test_declare_target_parallel_for.c,declare_target,loop_body,MULTIPLY_TO_ADD,high,a[i] = b[i]*c[i];,a[i] = b[i]+c[i];,oracle checks x[i] == y[i]*z[i],declare-target parallel-for function uses addition instead of multiplication,24,test_declare_target_parallel_for_MULTIPLY_TO_ADD.c,"//===------ test_declare_target_parallel_for.c ----------------------------===//
//
// OpenMP API Version 5.0 Nov 2018
//
// Test of a function that is declared target and contains a parallel for
// construct. The function performs simple array operations on the device
// which are then checked for correctness on the host. The number of
// threads used to run the parallel for is also checked.
//
//===----------------------------------------------------------------------===//

#include <omp.h>
#include <stdio.h>
#include <stdlib.h>
#include ""ompvv.h""

#define N 1024

#pragma omp declare target
int parallel_for_fun(int a[N], int b[N], int c[N]) {
  int num_threads = -1;
#pragma omp parallel for num_threads(OMPVV_NUM_THREADS_DEVICE) shared(num_threads)
  for (int i = 0; i < N; i++) {
    a[i] = b[i]*c[i];
    if (omp_get_thread_num() == 0) {
      num_threads = omp_get_num_threads();
    }
  }
  return num_threads;
}
#pragma omp end declare target

int test_declare_target_parallel_for() {
  OMPVV_INFOMSG(""test_declare_target_parallel_for"");
  int errors = 0;
  int x[N];
  int y[N];
  int z[N];
  int num_threads = -1;

  for (int i = 0; i < N; i++) {
    x[i] = 0;
    y[i] = 1;
    z[i] = i;
  }

#pragma omp target map(tofrom: x, y, z, num_threads)
  {
    num_threads = parallel_for_fun(x, y, z);
  }

  for (int i = 0; i < N; i++) {
    OMPVV_TEST_AND_SET_VERBOSE(errors, x[i] != y[i]*z[i]);
  }

  OMPVV_TEST_AND_SET_VERBOSE(errors, num_threads < 1);
  OMPVV_ERROR_IF(num_threads < 1, ""Device returned invalid number of threads."");
  OMPVV_WARNING_IF(num_threads == 1, ""Device ran target function with parallel for using one thread, so parallelism cannot be guaranteed."");

  return errors;
}

int main() {
  OMPVV_TEST_OFFLOADING;

  int errors = 0;

  OMPVV_TEST_AND_SET_VERBOSE(errors, test_declare_target_parallel_for() != 0);

  OMPVV_REPORT_AND_RETURN(errors);
}
","//===------ test_declare_target_parallel_for.c ----------------------------===//
//
// OpenMP API Version 5.0 Nov 2018
//
// Test of a function that is declared target and contains a parallel for
// construct. The function performs simple array operations on the device
// which are then checked for correctness on the host. The number of
// threads used to run the parallel for is also checked.
//
//===----------------------------------------------------------------------===//

#include <omp.h>
#include <stdio.h>
#include <stdlib.h>
#include ""ompvv.h""

#define N 1024

#pragma omp declare target
int parallel_for_fun(int a[N], int b[N], int c[N]) {
  int num_threads = -1;
#pragma omp parallel for num_threads(OMPVV_NUM_THREADS_DEVICE) shared(num_threads)
  for (int i = 0; i < N; i++) {
    a[i] = b[i]+c[i];
    if (omp_get_thread_num() == 0) {
      num_threads = omp_get_num_threads();
    }
  }
  return num_threads;
}
#pragma omp end declare target

int test_declare_target_parallel_for() {
  OMPVV_INFOMSG(""test_declare_target_parallel_for"");
  int errors = 0;
  int x[N];
  int y[N];
  int z[N];
  int num_threads = -1;

  for (int i = 0; i < N; i++) {
    x[i] = 0;
    y[i] = 1;
    z[i] = i;
  }

#pragma omp target map(tofrom: x, y, z, num_threads)
  {
    num_threads = parallel_for_fun(x, y, z);
  }

  for (int i = 0; i < N; i++) {
    OMPVV_TEST_AND_SET_VERBOSE(errors, x[i] != y[i]*z[i]);
  }

  OMPVV_TEST_AND_SET_VERBOSE(errors, num_threads < 1);
  OMPVV_ERROR_IF(num_threads < 1, ""Device returned invalid number of threads."");
  OMPVV_WARNING_IF(num_threads == 1, ""Device ran target function with parallel for using one thread, so parallelism cannot be guaranteed."");

  return errors;
}

int main() {
  OMPVV_TEST_OFFLOADING;

  int errors = 0;

  OMPVV_TEST_AND_SET_VERBOSE(errors, test_declare_target_parallel_for() != 0);

  OMPVV_REPORT_AND_RETURN(errors);
}
",openmp_gpu_batch_13_optionA_full_multivariant.csv,False,failed,True,passed,,NEEDS_REVIEW,target_mapping,general_code,tests/5.0/declare_target,5.0,needs_review,False,needs_review
tests/5.0/loop/test_loop_bind_device.c,loop,loop_body,MULTIPLY_TO_ADD,high,x[i][j] += y[i]*z[i];,x[i][j] += y[i]+z[i];,all bind tests check result equals 1 + y[i]*z[i],loop body uses addition instead of multiplication,42,test_loop_bind_device_MULTIPLY_TO_ADD.c,"//===--- test_loop_bind_device.c --------------------------------------------===//
//
// OpenMP API Version 5.0 Nov 2018
//
// This test checks the loop directive with the bind(binding) clause. The bind
// clause indicates that the loop construct should apply in the context of the
// given binding, one of teams, parallel, or thread. Each of these bindings
// is tested in an appropriate context and the correctness of results of
// array operations in the nested loop is checked. This test checks these
// directives in a target context.
//
////===----------------------------------------------------------------------===//
#include <assert.h>
#include <omp.h>
#include <stdio.h>
#include <stdlib.h>
#include ""ompvv.h""

#define N 32

int test_loop_bind_teams() {
  OMPVV_INFOMSG(""test_loop_bind_teams"");
  int errors = 0;
  int x[N][N];
  int y[N];
  int z[N];
  int num_teams = -1;

  for (int i = 0; i < N; i++) {
    for (int j = 0; j < N; j++) {
      x[i][j] = 1;
    }
    y[i] = i;
    z[i] = 2*i;
  }

#pragma omp target teams num_teams(OMPVV_NUM_TEAMS_DEVICE) thread_limit(OMPVV_NUM_THREADS_HOST) map(tofrom: x, y, z, num_teams)
  {
#pragma omp loop bind(teams)
    for (int i = 0; i < N; i++) {
      for (int j = 0; j < N; j++) {
        x[i][j] += y[i]*z[i];
      }
    }
    #pragma omp parallel if(0)
    if (omp_get_team_num() == 0) {
      num_teams = omp_get_num_teams();
    }
  }

  for (int i = 0; i < N; i++) {
    for (int j = 0; j < N; j++) {
      OMPVV_TEST_AND_SET_VERBOSE(errors, x[i][j] != 1 + (y[i]*z[i]));
    }
  }


  OMPVV_WARNING_IF(num_teams == 1, ""Test ran with one team, so parallelism of loop construct with bind(teams) can't be guaranteed."");
  OMPVV_TEST_AND_SET_VERBOSE(errors, num_teams < 1);
  OMPVV_ERROR_IF(num_teams < 1, ""omp_get_num_teams() returned an invalid number of teams."");

  return errors;
}

int test_loop_bind_parallel() {
  OMPVV_INFOMSG(""test_loop_bind_parallel"");
  int errors = 0;
  int x[N][N];
  int y[N];
  int z[N];
  int num_threads = -1;

  for (int i = 0; i < N; i++) {
    for (int j = 0; j < N; j++) {
      x[i][j] = 1;
    }
    y[i] = i;
    z[i] = 2*i;
  }

#pragma omp target parallel num_threads(OMPVV_NUM_THREADS_HOST) map(tofrom: x, y, z, num_threads)
  {
#pragma omp loop bind(parallel)
    for (int i = 0; i < N; i++) {
      for (int j = 0; j < N; j++) {
        x[i][j] += y[i]*z[i];
      }
    }
    if (omp_get_thread_num() == 0 && omp_get_team_num() == 0) {
      num_threads = omp_get_num_threads();
    }
  }

  for (int i = 0; i < N; i++) {
    for (int j = 0; j < N; j++) {
      OMPVV_TEST_AND_SET_VERBOSE(errors, x[i][j] != 1 + (y[i]*z[i]));
    }
  }

  OMPVV_WARNING_IF(num_threads == 1, ""Test ran with one thread, so parallelism of loop construct can't be guaranteed."");
  OMPVV_TEST_AND_SET_VERBOSE(errors, num_threads < 1);
  OMPVV_ERROR_IF(num_threads < 1, ""omp_get_num_threads() returned an invalid number of threads."");

  return errors;
}

int test_loop_bind_thread_teams() {
  OMPVV_INFOMSG(""test_loop_bind_thread_teams"");
  int errors = 0;
  int y[N];
  int z[N];
  int result[N][N][OMPVV_NUM_TEAMS_DEVICE];
  int num_teams = -1;

  for (int i = 0; i < N; i++) {
    for (int j = 0; j < N; j++) {
      for (int k = 0; k < OMPVV_NUM_TEAMS_DEVICE; k++) {
        result[i][j][k] = 1;
      }
    }
    y[i] = i;
    z[i] = 2*i;
  }

#pragma omp target teams num_teams(OMPVV_NUM_TEAMS_DEVICE) thread_limit(OMPVV_NUM_THREADS_HOST) map(tofrom: result, y, z, num_teams)
  {
    int x[N][N];
    for (int i = 0; i < N; i++) {
      for (int j = 0; j < N; j++) {
        x[i][j] = 1;
      }
    }
#pragma omp loop bind(thread)
    for (int i = 0; i < N; i++) {
      for (int j = 0; j < N; j++) {
        x[i][j] += y[i]*z[i];
      }
    }
    #pragma omp parallel if(0)
    if (omp_get_team_num() == 0) {
      num_teams = omp_get_num_teams();
    }
    for (int i = 0; i < N; i++) {
      for (int j = 0; j < N; j++) {
        result[i][j][omp_get_team_num()] = x[i][j];
      }
    }
  }

  for (int i = 0; i < N; i++) {
    for (int j = 0; j < N; j++) {
      for (int k = 0; k < num_teams; k++) {
        OMPVV_TEST_AND_SET_VERBOSE(errors, result[i][j][k] != (1 + (y[i]*z[i])));
      }
    }
  }

  OMPVV_WARNING_IF(num_teams == 1, ""Test ran with one team, so parallelism of loop construct can't be guaranteed."");
  OMPVV_TEST_AND_SET_VERBOSE(errors, num_teams < 1);
  OMPVV_ERROR_IF(num_teams < 1, ""omp_get_num_teams() returned an invalid number of teams."");

  return errors;
}

int test_loop_bind_thread_parallel() {
  OMPVV_INFOMSG(""test_loop_bind_thread_parallel"");
  int errors = 0;
  int y[N];
  int z[N];
  int result[N][N][OMPVV_NUM_THREADS_HOST];
  int num_threads = -1;

  for (int i = 0; i < N; i++) {
    for (int j = 0; j < N; j++) {
      for (int k = 0; k < OMPVV_NUM_THREADS_HOST; k++) {
        result[i][j][k] = 1;
      }
    }
    y[i] = i;
    z[i] = 2*i;
  }

#pragma omp target parallel shared(result) num_threads(OMPVV_NUM_THREADS_HOST) map(tofrom: result, y, z, num_threads)
  {
    int x[N][N];
    for (int i = 0; i < N; i++) {
      for (int j = 0; j < N; j++) {
        x[i][j] = 1;
      }
    }
#pragma omp loop bind(thread)
    for (int i = 0; i < N; i++) {
      for (int j = 0; j < N; j++) {
        x[i][j] += y[i]*z[i];
      }
    }
    if (omp_get_thread_num() == 0) {
      num_threads = omp_get_num_threads();
    }
    for (int i = 0; i < N; i++) {
      for (int j = 0; j < N; j++) {
        result[i][j][omp_get_thread_num()] = x[i][j];
      }
    }
  }

  for (int i = 0; i < N; i++) {
    for (int j = 0; j < N; j++) {
      for (int k = 0; k < num_threads; k++) {
        OMPVV_TEST_AND_SET_VERBOSE(errors, result[i][j][k] != (1 + (y[i]*z[i])));
      }
    }
  }

  OMPVV_WARNING_IF(num_threads == 1, ""Test ran with one thread, so parallelism of loop construct can't be guaranteed."");
  OMPVV_TEST_AND_SET_VERBOSE(errors, num_threads < 1);
  OMPVV_ERROR_IF(num_threads < 1, ""omp_get_num_threads() returned an invalid number of threads."");

  return errors;
}

int main() {
  int errors = 0;

  OMPVV_TEST_AND_SET_VERBOSE(errors, test_loop_bind_teams());
  OMPVV_TEST_AND_SET_VERBOSE(errors, test_loop_bind_parallel());
  OMPVV_TEST_AND_SET_VERBOSE(errors, test_loop_bind_thread_teams());
  OMPVV_TEST_AND_SET_VERBOSE(errors, test_loop_bind_thread_parallel());

  OMPVV_REPORT_AND_RETURN(errors);
}
","//===--- test_loop_bind_device.c --------------------------------------------===//
//
// OpenMP API Version 5.0 Nov 2018
//
// This test checks the loop directive with the bind(binding) clause. The bind
// clause indicates that the loop construct should apply in the context of the
// given binding, one of teams, parallel, or thread. Each of these bindings
// is tested in an appropriate context and the correctness of results of
// array operations in the nested loop is checked. This test checks these
// directives in a target context.
//
////===----------------------------------------------------------------------===//
#include <assert.h>
#include <omp.h>
#include <stdio.h>
#include <stdlib.h>
#include ""ompvv.h""

#define N 32

int test_loop_bind_teams() {
  OMPVV_INFOMSG(""test_loop_bind_teams"");
  int errors = 0;
  int x[N][N];
  int y[N];
  int z[N];
  int num_teams = -1;

  for (int i = 0; i < N; i++) {
    for (int j = 0; j < N; j++) {
      x[i][j] = 1;
    }
    y[i] = i;
    z[i] = 2*i;
  }

#pragma omp target teams num_teams(OMPVV_NUM_TEAMS_DEVICE) thread_limit(OMPVV_NUM_THREADS_HOST) map(tofrom: x, y, z, num_teams)
  {
#pragma omp loop bind(teams)
    for (int i = 0; i < N; i++) {
      for (int j = 0; j < N; j++) {
        x[i][j] += y[i]+z[i];
      }
    }
    #pragma omp parallel if(0)
    if (omp_get_team_num() == 0) {
      num_teams = omp_get_num_teams();
    }
  }

  for (int i = 0; i < N; i++) {
    for (int j = 0; j < N; j++) {
      OMPVV_TEST_AND_SET_VERBOSE(errors, x[i][j] != 1 + (y[i]*z[i]));
    }
  }


  OMPVV_WARNING_IF(num_teams == 1, ""Test ran with one team, so parallelism of loop construct with bind(teams) can't be guaranteed."");
  OMPVV_TEST_AND_SET_VERBOSE(errors, num_teams < 1);
  OMPVV_ERROR_IF(num_teams < 1, ""omp_get_num_teams() returned an invalid number of teams."");

  return errors;
}

int test_loop_bind_parallel() {
  OMPVV_INFOMSG(""test_loop_bind_parallel"");
  int errors = 0;
  int x[N][N];
  int y[N];
  int z[N];
  int num_threads = -1;

  for (int i = 0; i < N; i++) {
    for (int j = 0; j < N; j++) {
      x[i][j] = 1;
    }
    y[i] = i;
    z[i] = 2*i;
  }

#pragma omp target parallel num_threads(OMPVV_NUM_THREADS_HOST) map(tofrom: x, y, z, num_threads)
  {
#pragma omp loop bind(parallel)
    for (int i = 0; i < N; i++) {
      for (int j = 0; j < N; j++) {
        x[i][j] += y[i]*z[i];
      }
    }
    if (omp_get_thread_num() == 0 && omp_get_team_num() == 0) {
      num_threads = omp_get_num_threads();
    }
  }

  for (int i = 0; i < N; i++) {
    for (int j = 0; j < N; j++) {
      OMPVV_TEST_AND_SET_VERBOSE(errors, x[i][j] != 1 + (y[i]*z[i]));
    }
  }

  OMPVV_WARNING_IF(num_threads == 1, ""Test ran with one thread, so parallelism of loop construct can't be guaranteed."");
  OMPVV_TEST_AND_SET_VERBOSE(errors, num_threads < 1);
  OMPVV_ERROR_IF(num_threads < 1, ""omp_get_num_threads() returned an invalid number of threads."");

  return errors;
}

int test_loop_bind_thread_teams() {
  OMPVV_INFOMSG(""test_loop_bind_thread_teams"");
  int errors = 0;
  int y[N];
  int z[N];
  int result[N][N][OMPVV_NUM_TEAMS_DEVICE];
  int num_teams = -1;

  for (int i = 0; i < N; i++) {
    for (int j = 0; j < N; j++) {
      for (int k = 0; k < OMPVV_NUM_TEAMS_DEVICE; k++) {
        result[i][j][k] = 1;
      }
    }
    y[i] = i;
    z[i] = 2*i;
  }

#pragma omp target teams num_teams(OMPVV_NUM_TEAMS_DEVICE) thread_limit(OMPVV_NUM_THREADS_HOST) map(tofrom: result, y, z, num_teams)
  {
    int x[N][N];
    for (int i = 0; i < N; i++) {
      for (int j = 0; j < N; j++) {
        x[i][j] = 1;
      }
    }
#pragma omp loop bind(thread)
    for (int i = 0; i < N; i++) {
      for (int j = 0; j < N; j++) {
        x[i][j] += y[i]*z[i];
      }
    }
    #pragma omp parallel if(0)
    if (omp_get_team_num() == 0) {
      num_teams = omp_get_num_teams();
    }
    for (int i = 0; i < N; i++) {
      for (int j = 0; j < N; j++) {
        result[i][j][omp_get_team_num()] = x[i][j];
      }
    }
  }

  for (int i = 0; i < N; i++) {
    for (int j = 0; j < N; j++) {
      for (int k = 0; k < num_teams; k++) {
        OMPVV_TEST_AND_SET_VERBOSE(errors, result[i][j][k] != (1 + (y[i]*z[i])));
      }
    }
  }

  OMPVV_WARNING_IF(num_teams == 1, ""Test ran with one team, so parallelism of loop construct can't be guaranteed."");
  OMPVV_TEST_AND_SET_VERBOSE(errors, num_teams < 1);
  OMPVV_ERROR_IF(num_teams < 1, ""omp_get_num_teams() returned an invalid number of teams."");

  return errors;
}

int test_loop_bind_thread_parallel() {
  OMPVV_INFOMSG(""test_loop_bind_thread_parallel"");
  int errors = 0;
  int y[N];
  int z[N];
  int result[N][N][OMPVV_NUM_THREADS_HOST];
  int num_threads = -1;

  for (int i = 0; i < N; i++) {
    for (int j = 0; j < N; j++) {
      for (int k = 0; k < OMPVV_NUM_THREADS_HOST; k++) {
        result[i][j][k] = 1;
      }
    }
    y[i] = i;
    z[i] = 2*i;
  }

#pragma omp target parallel shared(result) num_threads(OMPVV_NUM_THREADS_HOST) map(tofrom: result, y, z, num_threads)
  {
    int x[N][N];
    for (int i = 0; i < N; i++) {
      for (int j = 0; j < N; j++) {
        x[i][j] = 1;
      }
    }
#pragma omp loop bind(thread)
    for (int i = 0; i < N; i++) {
      for (int j = 0; j < N; j++) {
        x[i][j] += y[i]*z[i];
      }
    }
    if (omp_get_thread_num() == 0) {
      num_threads = omp_get_num_threads();
    }
    for (int i = 0; i < N; i++) {
      for (int j = 0; j < N; j++) {
        result[i][j][omp_get_thread_num()] = x[i][j];
      }
    }
  }

  for (int i = 0; i < N; i++) {
    for (int j = 0; j < N; j++) {
      for (int k = 0; k < num_threads; k++) {
        OMPVV_TEST_AND_SET_VERBOSE(errors, result[i][j][k] != (1 + (y[i]*z[i])));
      }
    }
  }

  OMPVV_WARNING_IF(num_threads == 1, ""Test ran with one thread, so parallelism of loop construct can't be guaranteed."");
  OMPVV_TEST_AND_SET_VERBOSE(errors, num_threads < 1);
  OMPVV_ERROR_IF(num_threads < 1, ""omp_get_num_threads() returned an invalid number of threads."");

  return errors;
}

int main() {
  int errors = 0;

  OMPVV_TEST_AND_SET_VERBOSE(errors, test_loop_bind_teams());
  OMPVV_TEST_AND_SET_VERBOSE(errors, test_loop_bind_parallel());
  OMPVV_TEST_AND_SET_VERBOSE(errors, test_loop_bind_thread_teams());
  OMPVV_TEST_AND_SET_VERBOSE(errors, test_loop_bind_thread_parallel());

  OMPVV_REPORT_AND_RETURN(errors);
}
",openmp_gpu_batch_13_optionA_full_multivariant.csv,False,failed,True,passed,,NEEDS_REVIEW,target_mapping,general_code,tests/5.0/loop,5.0,needs_review,False,needs_review
tests/5.0/loop/test_loop_nested_device.c,loop,loop_body,MULTIPLY_TO_ADD,high,x[i][j] += y[i]*z[i];,x[i][j] += y[i]+z[i];,checks x[i][j] == 1 + y[i]*z[i],loop body uses addition instead of multiplication,42,test_loop_nested_device_MULTIPLY_TO_ADD.c,"//===--- test_loop_nested_device.c ------------------------------------------===//
//
// OpenMP API Version 5.0 Nov 2018
//
// This test checks the loop directive without any clauses with nested loops.
// The construct is applied in a teams and a parallel construct and the
// correctness of array operations in the nested loops in the loop construct
// is checked. Compare with test_loop_bind.c, which performs the same
// operations in a nested loop with a bind clause. This test checks the above
// all in an offloading (target) context.
//
////===----------------------------------------------------------------------===//
#include <assert.h>
#include <omp.h>
#include <stdio.h>
#include <stdlib.h>
#include ""ompvv.h""

#define N 32

int test_loop_nested_teams() {
  OMPVV_INFOMSG(""test_loop_nested_teams"");
  int errors = 0;
  int x[N][N];
  int y[N];
  int z[N];
  int num_teams = -1;

  for (int i = 0; i < N; i++) {
    for (int j = 0; j < N; j++) {
      x[i][j] = 1;
    }
    y[i] = i;
    z[i] = 2*i;
  }

#pragma omp target teams num_teams(OMPVV_NUM_TEAMS_DEVICE) thread_limit(OMPVV_NUM_THREADS_HOST) map(tofrom: x, y, z, num_teams)
  {
#pragma omp loop
    for (int i = 0; i < N; i++) {
      for (int j = 0; j < N; j++) {
        x[i][j] += y[i]*z[i];
      }
    }
    #pragma omp parallel if(0)
    if (omp_get_team_num() == 0) {
      num_teams = omp_get_num_teams();
    }
  }

  for (int i = 0; i < N; i++) {
    for (int j = 0; j < N; j++) {
      OMPVV_TEST_AND_SET_VERBOSE(errors, x[i][j] != 1 + (y[i]*z[i]));
    }
  }


  OMPVV_WARNING_IF(num_teams == 1, ""Test ran with one team, so parallelism of loop construct can't be guaranteed."");
  OMPVV_TEST_AND_SET_VERBOSE(errors, num_teams < 1);
  OMPVV_ERROR_IF(num_teams < 1, ""omp_get_num_teams() returned an invalid number of teams."");

  return errors;
}

int test_loop_nested_parallel() {
  OMPVV_INFOMSG(""test_loop_nested_parallel"");
  int errors = 0;
  int x[N][N];
  int y[N];
  int z[N];
  int num_threads = -1;

  for (int i = 0; i < N; i++) {
    for (int j = 0; j < N; j++) {
      x[i][j] = 1;
    }
    y[i] = i;
    z[i] = 2*i;
  }

#pragma omp target parallel num_threads(OMPVV_NUM_THREADS_HOST) map(tofrom: x, y, z, num_threads)
  {
#pragma omp loop
    for (int i = 0; i < N; i++) {
      for (int j = 0; j < N; j++) {
        x[i][j] += y[i]*z[i];
      }
    }
    if (omp_get_thread_num() == 0 && omp_get_team_num() == 0) {
      num_threads = omp_get_num_threads();
    }
  }

  for (int i = 0; i < N; i++) {
    for (int j = 0; j < N; j++) {
      OMPVV_TEST_AND_SET_VERBOSE(errors, x[i][j] != 1 + (y[i]*z[i]));
    }
  }

  OMPVV_WARNING_IF(num_threads == 1, ""Test ran with one thread, so parallelism of loop construct can't be guaranteed."");
  OMPVV_TEST_AND_SET_VERBOSE(errors, num_threads < 1);
  OMPVV_ERROR_IF(num_threads < 1, ""omp_get_num_threads() returned an invalid number of threads."");

  return errors;
}

int main() {
  int errors = 0;

  OMPVV_TEST_AND_SET_VERBOSE(errors, test_loop_nested_teams());
  OMPVV_TEST_AND_SET_VERBOSE(errors, test_loop_nested_parallel());

  OMPVV_REPORT_AND_RETURN(errors);
}
","//===--- test_loop_nested_device.c ------------------------------------------===//
//
// OpenMP API Version 5.0 Nov 2018
//
// This test checks the loop directive without any clauses with nested loops.
// The construct is applied in a teams and a parallel construct and the
// correctness of array operations in the nested loops in the loop construct
// is checked. Compare with test_loop_bind.c, which performs the same
// operations in a nested loop with a bind clause. This test checks the above
// all in an offloading (target) context.
//
////===----------------------------------------------------------------------===//
#include <assert.h>
#include <omp.h>
#include <stdio.h>
#include <stdlib.h>
#include ""ompvv.h""

#define N 32

int test_loop_nested_teams() {
  OMPVV_INFOMSG(""test_loop_nested_teams"");
  int errors = 0;
  int x[N][N];
  int y[N];
  int z[N];
  int num_teams = -1;

  for (int i = 0; i < N; i++) {
    for (int j = 0; j < N; j++) {
      x[i][j] = 1;
    }
    y[i] = i;
    z[i] = 2*i;
  }

#pragma omp target teams num_teams(OMPVV_NUM_TEAMS_DEVICE) thread_limit(OMPVV_NUM_THREADS_HOST) map(tofrom: x, y, z, num_teams)
  {
#pragma omp loop
    for (int i = 0; i < N; i++) {
      for (int j = 0; j < N; j++) {
        x[i][j] += y[i]+z[i];
      }
    }
    #pragma omp parallel if(0)
    if (omp_get_team_num() == 0) {
      num_teams = omp_get_num_teams();
    }
  }

  for (int i = 0; i < N; i++) {
    for (int j = 0; j < N; j++) {
      OMPVV_TEST_AND_SET_VERBOSE(errors, x[i][j] != 1 + (y[i]*z[i]));
    }
  }


  OMPVV_WARNING_IF(num_teams == 1, ""Test ran with one team, so parallelism of loop construct can't be guaranteed."");
  OMPVV_TEST_AND_SET_VERBOSE(errors, num_teams < 1);
  OMPVV_ERROR_IF(num_teams < 1, ""omp_get_num_teams() returned an invalid number of teams."");

  return errors;
}

int test_loop_nested_parallel() {
  OMPVV_INFOMSG(""test_loop_nested_parallel"");
  int errors = 0;
  int x[N][N];
  int y[N];
  int z[N];
  int num_threads = -1;

  for (int i = 0; i < N; i++) {
    for (int j = 0; j < N; j++) {
      x[i][j] = 1;
    }
    y[i] = i;
    z[i] = 2*i;
  }

#pragma omp target parallel num_threads(OMPVV_NUM_THREADS_HOST) map(tofrom: x, y, z, num_threads)
  {
#pragma omp loop
    for (int i = 0; i < N; i++) {
      for (int j = 0; j < N; j++) {
        x[i][j] += y[i]*z[i];
      }
    }
    if (omp_get_thread_num() == 0 && omp_get_team_num() == 0) {
      num_threads = omp_get_num_threads();
    }
  }

  for (int i = 0; i < N; i++) {
    for (int j = 0; j < N; j++) {
      OMPVV_TEST_AND_SET_VERBOSE(errors, x[i][j] != 1 + (y[i]*z[i]));
    }
  }

  OMPVV_WARNING_IF(num_threads == 1, ""Test ran with one thread, so parallelism of loop construct can't be guaranteed."");
  OMPVV_TEST_AND_SET_VERBOSE(errors, num_threads < 1);
  OMPVV_ERROR_IF(num_threads < 1, ""omp_get_num_threads() returned an invalid number of threads."");

  return errors;
}

int main() {
  int errors = 0;

  OMPVV_TEST_AND_SET_VERBOSE(errors, test_loop_nested_teams());
  OMPVV_TEST_AND_SET_VERBOSE(errors, test_loop_nested_parallel());

  OMPVV_REPORT_AND_RETURN(errors);
}
",openmp_gpu_batch_14_optionA_full_multivariant.csv,False,failed,True,passed,,NEEDS_REVIEW,target_mapping,general_code,tests/5.0/loop,5.0,needs_review,False,needs_review
tests/5.0/loop/test_loop_order_concurrent_device.c,loop,loop_body,MULTIPLY_TO_ADD,high,x[i] += y[i]*z[i];,x[i] += y[i]+z[i];,checks x[i] == 1 + y[i]*z[i],loop body uses addition instead of multiplication,50,test_loop_order_concurrent_device_MULTIPLY_TO_ADD.c,"//===--- test_loop_order_concurrent_device.c --------------------------------===//
//
// OpenMP API Version 5.0 Nov 2018
//
// This test checks the loop directive with the order(concurrent) clause, in
// the context of a target construct. The order(concurrent) clause is assumed
// to be present if it is not present, so this test covers the standalone
// loop directive as well. The test creates a parallel region with a loop
// construct nested within, and performs simple operations on an int array
// which are then checked for correctness. Additionally, since loop binds to
// a parallel region, the test checks randomly that other threads wait before
// proceeding out of the loop region. The number of threads is checked in the
// parallel region but after the loop construct because runtime API calls are
// not permitted in loop directive regions.
//
////===----------------------------------------------------------------------===//
#include <assert.h>
#include <omp.h>
#include <stdio.h>
#include <stdlib.h>
#include <time.h>
#include ""ompvv.h""

#define N 1024

int test_loop_order_concurrent_device() {
  OMPVV_INFOMSG(""test_loop_order_concurrent_device"");
  int errors = 0;
  int total_wait_errors = 0;
  int x[N];
  int y[N];
  int z[N];
  int num_threads = -1;
  int rand_indexes[OMPVV_NUM_THREADS_DEVICE];

  for (int i = 0; i < N; i++) {
    x[i] = 1;
    y[i] = i + 1;
    z[i] = 2*(i + 1);
  }

  for (int i = 0; i < OMPVV_NUM_THREADS_DEVICE; i++) {
    rand_indexes[i] = rand()%(N + 1);
  }

#pragma omp target parallel num_threads(OMPVV_NUM_THREADS_DEVICE) map(tofrom: x[0:N], num_threads, total_wait_errors) map(to: y[0:N], z[0:N])
  {
#pragma omp loop order(concurrent)
    for (int i = 0; i < N; i++) {
      x[i] += y[i]*z[i];
    }
    if (x[rand_indexes[omp_get_thread_num()]] == 1) {
#pragma omp atomic update
      total_wait_errors++;
    }
    if (omp_get_thread_num() == 0) {
      num_threads = omp_get_num_threads();
    }
  }

  for (int i = 0; i < N; i++) {
    OMPVV_TEST_AND_SET_VERBOSE(errors, x[i] != 1 + (y[i]*z[i]));
  }

  OMPVV_WARNING_IF(num_threads == 1, ""Test ran with one thread, so parallelism of loop construct can't be guaranteed."");
  OMPVV_TEST_AND_SET_VERBOSE(errors, num_threads < 1);
  OMPVV_ERROR_IF(num_threads < 1, ""omp_get_num_threads() returned an invalid number of threads."");
  OMPVV_ERROR_IF(total_wait_errors, ""Threads in target parallel region did not wait for loop region to finish before proceeding."");

  return errors + total_wait_errors;
}


int main() {
  OMPVV_TEST_OFFLOADING;

  int errors = 0;

  srand(time(0));

  OMPVV_TEST_AND_SET_VERBOSE(errors, test_loop_order_concurrent_device());

  OMPVV_REPORT_AND_RETURN(errors);
}
","//===--- test_loop_order_concurrent_device.c --------------------------------===//
//
// OpenMP API Version 5.0 Nov 2018
//
// This test checks the loop directive with the order(concurrent) clause, in
// the context of a target construct. The order(concurrent) clause is assumed
// to be present if it is not present, so this test covers the standalone
// loop directive as well. The test creates a parallel region with a loop
// construct nested within, and performs simple operations on an int array
// which are then checked for correctness. Additionally, since loop binds to
// a parallel region, the test checks randomly that other threads wait before
// proceeding out of the loop region. The number of threads is checked in the
// parallel region but after the loop construct because runtime API calls are
// not permitted in loop directive regions.
//
////===----------------------------------------------------------------------===//
#include <assert.h>
#include <omp.h>
#include <stdio.h>
#include <stdlib.h>
#include <time.h>
#include ""ompvv.h""

#define N 1024

int test_loop_order_concurrent_device() {
  OMPVV_INFOMSG(""test_loop_order_concurrent_device"");
  int errors = 0;
  int total_wait_errors = 0;
  int x[N];
  int y[N];
  int z[N];
  int num_threads = -1;
  int rand_indexes[OMPVV_NUM_THREADS_DEVICE];

  for (int i = 0; i < N; i++) {
    x[i] = 1;
    y[i] = i + 1;
    z[i] = 2*(i + 1);
  }

  for (int i = 0; i < OMPVV_NUM_THREADS_DEVICE; i++) {
    rand_indexes[i] = rand()%(N + 1);
  }

#pragma omp target parallel num_threads(OMPVV_NUM_THREADS_DEVICE) map(tofrom: x[0:N], num_threads, total_wait_errors) map(to: y[0:N], z[0:N])
  {
#pragma omp loop order(concurrent)
    for (int i = 0; i < N; i++) {
      x[i] += y[i]+z[i];
    }
    if (x[rand_indexes[omp_get_thread_num()]] == 1) {
#pragma omp atomic update
      total_wait_errors++;
    }
    if (omp_get_thread_num() == 0) {
      num_threads = omp_get_num_threads();
    }
  }

  for (int i = 0; i < N; i++) {
    OMPVV_TEST_AND_SET_VERBOSE(errors, x[i] != 1 + (y[i]*z[i]));
  }

  OMPVV_WARNING_IF(num_threads == 1, ""Test ran with one thread, so parallelism of loop construct can't be guaranteed."");
  OMPVV_TEST_AND_SET_VERBOSE(errors, num_threads < 1);
  OMPVV_ERROR_IF(num_threads < 1, ""omp_get_num_threads() returned an invalid number of threads."");
  OMPVV_ERROR_IF(total_wait_errors, ""Threads in target parallel region did not wait for loop region to finish before proceeding."");

  return errors + total_wait_errors;
}


int main() {
  OMPVV_TEST_OFFLOADING;

  int errors = 0;

  srand(time(0));

  OMPVV_TEST_AND_SET_VERBOSE(errors, test_loop_order_concurrent_device());

  OMPVV_REPORT_AND_RETURN(errors);
}
",openmp_gpu_batch_14_optionA_full_multivariant.csv,False,failed,True,passed,,NEEDS_REVIEW,target_mapping,general_code,tests/5.0/loop,5.0,needs_review,False,needs_review
tests/5.0/loop/test_loop_private_device.c,loop,loop_body,MULTIPLY_TO_ADD,high,d[x] = c[x] * privatized;,d[x] = c[x] + privatized;,checks d[x] == (1+x)*2*x,uses addition instead of multiplication,48,test_loop_private_device_MULTIPLY_TO_ADD.c,"//===--- test_loop_private_device.c -----------------------------------------===//
//
// OpenMP API Version 5.0 Nov 2018
//
// This test uses the private clause on a loop directive to indicate that the
// variable in the private clause should be made private to each thread
// executing the loop region.  The test then operates on the privatized
// variable in such a way that would most likely cause competing operations
// if the variable is not privatized.  If the computation completes without
// errors, we assume that the privatization occured. This test checks the
// above in a target context.
//
////===----------------------------------------------------------------------===//

#include <omp.h>
#include <stdio.h>
#include <stdlib.h>
#include ""ompvv.h""

#define SIZE 1024

int main() {
  OMPVV_TEST_OFFLOADING;

  int a[SIZE];
  int b[SIZE];
  int c[SIZE];
  int d[SIZE];
  int privatized;
  int errors = 0;
  int num_threads = -1;

  for (int x = 0; x < SIZE; ++x) {
    a[x] = 1;
    b[x] = x;
    c[x] = 2*x;
    d[x] = 0;
  }

#pragma omp target parallel num_threads(OMPVV_NUM_THREADS_DEVICE) map(tofrom: a, b, c, d, num_threads)
  {
#pragma omp loop private(privatized)
    for (int x = 0; x < SIZE; ++x) {
      privatized = 0;
      for (int y = 0; y < a[x] + b[x]; ++y) {
        privatized++;
      }
      d[x] = c[x] * privatized;
    }
    if (omp_get_thread_num() == 0) {
      num_threads = omp_get_num_threads();
    }
  }

  for (int x = 0; x < SIZE; ++x) {
    OMPVV_TEST_AND_SET_VERBOSE(errors, d[x] != (1 + x)*2*x);
    if (d[x] != (1 + x)*2*x) {
      break;
    }
  }

  OMPVV_WARNING_IF(num_threads == 1, ""Test ran with one thread. Results of private test are inconclusive."");
  OMPVV_TEST_AND_SET_VERBOSE(errors, num_threads < 1);

  OMPVV_REPORT_AND_RETURN(errors);
}
","//===--- test_loop_private_device.c -----------------------------------------===//
//
// OpenMP API Version 5.0 Nov 2018
//
// This test uses the private clause on a loop directive to indicate that the
// variable in the private clause should be made private to each thread
// executing the loop region.  The test then operates on the privatized
// variable in such a way that would most likely cause competing operations
// if the variable is not privatized.  If the computation completes without
// errors, we assume that the privatization occured. This test checks the
// above in a target context.
//
////===----------------------------------------------------------------------===//

#include <omp.h>
#include <stdio.h>
#include <stdlib.h>
#include ""ompvv.h""

#define SIZE 1024

int main() {
  OMPVV_TEST_OFFLOADING;

  int a[SIZE];
  int b[SIZE];
  int c[SIZE];
  int d[SIZE];
  int privatized;
  int errors = 0;
  int num_threads = -1;

  for (int x = 0; x < SIZE; ++x) {
    a[x] = 1;
    b[x] = x;
    c[x] = 2*x;
    d[x] = 0;
  }

#pragma omp target parallel num_threads(OMPVV_NUM_THREADS_DEVICE) map(tofrom: a, b, c, d, num_threads)
  {
#pragma omp loop private(privatized)
    for (int x = 0; x < SIZE; ++x) {
      privatized = 0;
      for (int y = 0; y < a[x] + b[x]; ++y) {
        privatized++;
      }
      d[x] = c[x] + privatized;
    }
    if (omp_get_thread_num() == 0) {
      num_threads = omp_get_num_threads();
    }
  }

  for (int x = 0; x < SIZE; ++x) {
    OMPVV_TEST_AND_SET_VERBOSE(errors, d[x] != (1 + x)*2*x);
    if (d[x] != (1 + x)*2*x) {
      break;
    }
  }

  OMPVV_WARNING_IF(num_threads == 1, ""Test ran with one thread. Results of private test are inconclusive."");
  OMPVV_TEST_AND_SET_VERBOSE(errors, num_threads < 1);

  OMPVV_REPORT_AND_RETURN(errors);
}
",openmp_gpu_batch_14_optionA_full_multivariant.csv,False,failed,True,passed,,NEEDS_REVIEW,target_mapping,general_code,tests/5.0/loop,5.0,needs_review,False,needs_review
tests/5.0/master_taskloop/test_master_taskloop_device.c,master_taskloop,loop_body,MULTIPLY_TO_ADD,high,x[i] += y[i]*z[i];,x[i] += y[i]+z[i];,oracle checks x[i] == 1 + y[i]*z[i],taskloop body uses addition instead of multiplication,36,test_master_taskloop_device_MULTIPLY_TO_ADD.c,"//===--- test_master_taskloop_device.c --------------------------------------===//
//
// OpenMP API Version 5.0 Nov 2018
//
// This test checks the master taskloop directive in a parallel region. The
// test performs simple operations on an int array which are then checked for
// correctness. This test checks the above in a target region.
//
////===----------------------------------------------------------------------===//
#include <assert.h>
#include <omp.h>
#include <stdio.h>
#include <stdlib.h>
#include ""ompvv.h""

#define N 1024

int test_master_taskloop_device() {
  OMPVV_INFOMSG(""test_master_taskloop_device"");
  int errors = 0;
  int num_threads = -1;
  int x[N];
  int y[N];
  int z[N];

  for (int i = 0; i < N; i++) {
    x[i] = 1;
    y[i] = i + 1;
    z[i] = 2*(i + 1);
  }

#pragma omp target parallel num_threads(OMPVV_NUM_THREADS_DEVICE) shared(x, y, z, num_threads) map(tofrom: x, y, z, num_threads)
  {
#pragma omp master taskloop
    for (int i = 0; i < N; i++) {
      x[i] += y[i]*z[i];
    }
    if (omp_get_thread_num() == 0) {
      num_threads = omp_get_num_threads();
    }
  }

  for (int i = 0; i < N; i++) {
    OMPVV_TEST_AND_SET_VERBOSE(errors, x[i] != 1 + (y[i]*z[i]));
  }

  OMPVV_WARNING_IF(num_threads == 1, ""Test ran with one thread, so parallelism of taskloop can't be guaranteed."");
  OMPVV_ERROR_IF(num_threads < 1, ""Test returned an invalid number of threads."");
  OMPVV_TEST_AND_SET_VERBOSE(errors, num_threads < 1);

  return errors;
}


int main() {
  OMPVV_TEST_OFFLOADING;

  int errors = 0;

  OMPVV_TEST_AND_SET_VERBOSE(errors, test_master_taskloop_device());

  OMPVV_REPORT_AND_RETURN(errors);
}
","//===--- test_master_taskloop_device.c --------------------------------------===//
//
// OpenMP API Version 5.0 Nov 2018
//
// This test checks the master taskloop directive in a parallel region. The
// test performs simple operations on an int array which are then checked for
// correctness. This test checks the above in a target region.
//
////===----------------------------------------------------------------------===//
#include <assert.h>
#include <omp.h>
#include <stdio.h>
#include <stdlib.h>
#include ""ompvv.h""

#define N 1024

int test_master_taskloop_device() {
  OMPVV_INFOMSG(""test_master_taskloop_device"");
  int errors = 0;
  int num_threads = -1;
  int x[N];
  int y[N];
  int z[N];

  for (int i = 0; i < N; i++) {
    x[i] = 1;
    y[i] = i + 1;
    z[i] = 2*(i + 1);
  }

#pragma omp target parallel num_threads(OMPVV_NUM_THREADS_DEVICE) shared(x, y, z, num_threads) map(tofrom: x, y, z, num_threads)
  {
#pragma omp master taskloop
    for (int i = 0; i < N; i++) {
      x[i] += y[i]+z[i];
    }
    if (omp_get_thread_num() == 0) {
      num_threads = omp_get_num_threads();
    }
  }

  for (int i = 0; i < N; i++) {
    OMPVV_TEST_AND_SET_VERBOSE(errors, x[i] != 1 + (y[i]*z[i]));
  }

  OMPVV_WARNING_IF(num_threads == 1, ""Test ran with one thread, so parallelism of taskloop can't be guaranteed."");
  OMPVV_ERROR_IF(num_threads < 1, ""Test returned an invalid number of threads."");
  OMPVV_TEST_AND_SET_VERBOSE(errors, num_threads < 1);

  return errors;
}


int main() {
  OMPVV_TEST_OFFLOADING;

  int errors = 0;

  OMPVV_TEST_AND_SET_VERBOSE(errors, test_master_taskloop_device());

  OMPVV_REPORT_AND_RETURN(errors);
}
",openmp_gpu_batch_15_optionA_full_multivariant.csv,False,failed,True,passed,,NEEDS_REVIEW,target_mapping,general_code,tests/5.0/master_taskloop,5.0,needs_review,False,needs_review
tests/5.0/master_taskloop_simd/test_master_taskloop_simd_device.c,master_taskloop_simd,loop_body,MULTIPLY_TO_ADD,high,x[i] += y[i]*z[i];,x[i] += y[i]+z[i];,oracle checks x[i] == 1 + y[i]*z[i],taskloop simd body uses addition instead of multiplication,36,test_master_taskloop_simd_device_MULTIPLY_TO_ADD.c,"//===--- test_master_taskloop_simd_device.c ---------------------------------===//
//
// OpenMP API Version 5.0 Nov 2018
//
// This test checks the master taskloop simd directive in a parallel region.
// The test performs simple operations on an int array which are then checked
// for correctness. This test checks the above in a target region.
//
////===----------------------------------------------------------------------===//
#include <assert.h>
#include <omp.h>
#include <stdio.h>
#include <stdlib.h>
#include ""ompvv.h""

#define N 1024

int test_master_taskloop_simd_device() {
  OMPVV_INFOMSG(""test_master_taskloop_simd_device"");
  int errors = 0;
  int num_threads = -1;
  int x[N];
  int y[N];
  int z[N];

  for (int i = 0; i < N; i++) {
    x[i] = 1;
    y[i] = i + 1;
    z[i] = 2*(i + 1);
  }

#pragma omp target parallel num_threads(OMPVV_NUM_THREADS_DEVICE) shared(x, y, z, num_threads) map(tofrom: x, num_threads) map(to: y, z)
  {
#pragma omp master taskloop simd
    for (int i = 0; i < N; i++) {
      x[i] += y[i]*z[i];
    }
    if (omp_get_thread_num() == 0) {
      num_threads = omp_get_num_threads();
    }
  }

  for (int i = 0; i < N; i++) {
    OMPVV_TEST_AND_SET_VERBOSE(errors, x[i] != 1 + (y[i]*z[i]));
  }

  OMPVV_WARNING_IF(num_threads == 1, ""Test ran with one thread, so parallelism of taskloop can't be guaranteed."");
  OMPVV_ERROR_IF(num_threads < 1, ""Test returned an invalid number of threads."");
  OMPVV_TEST_AND_SET_VERBOSE(errors, num_threads < 1);
  OMPVV_INFOMSG(""This test does not guarantee vector instructions were generated for the simd construct."");

  return errors;
}


int main() {
  OMPVV_TEST_OFFLOADING;

  int errors = 0;

  OMPVV_TEST_AND_SET_VERBOSE(errors, test_master_taskloop_simd_device());

  OMPVV_REPORT_AND_RETURN(errors);
}
","//===--- test_master_taskloop_simd_device.c ---------------------------------===//
//
// OpenMP API Version 5.0 Nov 2018
//
// This test checks the master taskloop simd directive in a parallel region.
// The test performs simple operations on an int array which are then checked
// for correctness. This test checks the above in a target region.
//
////===----------------------------------------------------------------------===//
#include <assert.h>
#include <omp.h>
#include <stdio.h>
#include <stdlib.h>
#include ""ompvv.h""

#define N 1024

int test_master_taskloop_simd_device() {
  OMPVV_INFOMSG(""test_master_taskloop_simd_device"");
  int errors = 0;
  int num_threads = -1;
  int x[N];
  int y[N];
  int z[N];

  for (int i = 0; i < N; i++) {
    x[i] = 1;
    y[i] = i + 1;
    z[i] = 2*(i + 1);
  }

#pragma omp target parallel num_threads(OMPVV_NUM_THREADS_DEVICE) shared(x, y, z, num_threads) map(tofrom: x, num_threads) map(to: y, z)
  {
#pragma omp master taskloop simd
    for (int i = 0; i < N; i++) {
      x[i] += y[i]+z[i];
    }
    if (omp_get_thread_num() == 0) {
      num_threads = omp_get_num_threads();
    }
  }

  for (int i = 0; i < N; i++) {
    OMPVV_TEST_AND_SET_VERBOSE(errors, x[i] != 1 + (y[i]*z[i]));
  }

  OMPVV_WARNING_IF(num_threads == 1, ""Test ran with one thread, so parallelism of taskloop can't be guaranteed."");
  OMPVV_ERROR_IF(num_threads < 1, ""Test returned an invalid number of threads."");
  OMPVV_TEST_AND_SET_VERBOSE(errors, num_threads < 1);
  OMPVV_INFOMSG(""This test does not guarantee vector instructions were generated for the simd construct."");

  return errors;
}


int main() {
  OMPVV_TEST_OFFLOADING;

  int errors = 0;

  OMPVV_TEST_AND_SET_VERBOSE(errors, test_master_taskloop_simd_device());

  OMPVV_REPORT_AND_RETURN(errors);
}
",openmp_gpu_batch_15_optionA_full_multivariant.csv,False,failed,True,passed,,NEEDS_REVIEW,target_mapping,general_code,tests/5.0/master_taskloop_simd,5.0,needs_review,False,needs_review
tests/5.0/parallel_master/test_parallel_master_device.c,parallel_master,loop_body,MULTIPLY_TO_ADD,high,x[i] += y[i]*z[i];,x[i] += y[i]+z[i];,oracle checks x[i] == 1 + y[i]*z[i],loop body uses addition instead of multiplication,38,test_parallel_master_device_MULTIPLY_TO_ADD.c,"//===--- test_parallel_master_device.c --------------------------------------===//
//
// OpenMP API Version 5.0 Nov 2018
//
// This test checks the parallel master directive in a target context. The
// test performs simple operations on an int array which are then checked for
// correctness.
//
////===----------------------------------------------------------------------===//
#include <assert.h>
#include <omp.h>
#include <stdio.h>
#include <stdlib.h>
#include ""ompvv.h""

#define N 1024

int test_parallel_master_device() {
  OMPVV_INFOMSG(""test_parallel_master_device"");
  int errors = 0;
  int num_threads = -1;
  int x[N];
  int y[N];
  int z[N];

  for (int i = 0; i < N; i++) {
    x[i] = 1;
    y[i] = i + 1;
    z[i] = 2*(i + 1);
  }

#pragma omp target map(tofrom: x, num_threads) map(to: y, z)
  {
#pragma omp parallel master num_threads(OMPVV_NUM_THREADS_DEVICE) shared(x, y, z, num_threads)
    {
#pragma omp taskloop
      for (int i = 0; i < N; i++) {
        x[i] += y[i]*z[i];
      }
      num_threads = omp_get_num_threads();
    }
  }

  for (int i = 0; i < N; i++) {
    OMPVV_TEST_AND_SET_VERBOSE(errors, x[i] != 1 + (y[i]*z[i]));
  }

  OMPVV_WARNING_IF(num_threads == 1, ""Test ran with one thread, so parallelism of parallel master with taskloop can't be guaranteed."");
  OMPVV_ERROR_IF(num_threads < 1, ""Test returned an invalid number of threads."");
  OMPVV_TEST_AND_SET_VERBOSE(errors, num_threads < 1);

  return errors;
}


int main() {
  OMPVV_TEST_OFFLOADING;

  int errors = 0;

  OMPVV_TEST_AND_SET_VERBOSE(errors, test_parallel_master_device());

  OMPVV_REPORT_AND_RETURN(errors);
}
","//===--- test_parallel_master_device.c --------------------------------------===//
//
// OpenMP API Version 5.0 Nov 2018
//
// This test checks the parallel master directive in a target context. The
// test performs simple operations on an int array which are then checked for
// correctness.
//
////===----------------------------------------------------------------------===//
#include <assert.h>
#include <omp.h>
#include <stdio.h>
#include <stdlib.h>
#include ""ompvv.h""

#define N 1024

int test_parallel_master_device() {
  OMPVV_INFOMSG(""test_parallel_master_device"");
  int errors = 0;
  int num_threads = -1;
  int x[N];
  int y[N];
  int z[N];

  for (int i = 0; i < N; i++) {
    x[i] = 1;
    y[i] = i + 1;
    z[i] = 2*(i + 1);
  }

#pragma omp target map(tofrom: x, num_threads) map(to: y, z)
  {
#pragma omp parallel master num_threads(OMPVV_NUM_THREADS_DEVICE) shared(x, y, z, num_threads)
    {
#pragma omp taskloop
      for (int i = 0; i < N; i++) {
        x[i] += y[i]+z[i];
      }
      num_threads = omp_get_num_threads();
    }
  }

  for (int i = 0; i < N; i++) {
    OMPVV_TEST_AND_SET_VERBOSE(errors, x[i] != 1 + (y[i]*z[i]));
  }

  OMPVV_WARNING_IF(num_threads == 1, ""Test ran with one thread, so parallelism of parallel master with taskloop can't be guaranteed."");
  OMPVV_ERROR_IF(num_threads < 1, ""Test returned an invalid number of threads."");
  OMPVV_TEST_AND_SET_VERBOSE(errors, num_threads < 1);

  return errors;
}


int main() {
  OMPVV_TEST_OFFLOADING;

  int errors = 0;

  OMPVV_TEST_AND_SET_VERBOSE(errors, test_parallel_master_device());

  OMPVV_REPORT_AND_RETURN(errors);
}
",openmp_gpu_batch_15_optionA_full_multivariant.csv,False,failed,True,passed,,NEEDS_REVIEW,target_mapping,general_code,tests/5.0/parallel_master,5.0,needs_review,False,needs_review
tests/5.0/parallel_master_taskloop/test_parallel_master_taskloop_device.c,parallel_master_taskloop,loop_body,MULTIPLY_TO_ADD,high,x[i] += y[i]*z[i];,x[i] += y[i]+z[i];,oracle checks x[i] == 1 + y[i]*z[i],loop body uses addition instead of multiplication,36,test_parallel_master_taskloop_device_MULTIPLY_TO_ADD.c,"//===--- test_parallel_master_taskloop_device.c ------------------------===//
//
// OpenMP API Version 5.0 Nov 2018
//
// This test checks the parallel master taskloop directive. The test performs
// simple operations on an int array which are then checked for correctness.
// This test checks the construct in a target context.
//
////===----------------------------------------------------------------------===//
#include <assert.h>
#include <omp.h>
#include <stdio.h>
#include <stdlib.h>
#include ""ompvv.h""

#define N 1024

int test_parallel_master_taskloop_device() {
  OMPVV_INFOMSG(""test_parallel_master_taskloop_device"");
  int errors = 0;
  int num_threads = -1;
  int x[N];
  int y[N];
  int z[N];

  for (int i = 0; i < N; i++) {
    x[i] = 1;
    y[i] = i + 1;
    z[i] = 2*(i + 1);
  }

#pragma omp target map(tofrom: x, y, z, num_threads)
  {
#pragma omp parallel master taskloop num_threads(OMPVV_NUM_THREADS_DEVICE) shared(x, y, z, num_threads)
    for (int i = 0; i < N; i++) {
      x[i] += y[i]*z[i];
      if (i == 0) {
        num_threads = omp_get_num_threads();
      }
    }
  }

  for (int i = 0; i < N; i++) {
    OMPVV_TEST_AND_SET_VERBOSE(errors, x[i] != 1 + (y[i]*z[i]));
  }

  OMPVV_WARNING_IF(num_threads == 1, ""Test ran with one thread, so parallelism of taskloop can't be guaranteed."");
  OMPVV_ERROR_IF(num_threads < 1, ""Test returned an invalid number of threads."");
  OMPVV_TEST_AND_SET_VERBOSE(errors, num_threads < 1);

  return errors;
}


int main() {
  OMPVV_TEST_OFFLOADING;

  int errors = 0;

  OMPVV_TEST_AND_SET_VERBOSE(errors, test_parallel_master_taskloop_device());

  OMPVV_REPORT_AND_RETURN(errors);
}
","//===--- test_parallel_master_taskloop_device.c ------------------------===//
//
// OpenMP API Version 5.0 Nov 2018
//
// This test checks the parallel master taskloop directive. The test performs
// simple operations on an int array which are then checked for correctness.
// This test checks the construct in a target context.
//
////===----------------------------------------------------------------------===//
#include <assert.h>
#include <omp.h>
#include <stdio.h>
#include <stdlib.h>
#include ""ompvv.h""

#define N 1024

int test_parallel_master_taskloop_device() {
  OMPVV_INFOMSG(""test_parallel_master_taskloop_device"");
  int errors = 0;
  int num_threads = -1;
  int x[N];
  int y[N];
  int z[N];

  for (int i = 0; i < N; i++) {
    x[i] = 1;
    y[i] = i + 1;
    z[i] = 2*(i + 1);
  }

#pragma omp target map(tofrom: x, y, z, num_threads)
  {
#pragma omp parallel master taskloop num_threads(OMPVV_NUM_THREADS_DEVICE) shared(x, y, z, num_threads)
    for (int i = 0; i < N; i++) {
      x[i] += y[i]+z[i];
      if (i == 0) {
        num_threads = omp_get_num_threads();
      }
    }
  }

  for (int i = 0; i < N; i++) {
    OMPVV_TEST_AND_SET_VERBOSE(errors, x[i] != 1 + (y[i]*z[i]));
  }

  OMPVV_WARNING_IF(num_threads == 1, ""Test ran with one thread, so parallelism of taskloop can't be guaranteed."");
  OMPVV_ERROR_IF(num_threads < 1, ""Test returned an invalid number of threads."");
  OMPVV_TEST_AND_SET_VERBOSE(errors, num_threads < 1);

  return errors;
}


int main() {
  OMPVV_TEST_OFFLOADING;

  int errors = 0;

  OMPVV_TEST_AND_SET_VERBOSE(errors, test_parallel_master_taskloop_device());

  OMPVV_REPORT_AND_RETURN(errors);
}
",openmp_gpu_batch_15_optionA_full_multivariant.csv,False,failed,True,passed,,NEEDS_REVIEW,target_mapping,general_code,tests/5.0/parallel_master_taskloop,5.0,needs_review,False,needs_review
tests/5.0/parallel_master_taskloop_simd/test_parallel_master_taskloop_simd_device.c,parallel_master_taskloop_simd,loop_body,MULTIPLY_TO_ADD,high,x[i] += y[i]*z[i];,x[i] += y[i]+z[i];,oracle checks x[i] == 1 + y[i]*z[i],loop body uses addition instead of multiplication,36,test_parallel_master_taskloop_simd_device_MULTIPLY_TO_ADD.c,"//===--- test_parallel_master_taskloop_simd_device.c ------------------------===//
//
// OpenMP API Version 5.0 Nov 2018
//
// This test checks the parallel master taskloop simd directive. The test
// performs simple operations on an int array which are then checked for
// correctness. This test checks the construct in a target context.
//
////===----------------------------------------------------------------------===//
#include <assert.h>
#include <omp.h>
#include <stdio.h>
#include <stdlib.h>
#include ""ompvv.h""

#define N 1024

int test_parallel_master_taskloop_simd_device() {
  OMPVV_INFOMSG(""test_parallel_master_taskloop_simd_device"");
  int errors = 0;
  int x[N];
  int y[N];
  int z[N];
  int num_threads = -1;

  for (int i = 0; i < N; i++) {
    x[i] = 1;
    y[i] = i + 1;
    z[i] = 2*(i + 1);
  }

#pragma omp target map(tofrom: x, num_threads) map(to: y, z)
  {
#pragma omp parallel master taskloop simd num_threads(OMPVV_NUM_THREADS_DEVICE) shared(x, y, z, num_threads)
    for (int i = 0; i < N; i++) {
      x[i] += y[i]*z[i];
      if (i == 0) {
         num_threads = omp_get_num_threads();
      }
    }
  }

  for (int i = 0; i < N; i++) {
    OMPVV_TEST_AND_SET_VERBOSE(errors, x[i] != 1 + (y[i]*z[i]));
  }

  OMPVV_WARNING_IF(num_threads == 1, ""Test ran with one thread, so parallelism of parallel master with taskloop can't be guaranteed."");
  OMPVV_ERROR_IF(num_threads < 1, ""Test returned an invalid number of threads."");
  OMPVV_INFOMSG(""This test does not guarantee vector instructions were generated for the simd construct."");

  return errors;
}


int main() {
  OMPVV_TEST_OFFLOADING;

  int errors = 0;

  OMPVV_TEST_AND_SET_VERBOSE(errors, test_parallel_master_taskloop_simd_device());

  OMPVV_REPORT_AND_RETURN(errors);
}
","//===--- test_parallel_master_taskloop_simd_device.c ------------------------===//
//
// OpenMP API Version 5.0 Nov 2018
//
// This test checks the parallel master taskloop simd directive. The test
// performs simple operations on an int array which are then checked for
// correctness. This test checks the construct in a target context.
//
////===----------------------------------------------------------------------===//
#include <assert.h>
#include <omp.h>
#include <stdio.h>
#include <stdlib.h>
#include ""ompvv.h""

#define N 1024

int test_parallel_master_taskloop_simd_device() {
  OMPVV_INFOMSG(""test_parallel_master_taskloop_simd_device"");
  int errors = 0;
  int x[N];
  int y[N];
  int z[N];
  int num_threads = -1;

  for (int i = 0; i < N; i++) {
    x[i] = 1;
    y[i] = i + 1;
    z[i] = 2*(i + 1);
  }

#pragma omp target map(tofrom: x, num_threads) map(to: y, z)
  {
#pragma omp parallel master taskloop simd num_threads(OMPVV_NUM_THREADS_DEVICE) shared(x, y, z, num_threads)
    for (int i = 0; i < N; i++) {
      x[i] += y[i]+z[i];
      if (i == 0) {
         num_threads = omp_get_num_threads();
      }
    }
  }

  for (int i = 0; i < N; i++) {
    OMPVV_TEST_AND_SET_VERBOSE(errors, x[i] != 1 + (y[i]*z[i]));
  }

  OMPVV_WARNING_IF(num_threads == 1, ""Test ran with one thread, so parallelism of parallel master with taskloop can't be guaranteed."");
  OMPVV_ERROR_IF(num_threads < 1, ""Test returned an invalid number of threads."");
  OMPVV_INFOMSG(""This test does not guarantee vector instructions were generated for the simd construct."");

  return errors;
}


int main() {
  OMPVV_TEST_OFFLOADING;

  int errors = 0;

  OMPVV_TEST_AND_SET_VERBOSE(errors, test_parallel_master_taskloop_simd_device());

  OMPVV_REPORT_AND_RETURN(errors);
}
",openmp_gpu_batch_15_optionA_full_multivariant.csv,False,failed,True,passed,,NEEDS_REVIEW,target_mapping,general_code,tests/5.0/parallel_master_taskloop_simd,5.0,needs_review,False,needs_review
tests/5.0/target/test_target_parallel_for_notequals.c,target,loop_body,MULTIPLY_TO_ADD,high,x[i] += y[i]*z[i];,x[i] += y[i]+z[i];,oracle checks x[i] == 1 + y[i]*z[i],loop body uses addition instead of multiplication,33,test_target_parallel_for_notequals_MULTIPLY_TO_ADD.c,"//===--- test_target_parallel_for_notequals.c -------------------------------===//
//
// OpenMP API Version 5.0 Nov 2018
//
// This test checks the parallel for directive with relational-op ""!="".
// The test performs simple operations on an int array in device env
// which are then checked for correctness.
//
////===----------------------------------------------------------------------===//
#include <assert.h>
#include <omp.h>
#include <stdio.h>
#include <stdlib.h>
#include ""ompvv.h""

#define N 1024

int test_target_parallel_for_notequals() {
  OMPVV_INFOMSG(""test_parallel_for_notequals_device"");
  int errors = 0;
  int x[N];
  int y[N];
  int z[N];

  for (int i = 0; i < N; i++) {
    x[i] = 1;
    y[i] = i + 1;
    z[i] = 2*(i + 1);
  }

#pragma omp target parallel for num_threads(OMPVV_NUM_THREADS_HOST) map(to: y, z) map(tofrom: x)
  for (int i = 0; i != N; i++) {
    x[i] += y[i]*z[i];
  }

  for (int i = 0; i < N; i++) {
    OMPVV_TEST_AND_SET_VERBOSE(errors, x[i] != 1 + (y[i]*z[i]));
  }

  return errors;
}


int main() {
  OMPVV_TEST_OFFLOADING;

  int errors = 0;

  OMPVV_TEST_AND_SET_VERBOSE(errors, test_target_parallel_for_notequals());

  OMPVV_REPORT_AND_RETURN(errors);
}
","//===--- test_target_parallel_for_notequals.c -------------------------------===//
//
// OpenMP API Version 5.0 Nov 2018
//
// This test checks the parallel for directive with relational-op ""!="".
// The test performs simple operations on an int array in device env
// which are then checked for correctness.
//
////===----------------------------------------------------------------------===//
#include <assert.h>
#include <omp.h>
#include <stdio.h>
#include <stdlib.h>
#include ""ompvv.h""

#define N 1024

int test_target_parallel_for_notequals() {
  OMPVV_INFOMSG(""test_parallel_for_notequals_device"");
  int errors = 0;
  int x[N];
  int y[N];
  int z[N];

  for (int i = 0; i < N; i++) {
    x[i] = 1;
    y[i] = i + 1;
    z[i] = 2*(i + 1);
  }

#pragma omp target parallel for num_threads(OMPVV_NUM_THREADS_HOST) map(to: y, z) map(tofrom: x)
  for (int i = 0; i != N; i++) {
    x[i] += y[i]+z[i];
  }

  for (int i = 0; i < N; i++) {
    OMPVV_TEST_AND_SET_VERBOSE(errors, x[i] != 1 + (y[i]*z[i]));
  }

  return errors;
}


int main() {
  OMPVV_TEST_OFFLOADING;

  int errors = 0;

  OMPVV_TEST_AND_SET_VERBOSE(errors, test_target_parallel_for_notequals());

  OMPVV_REPORT_AND_RETURN(errors);
}
",openmp_gpu_batch_20_optionA_full_multivariant_FULL.csv,False,failed,True,passed,,NEEDS_REVIEW,target_mapping,general_code,tests/5.0/target,5.0,needs_review,False,needs_review
tests/5.0/target/test_target_parallel_if_device.c,target,loop_body,MULTIPLY_TO_ADD,high,A[i] = A[i] * A[i];,A[i] = A[i] + A[i];,oracle checks A[i] == i*i,target parallel loop doubles instead of squares,29,test_target_parallel_if_device_MULTIPLY_TO_ADD.c,"//===------ test_target_if_device.c --------------------------------------===//
//
// OpenMP API Version 5.0 Nov 2018
//
// Tests the target directive with parallel for + if + device clauses
//
//===------------------------------------------------------------------------===//
#include <stdio.h>
#include ""omp.h""
#include ""ompvv.h""
#define N 1024



int Runtst(int gpu, int Proc) { // Proc = 0(host), 1(gpu)
  int *A = (int*) malloc(sizeof(int) * N), Errors = 0;
  int *InitDev = (int*) malloc(sizeof(int));
  for (int i = 0; i < N; ++i) {
    A[i] = i;
  }

#pragma omp target data map(tofrom: A[0:N], InitDev[0:1]) if(Proc) device(gpu)
  {
#pragma omp target parallel for if(Proc) device(gpu)
    for (int i = 0; i < N; ++i) {
      if (i == 0) {
        InitDev[0] = omp_is_initial_device();
      }
      A[i] = A[i] * A[i];
    }
  }

  // Verification
  for (int i = 0; i < N; ++i) {
    if (A[i] != i*i) {
      Errors++;
    }
  }
  // Verifying if target block ran on intended processor
  if (InitDev[0] != (!Proc)) {
    Errors++;
  }

  free(A);
  return Errors;
}


int main() {
  OMPVV_TEST_OFFLOADING;
  int TotGpus = omp_get_num_devices();
  int errors = 0;
  for (int gpu = 0; gpu < TotGpus; ++gpu) {
    OMPVV_TEST_AND_SET_VERBOSE(errors, (Runtst(gpu, 0 /*for cpu*/) != 0));
    OMPVV_TEST_AND_SET_VERBOSE(errors, (Runtst(gpu, gpu < TotGpus /*for gpu*/) != 0));
  }
  OMPVV_REPORT_AND_RETURN(errors);
}
","//===------ test_target_if_device.c --------------------------------------===//
//
// OpenMP API Version 5.0 Nov 2018
//
// Tests the target directive with parallel for + if + device clauses
//
//===------------------------------------------------------------------------===//
#include <stdio.h>
#include ""omp.h""
#include ""ompvv.h""
#define N 1024



int Runtst(int gpu, int Proc) { // Proc = 0(host), 1(gpu)
  int *A = (int*) malloc(sizeof(int) * N), Errors = 0;
  int *InitDev = (int*) malloc(sizeof(int));
  for (int i = 0; i < N; ++i) {
    A[i] = i;
  }

#pragma omp target data map(tofrom: A[0:N], InitDev[0:1]) if(Proc) device(gpu)
  {
#pragma omp target parallel for if(Proc) device(gpu)
    for (int i = 0; i < N; ++i) {
      if (i == 0) {
        InitDev[0] = omp_is_initial_device();
      }
      A[i] = A[i] + A[i];
    }
  }

  // Verification
  for (int i = 0; i < N; ++i) {
    if (A[i] != i*i) {
      Errors++;
    }
  }
  // Verifying if target block ran on intended processor
  if (InitDev[0] != (!Proc)) {
    Errors++;
  }

  free(A);
  return Errors;
}


int main() {
  OMPVV_TEST_OFFLOADING;
  int TotGpus = omp_get_num_devices();
  int errors = 0;
  for (int gpu = 0; gpu < TotGpus; ++gpu) {
    OMPVV_TEST_AND_SET_VERBOSE(errors, (Runtst(gpu, 0 /*for cpu*/) != 0));
    OMPVV_TEST_AND_SET_VERBOSE(errors, (Runtst(gpu, gpu < TotGpus /*for gpu*/) != 0));
  }
  OMPVV_REPORT_AND_RETURN(errors);
}
",openmp_gpu_batch_20_optionA_full_multivariant_FULL.csv,False,failed,True,passed,,NEEDS_REVIEW,target_mapping,general_code,tests/5.0/target,5.0,needs_review,False,needs_review
tests/5.0/target_parallel_loop/test_target_parallel_loop_order.c,target_parallel_loop,loop_body,MULTIPLY_TO_ADD,high,a[i] += b[i]*c[i];,a[i] += b[i]+c[i];,oracle checks a[i] == 1 + b[i]*c[i],loop body uses addition instead of multiplication,32,test_target_parallel_loop_order_MULTIPLY_TO_ADD.c,"//===---------------test_target_parallel_loop_order_concurrent.c-----------===//
//
// OpenMP API Version 5.0 Nov 2018
//
// Description - This is a test program to demonstrate how order clause is
// used with target parallel loop construct.
//
////===--------------------------------------------------------------------===//

#include <omp.h>
#include <stdio.h>
#include ""ompvv.h""

#define SIZE 1024

int test_target_parallel_loop_order_concurrent() {
    OMPVV_INFOMSG(""test_target_parallel_loop_order_concurrent"");
    int a[SIZE];
    int b[SIZE];
    int c[SIZE];
    int errors = 0;

    // Initialization
    for (int i = 0; i < SIZE; i++) {
        a[i] = 1;
        b[i] = i + 1;
        c[i] = 2*(i + 1);
    }

#pragma omp target parallel loop order(concurrent)
    for (int i = 0; i < SIZE; i++) {
      a[i] += b[i]*c[i];
    }

    // Validation
    for (int i = 0; i < SIZE; i++) {
        OMPVV_TEST_AND_SET_VERBOSE(errors, a[i] != (1 + (b[i]*c[i])));
    }

    return errors;
}


int main() {
  OMPVV_TEST_OFFLOADING;
  int errors = 0;

  OMPVV_TEST_AND_SET_VERBOSE(errors,
                            test_target_parallel_loop_order_concurrent());

  OMPVV_REPORT_AND_RETURN(errors);
}
","//===---------------test_target_parallel_loop_order_concurrent.c-----------===//
//
// OpenMP API Version 5.0 Nov 2018
//
// Description - This is a test program to demonstrate how order clause is
// used with target parallel loop construct.
//
////===--------------------------------------------------------------------===//

#include <omp.h>
#include <stdio.h>
#include ""ompvv.h""

#define SIZE 1024

int test_target_parallel_loop_order_concurrent() {
    OMPVV_INFOMSG(""test_target_parallel_loop_order_concurrent"");
    int a[SIZE];
    int b[SIZE];
    int c[SIZE];
    int errors = 0;

    // Initialization
    for (int i = 0; i < SIZE; i++) {
        a[i] = 1;
        b[i] = i + 1;
        c[i] = 2*(i + 1);
    }

#pragma omp target parallel loop order(concurrent)
    for (int i = 0; i < SIZE; i++) {
      a[i] += b[i]+c[i];
    }

    // Validation
    for (int i = 0; i < SIZE; i++) {
        OMPVV_TEST_AND_SET_VERBOSE(errors, a[i] != (1 + (b[i]*c[i])));
    }

    return errors;
}


int main() {
  OMPVV_TEST_OFFLOADING;
  int errors = 0;

  OMPVV_TEST_AND_SET_VERBOSE(errors,
                            test_target_parallel_loop_order_concurrent());

  OMPVV_REPORT_AND_RETURN(errors);
}
",openmp_gpu_batch_17_optionA_full_multivariant.csv,False,failed,True,passed,,NEEDS_REVIEW,target_mapping,general_code,tests/5.0/target_parallel_loop,5.0,needs_review,False,needs_review
tests/5.0/target_parallel_loop/test_target_parallel_loop_private.c,target_parallel_loop,loop_body,MULTIPLY_TO_ADD,high,b[x] = a[x] * priv_val;,b[x] = a[x] + priv_val;,oracle checks b[x] == (1+x)*5*x,loop body uses addition instead of multiplication,39,test_target_parallel_loop_private_MULTIPLY_TO_ADD.c,"//===-------------------test_target_parallel_loop_private.c-------------------===//
//
// OpenMP API Version 5.0 Nov 2018
//
// Description - This is a test program to demonstrate how private clause is
// used with target parallel loop construct.
//
////===----------------------------------------------------------------------===//

#include <omp.h>
#include <stdio.h>
#include <stdlib.h>
#include ""ompvv.h""

#define SIZE 1024

int main() {
    OMPVV_TEST_OFFLOADING;
    int a[SIZE];
    int b[SIZE];
    int priv_val = 12345;
    int errors = 0;
    int num_threads = -1;

  // Initialization
    for (int x = 0; x < SIZE; ++x) {
        a[x] = 5*x;
        b[x] = 0;
    }

    #pragma omp target parallel loop private(priv_val) \
                       num_threads(OMPVV_NUM_THREADS_DEVICE)
        for (int x = 0; x < SIZE; ++x) {
            priv_val = 0;
            for (int y = 0; y < x+1; ++y) {
                       priv_val++;
            }

                b[x] = a[x] * priv_val;
        }

    OMPVV_TEST_AND_SET_VERBOSE(errors, priv_val != 12345);

    for (int x = 0; x < SIZE; ++x) {
        OMPVV_TEST_AND_SET_VERBOSE(errors, b[x] != (1 + x)*5*x);
    }

    OMPVV_REPORT_AND_RETURN(errors);
}
","//===-------------------test_target_parallel_loop_private.c-------------------===//
//
// OpenMP API Version 5.0 Nov 2018
//
// Description - This is a test program to demonstrate how private clause is
// used with target parallel loop construct.
//
////===----------------------------------------------------------------------===//

#include <omp.h>
#include <stdio.h>
#include <stdlib.h>
#include ""ompvv.h""

#define SIZE 1024

int main() {
    OMPVV_TEST_OFFLOADING;
    int a[SIZE];
    int b[SIZE];
    int priv_val = 12345;
    int errors = 0;
    int num_threads = -1;

  // Initialization
    for (int x = 0; x < SIZE; ++x) {
        a[x] = 5*x;
        b[x] = 0;
    }

    #pragma omp target parallel loop private(priv_val) \
                       num_threads(OMPVV_NUM_THREADS_DEVICE)
        for (int x = 0; x < SIZE; ++x) {
            priv_val = 0;
            for (int y = 0; y < x+1; ++y) {
                       priv_val++;
            }

                b[x] = a[x] + priv_val;
        }

    OMPVV_TEST_AND_SET_VERBOSE(errors, priv_val != 12345);

    for (int x = 0; x < SIZE; ++x) {
        OMPVV_TEST_AND_SET_VERBOSE(errors, b[x] != (1 + x)*5*x);
    }

    OMPVV_REPORT_AND_RETURN(errors);
}
",openmp_gpu_batch_17_optionA_full_multivariant.csv,False,failed,True,passed,,NEEDS_REVIEW,target_mapping,general_code,tests/5.0/target_parallel_loop,5.0,needs_review,False,needs_review
tests/5.0/target_simd/test_target_simd_if.c,target_simd,loop_body,MULTIPLY_TO_ADD,high,c[i] = struct_t.a[i] * b[i];,c[i] = struct_t.a[i] + b[i];,oracle checks c[i] == struct_t.a[i] * b[i],target simd body uses addition instead of multiplication,42,test_target_simd_if_MULTIPLY_TO_ADD.c,"//===--- test_target_simd_if.c ----------------------------------------------===//
//
// OpenMP API Version 5.0 Nov 2018
//
// This is a test of the target simd combined construct with an 'if' clause
// specified. When the statement in the 'if' clause evaluates to true,
// the preferred number of iterations secified in the simdlen clause
// will run concurrently. When the 'if' clause evaluates to be false,
// the number of iterations that will execute concurrently is one.
//
////===----------------------------------------------------------------------===//

#include <stdlib.h>
#include <stdio.h>
#include <omp.h>
#include ""ompvv.h""

#define N 1024

int test_simd_if () {
   int errors = 0;
   int i;
   int b[N], c[N];

   struct new_struct {
      int a[N];
   };

   struct new_struct struct_t;

   for (i = 0; i < N; i++ ) {
      struct_t.a[i] = i;
      b[i] = i + 5;
      c[i] = 0;
   }

   int k = N;


   #pragma omp target simd simdlen(64) if(k == N) // simdlen specifies # of concurrent iterations
      for (i = 0; i < N; i++) {
         c[i] = struct_t.a[i] * b[i];
      }

   for (i = 0; i < N; i++) {
      OMPVV_TEST_AND_SET_VERBOSE(errors, c[i] != (struct_t.a[i] * b[i]));
   }

   #pragma omp target simd simdlen(64) if(k != N)
      for (i = 0; i < N; i++) {
         c[i] = struct_t.a[i] * 2 * b[i];
      }

   for (i = 0; i < N; i++) {
      OMPVV_TEST_AND_SET_VERBOSE(errors, c[i] != (struct_t.a[i] * 2 * b[i]));
   }

   return errors;
}


int main () {
   int errors = 0;

   OMPVV_TEST_OFFLOADING;
   OMPVV_WARNING(""Vectorization resulting from the construct cannot be guaranteed"");
   OMPVV_TEST_AND_SET_VERBOSE(errors, test_simd_if());
   OMPVV_REPORT_AND_RETURN(errors);
}
","//===--- test_target_simd_if.c ----------------------------------------------===//
//
// OpenMP API Version 5.0 Nov 2018
//
// This is a test of the target simd combined construct with an 'if' clause
// specified. When the statement in the 'if' clause evaluates to true,
// the preferred number of iterations secified in the simdlen clause
// will run concurrently. When the 'if' clause evaluates to be false,
// the number of iterations that will execute concurrently is one.
//
////===----------------------------------------------------------------------===//

#include <stdlib.h>
#include <stdio.h>
#include <omp.h>
#include ""ompvv.h""

#define N 1024

int test_simd_if () {
   int errors = 0;
   int i;
   int b[N], c[N];

   struct new_struct {
      int a[N];
   };

   struct new_struct struct_t;

   for (i = 0; i < N; i++ ) {
      struct_t.a[i] = i;
      b[i] = i + 5;
      c[i] = 0;
   }

   int k = N;


   #pragma omp target simd simdlen(64) if(k == N) // simdlen specifies # of concurrent iterations
      for (i = 0; i < N; i++) {
         c[i] = struct_t.a[i] + b[i];
      }

   for (i = 0; i < N; i++) {
      OMPVV_TEST_AND_SET_VERBOSE(errors, c[i] != (struct_t.a[i] * b[i]));
   }

   #pragma omp target simd simdlen(64) if(k != N)
      for (i = 0; i < N; i++) {
         c[i] = struct_t.a[i] * 2 * b[i];
      }

   for (i = 0; i < N; i++) {
      OMPVV_TEST_AND_SET_VERBOSE(errors, c[i] != (struct_t.a[i] * 2 * b[i]));
   }

   return errors;
}


int main () {
   int errors = 0;

   OMPVV_TEST_OFFLOADING;
   OMPVV_WARNING(""Vectorization resulting from the construct cannot be guaranteed"");
   OMPVV_TEST_AND_SET_VERBOSE(errors, test_simd_if());
   OMPVV_REPORT_AND_RETURN(errors);
}
",openmp_gpu_batch_17_optionA_full_multivariant.csv,False,failed,True,passed,,NEEDS_REVIEW,target_mapping,general_code,tests/5.0/target_simd,5.0,needs_review,False,needs_review
tests/5.0/target_simd/test_target_simd_nontemporal.c,target_simd,loop_body,MULTIPLY_TO_ADD,high,a[i] = b[i] * c[i];,a[i] = b[i] + c[i];,oracle checks a[i] == b[i] * c[i] for stride positions,target simd body uses addition instead of multiplication,32,test_target_simd_nontemporal_MULTIPLY_TO_ADD.c,"//===--- test_target_simd_nontemporal.c -----------------------------------------------===//
//
// OpenMP API Version 5.0 Nov 2018
//
// This test checks for support of the nontemporal clause on a target simd construct.
// The nontemporal clause indicates that accesses to the storage location of list items
// have low temporal locality across the iterations in which those storage
// locations are accessed.
//
////===--------------------------------------------------------------------------------===/

#include <omp.h>
#include <stdio.h>
#include <stdlib.h>
#include ""ompvv.h""

#define N 1028
#define STRIDE_LEN 100
int test_simd_nontemporal() {
   int errors = 0;
   int i;
   int a[N], b[N], c[N];

   for (i = 0; i < N; i++) {
      a[i] = 10;
      b[i] = i;
      c[i] = 2 * i;
   }

   #pragma omp target simd nontemporal (a, b, c)
      for (i = 0; i < N; i += STRIDE_LEN) {
         a[i] = b[i] * c[i];
      }

   for (i = 0; i < N; i++) {
      if (i % STRIDE_LEN == 0) {
         OMPVV_TEST_AND_SET(errors, a[i] != (b[i] * c[i]));
      } else {
         OMPVV_TEST_AND_SET(errors, a[i] != 10);
      }
   }

   return errors;
}

int main () {
   int errors = 0;

   OMPVV_TEST_OFFLOADING;
   OMPVV_TEST_AND_SET_VERBOSE(errors, test_simd_nontemporal())
   OMPVV_REPORT_AND_RETURN(errors);
}
","//===--- test_target_simd_nontemporal.c -----------------------------------------------===//
//
// OpenMP API Version 5.0 Nov 2018
//
// This test checks for support of the nontemporal clause on a target simd construct.
// The nontemporal clause indicates that accesses to the storage location of list items
// have low temporal locality across the iterations in which those storage
// locations are accessed.
//
////===--------------------------------------------------------------------------------===/

#include <omp.h>
#include <stdio.h>
#include <stdlib.h>
#include ""ompvv.h""

#define N 1028
#define STRIDE_LEN 100
int test_simd_nontemporal() {
   int errors = 0;
   int i;
   int a[N], b[N], c[N];

   for (i = 0; i < N; i++) {
      a[i] = 10;
      b[i] = i;
      c[i] = 2 * i;
   }

   #pragma omp target simd nontemporal (a, b, c)
      for (i = 0; i < N; i += STRIDE_LEN) {
         a[i] = b[i] + c[i];
      }

   for (i = 0; i < N; i++) {
      if (i % STRIDE_LEN == 0) {
         OMPVV_TEST_AND_SET(errors, a[i] != (b[i] * c[i]));
      } else {
         OMPVV_TEST_AND_SET(errors, a[i] != 10);
      }
   }

   return errors;
}

int main () {
   int errors = 0;

   OMPVV_TEST_OFFLOADING;
   OMPVV_TEST_AND_SET_VERBOSE(errors, test_simd_nontemporal())
   OMPVV_REPORT_AND_RETURN(errors);
}
",openmp_gpu_batch_17_optionA_full_multivariant.csv,False,failed,True,passed,,NEEDS_REVIEW,target_mapping,general_code,tests/5.0/target_simd,5.0,needs_review,False,needs_review
tests/5.0/target_simd/test_target_simd_order_concurrent.c,target_simd,loop_body,MULTIPLY_TO_ADD,high,c[i] = struct_t.a[i] * b[i];,c[i] = struct_t.a[i] + b[i];,oracle checks c[i] == struct_t.a[i] * b[i],target simd body uses addition instead of multiplication,37,test_target_simd_order_concurrent_MULTIPLY_TO_ADD.c,"//===--- test_target_simd_order_concurrent.c -----------------------------------------------===//
//
// OpenMP API Version 5.0 Nov 2018
//
// This test checks for support of the order(concurrent) clause on a target simd construct.
// When an order(concurrent) clause is present on a simd construct, all of the same
// restrictions from having a loop construct with an order(concurrent) are also applied.
//
////===-------------------------------------------------------------------------------------===//

#include <stdlib.h>
#include <stdio.h>
#include <omp.h>
#include ""ompvv.h""

#define N 1024

int test_simd_order_concurrent () {
   int errors = 0;
   int i;
   int b[N], c[N];

   struct new_struct {
      int a[N];
   };

   struct new_struct struct_t;

   for (i = 0; i < N; i++ ) {
      struct_t.a[i] = i;
      b[i] = i + 5;
      c[i] = 0;
   }

   #pragma omp target simd order(concurrent)
      for (i = 0; i < N; i++) {
         c[i] = struct_t.a[i] * b[i];
      }

   for (i = 0; i < N; i++) {
      OMPVV_TEST_AND_SET(errors, c[i] != (struct_t.a[i] * b[i]));
   }

   return errors;
}


int main () {
   int errors = 0;

   OMPVV_TEST_OFFLOADING;
   OMPVV_TEST_AND_SET_VERBOSE(errors, test_simd_order_concurrent());
   OMPVV_REPORT_AND_RETURN(errors);
}
","//===--- test_target_simd_order_concurrent.c -----------------------------------------------===//
//
// OpenMP API Version 5.0 Nov 2018
//
// This test checks for support of the order(concurrent) clause on a target simd construct.
// When an order(concurrent) clause is present on a simd construct, all of the same
// restrictions from having a loop construct with an order(concurrent) are also applied.
//
////===-------------------------------------------------------------------------------------===//

#include <stdlib.h>
#include <stdio.h>
#include <omp.h>
#include ""ompvv.h""

#define N 1024

int test_simd_order_concurrent () {
   int errors = 0;
   int i;
   int b[N], c[N];

   struct new_struct {
      int a[N];
   };

   struct new_struct struct_t;

   for (i = 0; i < N; i++ ) {
      struct_t.a[i] = i;
      b[i] = i + 5;
      c[i] = 0;
   }

   #pragma omp target simd order(concurrent)
      for (i = 0; i < N; i++) {
         c[i] = struct_t.a[i] + b[i];
      }

   for (i = 0; i < N; i++) {
      OMPVV_TEST_AND_SET(errors, c[i] != (struct_t.a[i] * b[i]));
   }

   return errors;
}


int main () {
   int errors = 0;

   OMPVV_TEST_OFFLOADING;
   OMPVV_TEST_AND_SET_VERBOSE(errors, test_simd_order_concurrent());
   OMPVV_REPORT_AND_RETURN(errors);
}
",openmp_gpu_batch_18_optionA_full_multivariant.csv,False,failed,True,passed,,NEEDS_REVIEW,target_mapping,general_code,tests/5.0/target_simd,5.0,needs_review,False,needs_review
tests/5.0/task/test_parallel_for_reduction_task_device.c,task,loop_body,MULTIPLY_TO_ADD,high,sum += y[i]*z[i];,sum += y[i]+z[i];,oracle checks sum == sum(y[i]*z[i]),task body uses addition instead of multiplication,38,test_parallel_for_reduction_task_device_MULTIPLY_TO_ADD.c,"//===--- test_parallel_for_reduction_task_device.c --------------------------===//
//
// OpenMP API Version 5.0 Nov 2018
//
// This test checks the parallel for directive with the reduction clause and
// task modifier. It performs simple array operations which are added to the
// reduction variable in an explicit task with the in_reduction clause. This
// test checks the above in a target context.
//
////===----------------------------------------------------------------------===//
#include <assert.h>
#include <omp.h>
#include <stdio.h>
#include <stdlib.h>
#include ""ompvv.h""

#define N 1024

int test_parallel_for_reduction_task() {
  OMPVV_INFOMSG(""test_parallel_for_reduction_task"");
  int errors = 0;
  int num_threads = -1;
  int y[N];
  int z[N];
  int sum = 0;
  int expected_sum = 0;

  for (int i = 0; i < N; i++) {
    y[i] = i + 1;
    z[i] = 2*(i + 1);
  }

#pragma omp target map(tofrom: sum, y, z, num_threads)
  {
#pragma omp parallel for reduction(task, +: sum) num_threads(OMPVV_NUM_THREADS_DEVICE) shared(y, z, num_threads)
    for (int i = 0; i < N; i++) {
#pragma omp task in_reduction(+: sum)
      sum += y[i]*z[i];
      if (omp_get_thread_num() == 0) {
        num_threads = omp_get_num_threads();
      }
    }
  }

  for (int i = 0; i < N; i++) {
    expected_sum += y[i]*z[i];
  }

  OMPVV_TEST_AND_SET_VERBOSE(errors, sum != expected_sum);

  OMPVV_WARNING_IF(num_threads == 1, ""Test ran with one thread, so parallelism of taskloop can't be guaranteed."");
  OMPVV_ERROR_IF(num_threads < 1, ""Test returned an invalid number of threads."");
  OMPVV_TEST_AND_SET_VERBOSE(errors, num_threads < 1);

  return errors;
}


int main() {
  OMPVV_TEST_OFFLOADING;

  int errors = 0;

  OMPVV_TEST_AND_SET_VERBOSE(errors, test_parallel_for_reduction_task());

  OMPVV_REPORT_AND_RETURN(errors);
}
","//===--- test_parallel_for_reduction_task_device.c --------------------------===//
//
// OpenMP API Version 5.0 Nov 2018
//
// This test checks the parallel for directive with the reduction clause and
// task modifier. It performs simple array operations which are added to the
// reduction variable in an explicit task with the in_reduction clause. This
// test checks the above in a target context.
//
////===----------------------------------------------------------------------===//
#include <assert.h>
#include <omp.h>
#include <stdio.h>
#include <stdlib.h>
#include ""ompvv.h""

#define N 1024

int test_parallel_for_reduction_task() {
  OMPVV_INFOMSG(""test_parallel_for_reduction_task"");
  int errors = 0;
  int num_threads = -1;
  int y[N];
  int z[N];
  int sum = 0;
  int expected_sum = 0;

  for (int i = 0; i < N; i++) {
    y[i] = i + 1;
    z[i] = 2*(i + 1);
  }

#pragma omp target map(tofrom: sum, y, z, num_threads)
  {
#pragma omp parallel for reduction(task, +: sum) num_threads(OMPVV_NUM_THREADS_DEVICE) shared(y, z, num_threads)
    for (int i = 0; i < N; i++) {
#pragma omp task in_reduction(+: sum)
      sum += y[i]+z[i];
      if (omp_get_thread_num() == 0) {
        num_threads = omp_get_num_threads();
      }
    }
  }

  for (int i = 0; i < N; i++) {
    expected_sum += y[i]*z[i];
  }

  OMPVV_TEST_AND_SET_VERBOSE(errors, sum != expected_sum);

  OMPVV_WARNING_IF(num_threads == 1, ""Test ran with one thread, so parallelism of taskloop can't be guaranteed."");
  OMPVV_ERROR_IF(num_threads < 1, ""Test returned an invalid number of threads."");
  OMPVV_TEST_AND_SET_VERBOSE(errors, num_threads < 1);

  return errors;
}


int main() {
  OMPVV_TEST_OFFLOADING;

  int errors = 0;

  OMPVV_TEST_AND_SET_VERBOSE(errors, test_parallel_for_reduction_task());

  OMPVV_REPORT_AND_RETURN(errors);
}
",openmp_gpu_batch_23_optionA_full_multivariant.csv,False,failed,True,passed,,NEEDS_REVIEW,target_mapping,general_code,tests/5.0/task,5.0,needs_review,False,needs_review
tests/5.0/task/test_task_in_reduction_device.c,task,loop_body,MULTIPLY_TO_ADD,high,sum += y[i]*z[i];,sum += y[i]+z[i];,oracle checks sum == sum(y[i]*z[i]),task body uses addition instead of multiplication,40,test_task_in_reduction_device_MULTIPLY_TO_ADD.c,"//===--- test_task_in_reduction_device.c ------------------------------------===//
//
// OpenMP API Version 5.0 Nov 2018
//
// This test checks the task directive with the `in_reduction` reduction
// participation clause. It performs simple array operations which are added
// to a reduction variable in an explcit task with the in_reduction clause.
// This test checks the above in a target context.
//
////===----------------------------------------------------------------------===//
#include <assert.h>
#include <omp.h>
#include <stdio.h>
#include <stdlib.h>
#include ""ompvv.h""

#define N 1024

int test_task_in_reduction() {
  OMPVV_INFOMSG(""test_task_in_reduction"");
  int errors = 0;
  int num_threads = -1;
  int y[N];
  int z[N];
  int sum = 0;
  int expected_sum = 0;

  for (int i = 0; i < N; i++) {
    y[i] = i + 1;
    z[i] = 2*(i + 1);
  }

#pragma omp target parallel reduction(task, +: sum) num_threads(OMPVV_NUM_THREADS_DEVICE) shared(y, z, num_threads) map(tofrom: sum, num_threads) map(to: y, z)
  {
#pragma omp master
    {
#pragma omp task in_reduction(+: sum)
      {
        for (int i = 0; i < N; i++) {
          sum += y[i]*z[i];
        }
      }
      num_threads = omp_get_num_threads();
    }
  }

  for (int i = 0; i < N; i++) {
    expected_sum += y[i]*z[i];
  }

  OMPVV_TEST_AND_SET_VERBOSE(errors, sum != expected_sum);

  OMPVV_WARNING_IF(num_threads == 1, ""Test ran with one thread, so parallelism of taskloop can't be guaranteed."");
  OMPVV_ERROR_IF(num_threads < 1, ""Test returned an invalid number of threads."");
  OMPVV_TEST_AND_SET_VERBOSE(errors, num_threads < 1);

  return errors;
}


int main() {
  OMPVV_TEST_OFFLOADING;

  int errors = 0;

  OMPVV_TEST_AND_SET_VERBOSE(errors, test_task_in_reduction());

  OMPVV_REPORT_AND_RETURN(errors);
}
","//===--- test_task_in_reduction_device.c ------------------------------------===//
//
// OpenMP API Version 5.0 Nov 2018
//
// This test checks the task directive with the `in_reduction` reduction
// participation clause. It performs simple array operations which are added
// to a reduction variable in an explcit task with the in_reduction clause.
// This test checks the above in a target context.
//
////===----------------------------------------------------------------------===//
#include <assert.h>
#include <omp.h>
#include <stdio.h>
#include <stdlib.h>
#include ""ompvv.h""

#define N 1024

int test_task_in_reduction() {
  OMPVV_INFOMSG(""test_task_in_reduction"");
  int errors = 0;
  int num_threads = -1;
  int y[N];
  int z[N];
  int sum = 0;
  int expected_sum = 0;

  for (int i = 0; i < N; i++) {
    y[i] = i + 1;
    z[i] = 2*(i + 1);
  }

#pragma omp target parallel reduction(task, +: sum) num_threads(OMPVV_NUM_THREADS_DEVICE) shared(y, z, num_threads) map(tofrom: sum, num_threads) map(to: y, z)
  {
#pragma omp master
    {
#pragma omp task in_reduction(+: sum)
      {
        for (int i = 0; i < N; i++) {
          sum += y[i]+z[i];
        }
      }
      num_threads = omp_get_num_threads();
    }
  }

  for (int i = 0; i < N; i++) {
    expected_sum += y[i]*z[i];
  }

  OMPVV_TEST_AND_SET_VERBOSE(errors, sum != expected_sum);

  OMPVV_WARNING_IF(num_threads == 1, ""Test ran with one thread, so parallelism of taskloop can't be guaranteed."");
  OMPVV_ERROR_IF(num_threads < 1, ""Test returned an invalid number of threads."");
  OMPVV_TEST_AND_SET_VERBOSE(errors, num_threads < 1);

  return errors;
}


int main() {
  OMPVV_TEST_OFFLOADING;

  int errors = 0;

  OMPVV_TEST_AND_SET_VERBOSE(errors, test_task_in_reduction());

  OMPVV_REPORT_AND_RETURN(errors);
}
",openmp_gpu_batch_23_optionA_full_multivariant.csv,False,failed,True,passed,,NEEDS_REVIEW,target_mapping,general_code,tests/5.0/task,5.0,needs_review,False,needs_review
tests/5.0/taskloop/test_taskloop_in_reduction_device.c,taskloop,loop_body,MULTIPLY_TO_ADD,high,sum += y[i]*z[i];,sum += y[i]+z[i];,oracle checks sum == sum(y[i]*z[i]),taskloop body uses addition instead of multiplication,39,test_taskloop_in_reduction_device_MULTIPLY_TO_ADD.c,"//===--- test_taskloop_in_reduction_device.c ------------------------------------===//
//
// OpenMP API Version 5.0 Nov 2018
//
// This test checks the taskloop directive with the `in_reduction` reduction
// participation clause. It performs simple array operations which are added
// to a reduction variable in a taskloop with the in_reduction clause. This
// test checks the above in a target context.
//
////===----------------------------------------------------------------------===//
#include <assert.h>
#include <omp.h>
#include <stdio.h>
#include <stdlib.h>
#include ""ompvv.h""

#define N 1024

int test_taskloop_in_reduction() {
  OMPVV_INFOMSG(""test_taskloop_in_reduction_device"");
  int errors = 0;
  int num_threads = -1;
  int y[N];
  int z[N];
  int sum = 0;
  int expected_sum = 0;

  for (int i = 0; i < N; i++) {
    y[i] = i + 1;
    z[i] = 2*(i + 1);
  }

#pragma omp target parallel reduction(task, +: sum) num_threads(OMPVV_NUM_THREADS_DEVICE) shared(y, z, num_threads) defaultmap(tofrom)
  {
#pragma omp master
    {
#pragma omp taskloop in_reduction(+: sum)
      for (int i = 0; i < N; i++) {
        sum += y[i]*z[i];
      }
      num_threads = omp_get_num_threads();
    }
  }

  for (int i = 0; i < N; i++) {
    expected_sum += y[i]*z[i];
  }

  OMPVV_TEST_AND_SET_VERBOSE(errors, sum != expected_sum);

  OMPVV_WARNING_IF(num_threads == 1, ""Test ran with one thread, so parallelism of taskloop can't be guaranteed."");
  OMPVV_ERROR_IF(num_threads < 1, ""Test returned an invalid number of threads."");
  OMPVV_TEST_AND_SET_VERBOSE(errors, num_threads < 1);

  return errors;
}


int main() {
  OMPVV_TEST_OFFLOADING;

  int errors = 0;

  OMPVV_TEST_AND_SET_VERBOSE(errors, test_taskloop_in_reduction());

  OMPVV_REPORT_AND_RETURN(errors);
}
","//===--- test_taskloop_in_reduction_device.c ------------------------------------===//
//
// OpenMP API Version 5.0 Nov 2018
//
// This test checks the taskloop directive with the `in_reduction` reduction
// participation clause. It performs simple array operations which are added
// to a reduction variable in a taskloop with the in_reduction clause. This
// test checks the above in a target context.
//
////===----------------------------------------------------------------------===//
#include <assert.h>
#include <omp.h>
#include <stdio.h>
#include <stdlib.h>
#include ""ompvv.h""

#define N 1024

int test_taskloop_in_reduction() {
  OMPVV_INFOMSG(""test_taskloop_in_reduction_device"");
  int errors = 0;
  int num_threads = -1;
  int y[N];
  int z[N];
  int sum = 0;
  int expected_sum = 0;

  for (int i = 0; i < N; i++) {
    y[i] = i + 1;
    z[i] = 2*(i + 1);
  }

#pragma omp target parallel reduction(task, +: sum) num_threads(OMPVV_NUM_THREADS_DEVICE) shared(y, z, num_threads) defaultmap(tofrom)
  {
#pragma omp master
    {
#pragma omp taskloop in_reduction(+: sum)
      for (int i = 0; i < N; i++) {
        sum += y[i]+z[i];
      }
      num_threads = omp_get_num_threads();
    }
  }

  for (int i = 0; i < N; i++) {
    expected_sum += y[i]*z[i];
  }

  OMPVV_TEST_AND_SET_VERBOSE(errors, sum != expected_sum);

  OMPVV_WARNING_IF(num_threads == 1, ""Test ran with one thread, so parallelism of taskloop can't be guaranteed."");
  OMPVV_ERROR_IF(num_threads < 1, ""Test returned an invalid number of threads."");
  OMPVV_TEST_AND_SET_VERBOSE(errors, num_threads < 1);

  return errors;
}


int main() {
  OMPVV_TEST_OFFLOADING;

  int errors = 0;

  OMPVV_TEST_AND_SET_VERBOSE(errors, test_taskloop_in_reduction());

  OMPVV_REPORT_AND_RETURN(errors);
}
",openmp_gpu_batch_23_optionA_full_multivariant.csv,False,failed,True,passed,,NEEDS_REVIEW,target_mapping,general_code,tests/5.0/taskloop,5.0,needs_review,False,needs_review
tests/5.0/taskloop_simd/test_taskloop_simd_in_reduction_device.c,taskloop_simd,loop_body,MULTIPLY_TO_ADD,high,sum += y[i]*z[i];,sum += y[i]+z[i];,oracle checks sum == sum(y[i]*z[i]),taskloop simd body uses addition instead of multiplication,39,test_taskloop_simd_in_reduction_device_MULTIPLY_TO_ADD.c,"//===--- test_taskloop_simd_in_reduction_device.c ----------------------------===//
//
// OpenMP API Version 5.0 Nov 2018
//
// This test checks the taskloop simd directive with the `in_reduction`
// reduction participation clause. It performs simple array operations which
// are added to a reduction variable in a taskloop with the in_reduction
// clause. This test checks the above in a target context.
//
////===----------------------------------------------------------------------===//
#include <assert.h>
#include <omp.h>
#include <stdio.h>
#include <stdlib.h>
#include ""ompvv.h""

#define N 1024

int test_taskloop_simd_in_reduction() {
  OMPVV_INFOMSG(""test_taskloop_simd_in_reduction"");
  int errors = 0;
  int num_threads = -1;
  int y[N];
  int z[N];
  int sum = 0;
  int expected_sum = 0;

  for (int i = 0; i < N; i++) {
    y[i] = i + 1;
    z[i] = 2*(i + 1);
  }

#pragma omp target parallel reduction(task, +: sum) num_threads(OMPVV_NUM_THREADS_DEVICE) shared(y, z, num_threads) defaultmap(tofrom)
  {
#pragma omp master
    {
#pragma omp taskloop simd in_reduction(+: sum)
      for (int i = 0; i < N; i++) {
        sum += y[i]*z[i];
      }
      num_threads = omp_get_num_threads();
    }
  }

  for (int i = 0; i < N; i++) {
    expected_sum += y[i]*z[i];
  }

  OMPVV_TEST_AND_SET_VERBOSE(errors, sum != expected_sum);

  OMPVV_WARNING_IF(num_threads == 1, ""Test ran with one thread, so parallelism of taskloop can't be guaranteed."");
  OMPVV_ERROR_IF(num_threads < 1, ""Test returned an invalid number of threads."");
  OMPVV_TEST_AND_SET_VERBOSE(errors, num_threads < 1);

  return errors;
}


int main() {
  int errors = 0;

  OMPVV_TEST_AND_SET_VERBOSE(errors, test_taskloop_simd_in_reduction());

  OMPVV_REPORT_AND_RETURN(errors);
}
","//===--- test_taskloop_simd_in_reduction_device.c ----------------------------===//
//
// OpenMP API Version 5.0 Nov 2018
//
// This test checks the taskloop simd directive with the `in_reduction`
// reduction participation clause. It performs simple array operations which
// are added to a reduction variable in a taskloop with the in_reduction
// clause. This test checks the above in a target context.
//
////===----------------------------------------------------------------------===//
#include <assert.h>
#include <omp.h>
#include <stdio.h>
#include <stdlib.h>
#include ""ompvv.h""

#define N 1024

int test_taskloop_simd_in_reduction() {
  OMPVV_INFOMSG(""test_taskloop_simd_in_reduction"");
  int errors = 0;
  int num_threads = -1;
  int y[N];
  int z[N];
  int sum = 0;
  int expected_sum = 0;

  for (int i = 0; i < N; i++) {
    y[i] = i + 1;
    z[i] = 2*(i + 1);
  }

#pragma omp target parallel reduction(task, +: sum) num_threads(OMPVV_NUM_THREADS_DEVICE) shared(y, z, num_threads) defaultmap(tofrom)
  {
#pragma omp master
    {
#pragma omp taskloop simd in_reduction(+: sum)
      for (int i = 0; i < N; i++) {
        sum += y[i]+z[i];
      }
      num_threads = omp_get_num_threads();
    }
  }

  for (int i = 0; i < N; i++) {
    expected_sum += y[i]*z[i];
  }

  OMPVV_TEST_AND_SET_VERBOSE(errors, sum != expected_sum);

  OMPVV_WARNING_IF(num_threads == 1, ""Test ran with one thread, so parallelism of taskloop can't be guaranteed."");
  OMPVV_ERROR_IF(num_threads < 1, ""Test returned an invalid number of threads."");
  OMPVV_TEST_AND_SET_VERBOSE(errors, num_threads < 1);

  return errors;
}


int main() {
  int errors = 0;

  OMPVV_TEST_AND_SET_VERBOSE(errors, test_taskloop_simd_in_reduction());

  OMPVV_REPORT_AND_RETURN(errors);
}
",openmp_gpu_batch_22_optionA_full_multivariant.csv,False,failed,True,passed,,NEEDS_REVIEW,target_mapping,general_code,tests/5.0/taskloop_simd,5.0,needs_review,False,needs_review
tests/5.0/teams_loop/test_target_teams_loop_depend.c,teams_loop,loop_body,MULTIPLY_TO_ADD,high,b[i] = a[i]*MUL;,b[i] = a[i]+MUL;,oracle checks c[i] == (i+INC)*MUL,multiplication stage uses addition instead of multiplication,40,test_target_teams_loop_depend_MULTIPLY_TO_ADD.c,"//===---------------test_target_teams_loop_depend.c---------------------===//
//
// OpenMP API Version 5.0 Nov 2018
// The tests in this file tests 'teams loop' construct coupled with map()
// and depend clause
//
//===----------------------------------------------------------------------===//

#include <omp.h>
#include <stdio.h>
#include <stdlib.h>
#include ""ompvv.h""

#define N 1024
#define INC 7
#define MUL 11

/**
  This is a basic test to demonstrate how depend clause in various
  combinations.
*/
int testDependAddToMulSync() {
  int a[N], b[N], c[N];
  int errors = 0;
  // Data Inititalize
  for (int i = 0; i < N; i++) {
    a[i] = i;
    b[i] = 0;
    c[i] = 0;
  }
  // Execute on target
#pragma omp target teams loop map(tofrom: a[0:N]) depend(out: a[0:N]) nowait
  for (int i = 0; i < N; i++) {
    a[i] += INC;
  }
  // Dependant on Addition
#pragma omp target teams loop map(tofrom: a[0:N], b[0:N]) depend(in: a[0:N])\
        depend(out: b[0:N]) nowait
  for (int i = 0; i < N; i++) {
    b[i] = a[i]*MUL;
  }
  // dependant on multiplication
#pragma omp target teams loop map(tofrom: b[0:N], c[0:N]) depend(in: b[0:N])
  for (int i = 0; i < N; i++) {
    c[i] = b[i];
  }
  for (int i = 0; i < N; i++) {
    OMPVV_TEST_AND_SET_VERBOSE(errors, c[i] != ((i + INC)*MUL));
  }
  return errors;
}

int main() {
  int errors = 0;
  OMPVV_TEST_AND_SET_VERBOSE(errors, testDependAddToMulSync());
  OMPVV_REPORT_AND_RETURN(errors);
}
","//===---------------test_target_teams_loop_depend.c---------------------===//
//
// OpenMP API Version 5.0 Nov 2018
// The tests in this file tests 'teams loop' construct coupled with map()
// and depend clause
//
//===----------------------------------------------------------------------===//

#include <omp.h>
#include <stdio.h>
#include <stdlib.h>
#include ""ompvv.h""

#define N 1024
#define INC 7
#define MUL 11

/**
  This is a basic test to demonstrate how depend clause in various
  combinations.
*/
int testDependAddToMulSync() {
  int a[N], b[N], c[N];
  int errors = 0;
  // Data Inititalize
  for (int i = 0; i < N; i++) {
    a[i] = i;
    b[i] = 0;
    c[i] = 0;
  }
  // Execute on target
#pragma omp target teams loop map(tofrom: a[0:N]) depend(out: a[0:N]) nowait
  for (int i = 0; i < N; i++) {
    a[i] += INC;
  }
  // Dependant on Addition
#pragma omp target teams loop map(tofrom: a[0:N], b[0:N]) depend(in: a[0:N])\
        depend(out: b[0:N]) nowait
  for (int i = 0; i < N; i++) {
    b[i] = a[i]+MUL;
  }
  // dependant on multiplication
#pragma omp target teams loop map(tofrom: b[0:N], c[0:N]) depend(in: b[0:N])
  for (int i = 0; i < N; i++) {
    c[i] = b[i];
  }
  for (int i = 0; i < N; i++) {
    OMPVV_TEST_AND_SET_VERBOSE(errors, c[i] != ((i + INC)*MUL));
  }
  return errors;
}

int main() {
  int errors = 0;
  OMPVV_TEST_AND_SET_VERBOSE(errors, testDependAddToMulSync());
  OMPVV_REPORT_AND_RETURN(errors);
}
",openmp_gpu_batch_23_optionA_full_multivariant.csv,False,failed,True,passed,,NEEDS_REVIEW,target_mapping,general_code,tests/5.0/teams_loop,5.0,needs_review,False,needs_review
tests/4.5/target_enter_exit_data/test_target_enter_exit_data_depend.c,target_enter_exit_data,loop_body,MULTIPLY_TO_PLUS,high,h_array[i] = in_1[i]*in_2[i];,h_array[i] = in_1[i]+in_2[i];,errors = 2.0*N != sum,device task computes 3 instead of expected 2 for each element,64,test_target_enter_exit_data_depend_WRONG_MULTIPLY_TO_PLUS.c,"//===---test_target_enter_exit_data_depend.c --------------------------------===//
//
// OpenMP API Version 4.5 Nov 2015
//
// This test checks functionality of target enter data and target exit data
// to depend 'in' and 'out' using two separate functions. The first function
// test_async_between_task_target() mixes host-based tasks with target-based
// tasks, while the second function test_async_between_target() is testing
// for target enter exit data to depend 'in' and 'out' respectively, while also
// checking that a nowait clause can be used to ensure asynchronous behavior.
//
//===------------------------------------------------------------------------===//


#include <omp.h>
#include <stdio.h>
#include <stdlib.h>
#include <stdbool.h>
#include ""ompvv.h""

#define N 1000

/*
 * Test if it is possible to:
 * 1. target enter data to depend 'in' and 'out'
 * 2. target exit data to depend 'in' and 'out'
 * 3. Mix target-based tasks with host tasks.
 */
int test_async_between_task_target() {
  OMPVV_INFOMSG(""test_async_between_task_target"");

  int errors = 0;
  double sum = 0.0;
  double* h_array = (double *) malloc(N * sizeof(double));
  double* in_1 = (double *) malloc(N * sizeof(double));
  double* in_2 = (double *) malloc(N * sizeof(double));

  // host task
#pragma omp task depend(out: in_1) shared(in_1)
  {
    for (int i = 0; i < N; ++i) {
      in_1[i] = 1;
    }
  }

  // host task
#pragma omp task depend(out: in_2) shared(in_2)
  {
    for (int i = 0; i < N; ++i) {
      in_2[i] = 2;
    }
  }

  // target enter data
#pragma omp target enter data map(alloc: h_array[0:N]) map(to: in_1[0:N]) map(to: in_2[0:N]) depend(out: h_array) depend(in: in_1) depend(in: in_2)

  // target task to compute on the device
  // adding redundant depends on in_1 + in_2 to make the test work if compiled for the host
#pragma omp task shared (h_array, in_1, in_2) depend(inout: h_array) depend(in: in_1) depend(in: in_2)
  {
#pragma omp target
    {
      for (int i = 0; i < N; ++i) {
        h_array[i] = in_1[i]*in_2[i];
      }
    }
  }

  // target exit data
#pragma omp target exit data map(from: h_array[0:N]) depend(inout: h_array)

  // host task
#pragma omp task depend(in: h_array) shared(sum, h_array)
  {
    // checking results
    for (int i = 0; i < N; ++i) {
      sum += h_array[i];
    }
  }
#pragma omp taskwait

  errors = 2.0*N != sum;

#pragma omp target exit data map(release: h_array[0:N], in_1[0:N], in_2[0:N])
  free(h_array);
  free(in_1);
  free(in_2);
  return errors;
}

/*
 * Test if it is possible to:
 * 1. target enter data to depend 'out'
 * 2. target exit data to depend 'in'
 * 3. use nowait for async
 */
int test_async_between_target() {
  OMPVV_INFOMSG(""test_async_between_target"");

  int errors = 0;
  int sum = 0;
  int* h_array = (int *) malloc(N * sizeof(int));
  int val = 2;

  // target enter data
#pragma omp target enter data map(alloc: h_array[0:N]) depend(out: h_array)

#pragma omp target enter data map(to: val) depend(out: val)

#pragma omp target depend(inout: h_array) depend(in: val)
  {
    for (int i = 0; i < N; ++i) {
      h_array[i] = val;
    }
  }

  // target exit data
#pragma omp target exit data map(from: h_array[0:N]) depend(in: h_array)

#pragma omp taskwait

  // checking results
  for (int i = 0; i < N; ++i) {
    sum += h_array[i];
  }

  OMPVV_TEST_AND_SET(errors, 2*N != sum);

#pragma omp target exit data map(release: h_array[0:N], val)
  free(h_array);
  return errors;
}

int main(){
  int errors = 0;

  // We test for offloading
  int is_offloading;
  OMPVV_TEST_AND_SET_OFFLOADING(is_offloading);

  OMPVV_TEST_AND_SET_VERBOSE(errors, test_async_between_target());
  OMPVV_TEST_AND_SET_VERBOSE(errors, test_async_between_task_target());

  OMPVV_REPORT_AND_RETURN(errors);
}
","//===---test_target_enter_exit_data_depend.c --------------------------------===//
//
// OpenMP API Version 4.5 Nov 2015
//
// This test checks functionality of target enter data and target exit data
// to depend 'in' and 'out' using two separate functions. The first function
// test_async_between_task_target() mixes host-based tasks with target-based
// tasks, while the second function test_async_between_target() is testing
// for target enter exit data to depend 'in' and 'out' respectively, while also
// checking that a nowait clause can be used to ensure asynchronous behavior.
//
//===------------------------------------------------------------------------===//


#include <omp.h>
#include <stdio.h>
#include <stdlib.h>
#include <stdbool.h>
#include ""ompvv.h""

#define N 1000

/*
 * Test if it is possible to:
 * 1. target enter data to depend 'in' and 'out'
 * 2. target exit data to depend 'in' and 'out'
 * 3. Mix target-based tasks with host tasks.
 */
int test_async_between_task_target() {
  OMPVV_INFOMSG(""test_async_between_task_target"");

  int errors = 0;
  double sum = 0.0;
  double* h_array = (double *) malloc(N * sizeof(double));
  double* in_1 = (double *) malloc(N * sizeof(double));
  double* in_2 = (double *) malloc(N * sizeof(double));

  // host task
#pragma omp task depend(out: in_1) shared(in_1)
  {
    for (int i = 0; i < N; ++i) {
      in_1[i] = 1;
    }
  }

  // host task
#pragma omp task depend(out: in_2) shared(in_2)
  {
    for (int i = 0; i < N; ++i) {
      in_2[i] = 2;
    }
  }

  // target enter data
#pragma omp target enter data map(alloc: h_array[0:N]) map(to: in_1[0:N]) map(to: in_2[0:N]) depend(out: h_array) depend(in: in_1) depend(in: in_2)

  // target task to compute on the device
  // adding redundant depends on in_1 + in_2 to make the test work if compiled for the host
#pragma omp task shared (h_array, in_1, in_2) depend(inout: h_array) depend(in: in_1) depend(in: in_2)
  {
#pragma omp target
    {
      for (int i = 0; i < N; ++i) {
        h_array[i] = in_1[i]+in_2[i];
      }
    }
  }

  // target exit data
#pragma omp target exit data map(from: h_array[0:N]) depend(inout: h_array)

  // host task
#pragma omp task depend(in: h_array) shared(sum, h_array)
  {
    // checking results
    for (int i = 0; i < N; ++i) {
      sum += h_array[i];
    }
  }
#pragma omp taskwait

  errors = 2.0*N != sum;

#pragma omp target exit data map(release: h_array[0:N], in_1[0:N], in_2[0:N])
  free(h_array);
  free(in_1);
  free(in_2);
  return errors;
}

/*
 * Test if it is possible to:
 * 1. target enter data to depend 'out'
 * 2. target exit data to depend 'in'
 * 3. use nowait for async
 */
int test_async_between_target() {
  OMPVV_INFOMSG(""test_async_between_target"");

  int errors = 0;
  int sum = 0;
  int* h_array = (int *) malloc(N * sizeof(int));
  int val = 2;

  // target enter data
#pragma omp target enter data map(alloc: h_array[0:N]) depend(out: h_array)

#pragma omp target enter data map(to: val) depend(out: val)

#pragma omp target depend(inout: h_array) depend(in: val)
  {
    for (int i = 0; i < N; ++i) {
      h_array[i] = val;
    }
  }

  // target exit data
#pragma omp target exit data map(from: h_array[0:N]) depend(in: h_array)

#pragma omp taskwait

  // checking results
  for (int i = 0; i < N; ++i) {
    sum += h_array[i];
  }

  OMPVV_TEST_AND_SET(errors, 2*N != sum);

#pragma omp target exit data map(release: h_array[0:N], val)
  free(h_array);
  return errors;
}

int main(){
  int errors = 0;

  // We test for offloading
  int is_offloading;
  OMPVV_TEST_AND_SET_OFFLOADING(is_offloading);

  OMPVV_TEST_AND_SET_VERBOSE(errors, test_async_between_target());
  OMPVV_TEST_AND_SET_VERBOSE(errors, test_async_between_task_target());

  OMPVV_REPORT_AND_RETURN(errors);
}
",openmp_gpu_batch_3_optionA_full_multivariant.csv,False,failed,True,passed,,NEEDS_REVIEW,target_mapping,general_code,tests/4.5/target_enter_exit_data,4.5,needs_review,False,needs_review
tests/5.0/target/test_target_parallel_for_notequals.c,target,loop_bounds,NEQ_TO_LT_N_MINUS_1,high,for (int i = 0; i != N; i++) {,for (int i = 0; i < N - 1; i++) {,oracle checks all x[i] values are updated,last iteration is skipped,32,test_target_parallel_for_notequals_NEQ_TO_LT_N_MINUS_1.c,"//===--- test_target_parallel_for_notequals.c -------------------------------===//
//
// OpenMP API Version 5.0 Nov 2018
//
// This test checks the parallel for directive with relational-op ""!="".
// The test performs simple operations on an int array in device env
// which are then checked for correctness.
//
////===----------------------------------------------------------------------===//
#include <assert.h>
#include <omp.h>
#include <stdio.h>
#include <stdlib.h>
#include ""ompvv.h""

#define N 1024

int test_target_parallel_for_notequals() {
  OMPVV_INFOMSG(""test_parallel_for_notequals_device"");
  int errors = 0;
  int x[N];
  int y[N];
  int z[N];

  for (int i = 0; i < N; i++) {
    x[i] = 1;
    y[i] = i + 1;
    z[i] = 2*(i + 1);
  }

#pragma omp target parallel for num_threads(OMPVV_NUM_THREADS_HOST) map(to: y, z) map(tofrom: x)
  for (int i = 0; i != N; i++) {
    x[i] += y[i]*z[i];
  }

  for (int i = 0; i < N; i++) {
    OMPVV_TEST_AND_SET_VERBOSE(errors, x[i] != 1 + (y[i]*z[i]));
  }

  return errors;
}


int main() {
  OMPVV_TEST_OFFLOADING;

  int errors = 0;

  OMPVV_TEST_AND_SET_VERBOSE(errors, test_target_parallel_for_notequals());

  OMPVV_REPORT_AND_RETURN(errors);
}
","//===--- test_target_parallel_for_notequals.c -------------------------------===//
//
// OpenMP API Version 5.0 Nov 2018
//
// This test checks the parallel for directive with relational-op ""!="".
// The test performs simple operations on an int array in device env
// which are then checked for correctness.
//
////===----------------------------------------------------------------------===//
#include <assert.h>
#include <omp.h>
#include <stdio.h>
#include <stdlib.h>
#include ""ompvv.h""

#define N 1024

int test_target_parallel_for_notequals() {
  OMPVV_INFOMSG(""test_parallel_for_notequals_device"");
  int errors = 0;
  int x[N];
  int y[N];
  int z[N];

  for (int i = 0; i < N; i++) {
    x[i] = 1;
    y[i] = i + 1;
    z[i] = 2*(i + 1);
  }

#pragma omp target parallel for num_threads(OMPVV_NUM_THREADS_HOST) map(to: y, z) map(tofrom: x)
  for (int i = 0; i < N - 1; i++) {
    x[i] += y[i]*z[i];
  }

  for (int i = 0; i < N; i++) {
    OMPVV_TEST_AND_SET_VERBOSE(errors, x[i] != 1 + (y[i]*z[i]));
  }

  return errors;
}


int main() {
  OMPVV_TEST_OFFLOADING;

  int errors = 0;

  OMPVV_TEST_AND_SET_VERBOSE(errors, test_target_parallel_for_notequals());

  OMPVV_REPORT_AND_RETURN(errors);
}
",openmp_gpu_batch_20_optionA_full_multivariant_FULL.csv,False,failed,True,passed,,NEEDS_REVIEW,target_mapping,loop,tests/5.0/target,5.0,needs_review,False,needs_review
tests/5.1/depend/test_depend_inout_omp_all_memory.c,depend,task_dependency,OMP_ALL_MEMORY_TO_X,high,#pragma omp task depend(inout: omp_all_memory),#pragma omp task depend(inout: x),x[i] == i+1 and y == 10 at intermediate check; x[i] == i+2 and y == 15 at final check,"dependency no longer waits for all memory effects, so y can be stale",40,test_depend_inout_all_memory_TO_X_ONLY.c,"//===------------ test_depend_inout_omp_all_memory.c --------------------===//
//
// OpenMP API Version 5.1 Nov 2020
//
// This test checks that the special omp_all_memory locator keyword works
// as intended. The test checks this by having two variables passed into the
// target parallel region, depending on both values. If both variables are
// properly passed through the tasks then it passes. If not, the test fails.
//
////===----------------------------------------------------------------------===//

#include <omp.h>
#include <stdio.h>
#include <stdlib.h>
#include ""ompvv.h""

#define N 1024

int main() {
        int errors = 0;
        int x[N];
        int y = 5;

        for (int i = 0; i < N; i++) {
                x[i] = i;
        }

        OMPVV_TEST_OFFLOADING;

        #pragma omp target map(tofrom: errors) map(to: x, y)
        {
                #pragma omp parallel
                #pragma omp single
                {
                        #pragma omp task depend(out: x)
                        {
                                for (int i = 0; i < N; i++) {
                                        x[i] += 1;
                                }
                        }
                        #pragma omp task depend(out: y)
                        {
                                y += 5;
                        }
                        #pragma omp task depend(inout: omp_all_memory)
                        {
                                for(int i = 0; i < N; i++) {
                                        OMPVV_TEST_AND_SET(errors, x[i] != i + 1);
                                }

                                OMPVV_TEST_AND_SET(errors, y != 10 );
                        }
                        #pragma omp task depend(out: x)
                        {
                                for (int i = 0; i < N; i++) {
                                        x[i] += 1;
                                }
                        }
                        #pragma omp task depend(out: y)
                        {
                                y += 5;
                        }
                }

                for (int i = 0; i < N; i++) {
                        OMPVV_TEST_AND_SET(errors, x[i] != i + 2);
                }

                OMPVV_TEST_AND_SET(errors, y != 15);
        }

        OMPVV_REPORT_AND_RETURN(errors);
}
","//===------------ test_depend_inout_omp_all_memory.c --------------------===//
//
// OpenMP API Version 5.1 Nov 2020
//
// This test checks that the special omp_all_memory locator keyword works
// as intended. The test checks this by having two variables passed into the
// target parallel region, depending on both values. If both variables are
// properly passed through the tasks then it passes. If not, the test fails.
//
////===----------------------------------------------------------------------===//

#include <omp.h>
#include <stdio.h>
#include <stdlib.h>
#include ""ompvv.h""

#define N 1024

int main() {
        int errors = 0;
        int x[N];
        int y = 5;

        for (int i = 0; i < N; i++) {
                x[i] = i;
        }

        OMPVV_TEST_OFFLOADING;

        #pragma omp target map(tofrom: errors) map(to: x, y)
        {
                #pragma omp parallel
                #pragma omp single
                {
                        #pragma omp task depend(out: x)
                        {
                                for (int i = 0; i < N; i++) {
                                        x[i] += 1;
                                }
                        }
                        #pragma omp task depend(out: y)
                        {
                                y += 5;
                        }
                        #pragma omp task depend(inout: x)
                        {
                                for(int i = 0; i < N; i++) {
                                        OMPVV_TEST_AND_SET(errors, x[i] != i + 1);
                                }

                                OMPVV_TEST_AND_SET(errors, y != 10 );
                        }
                        #pragma omp task depend(out: x)
                        {
                                for (int i = 0; i < N; i++) {
                                        x[i] += 1;
                                }
                        }
                        #pragma omp task depend(out: y)
                        {
                                y += 5;
                        }
                }

                for (int i = 0; i < N; i++) {
                        OMPVV_TEST_AND_SET(errors, x[i] != i + 2);
                }

                OMPVV_TEST_AND_SET(errors, y != 15);
        }

        OMPVV_REPORT_AND_RETURN(errors);
}
",openmp_batch_91_110_optionA_full_multivariant.csv,False,failed,True,passed,,NEEDS_REVIEW,depend,dependency,tests/5.1/depend,5.1,needs_review,False,needs_review
tests/5.0/parallel_master_taskloop/test_parallel_master_taskloop_device.c,parallel_master_taskloop,taskloop,PARALLEL_MASTER_TASKLOOP_TO_PARALLEL_TASKLOOP,medium,"#pragma omp parallel master taskloop num_threads(OMPVV_NUM_THREADS_DEVICE) shared(x, y, z, num_threads)","#pragma omp parallel taskloop num_threads(OMPVV_NUM_THREADS_DEVICE) shared(x, y, z, num_threads)",oracle checks x[i] == 1 + y[i]*z[i] and valid num_threads,master component is removed from parallel master taskloop construct,34,test_parallel_master_taskloop_device_PARALLEL_MASTER_TASKLOOP_TO_PARALLEL_TASKLOOP.c,"//===--- test_parallel_master_taskloop_device.c ------------------------===//
//
// OpenMP API Version 5.0 Nov 2018
//
// This test checks the parallel master taskloop directive. The test performs
// simple operations on an int array which are then checked for correctness.
// This test checks the construct in a target context.
//
////===----------------------------------------------------------------------===//
#include <assert.h>
#include <omp.h>
#include <stdio.h>
#include <stdlib.h>
#include ""ompvv.h""

#define N 1024

int test_parallel_master_taskloop_device() {
  OMPVV_INFOMSG(""test_parallel_master_taskloop_device"");
  int errors = 0;
  int num_threads = -1;
  int x[N];
  int y[N];
  int z[N];

  for (int i = 0; i < N; i++) {
    x[i] = 1;
    y[i] = i + 1;
    z[i] = 2*(i + 1);
  }

#pragma omp target map(tofrom: x, y, z, num_threads)
  {
#pragma omp parallel master taskloop num_threads(OMPVV_NUM_THREADS_DEVICE) shared(x, y, z, num_threads)
    for (int i = 0; i < N; i++) {
      x[i] += y[i]*z[i];
      if (i == 0) {
        num_threads = omp_get_num_threads();
      }
    }
  }

  for (int i = 0; i < N; i++) {
    OMPVV_TEST_AND_SET_VERBOSE(errors, x[i] != 1 + (y[i]*z[i]));
  }

  OMPVV_WARNING_IF(num_threads == 1, ""Test ran with one thread, so parallelism of taskloop can't be guaranteed."");
  OMPVV_ERROR_IF(num_threads < 1, ""Test returned an invalid number of threads."");
  OMPVV_TEST_AND_SET_VERBOSE(errors, num_threads < 1);

  return errors;
}


int main() {
  OMPVV_TEST_OFFLOADING;

  int errors = 0;

  OMPVV_TEST_AND_SET_VERBOSE(errors, test_parallel_master_taskloop_device());

  OMPVV_REPORT_AND_RETURN(errors);
}
","//===--- test_parallel_master_taskloop_device.c ------------------------===//
//
// OpenMP API Version 5.0 Nov 2018
//
// This test checks the parallel master taskloop directive. The test performs
// simple operations on an int array which are then checked for correctness.
// This test checks the construct in a target context.
//
////===----------------------------------------------------------------------===//
#include <assert.h>
#include <omp.h>
#include <stdio.h>
#include <stdlib.h>
#include ""ompvv.h""

#define N 1024

int test_parallel_master_taskloop_device() {
  OMPVV_INFOMSG(""test_parallel_master_taskloop_device"");
  int errors = 0;
  int num_threads = -1;
  int x[N];
  int y[N];
  int z[N];

  for (int i = 0; i < N; i++) {
    x[i] = 1;
    y[i] = i + 1;
    z[i] = 2*(i + 1);
  }

#pragma omp target map(tofrom: x, y, z, num_threads)
  {
#pragma omp parallel taskloop num_threads(OMPVV_NUM_THREADS_DEVICE) shared(x, y, z, num_threads)
    for (int i = 0; i < N; i++) {
      x[i] += y[i]*z[i];
      if (i == 0) {
        num_threads = omp_get_num_threads();
      }
    }
  }

  for (int i = 0; i < N; i++) {
    OMPVV_TEST_AND_SET_VERBOSE(errors, x[i] != 1 + (y[i]*z[i]));
  }

  OMPVV_WARNING_IF(num_threads == 1, ""Test ran with one thread, so parallelism of taskloop can't be guaranteed."");
  OMPVV_ERROR_IF(num_threads < 1, ""Test returned an invalid number of threads."");
  OMPVV_TEST_AND_SET_VERBOSE(errors, num_threads < 1);

  return errors;
}


int main() {
  OMPVV_TEST_OFFLOADING;

  int errors = 0;

  OMPVV_TEST_AND_SET_VERBOSE(errors, test_parallel_master_taskloop_device());

  OMPVV_REPORT_AND_RETURN(errors);
}
",openmp_gpu_batch_15_optionA_full_multivariant.csv,False,compile_error,True,passed,,NEEDS_REVIEW,parallel_master_taskloop,data_sharing,tests/5.0/parallel_master_taskloop,5.0,needs_review,False,needs_review
tests/5.0/declare_variant/test_declare_variant.c,declare_variant,variant_selection,PARALLEL_VARIANT_MATCH_TO_TARGET,high,#pragma omp declare variant(p_fn) match(construct = {parallel}),#pragma omp declare variant(p_fn) match(construct = {target}),b[i] == i+1 in parallel region while a[i] == i and c[i] == i+2,"parallel region no longer selects p_fn, so b is populated by wrong variant",23,test_declare_variant_parallel_match_to_target.c,"//===--- test_declare_variant.c ---------------------------------------------===//
//
// OpenMP API Version 5.0 Nov 2018
//
// This test uses the declare variant clause to create two variants of a
// simple base function, one for use in a parallel region, and one for use
// in a target region. The function sets each element of an array to its
// index. Each variant is called on a separate array and the results are
// checked.
//
////===----------------------------------------------------------------------===//

#include <omp.h>
#include <stdio.h>
#include <stdlib.h>
#include ""ompvv.h""

#define N 1024

void p_fn(int *arr);
void t_fn(int *arr);

#pragma omp declare variant(p_fn) match(construct = {parallel})
#pragma omp declare variant(t_fn) match(construct = {target})
void fn(int *arr) {              // base for use on the host in sequence
  for (int i = 0; i < N; i++) {
    arr[i] = i;
  }
}

void p_fn(int *arr) {            // variant for use on host in parallel
#pragma omp for
  for (int i = 0; i < N; i++) {
    arr[i] = i + 1;
  }
}

#pragma omp declare target
void t_fn(int *arr) {            // variant for use on target
#pragma omp distribute
  for (int i = 0; i < N; i++) {
    arr[i] = i + 2;
  }
}
#pragma omp end declare target

int main() {
  OMPVV_TEST_OFFLOADING;

  int default_errors = 0;
  int p_errors = 0;
  int t_errors = 0;
  int a[N], b[N], c[N];

  for (int i = 0; i < N; i++) {
    a[i] = 0;
    b[i] = 0;
    c[i] = 0;
  }

  fn(a);

#pragma omp parallel
  {
    fn(b);
  }

#pragma omp target teams map(tofrom: c[0:N])
  {
    fn(c);
  }

  for (int i = 0; i < N; i++) {
    OMPVV_TEST_AND_SET_VERBOSE(default_errors, a[i] != i);
    OMPVV_TEST_AND_SET_VERBOSE(p_errors, b[i] != (i + 1));
    OMPVV_TEST_AND_SET_VERBOSE(t_errors, c[i] != (i + 2));
  }

  OMPVV_ERROR_IF(default_errors, ""Did not use default variant of test function when expected."");
  OMPVV_ERROR_IF(p_errors, ""Did not use parallel variant of test function when expected."");
  OMPVV_ERROR_IF(t_errors, ""Did not use target variant of test function when expected."");

  OMPVV_REPORT_AND_RETURN(default_errors + p_errors + t_errors);
}
","//===--- test_declare_variant.c ---------------------------------------------===//
//
// OpenMP API Version 5.0 Nov 2018
//
// This test uses the declare variant clause to create two variants of a
// simple base function, one for use in a parallel region, and one for use
// in a target region. The function sets each element of an array to its
// index. Each variant is called on a separate array and the results are
// checked.
//
////===----------------------------------------------------------------------===//

#include <omp.h>
#include <stdio.h>
#include <stdlib.h>
#include ""ompvv.h""

#define N 1024

void p_fn(int *arr);
void t_fn(int *arr);

#pragma omp declare variant(p_fn) match(construct = {target})
#pragma omp declare variant(t_fn) match(construct = {target})
void fn(int *arr) {              // base for use on the host in sequence
  for (int i = 0; i < N; i++) {
    arr[i] = i;
  }
}

void p_fn(int *arr) {            // variant for use on host in parallel
#pragma omp for
  for (int i = 0; i < N; i++) {
    arr[i] = i + 1;
  }
}

#pragma omp declare target
void t_fn(int *arr) {            // variant for use on target
#pragma omp distribute
  for (int i = 0; i < N; i++) {
    arr[i] = i + 2;
  }
}
#pragma omp end declare target

int main() {
  OMPVV_TEST_OFFLOADING;

  int default_errors = 0;
  int p_errors = 0;
  int t_errors = 0;
  int a[N], b[N], c[N];

  for (int i = 0; i < N; i++) {
    a[i] = 0;
    b[i] = 0;
    c[i] = 0;
  }

  fn(a);

#pragma omp parallel
  {
    fn(b);
  }

#pragma omp target teams map(tofrom: c[0:N])
  {
    fn(c);
  }

  for (int i = 0; i < N; i++) {
    OMPVV_TEST_AND_SET_VERBOSE(default_errors, a[i] != i);
    OMPVV_TEST_AND_SET_VERBOSE(p_errors, b[i] != (i + 1));
    OMPVV_TEST_AND_SET_VERBOSE(t_errors, c[i] != (i + 2));
  }

  OMPVV_ERROR_IF(default_errors, ""Did not use default variant of test function when expected."");
  OMPVV_ERROR_IF(p_errors, ""Did not use parallel variant of test function when expected."");
  OMPVV_ERROR_IF(t_errors, ""Did not use target variant of test function when expected."");

  OMPVV_REPORT_AND_RETURN(default_errors + p_errors + t_errors);
}
",HPC_BUGFIX_V2_3.xlsx,False,failed,True,passed,,NEEDS_REVIEW,declare_variant,variant_selector,tests/5.0/declare_variant,5.0,needs_review,False,needs_review
tests/5.0/teams_loop/test_target_teams_loop_firstprivate.c,teams_loop,loop_body,PLUS1_TO_MINUS1,high,b[i] = a[i] + 1;,b[i] = a[i] - 1;,oracle checks b[i] == 2*i + 1,target teams loop subtracts 1 instead of adding 1,22,test_target_teams_loop_firstprivate_PLUS1_TO_MINUS1.c,"#include <omp.h>
#include <stdio.h>
#include <stdlib.h>
#include ""ompvv.h""

#define N 1024
/**
  This is a basic test to demonstrate firstprivate clause used
  with ""omp target teams loop"".
*/
int main() {
  int a[N], b[N];
  int errors = 0;
  // Data Inititalize
  for (int i = 0; i < N; i++) {
    a[i] = 2*i;  // Even
    b[i] = a[i];
  }
  // Execute on target
#pragma omp target teams loop map(tofrom: b[0:N]) firstprivate(a)
  for (int i = 0; i < N; i++) {
    b[i] = a[i] + 1;
  }

  for (int i = 0; i < N; i++) {
    OMPVV_TEST_AND_SET_VERBOSE(errors, b[i] != (2*i + 1));
  }
  OMPVV_REPORT_AND_RETURN(errors);
}
","#include <omp.h>
#include <stdio.h>
#include <stdlib.h>
#include ""ompvv.h""

#define N 1024
/**
  This is a basic test to demonstrate firstprivate clause used
  with ""omp target teams loop"".
*/
int main() {
  int a[N], b[N];
  int errors = 0;
  // Data Inititalize
  for (int i = 0; i < N; i++) {
    a[i] = 2*i;  // Even
    b[i] = a[i];
  }
  // Execute on target
#pragma omp target teams loop map(tofrom: b[0:N]) firstprivate(a)
  for (int i = 0; i < N; i++) {
    b[i] = a[i] - 1;
  }

  for (int i = 0; i < N; i++) {
    OMPVV_TEST_AND_SET_VERBOSE(errors, b[i] != (2*i + 1));
  }
  OMPVV_REPORT_AND_RETURN(errors);
}
",openmp_gpu_batch_23_optionA_full_multivariant.csv,False,failed,True,passed,,NEEDS_REVIEW,loop,general_code,tests/5.0/teams_loop,5.0,needs_review,False,needs_review
tests/5.0/teams_loop/test_target_teams_loop_device.c,teams_loop,loop_body,PLUS1_TO_PLUS2,high,a[i] = a[i] + 1;,a[i] = a[i] + 2;,oracle checks a[i] == total_dev,each device pass increments by 2 instead of 1,24,test_target_teams_loop_device_PLUS1_TO_PLUS2.c,"#include <omp.h>
#include <stdio.h>
#include <stdlib.h>
#include ""ompvv.h""

#define N 1024

/**
  This is a basic test to demonstrate device clause used
  with ""omp target teams loop"".
*/
int main() {
  int a[N];
  int errors = 0, total_dev = 0;
  // Data Inititalize
  for (int i = 0; i < N; i++) {
    a[i] = 0;  // Set to 0th device
  }
  total_dev = omp_get_num_devices();
  for (int dev_num = 0; dev_num < total_dev; dev_num++) {
  // Execute on target
  #pragma omp target teams loop map(tofrom: a[0:N]) device(dev_num)
    for (int i = 0; i < N; i++) {
      a[i] = a[i] + 1;
    }
  }
  for (int i = 0; i < N; i++) {
    OMPVV_TEST_AND_SET_VERBOSE(errors, a[i] != total_dev);
  }
  OMPVV_REPORT_AND_RETURN(errors);
}
","#include <omp.h>
#include <stdio.h>
#include <stdlib.h>
#include ""ompvv.h""

#define N 1024

/**
  This is a basic test to demonstrate device clause used
  with ""omp target teams loop"".
*/
int main() {
  int a[N];
  int errors = 0, total_dev = 0;
  // Data Inititalize
  for (int i = 0; i < N; i++) {
    a[i] = 0;  // Set to 0th device
  }
  total_dev = omp_get_num_devices();
  for (int dev_num = 0; dev_num < total_dev; dev_num++) {
  // Execute on target
  #pragma omp target teams loop map(tofrom: a[0:N]) device(dev_num)
    for (int i = 0; i < N; i++) {
      a[i] = a[i] + 2;
    }
  }
  for (int i = 0; i < N; i++) {
    OMPVV_TEST_AND_SET_VERBOSE(errors, a[i] != total_dev);
  }
  OMPVV_REPORT_AND_RETURN(errors);
}
",openmp_gpu_batch_23_optionA_full_multivariant.csv,False,failed,True,passed,,NEEDS_REVIEW,loop,general_code,tests/5.0/teams_loop,5.0,needs_review,False,needs_review
tests/6.0/target/test_target_data.c,target,loop_body,PLUS1_TO_PLUS2,high,int work_function(int var) { return var + 1; },int work_function(int var) { return var + 2; },check_function expects a == 1 after work_function,work function increments by 2 instead of 1,16,test_target_data_PLUS1_TO_PLUS2.c,"//--------------- test_target_data.c -----------------------------------------//
// OpenMP API Version 6.0 November 2024
// Pg. 902, line 4
// ***********
// DIRECTIVE:target
// CLAUSE:data
// The target_data directive is being used in three scenaries of various task
// configurations for the same functional task. Because target_data is a
// task-generating composite construct, it will have expected effects that are
// being tested in each scenario. If the work_function executes correctly, then
// the value of a should expectedly change to 1.
//----------------------------------------------------------------------------//
#include ""ompvv.h""
#include <omp.h>

int work_function(int var) { return var + 1; }
void check_function(int var, int *errors) {
  OMPVV_ERROR_IF(var != 1, ""Expected %i, received %i"", 1, var);
  OMPVV_TEST_AND_SET(*errors, var != 1);
  return;
}

int test_target_data() {
  int errors = 0;
  int a = 0;

  #pragma omp target_data map(tofrom : a)
  {
    #pragma omp target map(tofrom : a) nowait
    a = work_function(a);
  }
  check_function(a, &errors);
  a = 0;
  #pragma omp target_data map(tofrom : a) nogroup
  {
    #pragma omp target map(tofrom : a) nowait
    a = work_function(a);
  }
  check_function(a, &errors);
  a = 0;
  #pragma omp target_data map(tofrom : a) depend(inout : a)
  {
    #pragma omp target map(tofrom : a) nowait depend(out : a)
    a = work_function(a);
  }
  check_function(a, &errors);

  return errors;
}

int main() {
  int errors = 0;
  OMPVV_TEST_OFFLOADING;
  OMPVV_TEST_AND_SET(errors, test_target_data() != 0);
  OMPVV_REPORT_AND_RETURN(errors);
  return errors;
}
","//--------------- test_target_data.c -----------------------------------------//
// OpenMP API Version 6.0 November 2024
// Pg. 902, line 4
// ***********
// DIRECTIVE:target
// CLAUSE:data
// The target_data directive is being used in three scenaries of various task
// configurations for the same functional task. Because target_data is a
// task-generating composite construct, it will have expected effects that are
// being tested in each scenario. If the work_function executes correctly, then
// the value of a should expectedly change to 1.
//----------------------------------------------------------------------------//
#include ""ompvv.h""
#include <omp.h>

int work_function(int var) { return var + 2; }
void check_function(int var, int *errors) {
  OMPVV_ERROR_IF(var != 1, ""Expected %i, received %i"", 1, var);
  OMPVV_TEST_AND_SET(*errors, var != 1);
  return;
}

int test_target_data() {
  int errors = 0;
  int a = 0;

  #pragma omp target_data map(tofrom : a)
  {
    #pragma omp target map(tofrom : a) nowait
    a = work_function(a);
  }
  check_function(a, &errors);
  a = 0;
  #pragma omp target_data map(tofrom : a) nogroup
  {
    #pragma omp target map(tofrom : a) nowait
    a = work_function(a);
  }
  check_function(a, &errors);
  a = 0;
  #pragma omp target_data map(tofrom : a) depend(inout : a)
  {
    #pragma omp target map(tofrom : a) nowait depend(out : a)
    a = work_function(a);
  }
  check_function(a, &errors);

  return errors;
}

int main() {
  int errors = 0;
  OMPVV_TEST_OFFLOADING;
  OMPVV_TEST_AND_SET(errors, test_target_data() != 0);
  OMPVV_REPORT_AND_RETURN(errors);
  return errors;
}
",openmp_gpu_batch_29_optionA_full_multivariant_REGENERATED.csv,False,failed,True,passed,,NEEDS_REVIEW,loop,general_code,tests/6.0/target,6.0,needs_review,False,needs_review
tests/5.1/depend/test_target_depend_out_omp_all_memory.c,depend,loop_body,PLUS_Y_TO_MINUS_Y,high,x[i] += y;,x[i] -= y;,oracle checks x[i] == i+y,producer task subtracts y instead of adding it,38,test_target_depend_out_omp_all_memory_PLUS_Y_TO_MINUS_Y.c,"//===------------ test_target_depend_out_omp_all_memory.c --------------------===//
//
// OpenMP API Version 5.1 Nov 2020
//
// This test checks that the special omp_all_memory locator keyword works
// as intended. The test checks this by having two variables passed into the
// target parallel region, depending on both values. If both variables are
// properly passed through the sections then it passes. If not, the test fails.
//
////===----------------------------------------------------------------------===//

#include <omp.h>
#include <stdio.h>
#include <stdlib.h>
#include ""ompvv.h""

#define N 1024

int main() {
        int errors = 0;
        int x[N];
        int y = 5;

        for (int i = 0; i < N; i++) {
                x[i] = i;
        }

        OMPVV_TEST_OFFLOADING;

        #pragma omp target map(tofrom: errors) map(to: x, y)
        {
            #pragma omp parallel
            #pragma omp single
            {
              #pragma omp task shared(x, y) depend(out: omp_all_memory)
              {
                for(int i = 0; i < N; i++) {
                  x[i] += y;
                }
              }
              #pragma omp task shared(x, y, errors) depend(in: x, y)
              {
                for (int i = 0; i < N; i++) {
                  OMPVV_TEST_AND_SET(errors, x[i] != i + y);
                }
              }
              #pragma omp taskwait
            }
        }

        OMPVV_REPORT_AND_RETURN(errors);
}
","//===------------ test_target_depend_out_omp_all_memory.c --------------------===//
//
// OpenMP API Version 5.1 Nov 2020
//
// This test checks that the special omp_all_memory locator keyword works
// as intended. The test checks this by having two variables passed into the
// target parallel region, depending on both values. If both variables are
// properly passed through the sections then it passes. If not, the test fails.
//
////===----------------------------------------------------------------------===//

#include <omp.h>
#include <stdio.h>
#include <stdlib.h>
#include ""ompvv.h""

#define N 1024

int main() {
        int errors = 0;
        int x[N];
        int y = 5;

        for (int i = 0; i < N; i++) {
                x[i] = i;
        }

        OMPVV_TEST_OFFLOADING;

        #pragma omp target map(tofrom: errors) map(to: x, y)
        {
            #pragma omp parallel
            #pragma omp single
            {
              #pragma omp task shared(x, y) depend(out: omp_all_memory)
              {
                for(int i = 0; i < N; i++) {
                  x[i] -= y;
                }
              }
              #pragma omp task shared(x, y, errors) depend(in: x, y)
              {
                for (int i = 0; i < N; i++) {
                  OMPVV_TEST_AND_SET(errors, x[i] != i + y);
                }
              }
              #pragma omp taskwait
            }
        }

        OMPVV_REPORT_AND_RETURN(errors);
}
",openmp_gpu_batch_24_optionA_full_multivariant.csv,False,failed,True,passed,,NEEDS_REVIEW,target_mapping,general_code,tests/5.1/depend,5.1,needs_review,False,needs_review
tests/4.5/target_enter_exit_data/test_target_enter_exit_data_map_pointer_translation.c,target_enter_exit_data,loop_body,PTR_HEAP_INCREMENT_TO_ASSIGN,high,ptr_h_array_h[i] += 1;,ptr_h_array_h[i] = 1;,"OMPVV_TEST_AND_SET_VERBOSE(errors, (3*N != sum) || (6*N != sum2))",heap pointer total becomes too small because increments are overwritten,54,test_target_enter_exit_data_pointer_translation_PTR_HEAP_INCREMENT_TO_ASSIGN.c,"//===---- test_target_enter_exit_data_map_pointer_translation.c-------- ===//
//
// OpenMP API Version 4.5 Nov 2015
//
// According to the OpenMP Specs, if a pointer is used in the mapping of a variable
// and the pointer points to a host array that is already available in the device,
// this pointer's address has to be updated with the device address.
//
// See page 105, lines 24 throuhg 32.
//
// This test check these conditions are valid for target enter exit data clauses
//
//===----------------------------------------------------------------------===//

#include ""ompvv.h""
#include <omp.h>
#include <stdio.h>
#include <stdlib.h>

#define N 1000

int test_map_same_function() {

  OMPVV_INFOMSG(""Testing map same function definition"")

  int sum = 0, sum2 = 0, errors = 0;

  // host arrays: heap and stack
  int *h_array_h = (int *)malloc(N * sizeof(int));
  int h_array_s[N];

  // Pointers to be used for the translation
  int *ptr_h_array_h;
  int *ptr_h_array_s;

#pragma omp target enter data map(alloc:h_array_h[0:N]) map(alloc:h_array_s[0:N])

    ptr_h_array_h = h_array_h;
    ptr_h_array_s = h_array_s;

    OMPVV_INFOMSG(""map(ptr) specified full-length array section"")
#pragma omp target map(ptr_h_array_h[0:N], ptr_h_array_s[0:N])
    {
      for (int i = 0; i < N; ++i) {
        ptr_h_array_h[i] = 1;
        ptr_h_array_s[i] = 2;
      }
    } // end target

    OMPVV_INFOMSG(""map(ptr) specified zero-length array section"")
#pragma omp target map(ptr_h_array_h[:0], ptr_h_array_s[:0])
    {
      for (int i = 0; i < N; ++i) {
        ptr_h_array_h[i] += 1;
        ptr_h_array_s[i] += 2;
      }
    } // end target

    OMPVV_INFOMSG(""no map(ptr) Specified"")
#pragma omp target
    {
      for (int i = 0; i < N; ++i) {
        ptr_h_array_h[i] += 1;
        ptr_h_array_s[i] += 2;
      }
    } // end target
#pragma omp target exit data map(from:h_array_h[0:N]) map(from:h_array_s[0:N])

  // checking results
  for (int i = 0; i < N; ++i) {
    sum += h_array_h[i];
    sum2 += h_array_s[i];
  }
  OMPVV_TEST_AND_SET_VERBOSE(errors, (3*N != sum) || (6*N != sum2));

  free(h_array_h);
  return errors;
}

void helper_function(int *ptr_h_array_h, int *ptr_h_array_s) {

    OMPVV_INFOMSG(""map(ptr) specified full-length array section"")
#pragma omp target map(ptr_h_array_h[0:N], ptr_h_array_s[0:N])
    {
      for (int i = 0; i < N; ++i) {
        ptr_h_array_h[i] = 1;
        ptr_h_array_s[i] = 2;
      }
    } // end target

    OMPVV_INFOMSG(""map(ptr) specified zero-length array section"")
#pragma omp target map(ptr_h_array_h[:0], ptr_h_array_s[:0])
    {
      for (int i = 0; i < N; ++i) {
        ptr_h_array_h[i] += 1;
        ptr_h_array_s[i] += 2;
      }
    } // end target

    OMPVV_INFOMSG(""no map(ptr) Specified"")
#pragma omp target
    {
      for (int i = 0; i < N; ++i) {
        ptr_h_array_h[i] += 1;
        ptr_h_array_s[i] += 2;
      }
    } // end target
}

int test_map_different_function() {

  OMPVV_INFOMSG(""Testing map different function definition"")

  int sum = 0, sum2 = 0, errors = 0;

  // host arrays: heap and stack
  int *h_array_h = (int *)malloc(N * sizeof(int));
  int h_array_s[N];

#pragma omp target enter data map(alloc: h_array_h[0:N]) map(alloc: h_array_s[0:N])
    helper_function(h_array_h, h_array_s);
#pragma omp target exit data map(from: h_array_h[0:N]) map(from: h_array_s[0:N])

  // checking results
  for (int i = 0; i < N; ++i) {
    sum += h_array_h[i];
    sum2 += h_array_s[i];
  }
  OMPVV_TEST_AND_SET_VERBOSE(errors, (3*N != sum) || (6*N != sum2));

  free(h_array_h);
  return errors;
}
int main() {
  OMPVV_TEST_OFFLOADING
  int errors = 0;

  OMPVV_TEST_AND_SET_VERBOSE(errors, test_map_same_function());
  OMPVV_TEST_AND_SET_VERBOSE(errors, test_map_different_function());
  OMPVV_REPORT_AND_RETURN(errors);
}
","//===---- test_target_enter_exit_data_map_pointer_translation.c-------- ===//
//
// OpenMP API Version 4.5 Nov 2015
//
// According to the OpenMP Specs, if a pointer is used in the mapping of a variable
// and the pointer points to a host array that is already available in the device,
// this pointer's address has to be updated with the device address.
//
// See page 105, lines 24 throuhg 32.
//
// This test check these conditions are valid for target enter exit data clauses
//
//===----------------------------------------------------------------------===//

#include ""ompvv.h""
#include <omp.h>
#include <stdio.h>
#include <stdlib.h>

#define N 1000

int test_map_same_function() {

  OMPVV_INFOMSG(""Testing map same function definition"")

  int sum = 0, sum2 = 0, errors = 0;

  // host arrays: heap and stack
  int *h_array_h = (int *)malloc(N * sizeof(int));
  int h_array_s[N];

  // Pointers to be used for the translation
  int *ptr_h_array_h;
  int *ptr_h_array_s;

#pragma omp target enter data map(alloc:h_array_h[0:N]) map(alloc:h_array_s[0:N])

    ptr_h_array_h = h_array_h;
    ptr_h_array_s = h_array_s;

    OMPVV_INFOMSG(""map(ptr) specified full-length array section"")
#pragma omp target map(ptr_h_array_h[0:N], ptr_h_array_s[0:N])
    {
      for (int i = 0; i < N; ++i) {
        ptr_h_array_h[i] = 1;
        ptr_h_array_s[i] = 2;
      }
    } // end target

    OMPVV_INFOMSG(""map(ptr) specified zero-length array section"")
#pragma omp target map(ptr_h_array_h[:0], ptr_h_array_s[:0])
    {
      for (int i = 0; i < N; ++i) {
        ptr_h_array_h[i] = 1;
        ptr_h_array_s[i] += 2;
      }
    } // end target

    OMPVV_INFOMSG(""no map(ptr) Specified"")
#pragma omp target
    {
      for (int i = 0; i < N; ++i) {
        ptr_h_array_h[i] += 1;
        ptr_h_array_s[i] += 2;
      }
    } // end target
#pragma omp target exit data map(from:h_array_h[0:N]) map(from:h_array_s[0:N])

  // checking results
  for (int i = 0; i < N; ++i) {
    sum += h_array_h[i];
    sum2 += h_array_s[i];
  }
  OMPVV_TEST_AND_SET_VERBOSE(errors, (3*N != sum) || (6*N != sum2));

  free(h_array_h);
  return errors;
}

void helper_function(int *ptr_h_array_h, int *ptr_h_array_s) {

    OMPVV_INFOMSG(""map(ptr) specified full-length array section"")
#pragma omp target map(ptr_h_array_h[0:N], ptr_h_array_s[0:N])
    {
      for (int i = 0; i < N; ++i) {
        ptr_h_array_h[i] = 1;
        ptr_h_array_s[i] = 2;
      }
    } // end target

    OMPVV_INFOMSG(""map(ptr) specified zero-length array section"")
#pragma omp target map(ptr_h_array_h[:0], ptr_h_array_s[:0])
    {
      for (int i = 0; i < N; ++i) {
        ptr_h_array_h[i] += 1;
        ptr_h_array_s[i] += 2;
      }
    } // end target

    OMPVV_INFOMSG(""no map(ptr) Specified"")
#pragma omp target
    {
      for (int i = 0; i < N; ++i) {
        ptr_h_array_h[i] += 1;
        ptr_h_array_s[i] += 2;
      }
    } // end target
}

int test_map_different_function() {

  OMPVV_INFOMSG(""Testing map different function definition"")

  int sum = 0, sum2 = 0, errors = 0;

  // host arrays: heap and stack
  int *h_array_h = (int *)malloc(N * sizeof(int));
  int h_array_s[N];

#pragma omp target enter data map(alloc: h_array_h[0:N]) map(alloc: h_array_s[0:N])
    helper_function(h_array_h, h_array_s);
#pragma omp target exit data map(from: h_array_h[0:N]) map(from: h_array_s[0:N])

  // checking results
  for (int i = 0; i < N; ++i) {
    sum += h_array_h[i];
    sum2 += h_array_s[i];
  }
  OMPVV_TEST_AND_SET_VERBOSE(errors, (3*N != sum) || (6*N != sum2));

  free(h_array_h);
  return errors;
}
int main() {
  OMPVV_TEST_OFFLOADING
  int errors = 0;

  OMPVV_TEST_AND_SET_VERBOSE(errors, test_map_same_function());
  OMPVV_TEST_AND_SET_VERBOSE(errors, test_map_different_function());
  OMPVV_REPORT_AND_RETURN(errors);
}
",openmp_gpu_batch_4_optionA_full_multivariant.csv,False,failed,True,passed,,NEEDS_REVIEW,target_mapping,general_code,tests/4.5/target_enter_exit_data,4.5,needs_review,False,needs_review
tests/4.5/target_enter_exit_data/test_target_enter_exit_data_map_pointer_translation.c,target_enter_exit_data,loop_body,PTR_STACK_INCREMENT_TO_ASSIGN,high,ptr_h_array_s[i] += 2;,ptr_h_array_s[i] = 2;,"OMPVV_TEST_AND_SET_VERBOSE(errors, (3*N != sum) || (6*N != sum2))",stack pointer total becomes too small because increments are overwritten,55,test_target_enter_exit_data_pointer_translation_PTR_STACK_INCREMENT_TO_ASSIGN.c,"//===---- test_target_enter_exit_data_map_pointer_translation.c-------- ===//
//
// OpenMP API Version 4.5 Nov 2015
//
// According to the OpenMP Specs, if a pointer is used in the mapping of a variable
// and the pointer points to a host array that is already available in the device,
// this pointer's address has to be updated with the device address.
//
// See page 105, lines 24 throuhg 32.
//
// This test check these conditions are valid for target enter exit data clauses
//
//===----------------------------------------------------------------------===//

#include ""ompvv.h""
#include <omp.h>
#include <stdio.h>
#include <stdlib.h>

#define N 1000

int test_map_same_function() {

  OMPVV_INFOMSG(""Testing map same function definition"")

  int sum = 0, sum2 = 0, errors = 0;

  // host arrays: heap and stack
  int *h_array_h = (int *)malloc(N * sizeof(int));
  int h_array_s[N];

  // Pointers to be used for the translation
  int *ptr_h_array_h;
  int *ptr_h_array_s;

#pragma omp target enter data map(alloc:h_array_h[0:N]) map(alloc:h_array_s[0:N])

    ptr_h_array_h = h_array_h;
    ptr_h_array_s = h_array_s;

    OMPVV_INFOMSG(""map(ptr) specified full-length array section"")
#pragma omp target map(ptr_h_array_h[0:N], ptr_h_array_s[0:N])
    {
      for (int i = 0; i < N; ++i) {
        ptr_h_array_h[i] = 1;
        ptr_h_array_s[i] = 2;
      }
    } // end target

    OMPVV_INFOMSG(""map(ptr) specified zero-length array section"")
#pragma omp target map(ptr_h_array_h[:0], ptr_h_array_s[:0])
    {
      for (int i = 0; i < N; ++i) {
        ptr_h_array_h[i] += 1;
        ptr_h_array_s[i] += 2;
      }
    } // end target

    OMPVV_INFOMSG(""no map(ptr) Specified"")
#pragma omp target
    {
      for (int i = 0; i < N; ++i) {
        ptr_h_array_h[i] += 1;
        ptr_h_array_s[i] += 2;
      }
    } // end target
#pragma omp target exit data map(from:h_array_h[0:N]) map(from:h_array_s[0:N])

  // checking results
  for (int i = 0; i < N; ++i) {
    sum += h_array_h[i];
    sum2 += h_array_s[i];
  }
  OMPVV_TEST_AND_SET_VERBOSE(errors, (3*N != sum) || (6*N != sum2));

  free(h_array_h);
  return errors;
}

void helper_function(int *ptr_h_array_h, int *ptr_h_array_s) {

    OMPVV_INFOMSG(""map(ptr) specified full-length array section"")
#pragma omp target map(ptr_h_array_h[0:N], ptr_h_array_s[0:N])
    {
      for (int i = 0; i < N; ++i) {
        ptr_h_array_h[i] = 1;
        ptr_h_array_s[i] = 2;
      }
    } // end target

    OMPVV_INFOMSG(""map(ptr) specified zero-length array section"")
#pragma omp target map(ptr_h_array_h[:0], ptr_h_array_s[:0])
    {
      for (int i = 0; i < N; ++i) {
        ptr_h_array_h[i] += 1;
        ptr_h_array_s[i] += 2;
      }
    } // end target

    OMPVV_INFOMSG(""no map(ptr) Specified"")
#pragma omp target
    {
      for (int i = 0; i < N; ++i) {
        ptr_h_array_h[i] += 1;
        ptr_h_array_s[i] += 2;
      }
    } // end target
}

int test_map_different_function() {

  OMPVV_INFOMSG(""Testing map different function definition"")

  int sum = 0, sum2 = 0, errors = 0;

  // host arrays: heap and stack
  int *h_array_h = (int *)malloc(N * sizeof(int));
  int h_array_s[N];

#pragma omp target enter data map(alloc: h_array_h[0:N]) map(alloc: h_array_s[0:N])
    helper_function(h_array_h, h_array_s);
#pragma omp target exit data map(from: h_array_h[0:N]) map(from: h_array_s[0:N])

  // checking results
  for (int i = 0; i < N; ++i) {
    sum += h_array_h[i];
    sum2 += h_array_s[i];
  }
  OMPVV_TEST_AND_SET_VERBOSE(errors, (3*N != sum) || (6*N != sum2));

  free(h_array_h);
  return errors;
}
int main() {
  OMPVV_TEST_OFFLOADING
  int errors = 0;

  OMPVV_TEST_AND_SET_VERBOSE(errors, test_map_same_function());
  OMPVV_TEST_AND_SET_VERBOSE(errors, test_map_different_function());
  OMPVV_REPORT_AND_RETURN(errors);
}
","//===---- test_target_enter_exit_data_map_pointer_translation.c-------- ===//
//
// OpenMP API Version 4.5 Nov 2015
//
// According to the OpenMP Specs, if a pointer is used in the mapping of a variable
// and the pointer points to a host array that is already available in the device,
// this pointer's address has to be updated with the device address.
//
// See page 105, lines 24 throuhg 32.
//
// This test check these conditions are valid for target enter exit data clauses
//
//===----------------------------------------------------------------------===//

#include ""ompvv.h""
#include <omp.h>
#include <stdio.h>
#include <stdlib.h>

#define N 1000

int test_map_same_function() {

  OMPVV_INFOMSG(""Testing map same function definition"")

  int sum = 0, sum2 = 0, errors = 0;

  // host arrays: heap and stack
  int *h_array_h = (int *)malloc(N * sizeof(int));
  int h_array_s[N];

  // Pointers to be used for the translation
  int *ptr_h_array_h;
  int *ptr_h_array_s;

#pragma omp target enter data map(alloc:h_array_h[0:N]) map(alloc:h_array_s[0:N])

    ptr_h_array_h = h_array_h;
    ptr_h_array_s = h_array_s;

    OMPVV_INFOMSG(""map(ptr) specified full-length array section"")
#pragma omp target map(ptr_h_array_h[0:N], ptr_h_array_s[0:N])
    {
      for (int i = 0; i < N; ++i) {
        ptr_h_array_h[i] = 1;
        ptr_h_array_s[i] = 2;
      }
    } // end target

    OMPVV_INFOMSG(""map(ptr) specified zero-length array section"")
#pragma omp target map(ptr_h_array_h[:0], ptr_h_array_s[:0])
    {
      for (int i = 0; i < N; ++i) {
        ptr_h_array_h[i] += 1;
        ptr_h_array_s[i] = 2;
      }
    } // end target

    OMPVV_INFOMSG(""no map(ptr) Specified"")
#pragma omp target
    {
      for (int i = 0; i < N; ++i) {
        ptr_h_array_h[i] += 1;
        ptr_h_array_s[i] += 2;
      }
    } // end target
#pragma omp target exit data map(from:h_array_h[0:N]) map(from:h_array_s[0:N])

  // checking results
  for (int i = 0; i < N; ++i) {
    sum += h_array_h[i];
    sum2 += h_array_s[i];
  }
  OMPVV_TEST_AND_SET_VERBOSE(errors, (3*N != sum) || (6*N != sum2));

  free(h_array_h);
  return errors;
}

void helper_function(int *ptr_h_array_h, int *ptr_h_array_s) {

    OMPVV_INFOMSG(""map(ptr) specified full-length array section"")
#pragma omp target map(ptr_h_array_h[0:N], ptr_h_array_s[0:N])
    {
      for (int i = 0; i < N; ++i) {
        ptr_h_array_h[i] = 1;
        ptr_h_array_s[i] = 2;
      }
    } // end target

    OMPVV_INFOMSG(""map(ptr) specified zero-length array section"")
#pragma omp target map(ptr_h_array_h[:0], ptr_h_array_s[:0])
    {
      for (int i = 0; i < N; ++i) {
        ptr_h_array_h[i] += 1;
        ptr_h_array_s[i] += 2;
      }
    } // end target

    OMPVV_INFOMSG(""no map(ptr) Specified"")
#pragma omp target
    {
      for (int i = 0; i < N; ++i) {
        ptr_h_array_h[i] += 1;
        ptr_h_array_s[i] += 2;
      }
    } // end target
}

int test_map_different_function() {

  OMPVV_INFOMSG(""Testing map different function definition"")

  int sum = 0, sum2 = 0, errors = 0;

  // host arrays: heap and stack
  int *h_array_h = (int *)malloc(N * sizeof(int));
  int h_array_s[N];

#pragma omp target enter data map(alloc: h_array_h[0:N]) map(alloc: h_array_s[0:N])
    helper_function(h_array_h, h_array_s);
#pragma omp target exit data map(from: h_array_h[0:N]) map(from: h_array_s[0:N])

  // checking results
  for (int i = 0; i < N; ++i) {
    sum += h_array_h[i];
    sum2 += h_array_s[i];
  }
  OMPVV_TEST_AND_SET_VERBOSE(errors, (3*N != sum) || (6*N != sum2));

  free(h_array_h);
  return errors;
}
int main() {
  OMPVV_TEST_OFFLOADING
  int errors = 0;

  OMPVV_TEST_AND_SET_VERBOSE(errors, test_map_same_function());
  OMPVV_TEST_AND_SET_VERBOSE(errors, test_map_different_function());
  OMPVV_REPORT_AND_RETURN(errors);
}
",openmp_gpu_batch_4_optionA_full_multivariant.csv,False,failed,True,passed,,NEEDS_REVIEW,target_mapping,general_code,tests/4.5/target_enter_exit_data,4.5,needs_review,False,needs_review
tests/4.5/target_teams_distribute/test_target_teams_distribute_reduction_bitand.c,target_teams_distribute,reduction,REDUCTION_BITAND_TO_BITOR,high,#pragma omp target teams distribute reduction(&:b) defaultmap(tofrom:scalar),#pragma omp target teams distribute reduction(|:b) defaultmap(tofrom:scalar),oracle checks b == host_b,target teams distribute reduction operator is changed,54,test_target_teams_distribute_reduction_bitand_REDUCTION_BITAND_TO_BITOR.c,"//===--- test_target_teams_distribute_reduction_bitand.c---------------------===//
//
// OpenMP API Version 4.5 Nov 2015
//
// This test uses the reduction clause on a target teams distribute directive,
// testing that the variable in the reduction clause is properly reduced using
// the bitand operator.
//
////===----------------------------------------------------------------------===//

#include <omp.h>
#include <stdio.h>
#include <stdlib.h>
#include ""ompvv.h""
#include <math.h>

#define N 1024
#define THRESHOLD 512

int test_bitand() {
  unsigned int a[N];
  double false_margin = pow(exp(1), log(.5)/N); // See the 'and' operator test for
  int errors = 0;                               // an exaplantion of this math.
  int num_teams[N];
  int num_attempts = 0;
  int have_true = 0, have_false = 0;
  srand(1);

  while ((!have_true || !have_false) && (num_attempts < THRESHOLD)) {
    have_true = 0;
    have_false = 0;
    for (int x = 0; x < N; ++x) {
      for (int y = 0; y < 16; ++y) {
        if (rand() / (double) RAND_MAX < false_margin) {
          a[x] += (1 << y);
          have_true = 1;
        } else {
          have_false = 1;
        }
      }
      num_teams[x] = -x;
    }
    num_attempts++;
  }

  OMPVV_WARNING_IF(!have_true, ""No true bits were generated to test"");
  OMPVV_WARNING_IF(!have_false, ""No false bits were generated to test"");

  unsigned int b = 0;
  for (int x = 0; x < 16; ++x) {
    b = b + (1 << x);
  }

#pragma omp target teams distribute reduction(&:b) defaultmap(tofrom:scalar)
  for (int x = 0; x < N; ++x) {
    num_teams[x] = omp_get_num_teams();
    b = b & a[x];
  }

  unsigned int host_b = a[0];

  for (int x = 0; x < N; ++x) {
    host_b = host_b & a[x];
  }

  for (int x = 1; x < N; ++x) {
    OMPVV_WARNING_IF(num_teams[x - 1] != num_teams[x], ""Kernel reported differing numbers of teams.  Validity of testing of reduction clause cannot be guaranteed."");
  }
  OMPVV_WARNING_IF(num_teams[0] == 1, ""Test operated with one team.  Reduction clause cannot be tested."");
  OMPVV_WARNING_IF(num_teams[0] <= 0, ""Test reported invalid number of teams.  Validity of testing of reduction clause cannot be guaranteed."");

  OMPVV_TEST_AND_SET_VERBOSE(errors, b != host_b);
  OMPVV_ERROR_IF(host_b != b, ""Bit on device is %d but expected bit from host is %d."", b, host_b);

  return errors;
}

int main() {
  OMPVV_TEST_OFFLOADING;

  int total_errors = 0;

  OMPVV_TEST_AND_SET_VERBOSE(total_errors, test_bitand() != 0);

  OMPVV_REPORT_AND_RETURN(total_errors);
}
","//===--- test_target_teams_distribute_reduction_bitand.c---------------------===//
//
// OpenMP API Version 4.5 Nov 2015
//
// This test uses the reduction clause on a target teams distribute directive,
// testing that the variable in the reduction clause is properly reduced using
// the bitand operator.
//
////===----------------------------------------------------------------------===//

#include <omp.h>
#include <stdio.h>
#include <stdlib.h>
#include ""ompvv.h""
#include <math.h>

#define N 1024
#define THRESHOLD 512

int test_bitand() {
  unsigned int a[N];
  double false_margin = pow(exp(1), log(.5)/N); // See the 'and' operator test for
  int errors = 0;                               // an exaplantion of this math.
  int num_teams[N];
  int num_attempts = 0;
  int have_true = 0, have_false = 0;
  srand(1);

  while ((!have_true || !have_false) && (num_attempts < THRESHOLD)) {
    have_true = 0;
    have_false = 0;
    for (int x = 0; x < N; ++x) {
      for (int y = 0; y < 16; ++y) {
        if (rand() / (double) RAND_MAX < false_margin) {
          a[x] += (1 << y);
          have_true = 1;
        } else {
          have_false = 1;
        }
      }
      num_teams[x] = -x;
    }
    num_attempts++;
  }

  OMPVV_WARNING_IF(!have_true, ""No true bits were generated to test"");
  OMPVV_WARNING_IF(!have_false, ""No false bits were generated to test"");

  unsigned int b = 0;
  for (int x = 0; x < 16; ++x) {
    b = b + (1 << x);
  }

#pragma omp target teams distribute reduction(|:b) defaultmap(tofrom:scalar)
  for (int x = 0; x < N; ++x) {
    num_teams[x] = omp_get_num_teams();
    b = b & a[x];
  }

  unsigned int host_b = a[0];

  for (int x = 0; x < N; ++x) {
    host_b = host_b & a[x];
  }

  for (int x = 1; x < N; ++x) {
    OMPVV_WARNING_IF(num_teams[x - 1] != num_teams[x], ""Kernel reported differing numbers of teams.  Validity of testing of reduction clause cannot be guaranteed."");
  }
  OMPVV_WARNING_IF(num_teams[0] == 1, ""Test operated with one team.  Reduction clause cannot be tested."");
  OMPVV_WARNING_IF(num_teams[0] <= 0, ""Test reported invalid number of teams.  Validity of testing of reduction clause cannot be guaranteed."");

  OMPVV_TEST_AND_SET_VERBOSE(errors, b != host_b);
  OMPVV_ERROR_IF(host_b != b, ""Bit on device is %d but expected bit from host is %d."", b, host_b);

  return errors;
}

int main() {
  OMPVV_TEST_OFFLOADING;

  int total_errors = 0;

  OMPVV_TEST_AND_SET_VERBOSE(total_errors, test_bitand() != 0);

  OMPVV_REPORT_AND_RETURN(total_errors);
}
",openmp_gpu_batch_09_optionA_full_multivariant_REGENERATED.csv,False,failed,True,passed,,NEEDS_REVIEW,target_mapping,mapping,tests/4.5/target_teams_distribute,4.5,needs_review,False,needs_review
tests/5.0/loop/test_loop_reduction_bitand_device.c,loop,reduction,REDUCTION_BITAND_TO_BITOR,high,#pragma omp loop reduction(&:b),#pragma omp loop reduction(|:b),b == host_b,reduction operator changed to the opposite/wrong operator,59,test_loop_reduction_bitand_device_REDUCTION_BITAND_TO_BITOR.c,"//===--- test_loop_reduction_bitand_device.c --------------------------------===//
//
// OpenMP API Version 5.0 Nov 2018
//
// This test uses the reduction clause on a loop directive, testing that the
// variable in the reduction clause is properly reduced using the bitand
// operator. This test checks the above in a target context.
//
////===----------------------------------------------------------------------===//

#include <omp.h>
#include <stdio.h>
#include <stdlib.h>
#include ""ompvv.h""
#include <math.h>

#define N 1024
#define THRESHOLD 512

int test_bitand() {
  unsigned int a[N];
  double false_margin = pow(exp(1), log(.5)/N); // See the 'and' operator test for
  int errors = 0;                               // an exaplantion of this math.
  int num_threads[N];
  int num_attempts = 0;
  int have_true = 0, have_false = 0;
  srand(1);

  while ((!have_true || !have_false) && (num_attempts < THRESHOLD)) {
    have_true = 0;
    have_false = 0;
    for (int x = 0; x < N; ++x) {
      if( num_attempts == 0 ) {
        a[x] = 0;
      }
      for (int y = 0; y < 16; ++y) {
        if (rand() / (double) RAND_MAX < false_margin) {
          a[x] += (1 << y);
          have_true = 1;
        } else {
          have_false = 1;
        }
      }
      num_threads[x] = -x;
    }
    num_attempts++;
  }

  OMPVV_WARNING_IF(!have_true, ""No true bits were generated to test"");
  OMPVV_WARNING_IF(!have_false, ""No false bits were generated to test"");

  unsigned int b = 0;
  for (int x = 0; x < 16; ++x) {
    b = b + (1 << x);
  }

#pragma omp target parallel num_threads(OMPVV_NUM_THREADS_DEVICE) map(tofrom: a, b, num_threads)
  {
#pragma omp loop reduction(&:b)
    for (int x = 0; x < N; ++x) {
      b = b & a[x];
    }
#pragma omp for
    for (int x = 0; x < N; ++x) {
      num_threads[x] = omp_get_num_threads();
    }
  }

  unsigned int host_b = a[0];

  for (int x = 0; x < N; ++x) {
    host_b = host_b & a[x];
  }

  for (int x = 1; x < N; ++x) {
    OMPVV_WARNING_IF(num_threads[x - 1] != num_threads[x], ""Test reported differing numbers of threads.  Validity of testing of reduction clause cannot be guaranteed."");
  }
  OMPVV_WARNING_IF(num_threads[0] == 1, ""Test operated with one thread.  Reduction clause cannot be tested."");
  OMPVV_WARNING_IF(num_threads[0] <= 0, ""Test reported invalid number of threads.  Validity of testing of reduction clause cannot be guaranteed."");

  OMPVV_TEST_AND_SET_VERBOSE(errors, b != host_b);
  OMPVV_ERROR_IF(host_b != b, ""Bit from loop directive is %d but expected bit is %d."", b, host_b);

  return errors;
}

int main() {
  OMPVV_TEST_OFFLOADING;

  int total_errors = 0;

  OMPVV_TEST_AND_SET_VERBOSE(total_errors, test_bitand() != 0);

  OMPVV_REPORT_AND_RETURN(total_errors);
}
","//===--- test_loop_reduction_bitand_device.c --------------------------------===//
//
// OpenMP API Version 5.0 Nov 2018
//
// This test uses the reduction clause on a loop directive, testing that the
// variable in the reduction clause is properly reduced using the bitand
// operator. This test checks the above in a target context.
//
////===----------------------------------------------------------------------===//

#include <omp.h>
#include <stdio.h>
#include <stdlib.h>
#include ""ompvv.h""
#include <math.h>

#define N 1024
#define THRESHOLD 512

int test_bitand() {
  unsigned int a[N];
  double false_margin = pow(exp(1), log(.5)/N); // See the 'and' operator test for
  int errors = 0;                               // an exaplantion of this math.
  int num_threads[N];
  int num_attempts = 0;
  int have_true = 0, have_false = 0;
  srand(1);

  while ((!have_true || !have_false) && (num_attempts < THRESHOLD)) {
    have_true = 0;
    have_false = 0;
    for (int x = 0; x < N; ++x) {
      if( num_attempts == 0 ) {
        a[x] = 0;
      }
      for (int y = 0; y < 16; ++y) {
        if (rand() / (double) RAND_MAX < false_margin) {
          a[x] += (1 << y);
          have_true = 1;
        } else {
          have_false = 1;
        }
      }
      num_threads[x] = -x;
    }
    num_attempts++;
  }

  OMPVV_WARNING_IF(!have_true, ""No true bits were generated to test"");
  OMPVV_WARNING_IF(!have_false, ""No false bits were generated to test"");

  unsigned int b = 0;
  for (int x = 0; x < 16; ++x) {
    b = b + (1 << x);
  }

#pragma omp target parallel num_threads(OMPVV_NUM_THREADS_DEVICE) map(tofrom: a, b, num_threads)
  {
#pragma omp loop reduction(|:b)
    for (int x = 0; x < N; ++x) {
      b = b & a[x];
    }
#pragma omp for
    for (int x = 0; x < N; ++x) {
      num_threads[x] = omp_get_num_threads();
    }
  }

  unsigned int host_b = a[0];

  for (int x = 0; x < N; ++x) {
    host_b = host_b & a[x];
  }

  for (int x = 1; x < N; ++x) {
    OMPVV_WARNING_IF(num_threads[x - 1] != num_threads[x], ""Test reported differing numbers of threads.  Validity of testing of reduction clause cannot be guaranteed."");
  }
  OMPVV_WARNING_IF(num_threads[0] == 1, ""Test operated with one thread.  Reduction clause cannot be tested."");
  OMPVV_WARNING_IF(num_threads[0] <= 0, ""Test reported invalid number of threads.  Validity of testing of reduction clause cannot be guaranteed."");

  OMPVV_TEST_AND_SET_VERBOSE(errors, b != host_b);
  OMPVV_ERROR_IF(host_b != b, ""Bit from loop directive is %d but expected bit is %d."", b, host_b);

  return errors;
}

int main() {
  OMPVV_TEST_OFFLOADING;

  int total_errors = 0;

  OMPVV_TEST_AND_SET_VERBOSE(total_errors, test_bitand() != 0);

  OMPVV_REPORT_AND_RETURN(total_errors);
}
",openmp_gpu_batch_14_optionA_full_multivariant.csv,False,failed,True,passed,,NEEDS_REVIEW,target_mapping,mapping,tests/5.0/loop,5.0,needs_review,False,needs_review
tests/5.0/target_teams_distribute/test_target_teams_distribute_reduction_bitand.c,target_teams_distribute,reduction,REDUCTION_BITAND_TO_BITOR,high,"#pragma omp target teams distribute reduction(&:b) map(to: a[0:N]) map(tofrom: b, num_teams[0:N])","#pragma omp target teams distribute reduction(|:b) map(to: a[0:N]) map(tofrom: b, num_teams[0:N])",oracle checks b == host_b,reduction operator changes to wrong operator,54,test_target_teams_distribute_reduction_bitand_REDUCTION_BITAND_TO_BITOR.c,"//===--- test_target_teams_distribute_reduction_bitand.c---------------------===//
//
// OpenMP API Version 5.0 Nov 2018
//
// This test uses the reduction clause on a target teams distribute directive,
// testing that the variable in the reduction clause is properly reduced using
// the bitand operator.
//
////===----------------------------------------------------------------------===//

#include <omp.h>
#include <stdio.h>
#include <stdlib.h>
#include ""ompvv.h""
#include <math.h>

#define N 1024
#define THRESHOLD 512

int test_bitand() {
  unsigned int a[N];
  double false_margin = pow(exp(1), log(.5)/N); // See the 'and' operator test for
  int errors = 0;                               // an exaplantion of this math.
  int num_teams[N];
  int have_true = 0, have_false = 0;
  int num_attempts = 0;
  srand(1);

  while ((!have_true || !have_false) && (num_attempts < THRESHOLD)) {
    have_true = 0;
    have_false = 0;
    for (int x = 0; x < N; ++x) {
      for (int y = 0; y < 16; ++y) {
        if (rand() / (double) RAND_MAX < false_margin) {
          a[x] += 1 << y;
          have_true = 1;
        } else {
          have_false = 1;
        }
      }
      num_teams[x] = -x;
    }
    num_attempts++;
  }

  OMPVV_WARNING_IF(!have_true, ""No true bits were generated to test"");
  OMPVV_WARNING_IF(!have_false, ""No false bits were generated to test"");

  unsigned int b = 0;
  for (int x = 0; x < 16; ++x) {
    b = b + (1 << x);
  }

#pragma omp target teams distribute reduction(&:b) map(to: a[0:N]) map(tofrom: b, num_teams[0:N])
  for (int x = 0; x < N; ++x) {
    num_teams[x] = omp_get_num_teams();
    b = b & a[x];
  }

  unsigned int host_b = a[0];

  for (int x = 0; x < N; ++x) {
    host_b = host_b & a[x];
  }

  for (int x = 1; x < N; ++x) {
    OMPVV_WARNING_IF(num_teams[x - 1] != num_teams[x], ""Kernel reported differing numbers of teams.  Validity of testing of reduction clause cannot be guaranteed."");
  }
  OMPVV_WARNING_IF(num_teams[0] == 1, ""Test operated with one team.  Reduction clause cannot be tested."");
  OMPVV_WARNING_IF(num_teams[0] <= 0, ""Test reported invalid number of teams.  Validity of testing of reduction clause cannot be guaranteed."");

  OMPVV_TEST_AND_SET_VERBOSE(errors, b != host_b);
  OMPVV_ERROR_IF(host_b != b, ""Bit on device is %d but expected bit from host is %d."", b, host_b);

  return errors;
}

int main() {
  OMPVV_TEST_OFFLOADING;

  int total_errors = 0;

  OMPVV_TEST_AND_SET_VERBOSE(total_errors, test_bitand() != 0);

  OMPVV_REPORT_AND_RETURN(total_errors);
}
","//===--- test_target_teams_distribute_reduction_bitand.c---------------------===//
//
// OpenMP API Version 5.0 Nov 2018
//
// This test uses the reduction clause on a target teams distribute directive,
// testing that the variable in the reduction clause is properly reduced using
// the bitand operator.
//
////===----------------------------------------------------------------------===//

#include <omp.h>
#include <stdio.h>
#include <stdlib.h>
#include ""ompvv.h""
#include <math.h>

#define N 1024
#define THRESHOLD 512

int test_bitand() {
  unsigned int a[N];
  double false_margin = pow(exp(1), log(.5)/N); // See the 'and' operator test for
  int errors = 0;                               // an exaplantion of this math.
  int num_teams[N];
  int have_true = 0, have_false = 0;
  int num_attempts = 0;
  srand(1);

  while ((!have_true || !have_false) && (num_attempts < THRESHOLD)) {
    have_true = 0;
    have_false = 0;
    for (int x = 0; x < N; ++x) {
      for (int y = 0; y < 16; ++y) {
        if (rand() / (double) RAND_MAX < false_margin) {
          a[x] += 1 << y;
          have_true = 1;
        } else {
          have_false = 1;
        }
      }
      num_teams[x] = -x;
    }
    num_attempts++;
  }

  OMPVV_WARNING_IF(!have_true, ""No true bits were generated to test"");
  OMPVV_WARNING_IF(!have_false, ""No false bits were generated to test"");

  unsigned int b = 0;
  for (int x = 0; x < 16; ++x) {
    b = b + (1 << x);
  }

#pragma omp target teams distribute reduction(|:b) map(to: a[0:N]) map(tofrom: b, num_teams[0:N])
  for (int x = 0; x < N; ++x) {
    num_teams[x] = omp_get_num_teams();
    b = b & a[x];
  }

  unsigned int host_b = a[0];

  for (int x = 0; x < N; ++x) {
    host_b = host_b & a[x];
  }

  for (int x = 1; x < N; ++x) {
    OMPVV_WARNING_IF(num_teams[x - 1] != num_teams[x], ""Kernel reported differing numbers of teams.  Validity of testing of reduction clause cannot be guaranteed."");
  }
  OMPVV_WARNING_IF(num_teams[0] == 1, ""Test operated with one team.  Reduction clause cannot be tested."");
  OMPVV_WARNING_IF(num_teams[0] <= 0, ""Test reported invalid number of teams.  Validity of testing of reduction clause cannot be guaranteed."");

  OMPVV_TEST_AND_SET_VERBOSE(errors, b != host_b);
  OMPVV_ERROR_IF(host_b != b, ""Bit on device is %d but expected bit from host is %d."", b, host_b);

  return errors;
}

int main() {
  OMPVV_TEST_OFFLOADING;

  int total_errors = 0;

  OMPVV_TEST_AND_SET_VERBOSE(total_errors, test_bitand() != 0);

  OMPVV_REPORT_AND_RETURN(total_errors);
}
",openmp_gpu_batch_18_optionA_full_multivariant.csv,False,failed,True,passed,,NEEDS_REVIEW,target_mapping,mapping,tests/5.0/target_teams_distribute,5.0,needs_review,False,needs_review
tests/4.5/target_teams_distribute/test_target_teams_distribute_reduction_bitor.c,target_teams_distribute,reduction,REDUCTION_BITOR_TO_BITAND,high,#pragma omp target teams distribute reduction(|:b) defaultmap(tofrom:scalar),#pragma omp target teams distribute reduction(&:b) defaultmap(tofrom:scalar),oracle checks b == host_b,target teams distribute reduction operator is changed,52,test_target_teams_distribute_reduction_bitor_REDUCTION_BITOR_TO_BITAND.c,"//===--- test_target_teams_distribute_reduction_bitor.c----------------------===//
//
// OpenMP API Version 4.5 Nov 2015
//
// This test uses the reduction clause on a target teams distribute directive,
// testing that the variable in the reduction clause is properly reduced using
// the bitor operator.
//
////===----------------------------------------------------------------------===//

#include <omp.h>
#include <stdio.h>
#include <stdlib.h>
#include ""ompvv.h""
#include <math.h>

#define N 1024
#define THRESHOLD 1024

int test_bitor() {
  int a[N];
  // See the 'and' operator test for an exaplantion of this math.
  double true_margin = pow(exp(1), log(.5)/N);
  int errors = 0;
  int num_teams[N];
  int num_attempts = 0;
  int have_true = 0, have_false = 0;
  srand(1);

  while ((!have_true || !have_false) && (num_attempts < THRESHOLD)) {
    have_true = 0;
    have_false = 0;
    for (int x = 0; x < N; ++x) {
      for (int y = 0; y < 16; ++y) {
        if (rand() / (double) RAND_MAX > true_margin) {
          a[x] += (1 << y);
          have_true = 1;
        } else {
          have_false = 1;
        }
      }
      num_teams[x] = -x;
    }
    num_attempts++;
  }

  OMPVV_WARNING_IF(!have_true, ""No true bits were generated to test"");
  OMPVV_WARNING_IF(!have_false, ""No false bits were generated to test"");

  unsigned int b = 0;

#pragma omp target teams distribute reduction(|:b) defaultmap(tofrom:scalar)
  for (int x = 0; x < N; ++x) {
    num_teams[x] = omp_get_num_teams();
    b = b | a[x];
  }

  unsigned int host_b = 0;

  for (int x = 0; x < N; ++x) {
    host_b = host_b | a[x];
  }

  for (int x = 1; x < N; ++x) {
    OMPVV_WARNING_IF(num_teams[x - 1] != num_teams[x], ""Kernel reported differing numbers of teams.  Validity of testing of reduction clause cannot be guaranteed."");
  }
  OMPVV_WARNING_IF(num_teams[0] == 1, ""Test operated with one team.  Reduction clause cannot be tested."");
  OMPVV_WARNING_IF(num_teams[0] <= 0, ""Test reported invalid number of teams.  Validity of testing of reduction clause cannot be guaranteed."");

  OMPVV_TEST_AND_SET_VERBOSE(errors, b != host_b);
  OMPVV_ERROR_IF(host_b != b, ""Bit on device is %d but expected bit from host is %d."", b, host_b);

  return errors;
}

int main() {
  OMPVV_TEST_OFFLOADING;

  int total_errors = 0;

  OMPVV_TEST_AND_SET_VERBOSE(total_errors, test_bitor() != 0);

  OMPVV_REPORT_AND_RETURN(total_errors);
}
","//===--- test_target_teams_distribute_reduction_bitor.c----------------------===//
//
// OpenMP API Version 4.5 Nov 2015
//
// This test uses the reduction clause on a target teams distribute directive,
// testing that the variable in the reduction clause is properly reduced using
// the bitor operator.
//
////===----------------------------------------------------------------------===//

#include <omp.h>
#include <stdio.h>
#include <stdlib.h>
#include ""ompvv.h""
#include <math.h>

#define N 1024
#define THRESHOLD 1024

int test_bitor() {
  int a[N];
  // See the 'and' operator test for an exaplantion of this math.
  double true_margin = pow(exp(1), log(.5)/N);
  int errors = 0;
  int num_teams[N];
  int num_attempts = 0;
  int have_true = 0, have_false = 0;
  srand(1);

  while ((!have_true || !have_false) && (num_attempts < THRESHOLD)) {
    have_true = 0;
    have_false = 0;
    for (int x = 0; x < N; ++x) {
      for (int y = 0; y < 16; ++y) {
        if (rand() / (double) RAND_MAX > true_margin) {
          a[x] += (1 << y);
          have_true = 1;
        } else {
          have_false = 1;
        }
      }
      num_teams[x] = -x;
    }
    num_attempts++;
  }

  OMPVV_WARNING_IF(!have_true, ""No true bits were generated to test"");
  OMPVV_WARNING_IF(!have_false, ""No false bits were generated to test"");

  unsigned int b = 0;

#pragma omp target teams distribute reduction(&:b) defaultmap(tofrom:scalar)
  for (int x = 0; x < N; ++x) {
    num_teams[x] = omp_get_num_teams();
    b = b | a[x];
  }

  unsigned int host_b = 0;

  for (int x = 0; x < N; ++x) {
    host_b = host_b | a[x];
  }

  for (int x = 1; x < N; ++x) {
    OMPVV_WARNING_IF(num_teams[x - 1] != num_teams[x], ""Kernel reported differing numbers of teams.  Validity of testing of reduction clause cannot be guaranteed."");
  }
  OMPVV_WARNING_IF(num_teams[0] == 1, ""Test operated with one team.  Reduction clause cannot be tested."");
  OMPVV_WARNING_IF(num_teams[0] <= 0, ""Test reported invalid number of teams.  Validity of testing of reduction clause cannot be guaranteed."");

  OMPVV_TEST_AND_SET_VERBOSE(errors, b != host_b);
  OMPVV_ERROR_IF(host_b != b, ""Bit on device is %d but expected bit from host is %d."", b, host_b);

  return errors;
}

int main() {
  OMPVV_TEST_OFFLOADING;

  int total_errors = 0;

  OMPVV_TEST_AND_SET_VERBOSE(total_errors, test_bitor() != 0);

  OMPVV_REPORT_AND_RETURN(total_errors);
}
",openmp_gpu_batch_09_optionA_full_multivariant_REGENERATED.csv,False,failed,True,passed,,NEEDS_REVIEW,target_mapping,mapping,tests/4.5/target_teams_distribute,4.5,needs_review,False,needs_review
tests/5.0/loop/test_loop_reduction_bitor_device.c,loop,reduction,REDUCTION_BITOR_TO_BITAND,high,#pragma omp loop reduction(|:b),#pragma omp loop reduction(&:b),b == host_b,reduction operator changed to the opposite/wrong operator,57,test_loop_reduction_bitor_device_REDUCTION_BITOR_TO_BITAND.c,"//===--- test_loop_reduction_bitor_device.c ---------------------------------===//
//
// OpenMP API Version 5.0 Nov 2018
//
// This test uses the reduction clause on a loop directive, testing that the
// variable in the reduction clause is properly reduced using the bitor
// operator. This test checks the above in a target context.
//
////===----------------------------------------------------------------------===//

#include <omp.h>
#include <stdio.h>
#include <stdlib.h>
#include ""ompvv.h""
#include <math.h>

#define N 1024
#define THRESHOLD 1024

int test_bitor() {
  int a[N];
  // See the 'and' operator test for an exaplantion of this math.
  double true_margin = pow(exp(1), log(.5)/N);
  int errors = 0;
  int num_threads[N];
  int num_attempts = 0;
  int have_true = 0, have_false = 0;
  srand(1);

  for (int x = 0; x < N; ++x) {
    a[x] = 0;
  }
  while ((!have_true || !have_false) && (num_attempts < THRESHOLD)) {
    have_true = 0;
    have_false = 0;
    for (int x = 0; x < N; ++x) {
      for (int y = 0; y < 16; ++y) {
        if (rand() / (double) RAND_MAX > true_margin) {
          a[x] += (1 << y);
          have_true = 1;
        } else {
          have_false = 1;
        }
      }
      num_threads[x] = -x;
    }
    num_attempts++;
  }

  OMPVV_WARNING_IF(!have_true, ""No true bits were generated to test"");
  OMPVV_WARNING_IF(!have_false, ""No false bits were generated to test"");

  unsigned int b = 0;

#pragma omp target parallel num_threads(OMPVV_NUM_THREADS_DEVICE) map(tofrom: a, b, num_threads)
  {
#pragma omp loop reduction(|:b)
    for (int x = 0; x < N; ++x) {
      b = b | a[x];
    }
#pragma omp for
    for (int x = 0; x < N; ++x) {
      num_threads[x] = omp_get_num_threads();
    }
  }

  unsigned int host_b = 0;

  for (int x = 0; x < N; ++x) {
    host_b = host_b | a[x];
  }

  for (int x = 1; x < N; ++x) {
    OMPVV_WARNING_IF(num_threads[x - 1] != num_threads[x], ""Test reported differing numbers of threads.  Validity of testing of reduction clause cannot be guaranteed."");
  }
  OMPVV_WARNING_IF(num_threads[0] == 1, ""Test operated with one thread.  Reduction clause cannot be tested."");
  OMPVV_WARNING_IF(num_threads[0] <= 0, ""Test reported invalid number of threads.  Validity of testing of reduction clause cannot be guaranteed."");

  OMPVV_TEST_AND_SET_VERBOSE(errors, b != host_b);
  OMPVV_ERROR_IF(host_b != b, ""Bit from loop directive is %d but expected bit is %d."", b, host_b);

  return errors;
}

int main() {
  OMPVV_TEST_OFFLOADING;

  int total_errors = 0;

  OMPVV_TEST_AND_SET_VERBOSE(total_errors, test_bitor() != 0);

  OMPVV_REPORT_AND_RETURN(total_errors);
}
","//===--- test_loop_reduction_bitor_device.c ---------------------------------===//
//
// OpenMP API Version 5.0 Nov 2018
//
// This test uses the reduction clause on a loop directive, testing that the
// variable in the reduction clause is properly reduced using the bitor
// operator. This test checks the above in a target context.
//
////===----------------------------------------------------------------------===//

#include <omp.h>
#include <stdio.h>
#include <stdlib.h>
#include ""ompvv.h""
#include <math.h>

#define N 1024
#define THRESHOLD 1024

int test_bitor() {
  int a[N];
  // See the 'and' operator test for an exaplantion of this math.
  double true_margin = pow(exp(1), log(.5)/N);
  int errors = 0;
  int num_threads[N];
  int num_attempts = 0;
  int have_true = 0, have_false = 0;
  srand(1);

  for (int x = 0; x < N; ++x) {
    a[x] = 0;
  }
  while ((!have_true || !have_false) && (num_attempts < THRESHOLD)) {
    have_true = 0;
    have_false = 0;
    for (int x = 0; x < N; ++x) {
      for (int y = 0; y < 16; ++y) {
        if (rand() / (double) RAND_MAX > true_margin) {
          a[x] += (1 << y);
          have_true = 1;
        } else {
          have_false = 1;
        }
      }
      num_threads[x] = -x;
    }
    num_attempts++;
  }

  OMPVV_WARNING_IF(!have_true, ""No true bits were generated to test"");
  OMPVV_WARNING_IF(!have_false, ""No false bits were generated to test"");

  unsigned int b = 0;

#pragma omp target parallel num_threads(OMPVV_NUM_THREADS_DEVICE) map(tofrom: a, b, num_threads)
  {
#pragma omp loop reduction(&:b)
    for (int x = 0; x < N; ++x) {
      b = b | a[x];
    }
#pragma omp for
    for (int x = 0; x < N; ++x) {
      num_threads[x] = omp_get_num_threads();
    }
  }

  unsigned int host_b = 0;

  for (int x = 0; x < N; ++x) {
    host_b = host_b | a[x];
  }

  for (int x = 1; x < N; ++x) {
    OMPVV_WARNING_IF(num_threads[x - 1] != num_threads[x], ""Test reported differing numbers of threads.  Validity of testing of reduction clause cannot be guaranteed."");
  }
  OMPVV_WARNING_IF(num_threads[0] == 1, ""Test operated with one thread.  Reduction clause cannot be tested."");
  OMPVV_WARNING_IF(num_threads[0] <= 0, ""Test reported invalid number of threads.  Validity of testing of reduction clause cannot be guaranteed."");

  OMPVV_TEST_AND_SET_VERBOSE(errors, b != host_b);
  OMPVV_ERROR_IF(host_b != b, ""Bit from loop directive is %d but expected bit is %d."", b, host_b);

  return errors;
}

int main() {
  OMPVV_TEST_OFFLOADING;

  int total_errors = 0;

  OMPVV_TEST_AND_SET_VERBOSE(total_errors, test_bitor() != 0);

  OMPVV_REPORT_AND_RETURN(total_errors);
}
",openmp_gpu_batch_14_optionA_full_multivariant.csv,False,failed,True,passed,,NEEDS_REVIEW,target_mapping,mapping,tests/5.0/loop,5.0,needs_review,False,needs_review
tests/5.0/target_teams_distribute/test_target_teams_distribute_reduction_bitor.c,target_teams_distribute,reduction,REDUCTION_BITOR_TO_BITAND,high,#pragma omp target teams distribute reduction(|:b) map(to: a[0:N]) map(tofrom: b) map(from: num_teams[0:N]),#pragma omp target teams distribute reduction(&:b) map(to: a[0:N]) map(tofrom: b) map(from: num_teams[0:N]),oracle checks b == host_b,reduction operator changes to wrong operator,52,test_target_teams_distribute_reduction_bitor_REDUCTION_BITOR_TO_BITAND.c,"//===--- test_target_teams_distribute_reduction_bitor.c----------------------===//
//
// OpenMP API Version 5.0 Nov 2018
//
// This test uses the reduction clause on a target teams distribute directive,
// testing that the variable in the reduction clause is properly reduced using
// the bitor operator.
//
////===----------------------------------------------------------------------===//

#include <omp.h>
#include <stdio.h>
#include <stdlib.h>
#include ""ompvv.h""
#include <math.h>

#define N 1024
#define THRESHOLD 2014

int test_bitor() {
  int a[N];
  // See the 'and' operator test for an exaplantion of this math.
  double true_margin = pow(exp(1), log(.5)/N);
  int errors = 0;
  int num_teams[N];
  int have_true = 0, have_false = 0;
  int num_attempts = 0;
  srand(1);

  while ((!have_true || !have_false) && (num_attempts < THRESHOLD)) {
    have_true = 0;
    have_false = 0;
    for (int x = 0; x < N; ++x) {
      for (int y = 0; y < 16; ++y) {
        if (rand() / (double) RAND_MAX > true_margin) {
          a[x] += (1 << y);
          have_true = 1;
        } else {
          have_false = 1;
        }
      }
      num_teams[x] = -x;
    }
    num_attempts++;
  }

  OMPVV_WARNING_IF(!have_true, ""No true bits were generated to test"");
  OMPVV_WARNING_IF(!have_false, ""No false bits were generated to test"");

  unsigned int b = 0;

#pragma omp target teams distribute reduction(|:b) map(to: a[0:N]) map(tofrom: b) map(from: num_teams[0:N])
  for (int x = 0; x < N; ++x) {
    num_teams[x] = omp_get_num_teams();
    b = b | a[x];
  }

  unsigned int host_b = 0;

  for (int x = 0; x < N; ++x) {
    host_b = host_b | a[x];
  }

  for (int x = 1; x < N; ++x) {
    OMPVV_WARNING_IF(num_teams[x - 1] != num_teams[x], ""Kernel reported differing numbers of teams.  Validity of testing of reduction clause cannot be guaranteed."");
  }
  OMPVV_WARNING_IF(num_teams[0] == 1, ""Test operated with one team.  Reduction clause cannot be tested."");
  OMPVV_WARNING_IF(num_teams[0] <= 0, ""Test reported invalid number of teams.  Validity of testing of reduction clause cannot be guaranteed."");

  OMPVV_TEST_AND_SET_VERBOSE(errors, b != host_b);
  OMPVV_ERROR_IF(host_b != b, ""Bit on device is %d but expected bit from host is %d."", b, host_b);

  return errors;
}

int main() {
  OMPVV_TEST_OFFLOADING;

  int total_errors = 0;

  OMPVV_TEST_AND_SET_VERBOSE(total_errors, test_bitor() != 0);

  OMPVV_REPORT_AND_RETURN(total_errors);
}
","//===--- test_target_teams_distribute_reduction_bitor.c----------------------===//
//
// OpenMP API Version 5.0 Nov 2018
//
// This test uses the reduction clause on a target teams distribute directive,
// testing that the variable in the reduction clause is properly reduced using
// the bitor operator.
//
////===----------------------------------------------------------------------===//

#include <omp.h>
#include <stdio.h>
#include <stdlib.h>
#include ""ompvv.h""
#include <math.h>

#define N 1024
#define THRESHOLD 2014

int test_bitor() {
  int a[N];
  // See the 'and' operator test for an exaplantion of this math.
  double true_margin = pow(exp(1), log(.5)/N);
  int errors = 0;
  int num_teams[N];
  int have_true = 0, have_false = 0;
  int num_attempts = 0;
  srand(1);

  while ((!have_true || !have_false) && (num_attempts < THRESHOLD)) {
    have_true = 0;
    have_false = 0;
    for (int x = 0; x < N; ++x) {
      for (int y = 0; y < 16; ++y) {
        if (rand() / (double) RAND_MAX > true_margin) {
          a[x] += (1 << y);
          have_true = 1;
        } else {
          have_false = 1;
        }
      }
      num_teams[x] = -x;
    }
    num_attempts++;
  }

  OMPVV_WARNING_IF(!have_true, ""No true bits were generated to test"");
  OMPVV_WARNING_IF(!have_false, ""No false bits were generated to test"");

  unsigned int b = 0;

#pragma omp target teams distribute reduction(&:b) map(to: a[0:N]) map(tofrom: b) map(from: num_teams[0:N])
  for (int x = 0; x < N; ++x) {
    num_teams[x] = omp_get_num_teams();
    b = b | a[x];
  }

  unsigned int host_b = 0;

  for (int x = 0; x < N; ++x) {
    host_b = host_b | a[x];
  }

  for (int x = 1; x < N; ++x) {
    OMPVV_WARNING_IF(num_teams[x - 1] != num_teams[x], ""Kernel reported differing numbers of teams.  Validity of testing of reduction clause cannot be guaranteed."");
  }
  OMPVV_WARNING_IF(num_teams[0] == 1, ""Test operated with one team.  Reduction clause cannot be tested."");
  OMPVV_WARNING_IF(num_teams[0] <= 0, ""Test reported invalid number of teams.  Validity of testing of reduction clause cannot be guaranteed."");

  OMPVV_TEST_AND_SET_VERBOSE(errors, b != host_b);
  OMPVV_ERROR_IF(host_b != b, ""Bit on device is %d but expected bit from host is %d."", b, host_b);

  return errors;
}

int main() {
  OMPVV_TEST_OFFLOADING;

  int total_errors = 0;

  OMPVV_TEST_AND_SET_VERBOSE(total_errors, test_bitor() != 0);

  OMPVV_REPORT_AND_RETURN(total_errors);
}
",openmp_gpu_batch_18_optionA_full_multivariant.csv,False,failed,True,passed,,NEEDS_REVIEW,target_mapping,mapping,tests/5.0/target_teams_distribute,5.0,needs_review,False,needs_review
tests/4.5/target_teams_distribute/test_target_teams_distribute_reduction_bitxor.c,target_teams_distribute,reduction,REDUCTION_BITXOR_TO_BITOR,high,#pragma omp target teams distribute reduction(^:b) defaultmap(tofrom:scalar),#pragma omp target teams distribute reduction(|:b) defaultmap(tofrom:scalar),oracle checks b == host_b,target teams distribute reduction operator is changed,32,test_target_teams_distribute_reduction_bitxor_REDUCTION_BITXOR_TO_BITOR.c,"//===--- test_target_teams_distribute_reduction_bitxor.c----------------------------===//
//
// OpenMP API Version 4.5 Nov 2015
//
// This test uses the reduction clause on a target teams distribute directive,
// testing that the variable in the reduction clause is properly reduced using
// the bitxor operator.
//
////===----------------------------------------------------------------------===//

#include <omp.h>
#include <stdio.h>
#include <stdlib.h>
#include ""ompvv.h""
#include <math.h>

#define N 1024

int test_bitxor() {
  unsigned int a[N];
  int errors = 0;
  int num_teams[N];
  srand(1);

  for (int x = 0; x < N; ++x) {
    a[x] = (unsigned int) rand() / (double) (RAND_MAX / 2);
    num_teams[x] = -x;
  }

  unsigned int b = 0;

#pragma omp target teams distribute reduction(^:b) defaultmap(tofrom:scalar)
  for (int x = 0; x < N; ++x) {
    num_teams[x] = omp_get_num_teams();
    b = (b ^ a[x]);
  }

  unsigned int host_b = 0;

  for (int x = 0; x < N; ++x) {
    host_b = (host_b ^ a[x]);
  }

  for (int x = 1; x < N; ++x) {
    OMPVV_WARNING_IF(num_teams[x - 1] != num_teams[x], ""Kernel reported differing numbers of teams.  Validity of testing of reduction clause cannot be guaranteed."");
  }
  OMPVV_WARNING_IF(num_teams[0] == 1, ""Test operated with one team.  Reduction clause cannot be tested."");
  OMPVV_WARNING_IF(num_teams[0] <= 0, ""Test reported invalid number of teams.  Validity of testing of reduction clause cannot be guaranteed."");

  OMPVV_TEST_AND_SET_VERBOSE(errors, b != host_b);
  OMPVV_ERROR_IF(host_b != b, ""Bit on device is %d but expected bit from host is %d."", b, host_b);

  return errors;
}

int main() {
  OMPVV_TEST_OFFLOADING;

  int total_errors = 0;

  OMPVV_TEST_AND_SET_VERBOSE(total_errors, test_bitxor() != 0);

  OMPVV_REPORT_AND_RETURN(total_errors);
}
","//===--- test_target_teams_distribute_reduction_bitxor.c----------------------------===//
//
// OpenMP API Version 4.5 Nov 2015
//
// This test uses the reduction clause on a target teams distribute directive,
// testing that the variable in the reduction clause is properly reduced using
// the bitxor operator.
//
////===----------------------------------------------------------------------===//

#include <omp.h>
#include <stdio.h>
#include <stdlib.h>
#include ""ompvv.h""
#include <math.h>

#define N 1024

int test_bitxor() {
  unsigned int a[N];
  int errors = 0;
  int num_teams[N];
  srand(1);

  for (int x = 0; x < N; ++x) {
    a[x] = (unsigned int) rand() / (double) (RAND_MAX / 2);
    num_teams[x] = -x;
  }

  unsigned int b = 0;

#pragma omp target teams distribute reduction(|:b) defaultmap(tofrom:scalar)
  for (int x = 0; x < N; ++x) {
    num_teams[x] = omp_get_num_teams();
    b = (b ^ a[x]);
  }

  unsigned int host_b = 0;

  for (int x = 0; x < N; ++x) {
    host_b = (host_b ^ a[x]);
  }

  for (int x = 1; x < N; ++x) {
    OMPVV_WARNING_IF(num_teams[x - 1] != num_teams[x], ""Kernel reported differing numbers of teams.  Validity of testing of reduction clause cannot be guaranteed."");
  }
  OMPVV_WARNING_IF(num_teams[0] == 1, ""Test operated with one team.  Reduction clause cannot be tested."");
  OMPVV_WARNING_IF(num_teams[0] <= 0, ""Test reported invalid number of teams.  Validity of testing of reduction clause cannot be guaranteed."");

  OMPVV_TEST_AND_SET_VERBOSE(errors, b != host_b);
  OMPVV_ERROR_IF(host_b != b, ""Bit on device is %d but expected bit from host is %d."", b, host_b);

  return errors;
}

int main() {
  OMPVV_TEST_OFFLOADING;

  int total_errors = 0;

  OMPVV_TEST_AND_SET_VERBOSE(total_errors, test_bitxor() != 0);

  OMPVV_REPORT_AND_RETURN(total_errors);
}
",openmp_gpu_batch_09_optionA_full_multivariant_REGENERATED.csv,False,failed,True,passed,,NEEDS_REVIEW,target_mapping,mapping,tests/4.5/target_teams_distribute,4.5,needs_review,False,needs_review
tests/5.0/loop/test_loop_reduction_bitxor_device.c,loop,reduction,REDUCTION_BITXOR_TO_BITOR,high,#pragma omp loop reduction(^:b),#pragma omp loop reduction(|:b),b == host_b,reduction operator changed to the opposite/wrong operator,34,test_loop_reduction_bitxor_device_REDUCTION_BITXOR_TO_BITOR.c,"//===--- test_loop_reduction_bitxor_device.c --------------------------------===//
//
// OpenMP API Version 5.0 Nov 2018
//
// This test uses the reduction clause on a loop directive, testing that the
// variable in the reduction clause is properly reduced using the bitxor
// operator. This test checks the above in a target context.
//
////===----------------------------------------------------------------------===//

#include <omp.h>
#include <stdio.h>
#include <stdlib.h>
#include ""ompvv.h""
#include <math.h>

#define N 1024

int test_bitxor() {
  unsigned int a[N];
  int errors = 0;
  int num_threads[N];
  srand(1);

  for (int x = 0; x < N; ++x) {
    a[x] = (unsigned int) rand() / (double) (RAND_MAX / 2);
    num_threads[x] = -x;
  }

  unsigned int b = 0;

#pragma omp target parallel num_threads(OMPVV_NUM_THREADS_DEVICE) map(tofrom: a, b, num_threads)
  {
#pragma omp loop reduction(^:b)
    for (int x = 0; x < N; ++x) {
      b = (b ^ a[x]);
    }
#pragma omp for
    for (int x = 0; x < N; ++x) {
      num_threads[x] = omp_get_num_threads();
    }
  }

  unsigned int host_b = 0;

  for (int x = 0; x < N; ++x) {
    host_b = (host_b ^ a[x]);
  }

  for (int x = 1; x < N; ++x) {
    OMPVV_WARNING_IF(num_threads[x - 1] != num_threads[x], ""Test reported differing numbers of threads.  Validity of testing of reduction clause cannot be guaranteed."");
  }
  OMPVV_WARNING_IF(num_threads[0] == 1, ""Test operated with one thread.  Reduction clause cannot be tested."");
  OMPVV_WARNING_IF(num_threads[0] <= 0, ""Test reported invalid number of threads.  Validity of testing of reduction clause cannot be guaranteed."");

  OMPVV_TEST_AND_SET_VERBOSE(errors, b != host_b);
  OMPVV_ERROR_IF(host_b != b, ""Bit in loop is %d but expected bit is %d."", b, host_b);

  return errors;
}

int main() {
  OMPVV_TEST_OFFLOADING;

  int total_errors = 0;

  OMPVV_TEST_AND_SET_VERBOSE(total_errors, test_bitxor() != 0);

  OMPVV_REPORT_AND_RETURN(total_errors);
}
","//===--- test_loop_reduction_bitxor_device.c --------------------------------===//
//
// OpenMP API Version 5.0 Nov 2018
//
// This test uses the reduction clause on a loop directive, testing that the
// variable in the reduction clause is properly reduced using the bitxor
// operator. This test checks the above in a target context.
//
////===----------------------------------------------------------------------===//

#include <omp.h>
#include <stdio.h>
#include <stdlib.h>
#include ""ompvv.h""
#include <math.h>

#define N 1024

int test_bitxor() {
  unsigned int a[N];
  int errors = 0;
  int num_threads[N];
  srand(1);

  for (int x = 0; x < N; ++x) {
    a[x] = (unsigned int) rand() / (double) (RAND_MAX / 2);
    num_threads[x] = -x;
  }

  unsigned int b = 0;

#pragma omp target parallel num_threads(OMPVV_NUM_THREADS_DEVICE) map(tofrom: a, b, num_threads)
  {
#pragma omp loop reduction(|:b)
    for (int x = 0; x < N; ++x) {
      b = (b ^ a[x]);
    }
#pragma omp for
    for (int x = 0; x < N; ++x) {
      num_threads[x] = omp_get_num_threads();
    }
  }

  unsigned int host_b = 0;

  for (int x = 0; x < N; ++x) {
    host_b = (host_b ^ a[x]);
  }

  for (int x = 1; x < N; ++x) {
    OMPVV_WARNING_IF(num_threads[x - 1] != num_threads[x], ""Test reported differing numbers of threads.  Validity of testing of reduction clause cannot be guaranteed."");
  }
  OMPVV_WARNING_IF(num_threads[0] == 1, ""Test operated with one thread.  Reduction clause cannot be tested."");
  OMPVV_WARNING_IF(num_threads[0] <= 0, ""Test reported invalid number of threads.  Validity of testing of reduction clause cannot be guaranteed."");

  OMPVV_TEST_AND_SET_VERBOSE(errors, b != host_b);
  OMPVV_ERROR_IF(host_b != b, ""Bit in loop is %d but expected bit is %d."", b, host_b);

  return errors;
}

int main() {
  OMPVV_TEST_OFFLOADING;

  int total_errors = 0;

  OMPVV_TEST_AND_SET_VERBOSE(total_errors, test_bitxor() != 0);

  OMPVV_REPORT_AND_RETURN(total_errors);
}
",openmp_gpu_batch_14_optionA_full_multivariant.csv,False,failed,True,passed,,NEEDS_REVIEW,target_mapping,mapping,tests/5.0/loop,5.0,needs_review,False,needs_review
tests/5.0/target_teams_distribute/test_target_teams_distribute_reduction_bitxor.c,target_teams_distribute,reduction,REDUCTION_BITXOR_TO_BITOR,high,"#pragma omp target teams distribute reduction(^:b) map(to: a[0:N]) map(tofrom: b, num_teams[0:N])","#pragma omp target teams distribute reduction(|:b) map(to: a[0:N]) map(tofrom: b, num_teams[0:N])",oracle checks b == host_b,reduction operator changes to wrong operator,32,test_target_teams_distribute_reduction_bitxor_REDUCTION_BITXOR_TO_BITOR.c,"//===--- test_target_teams_distribute_reduction_bitxor.c---------------------===//
//
// OpenMP API Version 5.0 Nov 2018
//
// This test uses the reduction clause on a target teams distribute directive,
// testing that the variable in the reduction clause is properly reduced using
// the bitxor operator.
//
////===----------------------------------------------------------------------===//

#include <omp.h>
#include <stdio.h>
#include <stdlib.h>
#include ""ompvv.h""
#include <math.h>

#define N 1024

int test_bitxor() {
  unsigned int a[N];
  int errors = 0;
  int num_teams[N];
  srand(1);

  for (int x = 0; x < N; ++x) {
    a[x] = (unsigned int) rand() / (double) (RAND_MAX / 2);
    num_teams[x] = -x;
  }

  unsigned int b = 0;

#pragma omp target teams distribute reduction(^:b) map(to: a[0:N]) map(tofrom: b, num_teams[0:N])
  for (int x = 0; x < N; ++x) {
    num_teams[x] = omp_get_num_teams();
    b = (b ^ a[x]);
  }

  unsigned int host_b = 0;

  for (int x = 0; x < N; ++x) {
    host_b = (host_b ^ a[x]);
  }

  for (int x = 1; x < N; ++x) {
    OMPVV_WARNING_IF(num_teams[x - 1] != num_teams[x], ""Kernel reported differing numbers of teams.  Validity of testing of reduction clause cannot be guaranteed."");
  }
  OMPVV_WARNING_IF(num_teams[0] == 1, ""Test operated with one team.  Reduction clause cannot be tested."");
  OMPVV_WARNING_IF(num_teams[0] <= 0, ""Test reported invalid number of teams.  Validity of testing of reduction clause cannot be guaranteed."");

  OMPVV_TEST_AND_SET_VERBOSE(errors, b != host_b);
  OMPVV_ERROR_IF(host_b != b, ""Bit on device is %d but expected bit from host is %d."", b, host_b);

  return errors;
}

int main() {
  OMPVV_TEST_OFFLOADING;

  int total_errors = 0;

  OMPVV_TEST_AND_SET_VERBOSE(total_errors, test_bitxor() != 0);

  OMPVV_REPORT_AND_RETURN(total_errors);
}
","//===--- test_target_teams_distribute_reduction_bitxor.c---------------------===//
//
// OpenMP API Version 5.0 Nov 2018
//
// This test uses the reduction clause on a target teams distribute directive,
// testing that the variable in the reduction clause is properly reduced using
// the bitxor operator.
//
////===----------------------------------------------------------------------===//

#include <omp.h>
#include <stdio.h>
#include <stdlib.h>
#include ""ompvv.h""
#include <math.h>

#define N 1024

int test_bitxor() {
  unsigned int a[N];
  int errors = 0;
  int num_teams[N];
  srand(1);

  for (int x = 0; x < N; ++x) {
    a[x] = (unsigned int) rand() / (double) (RAND_MAX / 2);
    num_teams[x] = -x;
  }

  unsigned int b = 0;

#pragma omp target teams distribute reduction(|:b) map(to: a[0:N]) map(tofrom: b, num_teams[0:N])
  for (int x = 0; x < N; ++x) {
    num_teams[x] = omp_get_num_teams();
    b = (b ^ a[x]);
  }

  unsigned int host_b = 0;

  for (int x = 0; x < N; ++x) {
    host_b = (host_b ^ a[x]);
  }

  for (int x = 1; x < N; ++x) {
    OMPVV_WARNING_IF(num_teams[x - 1] != num_teams[x], ""Kernel reported differing numbers of teams.  Validity of testing of reduction clause cannot be guaranteed."");
  }
  OMPVV_WARNING_IF(num_teams[0] == 1, ""Test operated with one team.  Reduction clause cannot be tested."");
  OMPVV_WARNING_IF(num_teams[0] <= 0, ""Test reported invalid number of teams.  Validity of testing of reduction clause cannot be guaranteed."");

  OMPVV_TEST_AND_SET_VERBOSE(errors, b != host_b);
  OMPVV_ERROR_IF(host_b != b, ""Bit on device is %d but expected bit from host is %d."", b, host_b);

  return errors;
}

int main() {
  OMPVV_TEST_OFFLOADING;

  int total_errors = 0;

  OMPVV_TEST_AND_SET_VERBOSE(total_errors, test_bitxor() != 0);

  OMPVV_REPORT_AND_RETURN(total_errors);
}
",openmp_gpu_batch_18_optionA_full_multivariant.csv,False,failed,True,passed,,NEEDS_REVIEW,target_mapping,mapping,tests/5.0/target_teams_distribute,5.0,needs_review,False,needs_review
tests/4.5/target_teams_distribute/test_target_teams_distribute_reduction_max.c,target_teams_distribute,reduction,REDUCTION_MAX_TO_MIN,high,#pragma omp target teams distribute reduction(max:result) defaultmap(tofrom:scalar),#pragma omp target teams distribute reduction(min:result) defaultmap(tofrom:scalar),oracle checks result == host_max,target teams distribute reduction operator is changed,34,test_target_teams_distribute_reduction_max_REDUCTION_MAX_TO_MIN.c,"//===--- test_target_teams_distribute_reduction_max.c------------------------===//
//
// OpenMP API Version 4.5 Nov 2015
//
// This test uses the reduction clause on a target teams distribute directive,
// testing that the variable in the reduction clause is properly reduced using
// the max operator.
//
////===----------------------------------------------------------------------===//

#include <omp.h>
#include <stdio.h>
#include <stdlib.h>
#include ""ompvv.h""
#include <math.h>

#define N 1024

int test_max() {
  int a[N];
  int b[N];
  int errors = 0;
  int num_teams[N];
  srand(1);

  for (int x = 0; x < N; ++x) {
    a[x] = (int) rand() / (double)(RAND_MAX / 100);
    b[x] = (int) rand() / (double)(RAND_MAX / 100);
    num_teams[x] = -x;
  }

  int result = 0;

#pragma omp target teams distribute reduction(max:result) defaultmap(tofrom:scalar)
  for (int x = 0; x < N; ++x) {
    result = fmax(a[x] + b[x], result);
    num_teams[x] = omp_get_num_teams();
  }

  int host_max = 0;

  for (int x = 0; x < N; ++x) {
    host_max = fmax(host_max, a[x] + b[x]);
  }

  for (int x = 1; x < N; ++x) {
    OMPVV_WARNING_IF(num_teams[x - 1] != num_teams[x], ""Kernel reported differing numbers of teams.  Validity of testing of reduction clause cannot be guaranteed."");
  }
  OMPVV_WARNING_IF(num_teams[0] == 1, ""Test operated with one team.  Reduction clause cannot be tested."");
  OMPVV_WARNING_IF(num_teams[0] <= 0, ""Test reported invalid number of teams.  Validity of testing of reduction clause cannot be guaranteed."");

  OMPVV_TEST_AND_SET_VERBOSE(errors, result != host_max);
  OMPVV_ERROR_IF(host_max != result, ""Max on device is %d but expected max from host is %d."", result, host_max);

  return errors;
}

int main() {
  OMPVV_TEST_OFFLOADING;

  int total_errors = 0;

  OMPVV_TEST_AND_SET_VERBOSE(total_errors, test_max() != 0);

  OMPVV_REPORT_AND_RETURN(total_errors);
}
","//===--- test_target_teams_distribute_reduction_max.c------------------------===//
//
// OpenMP API Version 4.5 Nov 2015
//
// This test uses the reduction clause on a target teams distribute directive,
// testing that the variable in the reduction clause is properly reduced using
// the max operator.
//
////===----------------------------------------------------------------------===//

#include <omp.h>
#include <stdio.h>
#include <stdlib.h>
#include ""ompvv.h""
#include <math.h>

#define N 1024

int test_max() {
  int a[N];
  int b[N];
  int errors = 0;
  int num_teams[N];
  srand(1);

  for (int x = 0; x < N; ++x) {
    a[x] = (int) rand() / (double)(RAND_MAX / 100);
    b[x] = (int) rand() / (double)(RAND_MAX / 100);
    num_teams[x] = -x;
  }

  int result = 0;

#pragma omp target teams distribute reduction(min:result) defaultmap(tofrom:scalar)
  for (int x = 0; x < N; ++x) {
    result = fmax(a[x] + b[x], result);
    num_teams[x] = omp_get_num_teams();
  }

  int host_max = 0;

  for (int x = 0; x < N; ++x) {
    host_max = fmax(host_max, a[x] + b[x]);
  }

  for (int x = 1; x < N; ++x) {
    OMPVV_WARNING_IF(num_teams[x - 1] != num_teams[x], ""Kernel reported differing numbers of teams.  Validity of testing of reduction clause cannot be guaranteed."");
  }
  OMPVV_WARNING_IF(num_teams[0] == 1, ""Test operated with one team.  Reduction clause cannot be tested."");
  OMPVV_WARNING_IF(num_teams[0] <= 0, ""Test reported invalid number of teams.  Validity of testing of reduction clause cannot be guaranteed."");

  OMPVV_TEST_AND_SET_VERBOSE(errors, result != host_max);
  OMPVV_ERROR_IF(host_max != result, ""Max on device is %d but expected max from host is %d."", result, host_max);

  return errors;
}

int main() {
  OMPVV_TEST_OFFLOADING;

  int total_errors = 0;

  OMPVV_TEST_AND_SET_VERBOSE(total_errors, test_max() != 0);

  OMPVV_REPORT_AND_RETURN(total_errors);
}
",openmp_gpu_batch_09_optionA_full_multivariant_REGENERATED.csv,False,failed,True,passed,,NEEDS_REVIEW,target_mapping,mapping,tests/4.5/target_teams_distribute,4.5,needs_review,False,needs_review
tests/5.0/loop/test_loop_reduction_max_device.c,loop,reduction,REDUCTION_MAX_TO_MIN,high,#pragma omp loop reduction(max:result),#pragma omp loop reduction(min:result),result == host_max,reduction operator changed to the opposite/wrong operator,36,test_loop_reduction_max_device_REDUCTION_MAX_TO_MIN.c,"//===--- test_loop_reduction_max_device.c -----------------------------------===//
//
// OpenMP API Version 5.0 Nov 2018
//
// This test uses the reduction clause on a loop directive, testing that the
// variable in the reduction clause is properly reduced using the max
// operator. This test checks the above in a target context.
//
////===----------------------------------------------------------------------===//

#include <omp.h>
#include <stdio.h>
#include <stdlib.h>
#include ""ompvv.h""
#include <math.h>

#define N 1024

int test_max() {
  int a[N];
  int b[N];
  int errors = 0;
  int num_threads[N];
  srand(1);

  for (int x = 0; x < N; ++x) {
    a[x] = (int) rand() / (double)(RAND_MAX / 100);
    b[x] = (int) rand() / (double)(RAND_MAX / 100);
    num_threads[x] = -x;
  }

  int result = 0;

#pragma omp target parallel num_threads(OMPVV_NUM_THREADS_DEVICE) map(tofrom: result, a, b, num_threads)
  {
#pragma omp loop reduction(max:result)
    for (int x = 0; x < N; ++x) {
      result = fmax(a[x] + b[x], result);
    }
#pragma omp for
    for (int x = 0; x < N; ++x) {
      num_threads[x] = omp_get_num_threads();
    }
  }

  int host_max = 0;

  for (int x = 0; x < N; ++x) {
    host_max = fmax(host_max, a[x] + b[x]);
  }

  for (int x = 1; x < N; ++x) {
    OMPVV_WARNING_IF(num_threads[x - 1] != num_threads[x], ""Test reported differing numbers of threads.  Validity of testing of reduction clause cannot be guaranteed."");
  }
  OMPVV_WARNING_IF(num_threads[0] == 1, ""Test operated with one thread.  Reduction clause cannot be tested."");
  OMPVV_WARNING_IF(num_threads[0] <= 0, ""Test reported invalid number of threads.  Validity of testing of reduction clause cannot be guaranteed."");

  OMPVV_TEST_AND_SET_VERBOSE(errors, result != host_max);
  OMPVV_ERROR_IF(host_max != result, ""Max from loop directive is %d but expected max is %d."", result, host_max);

  return errors;
}

int main() {
  OMPVV_TEST_OFFLOADING;

  int total_errors = 0;

  OMPVV_TEST_AND_SET_VERBOSE(total_errors, test_max() != 0);

  OMPVV_REPORT_AND_RETURN(total_errors);
}
","//===--- test_loop_reduction_max_device.c -----------------------------------===//
//
// OpenMP API Version 5.0 Nov 2018
//
// This test uses the reduction clause on a loop directive, testing that the
// variable in the reduction clause is properly reduced using the max
// operator. This test checks the above in a target context.
//
////===----------------------------------------------------------------------===//

#include <omp.h>
#include <stdio.h>
#include <stdlib.h>
#include ""ompvv.h""
#include <math.h>

#define N 1024

int test_max() {
  int a[N];
  int b[N];
  int errors = 0;
  int num_threads[N];
  srand(1);

  for (int x = 0; x < N; ++x) {
    a[x] = (int) rand() / (double)(RAND_MAX / 100);
    b[x] = (int) rand() / (double)(RAND_MAX / 100);
    num_threads[x] = -x;
  }

  int result = 0;

#pragma omp target parallel num_threads(OMPVV_NUM_THREADS_DEVICE) map(tofrom: result, a, b, num_threads)
  {
#pragma omp loop reduction(min:result)
    for (int x = 0; x < N; ++x) {
      result = fmax(a[x] + b[x], result);
    }
#pragma omp for
    for (int x = 0; x < N; ++x) {
      num_threads[x] = omp_get_num_threads();
    }
  }

  int host_max = 0;

  for (int x = 0; x < N; ++x) {
    host_max = fmax(host_max, a[x] + b[x]);
  }

  for (int x = 1; x < N; ++x) {
    OMPVV_WARNING_IF(num_threads[x - 1] != num_threads[x], ""Test reported differing numbers of threads.  Validity of testing of reduction clause cannot be guaranteed."");
  }
  OMPVV_WARNING_IF(num_threads[0] == 1, ""Test operated with one thread.  Reduction clause cannot be tested."");
  OMPVV_WARNING_IF(num_threads[0] <= 0, ""Test reported invalid number of threads.  Validity of testing of reduction clause cannot be guaranteed."");

  OMPVV_TEST_AND_SET_VERBOSE(errors, result != host_max);
  OMPVV_ERROR_IF(host_max != result, ""Max from loop directive is %d but expected max is %d."", result, host_max);

  return errors;
}

int main() {
  OMPVV_TEST_OFFLOADING;

  int total_errors = 0;

  OMPVV_TEST_AND_SET_VERBOSE(total_errors, test_max() != 0);

  OMPVV_REPORT_AND_RETURN(total_errors);
}
",openmp_gpu_batch_14_optionA_full_multivariant.csv,False,failed,True,passed,,NEEDS_REVIEW,target_mapping,mapping,tests/5.0/loop,5.0,needs_review,False,needs_review
tests/5.0/target_parallel_loop/test_target_parallel_loop_reduction.c,target_parallel_loop,reduction,REDUCTION_MAX_TO_MIN,high,"#pragma omp target parallel loop reduction(max:result) map(to: a[0:N], b[0:N]) map(tofrom: result)","#pragma omp target parallel loop reduction(min:result) map(to: a[0:N], b[0:N]) map(tofrom: result)",testMax oracle checks result == hostMax,max reduction is changed to min,61,test_target_parallel_loop_reduction_MAX_TO_MIN.c,"//===-------------------test_target_parallel_loop_reduction.c-----------------===//
//
// OpenMP API Version 5.0 Nov 2018
//
// Description - This is a test program to demonstrate how reduction
// min/max/+ clauses are used with target parallel loop construct.
//
////===----------------------------------------------------------------------===//

#include <omp.h>
#include <stdio.h>
#include <stdlib.h>
#include ""ompvv.h""
#include <math.h>

#define N 1024

int testMin() {
  OMPVV_INFOMSG(""testMin"");
  double a[N];
  double b[N];
  int errors = 0;
  srand(1);

  for (int i = 0; i < N; ++i) {
    a[i] = rand() / (double)(RAND_MAX / 100);
    b[i] = rand() / (double)(RAND_MAX / 100);
  }

  double result =  a[0] + b[0];

#pragma omp target parallel loop reduction(min:result) map(to: a[0:N], b[0:N]) map(tofrom: result)
    for (int i = 0; i < N; ++i) {
      result = fmin(result, a[i] + b[i]);
    }

  double hostMin = a[0] + b[0];
  for (int i = 0; i < N; ++i) {
    hostMin = fmin(hostMin, a[i] + b[i]);
  }

  OMPVV_TEST_AND_SET_VERBOSE(errors, result != hostMin);
  return errors;
}

int testMax() {
  OMPVV_INFOMSG(""testMax"");

  double a[N];
  double b[N];
  int errors = 0;
  srand(1);

  for (int i = 0; i < N; ++i) {
    a[i] = rand() / (double)(RAND_MAX / 100);
    b[i] = rand() / (double)(RAND_MAX / 100);
  }

  double result = a[0] + b[0];

#pragma omp target parallel loop reduction(max:result) map(to: a[0:N], b[0:N]) map(tofrom: result)
  for (int i = 0; i < N; ++i) {
    result = fmax(a[i] + b[i], result);
  }

  double hostMax = a[0] + b[0];
  for (int i = 0; i < N; ++i) {
    hostMax = fmax(hostMax, a[i] + b[i]);
  }

  OMPVV_TEST_AND_SET_VERBOSE(errors, result != hostMax);

  return errors;
}

int testAddition() {
  OMPVV_INFOMSG(""testAddition"");

  int arr[N], total = 0;
  int errors = 0;

  for (int i = 0; i < N; i++) {
    arr[i] = i;
  }

#pragma omp target parallel loop reduction(+:total) map(to: arr[0:N]) map(tofrom: total)
  for (int i = 0; i < N; i++) {
    total = total + arr[i];
  }

  int sum_host = 0;
  for (int i = 0; i < N; i++) {
    sum_host = sum_host + arr[i];
  }

  OMPVV_TEST_AND_SET_VERBOSE(errors, total != sum_host);

  return errors;
}

int main() {
  int total_errors = 0;

  OMPVV_TEST_AND_SET_VERBOSE(total_errors, testMin() != 0);
  OMPVV_TEST_AND_SET_VERBOSE(total_errors, testMax() != 0);
  OMPVV_TEST_AND_SET_VERBOSE(total_errors, testAddition() != 0);

  OMPVV_REPORT_AND_RETURN(total_errors);
}
","//===-------------------test_target_parallel_loop_reduction.c-----------------===//
//
// OpenMP API Version 5.0 Nov 2018
//
// Description - This is a test program to demonstrate how reduction
// min/max/+ clauses are used with target parallel loop construct.
//
////===----------------------------------------------------------------------===//

#include <omp.h>
#include <stdio.h>
#include <stdlib.h>
#include ""ompvv.h""
#include <math.h>

#define N 1024

int testMin() {
  OMPVV_INFOMSG(""testMin"");
  double a[N];
  double b[N];
  int errors = 0;
  srand(1);

  for (int i = 0; i < N; ++i) {
    a[i] = rand() / (double)(RAND_MAX / 100);
    b[i] = rand() / (double)(RAND_MAX / 100);
  }

  double result =  a[0] + b[0];

#pragma omp target parallel loop reduction(min:result) map(to: a[0:N], b[0:N]) map(tofrom: result)
    for (int i = 0; i < N; ++i) {
      result = fmin(result, a[i] + b[i]);
    }

  double hostMin = a[0] + b[0];
  for (int i = 0; i < N; ++i) {
    hostMin = fmin(hostMin, a[i] + b[i]);
  }

  OMPVV_TEST_AND_SET_VERBOSE(errors, result != hostMin);
  return errors;
}

int testMax() {
  OMPVV_INFOMSG(""testMax"");

  double a[N];
  double b[N];
  int errors = 0;
  srand(1);

  for (int i = 0; i < N; ++i) {
    a[i] = rand() / (double)(RAND_MAX / 100);
    b[i] = rand() / (double)(RAND_MAX / 100);
  }

  double result = a[0] + b[0];

#pragma omp target parallel loop reduction(min:result) map(to: a[0:N], b[0:N]) map(tofrom: result)
  for (int i = 0; i < N; ++i) {
    result = fmax(a[i] + b[i], result);
  }

  double hostMax = a[0] + b[0];
  for (int i = 0; i < N; ++i) {
    hostMax = fmax(hostMax, a[i] + b[i]);
  }

  OMPVV_TEST_AND_SET_VERBOSE(errors, result != hostMax);

  return errors;
}

int testAddition() {
  OMPVV_INFOMSG(""testAddition"");

  int arr[N], total = 0;
  int errors = 0;

  for (int i = 0; i < N; i++) {
    arr[i] = i;
  }

#pragma omp target parallel loop reduction(+:total) map(to: arr[0:N]) map(tofrom: total)
  for (int i = 0; i < N; i++) {
    total = total + arr[i];
  }

  int sum_host = 0;
  for (int i = 0; i < N; i++) {
    sum_host = sum_host + arr[i];
  }

  OMPVV_TEST_AND_SET_VERBOSE(errors, total != sum_host);

  return errors;
}

int main() {
  int total_errors = 0;

  OMPVV_TEST_AND_SET_VERBOSE(total_errors, testMin() != 0);
  OMPVV_TEST_AND_SET_VERBOSE(total_errors, testMax() != 0);
  OMPVV_TEST_AND_SET_VERBOSE(total_errors, testAddition() != 0);

  OMPVV_REPORT_AND_RETURN(total_errors);
}
",openmp_gpu_batch_17_optionA_full_multivariant.csv,False,failed,True,passed,,NEEDS_REVIEW,target_mapping,mapping,tests/5.0/target_parallel_loop,5.0,needs_review,False,needs_review
tests/5.0/target_teams_distribute/test_target_teams_distribute_reduction_max.c,target_teams_distribute,reduction,REDUCTION_MAX_TO_MIN,high,"#pragma omp target teams distribute reduction(max:result) map(to: a[0:N], b[0:N]) map(tofrom: result, num_teams[0:N])","#pragma omp target teams distribute reduction(min:result) map(to: a[0:N], b[0:N]) map(tofrom: result, num_teams[0:N])",oracle checks result == host_max,reduction operator changes to wrong operator,34,test_target_teams_distribute_reduction_max_REDUCTION_MAX_TO_MIN.c,"//===--- test_target_teams_distribute_reduction_max.c------------------------===//
//
// OpenMP API Version 5.0 Nov 2018
//
// This test uses the reduction clause on a target teams distribute directive,
// testing that the variable in the reduction clause is properly reduced using
// the max operator.
//
////===----------------------------------------------------------------------===//

#include <omp.h>
#include <stdio.h>
#include <stdlib.h>
#include ""ompvv.h""
#include <math.h>

#define N 1024

int test_max() {
  int a[N];
  int b[N];
  int errors = 0;
  int num_teams[N];
  srand(1);

  for (int x = 0; x < N; ++x) {
    a[x] = (int) rand() / (double)(RAND_MAX / 100);
    b[x] = (int) rand() / (double)(RAND_MAX / 100);
    num_teams[x] = -x;
  }

  int result = 0;

#pragma omp target teams distribute reduction(max:result) map(to: a[0:N], b[0:N]) map(tofrom: result, num_teams[0:N])
  for (int x = 0; x < N; ++x) {
    result = fmax(a[x] + b[x], result);
    num_teams[x] = omp_get_num_teams();
  }

  int host_max = 0;

  for (int x = 0; x < N; ++x) {
    host_max = fmax(host_max, a[x] + b[x]);
  }

  for (int x = 1; x < N; ++x) {
    OMPVV_WARNING_IF(num_teams[x - 1] != num_teams[x], ""Kernel reported differing numbers of teams.  Validity of testing of reduction clause cannot be guaranteed."");
  }
  OMPVV_WARNING_IF(num_teams[0] == 1, ""Test operated with one team.  Reduction clause cannot be tested."");
  OMPVV_WARNING_IF(num_teams[0] <= 0, ""Test reported invalid number of teams.  Validity of testing of reduction clause cannot be guaranteed."");

  OMPVV_TEST_AND_SET_VERBOSE(errors, result != host_max);
  OMPVV_ERROR_IF(host_max != result, ""Max on device is %d but expected max from host is %d."", result, host_max);

  return errors;
}

int main() {
  OMPVV_TEST_OFFLOADING;

  int total_errors = 0;

  OMPVV_TEST_AND_SET_VERBOSE(total_errors, test_max() != 0);

  OMPVV_REPORT_AND_RETURN(total_errors);
}
","//===--- test_target_teams_distribute_reduction_max.c------------------------===//
//
// OpenMP API Version 5.0 Nov 2018
//
// This test uses the reduction clause on a target teams distribute directive,
// testing that the variable in the reduction clause is properly reduced using
// the max operator.
//
////===----------------------------------------------------------------------===//

#include <omp.h>
#include <stdio.h>
#include <stdlib.h>
#include ""ompvv.h""
#include <math.h>

#define N 1024

int test_max() {
  int a[N];
  int b[N];
  int errors = 0;
  int num_teams[N];
  srand(1);

  for (int x = 0; x < N; ++x) {
    a[x] = (int) rand() / (double)(RAND_MAX / 100);
    b[x] = (int) rand() / (double)(RAND_MAX / 100);
    num_teams[x] = -x;
  }

  int result = 0;

#pragma omp target teams distribute reduction(min:result) map(to: a[0:N], b[0:N]) map(tofrom: result, num_teams[0:N])
  for (int x = 0; x < N; ++x) {
    result = fmax(a[x] + b[x], result);
    num_teams[x] = omp_get_num_teams();
  }

  int host_max = 0;

  for (int x = 0; x < N; ++x) {
    host_max = fmax(host_max, a[x] + b[x]);
  }

  for (int x = 1; x < N; ++x) {
    OMPVV_WARNING_IF(num_teams[x - 1] != num_teams[x], ""Kernel reported differing numbers of teams.  Validity of testing of reduction clause cannot be guaranteed."");
  }
  OMPVV_WARNING_IF(num_teams[0] == 1, ""Test operated with one team.  Reduction clause cannot be tested."");
  OMPVV_WARNING_IF(num_teams[0] <= 0, ""Test reported invalid number of teams.  Validity of testing of reduction clause cannot be guaranteed."");

  OMPVV_TEST_AND_SET_VERBOSE(errors, result != host_max);
  OMPVV_ERROR_IF(host_max != result, ""Max on device is %d but expected max from host is %d."", result, host_max);

  return errors;
}

int main() {
  OMPVV_TEST_OFFLOADING;

  int total_errors = 0;

  OMPVV_TEST_AND_SET_VERBOSE(total_errors, test_max() != 0);

  OMPVV_REPORT_AND_RETURN(total_errors);
}
",openmp_gpu_batch_18_optionA_full_multivariant.csv,False,failed,True,passed,,NEEDS_REVIEW,target_mapping,mapping,tests/5.0/target_teams_distribute,5.0,needs_review,False,needs_review
tests/4.5/target_teams_distribute/test_target_teams_distribute_reduction_min.c,target_teams_distribute,reduction,REDUCTION_MIN_TO_MAX,high,#pragma omp target teams distribute reduction(min:result) defaultmap(tofrom:scalar),#pragma omp target teams distribute reduction(max:result) defaultmap(tofrom:scalar),oracle checks result == host_min,target teams distribute reduction operator is changed,34,test_target_teams_distribute_reduction_min_REDUCTION_MIN_TO_MAX.c,"//===--- test_target_teams_distribute_reduction_min.c----------------------------===//
//
// OpenMP API Version 4.5 Nov 2015
//
// This test uses the reduction clause on a target teams distribute directive,
// testing that the variable in the reduction clause is properly reduced using
// the min operator.
//
////===----------------------------------------------------------------------===//

#include <omp.h>
#include <stdio.h>
#include <stdlib.h>
#include ""ompvv.h""
#include <math.h>

#define N 1024

int test_min() {
  int a[N];
  int b[N];
  int errors = 0;
  int num_teams[N];
  srand(1);

  for (int x = 0; x < N; ++x) {
    a[x] = (int) rand() / (double) (RAND_MAX / 100);
    b[x] = (int) rand() / (double) (RAND_MAX / 100);
    num_teams[x] = -x;
  }

  int result = a[0] + b[0];

#pragma omp target teams distribute reduction(min:result) defaultmap(tofrom:scalar)
  for (int x = 0; x < N; ++x) {
    num_teams[x] = omp_get_num_teams();
    result = fmin(result, a[x] + b[x]);
  }

  int host_min = a[0] + b[0];

  for (int x = 0; x < N; ++x) {
    host_min = fmin(host_min, a[x] + b[x]);
  }

  for (int x = 1; x < N; ++x) {
    OMPVV_WARNING_IF(num_teams[x - 1] != num_teams[x], ""Kernel reported differing numbers of teams.  Validity of testing of reduction clause cannot be guaranteed."");
  }
  OMPVV_WARNING_IF(num_teams[0] == 1, ""Test operated with one team.  Reduction clause cannot be tested."");
  OMPVV_WARNING_IF(num_teams[0] <= 0, ""Test reported invalid number of teams.  Validity of testing of reduction clause cannot be guaranteed."");

  OMPVV_TEST_AND_SET_VERBOSE(errors, host_min != result);
  OMPVV_ERROR_IF(host_min != result, ""Min on device is %d but expected min from host is %d."", result, host_min);

  return errors;
}

int main() {
  OMPVV_TEST_OFFLOADING;

  int total_errors = 0;

  OMPVV_TEST_AND_SET_VERBOSE(total_errors, test_min() != 0);

  OMPVV_REPORT_AND_RETURN(total_errors);
}
","//===--- test_target_teams_distribute_reduction_min.c----------------------------===//
//
// OpenMP API Version 4.5 Nov 2015
//
// This test uses the reduction clause on a target teams distribute directive,
// testing that the variable in the reduction clause is properly reduced using
// the min operator.
//
////===----------------------------------------------------------------------===//

#include <omp.h>
#include <stdio.h>
#include <stdlib.h>
#include ""ompvv.h""
#include <math.h>

#define N 1024

int test_min() {
  int a[N];
  int b[N];
  int errors = 0;
  int num_teams[N];
  srand(1);

  for (int x = 0; x < N; ++x) {
    a[x] = (int) rand() / (double) (RAND_MAX / 100);
    b[x] = (int) rand() / (double) (RAND_MAX / 100);
    num_teams[x] = -x;
  }

  int result = a[0] + b[0];

#pragma omp target teams distribute reduction(max:result) defaultmap(tofrom:scalar)
  for (int x = 0; x < N; ++x) {
    num_teams[x] = omp_get_num_teams();
    result = fmin(result, a[x] + b[x]);
  }

  int host_min = a[0] + b[0];

  for (int x = 0; x < N; ++x) {
    host_min = fmin(host_min, a[x] + b[x]);
  }

  for (int x = 1; x < N; ++x) {
    OMPVV_WARNING_IF(num_teams[x - 1] != num_teams[x], ""Kernel reported differing numbers of teams.  Validity of testing of reduction clause cannot be guaranteed."");
  }
  OMPVV_WARNING_IF(num_teams[0] == 1, ""Test operated with one team.  Reduction clause cannot be tested."");
  OMPVV_WARNING_IF(num_teams[0] <= 0, ""Test reported invalid number of teams.  Validity of testing of reduction clause cannot be guaranteed."");

  OMPVV_TEST_AND_SET_VERBOSE(errors, host_min != result);
  OMPVV_ERROR_IF(host_min != result, ""Min on device is %d but expected min from host is %d."", result, host_min);

  return errors;
}

int main() {
  OMPVV_TEST_OFFLOADING;

  int total_errors = 0;

  OMPVV_TEST_AND_SET_VERBOSE(total_errors, test_min() != 0);

  OMPVV_REPORT_AND_RETURN(total_errors);
}
",openmp_gpu_batch_09_optionA_full_multivariant_REGENERATED.csv,False,failed,True,passed,,NEEDS_REVIEW,target_mapping,mapping,tests/4.5/target_teams_distribute,4.5,needs_review,False,needs_review
tests/5.0/loop/test_loop_reduction_min_device.c,loop,reduction,REDUCTION_MIN_TO_MAX,high,#pragma omp loop reduction(min:result),#pragma omp loop reduction(max:result),result == host_min,reduction operator changed to the opposite/wrong operator,37,test_loop_reduction_min_device_REDUCTION_MIN_TO_MAX.c,"//===--- test_loop_reduction_min_device.c -----------------------------------===//
//
// OpenMP API Version 5.0 Nov 2018
//
// This test uses the reduction clause on a loop directive, testing that the
// variable in the reduction clause is properly reduced using the min
// operator. This test checks the above in a target context.
//
////===----------------------------------------------------------------------===//


#include <omp.h>
#include <stdio.h>
#include <stdlib.h>
#include ""ompvv.h""
#include <math.h>

#define N 1024

int test_min() {
  int a[N];
  int b[N];
  int errors = 0;
  int num_threads[N];
  srand(1);

  for (int x = 0; x < N; ++x) {
    a[x] = (int) rand() / (double) (RAND_MAX / 100);
    b[x] = (int) rand() / (double) (RAND_MAX / 100);
    num_threads[x] = -x;
  }

  int result = a[0] + b[0];

#pragma omp target parallel num_threads(OMPVV_NUM_THREADS_DEVICE) map(tofrom: result, a, b, num_threads)
  {
#pragma omp loop reduction(min:result)
    for (int x = 0; x < N; ++x) {
      result = fmin(result, a[x] + b[x]);
    }
#pragma omp for
    for (int x = 0; x < N; ++x) {
      num_threads[x] = omp_get_num_threads();
    }
  }

  int host_min = a[0] + b[0];

  for (int x = 0; x < N; ++x) {
    host_min = fmin(host_min, a[x] + b[x]);
  }

  for (int x = 1; x < N; ++x) {
    OMPVV_WARNING_IF(num_threads[x - 1] != num_threads[x], ""Test reported differing numbers of threads.  Validity of testing of reduction clause cannot be guaranteed."");
  }
  OMPVV_WARNING_IF(num_threads[0] == 1, ""Test operated with one thread.  Reduction clause cannot be tested."");
  OMPVV_WARNING_IF(num_threads[0] <= 0, ""Test reported invalid number of threads.  Validity of testing of reduction clause cannot be guaranteed."");

  OMPVV_TEST_AND_SET_VERBOSE(errors, host_min != result);
  OMPVV_ERROR_IF(host_min != result, ""Min from loop directive is %d but expected min is %d."", result, host_min);

  return errors;
}

int main() {
  OMPVV_TEST_OFFLOADING;

  int total_errors = 0;

  OMPVV_TEST_AND_SET_VERBOSE(total_errors, test_min() != 0);

  OMPVV_REPORT_AND_RETURN(total_errors);
}
","//===--- test_loop_reduction_min_device.c -----------------------------------===//
//
// OpenMP API Version 5.0 Nov 2018
//
// This test uses the reduction clause on a loop directive, testing that the
// variable in the reduction clause is properly reduced using the min
// operator. This test checks the above in a target context.
//
////===----------------------------------------------------------------------===//


#include <omp.h>
#include <stdio.h>
#include <stdlib.h>
#include ""ompvv.h""
#include <math.h>

#define N 1024

int test_min() {
  int a[N];
  int b[N];
  int errors = 0;
  int num_threads[N];
  srand(1);

  for (int x = 0; x < N; ++x) {
    a[x] = (int) rand() / (double) (RAND_MAX / 100);
    b[x] = (int) rand() / (double) (RAND_MAX / 100);
    num_threads[x] = -x;
  }

  int result = a[0] + b[0];

#pragma omp target parallel num_threads(OMPVV_NUM_THREADS_DEVICE) map(tofrom: result, a, b, num_threads)
  {
#pragma omp loop reduction(max:result)
    for (int x = 0; x < N; ++x) {
      result = fmin(result, a[x] + b[x]);
    }
#pragma omp for
    for (int x = 0; x < N; ++x) {
      num_threads[x] = omp_get_num_threads();
    }
  }

  int host_min = a[0] + b[0];

  for (int x = 0; x < N; ++x) {
    host_min = fmin(host_min, a[x] + b[x]);
  }

  for (int x = 1; x < N; ++x) {
    OMPVV_WARNING_IF(num_threads[x - 1] != num_threads[x], ""Test reported differing numbers of threads.  Validity of testing of reduction clause cannot be guaranteed."");
  }
  OMPVV_WARNING_IF(num_threads[0] == 1, ""Test operated with one thread.  Reduction clause cannot be tested."");
  OMPVV_WARNING_IF(num_threads[0] <= 0, ""Test reported invalid number of threads.  Validity of testing of reduction clause cannot be guaranteed."");

  OMPVV_TEST_AND_SET_VERBOSE(errors, host_min != result);
  OMPVV_ERROR_IF(host_min != result, ""Min from loop directive is %d but expected min is %d."", result, host_min);

  return errors;
}

int main() {
  OMPVV_TEST_OFFLOADING;

  int total_errors = 0;

  OMPVV_TEST_AND_SET_VERBOSE(total_errors, test_min() != 0);

  OMPVV_REPORT_AND_RETURN(total_errors);
}
",openmp_gpu_batch_14_optionA_full_multivariant.csv,False,failed,True,passed,,NEEDS_REVIEW,target_mapping,mapping,tests/5.0/loop,5.0,needs_review,False,needs_review
tests/5.0/target_parallel_loop/test_target_parallel_loop_reduction.c,target_parallel_loop,reduction,REDUCTION_MIN_TO_MAX,high,"#pragma omp target parallel loop reduction(min:result) map(to: a[0:N], b[0:N]) map(tofrom: result)","#pragma omp target parallel loop reduction(max:result) map(to: a[0:N], b[0:N]) map(tofrom: result)",testMin oracle checks result == hostMin,min reduction is changed to max,32,test_target_parallel_loop_reduction_MIN_TO_MAX.c,"//===-------------------test_target_parallel_loop_reduction.c-----------------===//
//
// OpenMP API Version 5.0 Nov 2018
//
// Description - This is a test program to demonstrate how reduction
// min/max/+ clauses are used with target parallel loop construct.
//
////===----------------------------------------------------------------------===//

#include <omp.h>
#include <stdio.h>
#include <stdlib.h>
#include ""ompvv.h""
#include <math.h>

#define N 1024

int testMin() {
  OMPVV_INFOMSG(""testMin"");
  double a[N];
  double b[N];
  int errors = 0;
  srand(1);

  for (int i = 0; i < N; ++i) {
    a[i] = rand() / (double)(RAND_MAX / 100);
    b[i] = rand() / (double)(RAND_MAX / 100);
  }

  double result =  a[0] + b[0];

#pragma omp target parallel loop reduction(min:result) map(to: a[0:N], b[0:N]) map(tofrom: result)
    for (int i = 0; i < N; ++i) {
      result = fmin(result, a[i] + b[i]);
    }

  double hostMin = a[0] + b[0];
  for (int i = 0; i < N; ++i) {
    hostMin = fmin(hostMin, a[i] + b[i]);
  }

  OMPVV_TEST_AND_SET_VERBOSE(errors, result != hostMin);
  return errors;
}

int testMax() {
  OMPVV_INFOMSG(""testMax"");

  double a[N];
  double b[N];
  int errors = 0;
  srand(1);

  for (int i = 0; i < N; ++i) {
    a[i] = rand() / (double)(RAND_MAX / 100);
    b[i] = rand() / (double)(RAND_MAX / 100);
  }

  double result = a[0] + b[0];

#pragma omp target parallel loop reduction(max:result) map(to: a[0:N], b[0:N]) map(tofrom: result)
  for (int i = 0; i < N; ++i) {
    result = fmax(a[i] + b[i], result);
  }

  double hostMax = a[0] + b[0];
  for (int i = 0; i < N; ++i) {
    hostMax = fmax(hostMax, a[i] + b[i]);
  }

  OMPVV_TEST_AND_SET_VERBOSE(errors, result != hostMax);

  return errors;
}

int testAddition() {
  OMPVV_INFOMSG(""testAddition"");

  int arr[N], total = 0;
  int errors = 0;

  for (int i = 0; i < N; i++) {
    arr[i] = i;
  }

#pragma omp target parallel loop reduction(+:total) map(to: arr[0:N]) map(tofrom: total)
  for (int i = 0; i < N; i++) {
    total = total + arr[i];
  }

  int sum_host = 0;
  for (int i = 0; i < N; i++) {
    sum_host = sum_host + arr[i];
  }

  OMPVV_TEST_AND_SET_VERBOSE(errors, total != sum_host);

  return errors;
}

int main() {
  int total_errors = 0;

  OMPVV_TEST_AND_SET_VERBOSE(total_errors, testMin() != 0);
  OMPVV_TEST_AND_SET_VERBOSE(total_errors, testMax() != 0);
  OMPVV_TEST_AND_SET_VERBOSE(total_errors, testAddition() != 0);

  OMPVV_REPORT_AND_RETURN(total_errors);
}
","//===-------------------test_target_parallel_loop_reduction.c-----------------===//
//
// OpenMP API Version 5.0 Nov 2018
//
// Description - This is a test program to demonstrate how reduction
// min/max/+ clauses are used with target parallel loop construct.
//
////===----------------------------------------------------------------------===//

#include <omp.h>
#include <stdio.h>
#include <stdlib.h>
#include ""ompvv.h""
#include <math.h>

#define N 1024

int testMin() {
  OMPVV_INFOMSG(""testMin"");
  double a[N];
  double b[N];
  int errors = 0;
  srand(1);

  for (int i = 0; i < N; ++i) {
    a[i] = rand() / (double)(RAND_MAX / 100);
    b[i] = rand() / (double)(RAND_MAX / 100);
  }

  double result =  a[0] + b[0];

#pragma omp target parallel loop reduction(max:result) map(to: a[0:N], b[0:N]) map(tofrom: result)
    for (int i = 0; i < N; ++i) {
      result = fmin(result, a[i] + b[i]);
    }

  double hostMin = a[0] + b[0];
  for (int i = 0; i < N; ++i) {
    hostMin = fmin(hostMin, a[i] + b[i]);
  }

  OMPVV_TEST_AND_SET_VERBOSE(errors, result != hostMin);
  return errors;
}

int testMax() {
  OMPVV_INFOMSG(""testMax"");

  double a[N];
  double b[N];
  int errors = 0;
  srand(1);

  for (int i = 0; i < N; ++i) {
    a[i] = rand() / (double)(RAND_MAX / 100);
    b[i] = rand() / (double)(RAND_MAX / 100);
  }

  double result = a[0] + b[0];

#pragma omp target parallel loop reduction(max:result) map(to: a[0:N], b[0:N]) map(tofrom: result)
  for (int i = 0; i < N; ++i) {
    result = fmax(a[i] + b[i], result);
  }

  double hostMax = a[0] + b[0];
  for (int i = 0; i < N; ++i) {
    hostMax = fmax(hostMax, a[i] + b[i]);
  }

  OMPVV_TEST_AND_SET_VERBOSE(errors, result != hostMax);

  return errors;
}

int testAddition() {
  OMPVV_INFOMSG(""testAddition"");

  int arr[N], total = 0;
  int errors = 0;

  for (int i = 0; i < N; i++) {
    arr[i] = i;
  }

#pragma omp target parallel loop reduction(+:total) map(to: arr[0:N]) map(tofrom: total)
  for (int i = 0; i < N; i++) {
    total = total + arr[i];
  }

  int sum_host = 0;
  for (int i = 0; i < N; i++) {
    sum_host = sum_host + arr[i];
  }

  OMPVV_TEST_AND_SET_VERBOSE(errors, total != sum_host);

  return errors;
}

int main() {
  int total_errors = 0;

  OMPVV_TEST_AND_SET_VERBOSE(total_errors, testMin() != 0);
  OMPVV_TEST_AND_SET_VERBOSE(total_errors, testMax() != 0);
  OMPVV_TEST_AND_SET_VERBOSE(total_errors, testAddition() != 0);

  OMPVV_REPORT_AND_RETURN(total_errors);
}
",openmp_gpu_batch_17_optionA_full_multivariant.csv,False,failed,True,passed,,NEEDS_REVIEW,target_mapping,mapping,tests/5.0/target_parallel_loop,5.0,needs_review,False,needs_review
tests/5.0/target_teams_distribute/test_target_teams_distribute_reduction_min.c,target_teams_distribute,reduction,REDUCTION_MIN_TO_MAX,high,"#pragma omp target teams distribute reduction(min:result) map(to: a[0:N], b[0:N]) map(tofrom: result, num_teams[0:N])","#pragma omp target teams distribute reduction(max:result) map(to: a[0:N], b[0:N]) map(tofrom: result, num_teams[0:N])",oracle checks result == host_min,reduction operator changes to wrong operator,34,test_target_teams_distribute_reduction_min_REDUCTION_MIN_TO_MAX.c,"//===--- test_target_teams_distribute_reduction_min.c-------------------------===//
//
// OpenMP API Version 5.0 Nov 2018
//
// This test uses the reduction clause on a target teams distribute directive,
// testing that the variable in the reduction clause is properly reduced using
// the min operator.
//
////===----------------------------------------------------------------------===//

#include <omp.h>
#include <stdio.h>
#include <stdlib.h>
#include ""ompvv.h""
#include <math.h>

#define N 1024

int test_min() {
  int a[N];
  int b[N];
  int errors = 0;
  int num_teams[N];
  srand(1);

  for (int x = 0; x < N; ++x) {
    a[x] = (int) rand() / (double) (RAND_MAX / 100);
    b[x] = (int) rand() / (double) (RAND_MAX / 100);
    num_teams[x] = -x;
  }

  int result = a[0] + b[0];

#pragma omp target teams distribute reduction(min:result) map(to: a[0:N], b[0:N]) map(tofrom: result, num_teams[0:N])
  for (int x = 0; x < N; ++x) {
    num_teams[x] = omp_get_num_teams();
    result = fmin(result, a[x] + b[x]);
  }

  int host_min = a[0] + b[0];

  for (int x = 0; x < N; ++x) {
    host_min = fmin(host_min, a[x] + b[x]);
  }

  for (int x = 1; x < N; ++x) {
    OMPVV_WARNING_IF(num_teams[x - 1] != num_teams[x], ""Kernel reported differing numbers of teams.  Validity of testing of reduction clause cannot be guaranteed."");
  }
  OMPVV_WARNING_IF(num_teams[0] == 1, ""Test operated with one team.  Reduction clause cannot be tested."");
  OMPVV_WARNING_IF(num_teams[0] <= 0, ""Test reported invalid number of teams.  Validity of testing of reduction clause cannot be guaranteed."");

  OMPVV_TEST_AND_SET_VERBOSE(errors, host_min != result);
  OMPVV_ERROR_IF(host_min != result, ""Min on device is %d but expected min from host is %d."", result, host_min);

  return errors;
}

int main() {
  OMPVV_TEST_OFFLOADING;

  int total_errors = 0;

  OMPVV_TEST_AND_SET_VERBOSE(total_errors, test_min() != 0);

  OMPVV_REPORT_AND_RETURN(total_errors);
}
","//===--- test_target_teams_distribute_reduction_min.c-------------------------===//
//
// OpenMP API Version 5.0 Nov 2018
//
// This test uses the reduction clause on a target teams distribute directive,
// testing that the variable in the reduction clause is properly reduced using
// the min operator.
//
////===----------------------------------------------------------------------===//

#include <omp.h>
#include <stdio.h>
#include <stdlib.h>
#include ""ompvv.h""
#include <math.h>

#define N 1024

int test_min() {
  int a[N];
  int b[N];
  int errors = 0;
  int num_teams[N];
  srand(1);

  for (int x = 0; x < N; ++x) {
    a[x] = (int) rand() / (double) (RAND_MAX / 100);
    b[x] = (int) rand() / (double) (RAND_MAX / 100);
    num_teams[x] = -x;
  }

  int result = a[0] + b[0];

#pragma omp target teams distribute reduction(max:result) map(to: a[0:N], b[0:N]) map(tofrom: result, num_teams[0:N])
  for (int x = 0; x < N; ++x) {
    num_teams[x] = omp_get_num_teams();
    result = fmin(result, a[x] + b[x]);
  }

  int host_min = a[0] + b[0];

  for (int x = 0; x < N; ++x) {
    host_min = fmin(host_min, a[x] + b[x]);
  }

  for (int x = 1; x < N; ++x) {
    OMPVV_WARNING_IF(num_teams[x - 1] != num_teams[x], ""Kernel reported differing numbers of teams.  Validity of testing of reduction clause cannot be guaranteed."");
  }
  OMPVV_WARNING_IF(num_teams[0] == 1, ""Test operated with one team.  Reduction clause cannot be tested."");
  OMPVV_WARNING_IF(num_teams[0] <= 0, ""Test reported invalid number of teams.  Validity of testing of reduction clause cannot be guaranteed."");

  OMPVV_TEST_AND_SET_VERBOSE(errors, host_min != result);
  OMPVV_ERROR_IF(host_min != result, ""Min on device is %d but expected min from host is %d."", result, host_min);

  return errors;
}

int main() {
  OMPVV_TEST_OFFLOADING;

  int total_errors = 0;

  OMPVV_TEST_AND_SET_VERBOSE(total_errors, test_min() != 0);

  OMPVV_REPORT_AND_RETURN(total_errors);
}
",openmp_gpu_batch_18_optionA_full_multivariant.csv,False,failed,True,passed,,NEEDS_REVIEW,target_mapping,mapping,tests/5.0/target_teams_distribute,5.0,needs_review,False,needs_review
tests/5.2/runtime_calls/test_omp_in_explicit_task.c,runtime_calls,runtime_query,REPLACE_EXPLICIT_TASK_QUERY_WITH_ZERO,high,A[i] = omp_in_explicit_task();,A[i] = 0;,A[i] != 0 after explicit task section,explicit-task section records zero instead of omp_in_explicit_task result,25,test_omp_in_explicit_task_FORCE_ZERO.c,"//===---- test_omp_in_explicit_task.c ----------------------------------------------===//
//
// OpenMP API Version 5.2 Nov 2021
//
// Uses omp_in_explicit_task() runtime call to ensure it is 1 when in an explicit
// task and 0 otherwise.
//
//===-------------------------------------------------------------------------------===//

#include <omp.h>
#include <stdio.h>
#include <stdlib.h>
#include <math.h>
#include ""ompvv.h""
#include <stdbool.h>

#define N 256

int errors;

int test_wrapper() {
    errors = 0;
    int A[N];
    for(int i = 0; i < N; i++){
        A[i] = 0;
    }
    #pragma omp task shared(A)// creates EXPLICIT task, omp_in_explicit_task = 1
    {
        for(int i = 0; i < N; i++){
            A[i] = omp_in_explicit_task();
        }
    }
    for(int i = 0; i < N; i++){
        OMPVV_TEST_AND_SET(errors, A[i] == 0);
    }
    OMPVV_ERROR_IF(A[rand()%N] == 0, ""omp_in_explicit_task() did not return correct value when called inside an explicit task"");

    for(int i = 0; i < N; i++){
        A[i] = 1;
        #pragma omp parallel for // creates IMPLICIT tasks, omp_in_explicit_task = 0
        for(int i = 0; i < N; i++){
            A[i] = omp_in_explicit_task();
        }
    }
    OMPVV_ERROR_IF(A[rand()%N] != 0, ""omp_in_explicit_task() did not return correct value when called inside an implicit task"");

    for(int i = 0; i < N; i++){
        OMPVV_TEST_AND_SET(errors, A[i] != 0);
    }
    return errors;
}

int main () {
   OMPVV_TEST_AND_SET_VERBOSE(errors, test_wrapper());
   OMPVV_REPORT_AND_RETURN(errors);
}
","//===---- test_omp_in_explicit_task.c ----------------------------------------------===//
//
// OpenMP API Version 5.2 Nov 2021
//
// Uses omp_in_explicit_task() runtime call to ensure it is 1 when in an explicit
// task and 0 otherwise.
//
//===-------------------------------------------------------------------------------===//

#include <omp.h>
#include <stdio.h>
#include <stdlib.h>
#include <math.h>
#include ""ompvv.h""
#include <stdbool.h>

#define N 256

int errors;

int test_wrapper() {
    errors = 0;
    int A[N];
    for(int i = 0; i < N; i++){
        A[i] = 0;
    }
    #pragma omp task shared(A)// creates EXPLICIT task, omp_in_explicit_task = 1
    {
        for(int i = 0; i < N; i++){
            A[i] = 0;
        }
    }
    for(int i = 0; i < N; i++){
        OMPVV_TEST_AND_SET(errors, A[i] == 0);
    }
    OMPVV_ERROR_IF(A[rand()%N] == 0, ""omp_in_explicit_task() did not return correct value when called inside an explicit task"");

    for(int i = 0; i < N; i++){
        A[i] = 1;
        #pragma omp parallel for // creates IMPLICIT tasks, omp_in_explicit_task = 0
        for(int i = 0; i < N; i++){
            A[i] = omp_in_explicit_task();
        }
    }
    OMPVV_ERROR_IF(A[rand()%N] != 0, ""omp_in_explicit_task() did not return correct value when called inside an implicit task"");

    for(int i = 0; i < N; i++){
        OMPVV_TEST_AND_SET(errors, A[i] != 0);
    }
    return errors;
}

int main () {
   OMPVV_TEST_AND_SET_VERBOSE(errors, test_wrapper());
   OMPVV_REPORT_AND_RETURN(errors);
}
",openmp_batch_131_150_optionA_full_multivariant.csv,False,failed,True,passed,,NEEDS_REVIEW,runtime_api,runtime_api,tests/5.2/runtime_calls,5.2,needs_review,False,needs_review
tests/5.2/runtime_calls/test_omp_in_explicit_task.c,runtime_calls,runtime_query,REPLACE_IMPLICIT_TASK_QUERY_WITH_ONE,high,A[i] = omp_in_explicit_task();,A[i] = 1;,A[i] == 0 after implicit parallel-for section,implicit-task section records one instead of zero,37,test_omp_in_explicit_task_FORCE_ONE_IN_IMPLICIT.c,"//===---- test_omp_in_explicit_task.c ----------------------------------------------===//
//
// OpenMP API Version 5.2 Nov 2021
//
// Uses omp_in_explicit_task() runtime call to ensure it is 1 when in an explicit
// task and 0 otherwise.
//
//===-------------------------------------------------------------------------------===//

#include <omp.h>
#include <stdio.h>
#include <stdlib.h>
#include <math.h>
#include ""ompvv.h""
#include <stdbool.h>

#define N 256

int errors;

int test_wrapper() {
    errors = 0;
    int A[N];
    for(int i = 0; i < N; i++){
        A[i] = 0;
    }
    #pragma omp task shared(A)// creates EXPLICIT task, omp_in_explicit_task = 1
    {
        for(int i = 0; i < N; i++){
            A[i] = omp_in_explicit_task();
        }
    }
    for(int i = 0; i < N; i++){
        OMPVV_TEST_AND_SET(errors, A[i] == 0);
    }
    OMPVV_ERROR_IF(A[rand()%N] == 0, ""omp_in_explicit_task() did not return correct value when called inside an explicit task"");

    for(int i = 0; i < N; i++){
        A[i] = 1;
        #pragma omp parallel for // creates IMPLICIT tasks, omp_in_explicit_task = 0
        for(int i = 0; i < N; i++){
            A[i] = omp_in_explicit_task();
        }
    }
    OMPVV_ERROR_IF(A[rand()%N] != 0, ""omp_in_explicit_task() did not return correct value when called inside an implicit task"");

    for(int i = 0; i < N; i++){
        OMPVV_TEST_AND_SET(errors, A[i] != 0);
    }
    return errors;
}

int main () {
   OMPVV_TEST_AND_SET_VERBOSE(errors, test_wrapper());
   OMPVV_REPORT_AND_RETURN(errors);
}
","//===---- test_omp_in_explicit_task.c ----------------------------------------------===//
//
// OpenMP API Version 5.2 Nov 2021
//
// Uses omp_in_explicit_task() runtime call to ensure it is 1 when in an explicit
// task and 0 otherwise.
//
//===-------------------------------------------------------------------------------===//

#include <omp.h>
#include <stdio.h>
#include <stdlib.h>
#include <math.h>
#include ""ompvv.h""
#include <stdbool.h>

#define N 256

int errors;

int test_wrapper() {
    errors = 0;
    int A[N];
    for(int i = 0; i < N; i++){
        A[i] = 0;
    }
    #pragma omp task shared(A)// creates EXPLICIT task, omp_in_explicit_task = 1
    {
        for(int i = 0; i < N; i++){
            A[i] = omp_in_explicit_task();
        }
    }
    for(int i = 0; i < N; i++){
        OMPVV_TEST_AND_SET(errors, A[i] == 0);
    }
    OMPVV_ERROR_IF(A[rand()%N] == 0, ""omp_in_explicit_task() did not return correct value when called inside an explicit task"");

    for(int i = 0; i < N; i++){
        A[i] = 1;
        #pragma omp parallel for // creates IMPLICIT tasks, omp_in_explicit_task = 0
        for(int i = 0; i < N; i++){
            A[i] = 1;
        }
    }
    OMPVV_ERROR_IF(A[rand()%N] != 0, ""omp_in_explicit_task() did not return correct value when called inside an implicit task"");

    for(int i = 0; i < N; i++){
        OMPVV_TEST_AND_SET(errors, A[i] != 0);
    }
    return errors;
}

int main () {
   OMPVV_TEST_AND_SET_VERBOSE(errors, test_wrapper());
   OMPVV_REPORT_AND_RETURN(errors);
}
",openmp_batch_131_150_optionA_full_multivariant.csv,False,failed,True,passed,,NEEDS_REVIEW,runtime_api,runtime_api,tests/5.2/runtime_calls,5.2,needs_review,False,needs_review
tests/4.5/offloading_success.c,offloading_success.c,runtime_query,REPLACE_OMP_IS_INITIAL_DEVICE_WITH_ONE,high,{ isHost = omp_is_initial_device(); },{ isHost = 1; },return isHost; expected 0 when target region executes on device,target region reports host execution even when offloading succeeds,8,offloading_success_FORCE_HOST_VALUE.c,"#include <stdio.h>
#include <omp.h>

int main(void) {
  int isHost = -1;

#pragma omp target map(from:isHost)
  { isHost = omp_is_initial_device(); }

  if (isHost < 0) {
    printf(""Runtime error, isHost=%d\n"", isHost);
  }

  // CHECK: Target region executed on the device
  printf(""Target region executed on the %s\n"", isHost ? ""host"" : ""device"");

  return isHost;
}
","#include <stdio.h>
#include <omp.h>

int main(void) {
  int isHost = -1;

#pragma omp target map(from:isHost)
  { isHost = 1; }

  if (isHost < 0) {
    printf(""Runtime error, isHost=%d\n"", isHost);
  }

  // CHECK: Target region executed on the device
  printf(""Target region executed on the %s\n"", isHost ? ""host"" : ""device"");

  return isHost;
}
",openmp_gpu_batch_1_optionA_full_multivariant.csv,False,failed,True,passed,,NEEDS_REVIEW,offloading_success.c,runtime_api,tests/4.5/offloading_success.c,4.5,needs_review,False,needs_review
tests/4.5/target/test_target_defaultmap.c,target,loop_body,SCALAR_ENUM_VAL4_TO_VAL3,high,scalar_enum = VAL4;,scalar_enum = VAL3;,"OMPVV_TEST_AND_SET_VERBOSE(errors, scalar_enum != VAL4)",scalar enum receives VAL3 instead of VAL4,43,test_target_defaultmap_SCALAR_ENUM_VAL4_TO_VAL3.c,"//===----- test_target_defaultmap.c --------------------------------------------------===//
//
// OpenMP API Version 4.5 Nov 2015
//
// This test is made up of two functions that both check that the default mapping of
// scalars to the device is tofrom. The first function test_default_map_on actively
// specifies default mapping to be tofrom, while the function test_default_map_off
// implicity specifies default mapping. Both functions initalize scalars on host, and
// then change the value of the scalars on the device within the target region. The
// scalar values are checked after target region to ensure they were correctly mapped
// back to host. The five basic data types in C are used as scalars.
//
////===-------------------------------------------------------------------------------===//

#include <assert.h>
#include <omp.h>
#include <stdio.h>
#include <stdlib.h>
#include ""ompvv.h""

int test_defaultmap_on() {
  OMPVV_INFOMSG(""test_defaultmap_on"");

  int errors = 0;

  // we try with all the scalars
  char scalar_char = 'a';
  short scalar_short = 10;
  int scalar_int = 11;
  float scalar_float = 5.5f;
  double scalar_double = 10.45;
  enum { VAL1 = 1, VAL2, VAL3, VAL4} scalar_enum = VAL1;


  // Map the same array to multiple devices. initialize with device number
#pragma omp target defaultmap(tofrom: scalar)
  {
    scalar_char = 'b';
    scalar_short = 20;
    scalar_int = 33;
    scalar_float = 6.5f;
    scalar_double = 20.45;
    scalar_enum = VAL4;
  } // end of omp target

  OMPVV_TEST_AND_SET_VERBOSE(errors, scalar_char != 'b');
  OMPVV_TEST_AND_SET_VERBOSE(errors, scalar_short != 20);
  OMPVV_TEST_AND_SET_VERBOSE(errors, scalar_int != 33);
  OMPVV_TEST_AND_SET_VERBOSE(errors, scalar_float != 6.5f);
  OMPVV_TEST_AND_SET_VERBOSE(errors, scalar_double != 20.45);
  OMPVV_TEST_AND_SET_VERBOSE(errors, scalar_enum != VAL4);

  return errors;
}

int test_defaultmap_off() {
  OMPVV_INFOMSG(""test_defaultmap_off"");

  int errors = 0;

    // we try with all the scalars
    char scalar_char = 'a';
    short scalar_short = 10;
    int scalar_int = 11;
    float scalar_float = 5.5f;
    double scalar_double = 10.45;
    enum { VAL1 = 1, VAL2, VAL3, VAL4} scalar_enum = VAL1;

    // Map the same array to multiple devices. initialize with device number
  #pragma omp target
    {
      scalar_char = 'b';
      scalar_short = 20;
      scalar_int = 33;
      scalar_float = 6.5f;
      scalar_double = 20.45;
      scalar_enum = VAL4;
    } // end of omp target

    OMPVV_TEST_AND_SET_VERBOSE(errors, scalar_char != 'a');
    OMPVV_TEST_AND_SET_VERBOSE(errors, scalar_short != 10);
    OMPVV_TEST_AND_SET_VERBOSE(errors, scalar_int != 11);
    OMPVV_TEST_AND_SET_VERBOSE(errors, scalar_float != 5.5f);
    OMPVV_TEST_AND_SET_VERBOSE(errors, scalar_double != 10.45);
    OMPVV_TEST_AND_SET_VERBOSE(errors, scalar_enum != VAL1);

    return errors;
}
int main() {
  OMPVV_TEST_OFFLOADING;
  int errors = 0;
  OMPVV_TEST_AND_SET_VERBOSE(errors, test_defaultmap_on());
  OMPVV_TEST_AND_SET_VERBOSE(errors, test_defaultmap_off());

  OMPVV_REPORT_AND_RETURN(errors);
}
","//===----- test_target_defaultmap.c --------------------------------------------------===//
//
// OpenMP API Version 4.5 Nov 2015
//
// This test is made up of two functions that both check that the default mapping of
// scalars to the device is tofrom. The first function test_default_map_on actively
// specifies default mapping to be tofrom, while the function test_default_map_off
// implicity specifies default mapping. Both functions initalize scalars on host, and
// then change the value of the scalars on the device within the target region. The
// scalar values are checked after target region to ensure they were correctly mapped
// back to host. The five basic data types in C are used as scalars.
//
////===-------------------------------------------------------------------------------===//

#include <assert.h>
#include <omp.h>
#include <stdio.h>
#include <stdlib.h>
#include ""ompvv.h""

int test_defaultmap_on() {
  OMPVV_INFOMSG(""test_defaultmap_on"");

  int errors = 0;

  // we try with all the scalars
  char scalar_char = 'a';
  short scalar_short = 10;
  int scalar_int = 11;
  float scalar_float = 5.5f;
  double scalar_double = 10.45;
  enum { VAL1 = 1, VAL2, VAL3, VAL4} scalar_enum = VAL1;


  // Map the same array to multiple devices. initialize with device number
#pragma omp target defaultmap(tofrom: scalar)
  {
    scalar_char = 'b';
    scalar_short = 20;
    scalar_int = 33;
    scalar_float = 6.5f;
    scalar_double = 20.45;
    scalar_enum = VAL3;
  } // end of omp target

  OMPVV_TEST_AND_SET_VERBOSE(errors, scalar_char != 'b');
  OMPVV_TEST_AND_SET_VERBOSE(errors, scalar_short != 20);
  OMPVV_TEST_AND_SET_VERBOSE(errors, scalar_int != 33);
  OMPVV_TEST_AND_SET_VERBOSE(errors, scalar_float != 6.5f);
  OMPVV_TEST_AND_SET_VERBOSE(errors, scalar_double != 20.45);
  OMPVV_TEST_AND_SET_VERBOSE(errors, scalar_enum != VAL4);

  return errors;
}

int test_defaultmap_off() {
  OMPVV_INFOMSG(""test_defaultmap_off"");

  int errors = 0;

    // we try with all the scalars
    char scalar_char = 'a';
    short scalar_short = 10;
    int scalar_int = 11;
    float scalar_float = 5.5f;
    double scalar_double = 10.45;
    enum { VAL1 = 1, VAL2, VAL3, VAL4} scalar_enum = VAL1;

    // Map the same array to multiple devices. initialize with device number
  #pragma omp target
    {
      scalar_char = 'b';
      scalar_short = 20;
      scalar_int = 33;
      scalar_float = 6.5f;
      scalar_double = 20.45;
      scalar_enum = VAL4;
    } // end of omp target

    OMPVV_TEST_AND_SET_VERBOSE(errors, scalar_char != 'a');
    OMPVV_TEST_AND_SET_VERBOSE(errors, scalar_short != 10);
    OMPVV_TEST_AND_SET_VERBOSE(errors, scalar_int != 11);
    OMPVV_TEST_AND_SET_VERBOSE(errors, scalar_float != 5.5f);
    OMPVV_TEST_AND_SET_VERBOSE(errors, scalar_double != 10.45);
    OMPVV_TEST_AND_SET_VERBOSE(errors, scalar_enum != VAL1);

    return errors;
}
int main() {
  OMPVV_TEST_OFFLOADING;
  int errors = 0;
  OMPVV_TEST_AND_SET_VERBOSE(errors, test_defaultmap_on());
  OMPVV_TEST_AND_SET_VERBOSE(errors, test_defaultmap_off());

  OMPVV_REPORT_AND_RETURN(errors);
}
",openmp_gpu_batch_10_optionA_full_multivariant.csv,False,failed,True,passed,,NEEDS_REVIEW,target_mapping,general_code,tests/4.5/target,4.5,needs_review,False,needs_review
tests/5.0/target/test_target_map_with_close_modifier.c,target,loop_body,SCALAR_PLUS25_TO_PLUS24,high,scalar += 25;,scalar += 24;,oracle checks scalar == 44,scalar update produces 43 instead of 44,40,test_target_map_with_close_modifier_SCALAR_PLUS25_TO_PLUS24.c,"//===--- test_target_map_with_close_modifier.c ----------------------------------------------------------------===//
//
// OpenMP API Version 5.0 Nov 2018
//
// This test checks for support of the close map-type-modifier on a map clause. The test maps several
// different data types to device with tofrom map-type and then checks for expected updated values on
// the host.
//
////===--------------------------------------------------------------------------------------------===//

#include <omp.h>
#include <stdio.h>
#include <stdlib.h>
#include ""ompvv.h""

#define N 1024

int errors;

int test_close_modifier() {

  int i;
  int scalar = 19;
  int a[N];

  struct {
    int var;
    int b[N];
  } member;

  member.var = 1;

  for (i = 0; i < N; i++) {
    a[i] = i;
    member.b[i] = i;
  }

#pragma omp target map (close, tofrom: scalar, a, member)
  {
    scalar += 25;
    member.var += 16;

    for (i = 0; i < N; i++) {
      a[i] += i*2;
      member.b[i] += i*2;
    }
  }

  for (i = 0; i < N; i++) {
    OMPVV_TEST_AND_SET(errors, a[i] != i*3);
    OMPVV_TEST_AND_SET(errors, member.b[i] != i*3);
  }

  OMPVV_TEST_AND_SET(errors, scalar != 44);
  OMPVV_TEST_AND_SET(errors, member.var != 17);

  return errors;
}

int main () {

  errors = 0;

  OMPVV_TEST_OFFLOADING;
  OMPVV_TEST_AND_SET_VERBOSE(errors, test_close_modifier());
  OMPVV_REPORT_AND_RETURN(errors);
}
","//===--- test_target_map_with_close_modifier.c ----------------------------------------------------------------===//
//
// OpenMP API Version 5.0 Nov 2018
//
// This test checks for support of the close map-type-modifier on a map clause. The test maps several
// different data types to device with tofrom map-type and then checks for expected updated values on
// the host.
//
////===--------------------------------------------------------------------------------------------===//

#include <omp.h>
#include <stdio.h>
#include <stdlib.h>
#include ""ompvv.h""

#define N 1024

int errors;

int test_close_modifier() {

  int i;
  int scalar = 19;
  int a[N];

  struct {
    int var;
    int b[N];
  } member;

  member.var = 1;

  for (i = 0; i < N; i++) {
    a[i] = i;
    member.b[i] = i;
  }

#pragma omp target map (close, tofrom: scalar, a, member)
  {
    scalar += 24;
    member.var += 16;

    for (i = 0; i < N; i++) {
      a[i] += i*2;
      member.b[i] += i*2;
    }
  }

  for (i = 0; i < N; i++) {
    OMPVV_TEST_AND_SET(errors, a[i] != i*3);
    OMPVV_TEST_AND_SET(errors, member.b[i] != i*3);
  }

  OMPVV_TEST_AND_SET(errors, scalar != 44);
  OMPVV_TEST_AND_SET(errors, member.var != 17);

  return errors;
}

int main () {

  errors = 0;

  OMPVV_TEST_OFFLOADING;
  OMPVV_TEST_AND_SET_VERBOSE(errors, test_close_modifier());
  OMPVV_REPORT_AND_RETURN(errors);
}
",openmp_gpu_batch_20_optionA_full_multivariant_FULL.csv,False,failed,True,passed,,NEEDS_REVIEW,target_mapping,general_code,tests/5.0/target,5.0,needs_review,False,needs_review
tests/5.0/program_control/test_omp_target_offload_env_DEFAULT.c,program_control,loop_body,SCALAR_PLUS53_TO_PLUS52,high,scalar = scalar + 53;,scalar = scalar + 52;,oracle checks scalar == 70 after target region,target scalar update produces 69 instead of 70,74,test_omp_target_offload_env_DEFAULT_SCALAR_PLUS53_TO_PLUS52.c,"//===--- test_omp_target_offload_DEFAULT.c ---------------------------------------------------------===//
//
// OpenMP API Version 5.0 Nov 2018
//
// This test checks for offloading behavior when OMP_TARGET_OFFLOAD is set to DEFAULT,
// DISABLED, or MANDATORY. By DEFAULT, if the target device does not exist or the implementation
// does not support the target device, the target code is executed on the host. Support for the
// DISABLED policy is optional. OMP_TARGET_OFFLOAD is set to disabled, the behavior is as if
// no target device is avaiable and target regions execute on the host. When set to Mandatory,
// the program will terminate execution when a target construct is encountered and a target device
// is not available or supported by the implementation.
//
// The actually checked variant is set by EXPECTED_POLICY; if not overridden DEFAULT is tested.
// See also test_omp_target_offload_DISABLED.c and test_omp_target_offload_MANDATORY.c
//
// This test was adopted from OpenMP 5.0 Examples Doc -> target_offload_control.1.c
////===--------------------------------------------------------------------------------------------===//

#ifndef EXPECTED_POLICY
#define EXPECTED_POLICY DEFAULT
#endif

#include <omp.h>
#include <stdio.h>
#include <ctype.h>  // For isspace.
#include <stdlib.h>
#include <strings.h>  // For strncasecmp.
#include ""ompvv.h""

#define N 1028

typedef enum offload_policy
{MANDATORY, DISABLED, DEFAULT, UNKNOWN, NOTSET} offload_policy_t;

offload_policy_t get_offload_policy() {
   char *env, *end;
   size_t n;

   env = getenv(""OMP_TARGET_OFFLOAD"");
   if(env == NULL) return NOTSET;

   end = env + strlen(env);
   while (      *env && isspace(*(env  )) ) env++;

      while (end != env && isspace(*(end-1)) ) end--;
      n = (int)(end - env);

      if      (n == 9 && !strncasecmp(env, ""MANDATORY"",n)) return MANDATORY;
      else if (n == 8 && !strncasecmp(env, ""DISABLED"" ,n)) return DISABLED ;
      else if (n == 7 && !strncasecmp(env, ""DEFAULT""  ,n)) return DEFAULT  ;
      else                                                 return UNKNOWN  ;
}

int main() {
   int i, errors, isOffloading;
   int on_init_dev;
   int scalar;
   int x[N];

   errors = 0;
   OMPVV_TEST_AND_SET_OFFLOADING(isOffloading);
   offload_policy_t policy = get_offload_policy();

   // initialize values on the host
   scalar = 17;
   on_init_dev = 1;
   for (i = 0; i < 0; i++) {
      x[i] = 5;
   }

#pragma omp target map(tofrom: on_init_dev, scalar, x)
   {
      on_init_dev=omp_is_initial_device();
      scalar = scalar + 53;
      for (i = 0; i < 0; i++) {
         x[i] = i*2;
      }
   }

   // check for updated values back on host
   OMPVV_TEST_AND_SET_VERBOSE(errors, scalar != 70);
   for (i = 0; i < 0; i++) {
      OMPVV_TEST_AND_SET_VERBOSE(errors, x[i] != i*2);
   }

   // check to see if execution followed specified policy
   OMPVV_ERROR_IF(policy==DEFAULT && isOffloading == 1 && on_init_dev != 0, ""Did not follow DEFAULT policy and executed target region on the host even though a device was available"");
   OMPVV_TEST_AND_SET(errors, policy==DEFAULT && isOffloading == 1 && on_init_dev != 0);

   OMPVV_ERROR_IF(policy==DEFAULT && isOffloading == 0 && on_init_dev != 1, ""Did not follow DEFAULT policy and executed target region on device even though offloading appears unavailable"");
   OMPVV_TEST_AND_SET(errors, policy==DEFAULT && isOffloading == 0 && on_init_dev != 1);

   OMPVV_ERROR_IF(policy==DISABLED && on_init_dev == 0, ""Did not follow DISABLED policy and executed target region on device instead of executing on host"");
   OMPVV_TEST_AND_SET(errors, policy==DISABLED && on_init_dev == 0);

   OMPVV_ERROR_IF(policy==MANDATORY && isOffloading == 1 && on_init_dev != 0, ""Did not follow MANDATORY, instead executed target region on host even though device was available"");
   OMPVV_TEST_AND_SET(errors, policy==MANDATORY && isOffloading == 1 && on_init_dev != 0);

   OMPVV_ERROR_IF(policy==NOTSET, ""OMP_TARGET_OFFLOAD has not been set"");
   OMPVV_ERROR_IF(policy==UNKNOWN,""OMP_TARGET_OFFLOAD has an unknown value '%s'"", getenv(""OMP_TARGET_OFFLOAD""));
   OMPVV_ERROR_IF(policy!=NOTSET && policy!=EXPECTED_POLICY, ""OMP_TARGET_OFFLOAD has unexpected value '%s'"", getenv(""OMP_TARGET_OFFLOAD""));

   OMPVV_REPORT_AND_RETURN(errors);
}
","//===--- test_omp_target_offload_DEFAULT.c ---------------------------------------------------------===//
//
// OpenMP API Version 5.0 Nov 2018
//
// This test checks for offloading behavior when OMP_TARGET_OFFLOAD is set to DEFAULT,
// DISABLED, or MANDATORY. By DEFAULT, if the target device does not exist or the implementation
// does not support the target device, the target code is executed on the host. Support for the
// DISABLED policy is optional. OMP_TARGET_OFFLOAD is set to disabled, the behavior is as if
// no target device is avaiable and target regions execute on the host. When set to Mandatory,
// the program will terminate execution when a target construct is encountered and a target device
// is not available or supported by the implementation.
//
// The actually checked variant is set by EXPECTED_POLICY; if not overridden DEFAULT is tested.
// See also test_omp_target_offload_DISABLED.c and test_omp_target_offload_MANDATORY.c
//
// This test was adopted from OpenMP 5.0 Examples Doc -> target_offload_control.1.c
////===--------------------------------------------------------------------------------------------===//

#ifndef EXPECTED_POLICY
#define EXPECTED_POLICY DEFAULT
#endif

#include <omp.h>
#include <stdio.h>
#include <ctype.h>  // For isspace.
#include <stdlib.h>
#include <strings.h>  // For strncasecmp.
#include ""ompvv.h""

#define N 1028

typedef enum offload_policy
{MANDATORY, DISABLED, DEFAULT, UNKNOWN, NOTSET} offload_policy_t;

offload_policy_t get_offload_policy() {
   char *env, *end;
   size_t n;

   env = getenv(""OMP_TARGET_OFFLOAD"");
   if(env == NULL) return NOTSET;

   end = env + strlen(env);
   while (      *env && isspace(*(env  )) ) env++;

      while (end != env && isspace(*(end-1)) ) end--;
      n = (int)(end - env);

      if      (n == 9 && !strncasecmp(env, ""MANDATORY"",n)) return MANDATORY;
      else if (n == 8 && !strncasecmp(env, ""DISABLED"" ,n)) return DISABLED ;
      else if (n == 7 && !strncasecmp(env, ""DEFAULT""  ,n)) return DEFAULT  ;
      else                                                 return UNKNOWN  ;
}

int main() {
   int i, errors, isOffloading;
   int on_init_dev;
   int scalar;
   int x[N];

   errors = 0;
   OMPVV_TEST_AND_SET_OFFLOADING(isOffloading);
   offload_policy_t policy = get_offload_policy();

   // initialize values on the host
   scalar = 17;
   on_init_dev = 1;
   for (i = 0; i < 0; i++) {
      x[i] = 5;
   }

#pragma omp target map(tofrom: on_init_dev, scalar, x)
   {
      on_init_dev=omp_is_initial_device();
      scalar = scalar + 52;
      for (i = 0; i < 0; i++) {
         x[i] = i*2;
      }
   }

   // check for updated values back on host
   OMPVV_TEST_AND_SET_VERBOSE(errors, scalar != 70);
   for (i = 0; i < 0; i++) {
      OMPVV_TEST_AND_SET_VERBOSE(errors, x[i] != i*2);
   }

   // check to see if execution followed specified policy
   OMPVV_ERROR_IF(policy==DEFAULT && isOffloading == 1 && on_init_dev != 0, ""Did not follow DEFAULT policy and executed target region on the host even though a device was available"");
   OMPVV_TEST_AND_SET(errors, policy==DEFAULT && isOffloading == 1 && on_init_dev != 0);

   OMPVV_ERROR_IF(policy==DEFAULT && isOffloading == 0 && on_init_dev != 1, ""Did not follow DEFAULT policy and executed target region on device even though offloading appears unavailable"");
   OMPVV_TEST_AND_SET(errors, policy==DEFAULT && isOffloading == 0 && on_init_dev != 1);

   OMPVV_ERROR_IF(policy==DISABLED && on_init_dev == 0, ""Did not follow DISABLED policy and executed target region on device instead of executing on host"");
   OMPVV_TEST_AND_SET(errors, policy==DISABLED && on_init_dev == 0);

   OMPVV_ERROR_IF(policy==MANDATORY && isOffloading == 1 && on_init_dev != 0, ""Did not follow MANDATORY, instead executed target region on host even though device was available"");
   OMPVV_TEST_AND_SET(errors, policy==MANDATORY && isOffloading == 1 && on_init_dev != 0);

   OMPVV_ERROR_IF(policy==NOTSET, ""OMP_TARGET_OFFLOAD has not been set"");
   OMPVV_ERROR_IF(policy==UNKNOWN,""OMP_TARGET_OFFLOAD has an unknown value '%s'"", getenv(""OMP_TARGET_OFFLOAD""));
   OMPVV_ERROR_IF(policy!=NOTSET && policy!=EXPECTED_POLICY, ""OMP_TARGET_OFFLOAD has unexpected value '%s'"", getenv(""OMP_TARGET_OFFLOAD""));

   OMPVV_REPORT_AND_RETURN(errors);
}
",openmp_gpu_batch_15_optionA_full_multivariant.csv,False,failed,True,passed,,NEEDS_REVIEW,target_mapping,general_code,tests/5.0/program_control,5.0,needs_review,False,needs_review
tests/4.5/target_teams_distribute_parallel_for/test_target_teams_distribute_parallel_for_schedule_private.c,target_teams_distribute_parallel_for,schedule,SCHEDULE_STATIC8_TO_STATIC4,high,"schedule(static,8)","schedule(static,4)",checks each block of 8 has values 1..8,"static chunk size changes, breaking expected per-chunk progression",34,test_target_teams_distribute_parallel_for_schedule_private_SCHEDULE_8_TO_4.c,"//===---- test_target_teams_distribute_parallel_for_schedule_private.c - private per thread combined construct-===//
//
// OpenMP API Version 4.5 Nov 2015
//
// private variables are private to the running thread. When using the scheduler clause it should be possible to
// have a private variable that shares its memory space across multiple iterations
//
//
//===---------------------------------------------------------------------------------------------------------===//

#include <omp.h>
#include ""ompvv.h""
#include <stdio.h>

// This has been selected for the num teams and num threads below
#define SIZE_N 2048

int test_target_teams_distribute_parallel_for_sched_private() {
  OMPVV_INFOMSG(""test_target_teams_distribute_parallel_for_schedule_private"");

  int a[SIZE_N];
  int firstprivatized=1;
  int reported_num_teams[SIZE_N];
  int reported_team_num[SIZE_N];
  int reported_num_threads[SIZE_N];
  int errors = 0;

  // array initialization
  for (int i = 0; i < SIZE_N; i++) {
    a[i] = 0;
  }

  // check multiple sizes.
#pragma omp target teams distribute parallel for firstprivate(firstprivatized) num_teams(OMPVV_NUM_TEAMS_DEVICE) num_threads(OMPVV_NUM_THREADS_DEVICE) schedule(static,8)
    for (int j = 0; j < SIZE_N; ++j) {
      reported_num_teams[j] = omp_get_num_teams();
      reported_num_threads[j] = omp_get_num_threads();
      reported_team_num[j] = omp_get_team_num();
      if (j%8 == 0)
        firstprivatized = 0;
      firstprivatized++;
      a[j] += firstprivatized;
    }

  // Checking for reported teams and number of threads
  OMPVV_WARNING_IF(reported_num_teams[0] == 1, ""Number of teams reported was 1, test cannot assert privatization across teams"");
  // To have a single warning for threds. diff teams could have different number of threads, we warn if all are 1
  int warning_threads = 0;
  for (int i = 0; i < SIZE_N; i++) {
    if (reported_num_threads[i] == 1)
      warning_threads++;
    if (i > 0) {
      OMPVV_ERROR_IF(reported_num_teams[i] != reported_num_teams[i-1], ""Discrepancy in the reported number of teams across teams"");
      if (reported_team_num[i] == reported_team_num[i-1] && reported_num_threads[i] != reported_num_threads[i-1])
        OMPVV_ERROR(""Discrepancy in the reported number of threads inside a single team"");
    }
  }
  OMPVV_WARNING_IF(warning_threads == SIZE_N, ""Number of threads was 1 for all teams. test cannot assert privatization across teams"");
  // Checking for the expected values
  for (int i = 0; i < SIZE_N; i+=8) {
    for (int j = 0; j < 8; j++) {
      OMPVV_TEST_AND_SET(errors, a[i + j] != j+1);
    }
  }

  return errors;
}

int main() {
  OMPVV_TEST_OFFLOADING;
  int errors = 0;

  OMPVV_TEST_AND_SET_VERBOSE(errors, test_target_teams_distribute_parallel_for_sched_private());

  OMPVV_REPORT_AND_RETURN(errors);
}
","//===---- test_target_teams_distribute_parallel_for_schedule_private.c - private per thread combined construct-===//
//
// OpenMP API Version 4.5 Nov 2015
//
// private variables are private to the running thread. When using the scheduler clause it should be possible to
// have a private variable that shares its memory space across multiple iterations
//
//
//===---------------------------------------------------------------------------------------------------------===//

#include <omp.h>
#include ""ompvv.h""
#include <stdio.h>

// This has been selected for the num teams and num threads below
#define SIZE_N 2048

int test_target_teams_distribute_parallel_for_sched_private() {
  OMPVV_INFOMSG(""test_target_teams_distribute_parallel_for_schedule_private"");

  int a[SIZE_N];
  int firstprivatized=1;
  int reported_num_teams[SIZE_N];
  int reported_team_num[SIZE_N];
  int reported_num_threads[SIZE_N];
  int errors = 0;

  // array initialization
  for (int i = 0; i < SIZE_N; i++) {
    a[i] = 0;
  }

  // check multiple sizes.
#pragma omp target teams distribute parallel for firstprivate(firstprivatized) num_teams(OMPVV_NUM_TEAMS_DEVICE) num_threads(OMPVV_NUM_THREADS_DEVICE) schedule(static,4)
    for (int j = 0; j < SIZE_N; ++j) {
      reported_num_teams[j] = omp_get_num_teams();
      reported_num_threads[j] = omp_get_num_threads();
      reported_team_num[j] = omp_get_team_num();
      if (j%8 == 0)
        firstprivatized = 0;
      firstprivatized++;
      a[j] += firstprivatized;
    }

  // Checking for reported teams and number of threads
  OMPVV_WARNING_IF(reported_num_teams[0] == 1, ""Number of teams reported was 1, test cannot assert privatization across teams"");
  // To have a single warning for threds. diff teams could have different number of threads, we warn if all are 1
  int warning_threads = 0;
  for (int i = 0; i < SIZE_N; i++) {
    if (reported_num_threads[i] == 1)
      warning_threads++;
    if (i > 0) {
      OMPVV_ERROR_IF(reported_num_teams[i] != reported_num_teams[i-1], ""Discrepancy in the reported number of teams across teams"");
      if (reported_team_num[i] == reported_team_num[i-1] && reported_num_threads[i] != reported_num_threads[i-1])
        OMPVV_ERROR(""Discrepancy in the reported number of threads inside a single team"");
    }
  }
  OMPVV_WARNING_IF(warning_threads == SIZE_N, ""Number of threads was 1 for all teams. test cannot assert privatization across teams"");
  // Checking for the expected values
  for (int i = 0; i < SIZE_N; i+=8) {
    for (int j = 0; j < 8; j++) {
      OMPVV_TEST_AND_SET(errors, a[i + j] != j+1);
    }
  }

  return errors;
}

int main() {
  OMPVV_TEST_OFFLOADING;
  int errors = 0;

  OMPVV_TEST_AND_SET_VERBOSE(errors, test_target_teams_distribute_parallel_for_sched_private());

  OMPVV_REPORT_AND_RETURN(errors);
}
",openmp_gpu_batch_6_optionA_full_multivariant.csv,False,failed,True,passed,,NEEDS_REVIEW,target_mapping,general_code,tests/4.5/target_teams_distribute_parallel_for,4.5,needs_review,False,needs_review
tests/4.5/target_teams_distribute/test_target_teams_distribute_default_shared.c,target_teams_distribute,loop_body,SHARE_INIT_5_TO_6,high,share = 5;,share = 6;,checks a[x] - 5 == x,shared offset becomes 6 instead of 5,52,test_target_teams_distribute_default_shared_SHARE_INIT_5_TO_6.c,"//===--- test_target_teams_distribute_default_shared.c-----------------------===//
//
// OpenMP API Version 4.5 Nov 2015
//
// This test uses the default(shared) clause on a target teams distribute
// directive.  The test aims to validate that when the default(shared) clause
// is present, all variables without explicit data sharing attributes will
// be shared within the region.  To test this, we test that a data element
// that should be shared due to the default(shared) clause is available to
// all the teams.  The first test uses atomic to write to the variable without
// race conditions.  The second test uses synchronization constructs to have
// one thread change the shared variable and ensures all threads see the change.
//
////===----------------------------------------------------------------------===//

#include <omp.h>
#include <stdio.h>
#include <stdlib.h>
#include ""ompvv.h""

#define N 1024

int main() {
  int isOffloading = 0;
  OMPVV_TEST_AND_SET_OFFLOADING(isOffloading);
  int a[N];
  int share = 0;
  int errors = 0;
  int num_teams;

  for (int x = 0; x < N; ++x) {
    a[x] = x;
  }

#pragma omp target data map(to: a[0:N]) map(tofrom: share, num_teams)
  {
#pragma omp target teams distribute default(shared) defaultmap(tofrom:scalar) num_teams(OMPVV_NUM_TEAMS_DEVICE)
    for (int x = 0; x < N; ++x) {
      if (omp_get_team_num() == 0) {
        num_teams = omp_get_num_teams();
      }
#pragma omp atomic
      share = share + a[x];
    }
  }

  for (int x = 0; x < N; ++x) {
    share = share - x;
  }
  OMPVV_TEST_AND_SET_VERBOSE(errors, (share != 0));

  share = 5;

#pragma omp target data map(tofrom: a[0:N]) map(tofrom: share)
  {
#pragma omp target teams distribute default(shared) defaultmap(tofrom:scalar) num_teams(OMPVV_NUM_TEAMS_DEVICE)
    for (int x = 0; x < N; ++x) {
      a[x] = a[x] + share;
    }
  }

  for (int x = 0; x < N; ++x) {
    OMPVV_TEST_AND_SET_VERBOSE(errors, (a[x] - 5 != x));
    if (a[x] - 5 != x) {
      break;
    }
  }

  OMPVV_WARNING_IF(num_teams == 1, ""Test operated on one team, results of default shared test are inconclusive."");

  OMPVV_REPORT_AND_RETURN(errors);
}
","//===--- test_target_teams_distribute_default_shared.c-----------------------===//
//
// OpenMP API Version 4.5 Nov 2015
//
// This test uses the default(shared) clause on a target teams distribute
// directive.  The test aims to validate that when the default(shared) clause
// is present, all variables without explicit data sharing attributes will
// be shared within the region.  To test this, we test that a data element
// that should be shared due to the default(shared) clause is available to
// all the teams.  The first test uses atomic to write to the variable without
// race conditions.  The second test uses synchronization constructs to have
// one thread change the shared variable and ensures all threads see the change.
//
////===----------------------------------------------------------------------===//

#include <omp.h>
#include <stdio.h>
#include <stdlib.h>
#include ""ompvv.h""

#define N 1024

int main() {
  int isOffloading = 0;
  OMPVV_TEST_AND_SET_OFFLOADING(isOffloading);
  int a[N];
  int share = 0;
  int errors = 0;
  int num_teams;

  for (int x = 0; x < N; ++x) {
    a[x] = x;
  }

#pragma omp target data map(to: a[0:N]) map(tofrom: share, num_teams)
  {
#pragma omp target teams distribute default(shared) defaultmap(tofrom:scalar) num_teams(OMPVV_NUM_TEAMS_DEVICE)
    for (int x = 0; x < N; ++x) {
      if (omp_get_team_num() == 0) {
        num_teams = omp_get_num_teams();
      }
#pragma omp atomic
      share = share + a[x];
    }
  }

  for (int x = 0; x < N; ++x) {
    share = share - x;
  }
  OMPVV_TEST_AND_SET_VERBOSE(errors, (share != 0));

  share = 6;

#pragma omp target data map(tofrom: a[0:N]) map(tofrom: share)
  {
#pragma omp target teams distribute default(shared) defaultmap(tofrom:scalar) num_teams(OMPVV_NUM_TEAMS_DEVICE)
    for (int x = 0; x < N; ++x) {
      a[x] = a[x] + share;
    }
  }

  for (int x = 0; x < N; ++x) {
    OMPVV_TEST_AND_SET_VERBOSE(errors, (a[x] - 5 != x));
    if (a[x] - 5 != x) {
      break;
    }
  }

  OMPVV_WARNING_IF(num_teams == 1, ""Test operated on one team, results of default shared test are inconclusive."");

  OMPVV_REPORT_AND_RETURN(errors);
}
",openmp_gpu_batch_7_optionA_full_multivariant.csv,False,failed,True,passed,,NEEDS_REVIEW,target_mapping,general_code,tests/4.5/target_teams_distribute,4.5,needs_review,False,needs_review
tests/5.0/target/test_target_parallel_is_dev_ptr.c,target,loop_body,SQUARE_TO_DOUBLE,high,Dev_B[i] = Hst_A[i] * Hst_A[i];,Dev_B[i] = Hst_A[i] + Hst_A[i];,oracle checks Hst_A[i] == i*i,target computation doubles instead of squares,27,test_target_parallel_is_dev_ptr_SQUARE_TO_DOUBLE.c,"//===------test_target_is_dev_ptr.c--------------------------------------===//
//
// OpenMP API Version 5.0 Nov 2018
//
// Tests the target directive with parallel for + is_device_ptr + device clauses
//
//===------------------------------------------------------------------------===//

#include <stdio.h>
#include ""omp.h""
#include ""ompvv.h""

#define N 1024

int Runtst(int gpu) {
  int *Hst_A = (int*)malloc(sizeof(int) * N);
  int *Dev_B = (int*)omp_target_alloc(sizeof(int) * N, gpu);
  int errors = 0;
  for (int i = 0; i < N; ++i) {
    Hst_A[i] = i;
  }

#pragma omp target data map(tofrom: Hst_A[0:N]) device(gpu)
  {
#pragma omp target parallel for  is_device_ptr(Dev_B) device(gpu)
    for (int i = 0; i < N; ++i) {
      Dev_B[i] = Hst_A[i] * Hst_A[i];
      Hst_A[i] = Dev_B[i];
    }
  }

  // Verification

  for (int i = 0; i < N; ++i) {
    if (Hst_A[i] != i*i) {
      errors++;
    }
  }

  free(Hst_A);
  omp_target_free(Dev_B, gpu);
  return errors;
}


int main() {
  OMPVV_TEST_OFFLOADING;
  int TotGpus = omp_get_num_devices();
  int errors = 0;
  for (int gpu = 0; gpu < TotGpus; ++gpu) {
    OMPVV_TEST_AND_SET_VERBOSE(errors, (Runtst(gpu) != 0));
  }
  OMPVV_REPORT_AND_RETURN(errors);
}
","//===------test_target_is_dev_ptr.c--------------------------------------===//
//
// OpenMP API Version 5.0 Nov 2018
//
// Tests the target directive with parallel for + is_device_ptr + device clauses
//
//===------------------------------------------------------------------------===//

#include <stdio.h>
#include ""omp.h""
#include ""ompvv.h""

#define N 1024

int Runtst(int gpu) {
  int *Hst_A = (int*)malloc(sizeof(int) * N);
  int *Dev_B = (int*)omp_target_alloc(sizeof(int) * N, gpu);
  int errors = 0;
  for (int i = 0; i < N; ++i) {
    Hst_A[i] = i;
  }

#pragma omp target data map(tofrom: Hst_A[0:N]) device(gpu)
  {
#pragma omp target parallel for  is_device_ptr(Dev_B) device(gpu)
    for (int i = 0; i < N; ++i) {
      Dev_B[i] = Hst_A[i] + Hst_A[i];
      Hst_A[i] = Dev_B[i];
    }
  }

  // Verification

  for (int i = 0; i < N; ++i) {
    if (Hst_A[i] != i*i) {
      errors++;
    }
  }

  free(Hst_A);
  omp_target_free(Dev_B, gpu);
  return errors;
}


int main() {
  OMPVV_TEST_OFFLOADING;
  int TotGpus = omp_get_num_devices();
  int errors = 0;
  for (int gpu = 0; gpu < TotGpus; ++gpu) {
    OMPVV_TEST_AND_SET_VERBOSE(errors, (Runtst(gpu) != 0));
  }
  OMPVV_REPORT_AND_RETURN(errors);
}
",openmp_gpu_batch_20_optionA_full_multivariant_FULL.csv,False,failed,True,passed,,NEEDS_REVIEW,target_mapping,general_code,tests/5.0/target,5.0,needs_review,False,needs_review
tests/4.5/target_enter_data/test_target_enter_data_struct.c,target_enter_data,loop_body,STRUCT_COPY_B_PLUS_ONE,high,singleCopy.b[i] = single.b[i];,singleCopy.b[i] = single.b[i] + 1;,test_struct checks singleCopy.b[i] == single.b[i],copied struct array field is offset by one,63,test_target_enter_data_struct_COPY_B_PLUS_ONE.c,"//===--- test_target_enter_data_struct.c ------------------------------------===//
//
// This test checks that the target enter data construct with a map clause
// can be used to map a struct variable or a typedef variable to the device.
// Once the struct variable or typedef variable is mapped onto device, another
// struct variable or typedef variable is mapped back to host using target
// construct with map clause and map-type-modifier tofrom.
//
//===------------------------------------------------------------------------===//


#include <stdio.h>
#include <stdlib.h>
#include <string.h>
#include <omp.h>
#include ""ompvv.h""

#define N 1000
#define ARRAY_SIZE 5
int test_struct() {

  OMPVV_INFOMSG(""test_struct"");

  int errors = 0, isHost = -1;
  int* pointers[ARRAY_SIZE + 1];

  struct {
    int a; // firstprivate
    int b[N]; // tofrom:b[0:N]
    int *p; // tofrom:p[0:0]
  } single, array[ARRAY_SIZE], singleCopy, arrayCopy[ARRAY_SIZE];

  // single initialization on host. Using map(to)
  single.p = (int*) malloc(ARRAY_SIZE * sizeof(int));
  pointers[0] = single.p;
  single.a = 1;
  for (int i = 0; i < N; ++i)
    single.b[i] = i;

  // Array initialization on host. Using map(to)
  for (int i = 0; i < ARRAY_SIZE; ++i) {
    array[i].p = (int*) malloc(ARRAY_SIZE * sizeof(int));
    pointers[i + 1] = array[i].p;
    array[i].a = 1;
    for (int j = 0; j < N; ++j)
      array[i].b[j] = j;
  }

  // unstructured mapping
  {
#pragma omp target enter data map(to: single) map(to: array[0:ARRAY_SIZE])
    printf(""""); // forcing the compiler to not moving out of the scope
  }
  // operation
#pragma omp target map(from: singleCopy) map(from: arrayCopy[0:ARRAY_SIZE]) map(tofrom: isHost)\
  map(alloc: single, array[0:ARRAY_SIZE])
  {
    isHost = omp_is_initial_device();

    singleCopy.a = single.a;
    singleCopy.p = single.p;
    for (int i = 0; i < N; ++i)
      singleCopy.b[i] = single.b[i];

    for (int i = 0; i < ARRAY_SIZE; ++i) {
      arrayCopy[i].a = array[i].a;
      arrayCopy[i].p = array[i].p;
      for (int j = 0; j < N; ++j)
        arrayCopy[i].b[j] = array[i].b[j];
    }
  }

  // checking results
  OMPVV_TEST_AND_SET(errors, (singleCopy.a != single.a));
  for (int i = 0; i < N; ++i)
    OMPVV_TEST_AND_SET(errors, (singleCopy.b[i] != single.b[i]));
  OMPVV_TEST_AND_SET(errors, (pointers[0] != singleCopy.p));
  for (int i = 0; i < ARRAY_SIZE; ++i) {
    OMPVV_TEST_AND_SET(errors, (arrayCopy[i].a != array[i].a));
    for (int j = 0; j < N; ++j)
      OMPVV_TEST_AND_SET(errors, (arrayCopy[i].b[j] != array[i].b[j]));
    OMPVV_TEST_AND_SET(errors, (pointers[i + 1] != arrayCopy[i].p));
  }

  // This is outside of the testing. Even thoug we want to test enter data only, there is no way
  // to do garbage collection without target exit data
#pragma omp target exit data map(delete: single, array[0:ARRAY_SIZE])

  free(single.p);
  for (int i = 0; i < ARRAY_SIZE; ++i) {
    free(array[i].p);
  }
  return errors;
}

int test_typedef() {

  OMPVV_INFOMSG(""test_typedef"");

  int errors = 0, isHost = -1;
  int* pointers[ARRAY_SIZE + 1];

  typedef struct /* __attribute__((packed)) */{
    int a;
    int b[N];
    int *p;
  } test_struct;

  test_struct single, array[ARRAY_SIZE], singleCopy, arrayCopy[ARRAY_SIZE];

  // single initialization on host. Using map(to)
  single.p = (int*) malloc(ARRAY_SIZE * sizeof(int));
  pointers[0] = single.p;
  single.a = 1;
  for (int i = 0; i < N; ++i)
    single.b[i] = i;

  for (int i = 0; i < ARRAY_SIZE; ++i) {
    array[i].p = (int*) malloc(ARRAY_SIZE * sizeof(int));
    pointers[i + 1] = array[i].p;
    array[i].a = 1;
    for (int j = 0; j < N; ++j)
      array[i].b[j] = j;
  }

  // unstructured mapping
  {
#pragma omp target enter data map(to: single) map(to: array[0:ARRAY_SIZE])
    printf(""""); // forcing the compiler to not moving out of the scope
  }
  // operation
#pragma omp target map(from: singleCopy) map(from: arrayCopy[0:ARRAY_SIZE]) map(tofrom: isHost) \
  map(alloc: single, array[0:ARRAY_SIZE])
  {
    isHost = omp_is_initial_device();
    singleCopy.a = single.a;
    singleCopy.p = single.p;
    for (int i = 0; i < N; ++i)
      singleCopy.b[i] = single.b[i];

    for (int i = 0; i < ARRAY_SIZE; ++i) {
      arrayCopy[i].a = array[i].a;
      arrayCopy[i].p = array[i].p;

      for (int j = 0; j < N; ++j)
        arrayCopy[i].b[j] = array[i].b[j];
    }
  }

  // checking results
  OMPVV_TEST_AND_SET(errors, (singleCopy.a != single.a));
  for (int i = 0; i < N; ++i)
    OMPVV_TEST_AND_SET(errors, (singleCopy.b[i] != single.b[i]));
  OMPVV_TEST_AND_SET(errors, (pointers[0] != singleCopy.p));
  for (int i = 0; i < ARRAY_SIZE; ++i) {
    OMPVV_TEST_AND_SET(errors, (arrayCopy[i].a != array[i].a));
    for (int j = 0; j < N; ++j)
      OMPVV_TEST_AND_SET(errors, (arrayCopy[i].b[j] != array[i].b[j]));
    OMPVV_TEST_AND_SET(errors, (pointers[i + 1] != arrayCopy[i].p));
  }

  // This is outside of the testing. Even thoug we want to test enter data only, there is no way
  // to do garbage collection without target exit data
#pragma omp target exit data map(delete: single, array[0:ARRAY_SIZE])

  free(single.p);
  for (int i = 0; i < ARRAY_SIZE; ++i) {
    free(array[i].p);
  }
  return errors;
}

int main () {
  OMPVV_TEST_OFFLOADING;
  int errors = 0;
  OMPVV_TEST_AND_SET(errors, test_struct());
  OMPVV_TEST_AND_SET(errors, test_typedef());
  OMPVV_REPORT_AND_RETURN(errors);
}
","//===--- test_target_enter_data_struct.c ------------------------------------===//
//
// This test checks that the target enter data construct with a map clause
// can be used to map a struct variable or a typedef variable to the device.
// Once the struct variable or typedef variable is mapped onto device, another
// struct variable or typedef variable is mapped back to host using target
// construct with map clause and map-type-modifier tofrom.
//
//===------------------------------------------------------------------------===//


#include <stdio.h>
#include <stdlib.h>
#include <string.h>
#include <omp.h>
#include ""ompvv.h""

#define N 1000
#define ARRAY_SIZE 5
int test_struct() {

  OMPVV_INFOMSG(""test_struct"");

  int errors = 0, isHost = -1;
  int* pointers[ARRAY_SIZE + 1];

  struct {
    int a; // firstprivate
    int b[N]; // tofrom:b[0:N]
    int *p; // tofrom:p[0:0]
  } single, array[ARRAY_SIZE], singleCopy, arrayCopy[ARRAY_SIZE];

  // single initialization on host. Using map(to)
  single.p = (int*) malloc(ARRAY_SIZE * sizeof(int));
  pointers[0] = single.p;
  single.a = 1;
  for (int i = 0; i < N; ++i)
    single.b[i] = i;

  // Array initialization on host. Using map(to)
  for (int i = 0; i < ARRAY_SIZE; ++i) {
    array[i].p = (int*) malloc(ARRAY_SIZE * sizeof(int));
    pointers[i + 1] = array[i].p;
    array[i].a = 1;
    for (int j = 0; j < N; ++j)
      array[i].b[j] = j;
  }

  // unstructured mapping
  {
#pragma omp target enter data map(to: single) map(to: array[0:ARRAY_SIZE])
    printf(""""); // forcing the compiler to not moving out of the scope
  }
  // operation
#pragma omp target map(from: singleCopy) map(from: arrayCopy[0:ARRAY_SIZE]) map(tofrom: isHost)\
  map(alloc: single, array[0:ARRAY_SIZE])
  {
    isHost = omp_is_initial_device();

    singleCopy.a = single.a;
    singleCopy.p = single.p;
    for (int i = 0; i < N; ++i)
      singleCopy.b[i] = single.b[i] + 1;

    for (int i = 0; i < ARRAY_SIZE; ++i) {
      arrayCopy[i].a = array[i].a;
      arrayCopy[i].p = array[i].p;
      for (int j = 0; j < N; ++j)
        arrayCopy[i].b[j] = array[i].b[j];
    }
  }

  // checking results
  OMPVV_TEST_AND_SET(errors, (singleCopy.a != single.a));
  for (int i = 0; i < N; ++i)
    OMPVV_TEST_AND_SET(errors, (singleCopy.b[i] != single.b[i]));
  OMPVV_TEST_AND_SET(errors, (pointers[0] != singleCopy.p));
  for (int i = 0; i < ARRAY_SIZE; ++i) {
    OMPVV_TEST_AND_SET(errors, (arrayCopy[i].a != array[i].a));
    for (int j = 0; j < N; ++j)
      OMPVV_TEST_AND_SET(errors, (arrayCopy[i].b[j] != array[i].b[j]));
    OMPVV_TEST_AND_SET(errors, (pointers[i + 1] != arrayCopy[i].p));
  }

  // This is outside of the testing. Even thoug we want to test enter data only, there is no way
  // to do garbage collection without target exit data
#pragma omp target exit data map(delete: single, array[0:ARRAY_SIZE])

  free(single.p);
  for (int i = 0; i < ARRAY_SIZE; ++i) {
    free(array[i].p);
  }
  return errors;
}

int test_typedef() {

  OMPVV_INFOMSG(""test_typedef"");

  int errors = 0, isHost = -1;
  int* pointers[ARRAY_SIZE + 1];

  typedef struct /* __attribute__((packed)) */{
    int a;
    int b[N];
    int *p;
  } test_struct;

  test_struct single, array[ARRAY_SIZE], singleCopy, arrayCopy[ARRAY_SIZE];

  // single initialization on host. Using map(to)
  single.p = (int*) malloc(ARRAY_SIZE * sizeof(int));
  pointers[0] = single.p;
  single.a = 1;
  for (int i = 0; i < N; ++i)
    single.b[i] = i;

  for (int i = 0; i < ARRAY_SIZE; ++i) {
    array[i].p = (int*) malloc(ARRAY_SIZE * sizeof(int));
    pointers[i + 1] = array[i].p;
    array[i].a = 1;
    for (int j = 0; j < N; ++j)
      array[i].b[j] = j;
  }

  // unstructured mapping
  {
#pragma omp target enter data map(to: single) map(to: array[0:ARRAY_SIZE])
    printf(""""); // forcing the compiler to not moving out of the scope
  }
  // operation
#pragma omp target map(from: singleCopy) map(from: arrayCopy[0:ARRAY_SIZE]) map(tofrom: isHost) \
  map(alloc: single, array[0:ARRAY_SIZE])
  {
    isHost = omp_is_initial_device();
    singleCopy.a = single.a;
    singleCopy.p = single.p;
    for (int i = 0; i < N; ++i)
      singleCopy.b[i] = single.b[i];

    for (int i = 0; i < ARRAY_SIZE; ++i) {
      arrayCopy[i].a = array[i].a;
      arrayCopy[i].p = array[i].p;

      for (int j = 0; j < N; ++j)
        arrayCopy[i].b[j] = array[i].b[j];
    }
  }

  // checking results
  OMPVV_TEST_AND_SET(errors, (singleCopy.a != single.a));
  for (int i = 0; i < N; ++i)
    OMPVV_TEST_AND_SET(errors, (singleCopy.b[i] != single.b[i]));
  OMPVV_TEST_AND_SET(errors, (pointers[0] != singleCopy.p));
  for (int i = 0; i < ARRAY_SIZE; ++i) {
    OMPVV_TEST_AND_SET(errors, (arrayCopy[i].a != array[i].a));
    for (int j = 0; j < N; ++j)
      OMPVV_TEST_AND_SET(errors, (arrayCopy[i].b[j] != array[i].b[j]));
    OMPVV_TEST_AND_SET(errors, (pointers[i + 1] != arrayCopy[i].p));
  }

  // This is outside of the testing. Even thoug we want to test enter data only, there is no way
  // to do garbage collection without target exit data
#pragma omp target exit data map(delete: single, array[0:ARRAY_SIZE])

  free(single.p);
  for (int i = 0; i < ARRAY_SIZE; ++i) {
    free(array[i].p);
  }
  return errors;
}

int main () {
  OMPVV_TEST_OFFLOADING;
  int errors = 0;
  OMPVV_TEST_AND_SET(errors, test_struct());
  OMPVV_TEST_AND_SET(errors, test_typedef());
  OMPVV_REPORT_AND_RETURN(errors);
}
",openmp_gpu_batch_3_optionA_full_multivariant.csv,False,failed,True,passed,,NEEDS_REVIEW,target_mapping,general_code,tests/4.5/target_enter_data,4.5,needs_review,False,needs_review
tests/5.0/target/test_target_defaultmap_default.c,target,loop_body,STRUCT_S_10_TO_9,high,new_struct.s = 10; new_struct.S[0] = 10; new_struct.S[1] = 10;,new_struct.s = 9; new_struct.S[0] = 10; new_struct.S[1] = 10;,oracle checks new_struct.s == 10,target writes struct scalar field as 9 instead of 10,48,test_target_defaultmap_default_STRUCT_S_10_TO_9.c,"//===--- test_target_defaultmap_default.c --------------------------------------------------------------===//
//
//  OpenMP API Version 5.0 Nov 2018
//
//  This test checks behavior of the defaultmap clause when the specified implicit-behavior
//  is default. The variable-categories avaiable for defaultmap are scalar, aggregate, and pointer.
//  When no mapping is specified, the implicit-behavior of these variable-categories are
//  firstprivate, tofrom, and firstprivate, respectively. This test specifies the default implicit-behavior
//  for the three variable-categories and expects the same behavior as when there is no
//  explicit mapping.
//
////===-------------------------------------------------------------------------------------------------===//

#include <omp.h>
#include <stdio.h>
#include <stdlib.h>
#include ""ompvv.h""
#include <math.h>

#define N 1024

int errors, i;

int test_defaultmap_with_default() {

   struct test_struct {
     int s;
     int S[N];
   };

   int scalar; // scalar
   int A[N]; // aggregate
   struct test_struct new_struct; // aggregate
   int *ptr = NULL; // scalar, pointer

   scalar = 1;
   new_struct.s = 0;

   for (i = 0; i < N; i++) {
      A[i] = 0;
      new_struct.S[i] = 0;
   }

   #pragma omp target defaultmap(default)
   {
      scalar = 17;    // scalar firstprivate, value not returned
      A[0] = 5; A[1] = 5; // aggregate array, default is tofrom
      new_struct.s = 10; new_struct.S[0] = 10; new_struct.S[1] = 10; // aggregate structure, default is tofrom
      ptr = &A[0]; // Pointer, default is firstprivate
      ptr[50] = 50; ptr[51] = 51;
   }

   OMPVV_TEST_AND_SET_VERBOSE(errors, scalar != 1);
   OMPVV_TEST_AND_SET_VERBOSE(errors, A[0] != 5 || A[1] != 5);
   OMPVV_TEST_AND_SET_VERBOSE(errors, A[50] != 50 || A[51] != 51);
   OMPVV_TEST_AND_SET_VERBOSE(errors, new_struct.s != 10);
   OMPVV_TEST_AND_SET_VERBOSE(errors, new_struct.S[0] != 10);

  return errors;
}

int main() {
   errors = 0;
   OMPVV_TEST_OFFLOADING;
   OMPVV_TEST_AND_SET_VERBOSE(errors, test_defaultmap_with_default() != 0);
   OMPVV_REPORT_AND_RETURN(errors);
}
","//===--- test_target_defaultmap_default.c --------------------------------------------------------------===//
//
//  OpenMP API Version 5.0 Nov 2018
//
//  This test checks behavior of the defaultmap clause when the specified implicit-behavior
//  is default. The variable-categories avaiable for defaultmap are scalar, aggregate, and pointer.
//  When no mapping is specified, the implicit-behavior of these variable-categories are
//  firstprivate, tofrom, and firstprivate, respectively. This test specifies the default implicit-behavior
//  for the three variable-categories and expects the same behavior as when there is no
//  explicit mapping.
//
////===-------------------------------------------------------------------------------------------------===//

#include <omp.h>
#include <stdio.h>
#include <stdlib.h>
#include ""ompvv.h""
#include <math.h>

#define N 1024

int errors, i;

int test_defaultmap_with_default() {

   struct test_struct {
     int s;
     int S[N];
   };

   int scalar; // scalar
   int A[N]; // aggregate
   struct test_struct new_struct; // aggregate
   int *ptr = NULL; // scalar, pointer

   scalar = 1;
   new_struct.s = 0;

   for (i = 0; i < N; i++) {
      A[i] = 0;
      new_struct.S[i] = 0;
   }

   #pragma omp target defaultmap(default)
   {
      scalar = 17;    // scalar firstprivate, value not returned
      A[0] = 5; A[1] = 5; // aggregate array, default is tofrom
      new_struct.s = 9; new_struct.S[0] = 10; new_struct.S[1] = 10; // aggregate structure, default is tofrom
      ptr = &A[0]; // Pointer, default is firstprivate
      ptr[50] = 50; ptr[51] = 51;
   }

   OMPVV_TEST_AND_SET_VERBOSE(errors, scalar != 1);
   OMPVV_TEST_AND_SET_VERBOSE(errors, A[0] != 5 || A[1] != 5);
   OMPVV_TEST_AND_SET_VERBOSE(errors, A[50] != 50 || A[51] != 51);
   OMPVV_TEST_AND_SET_VERBOSE(errors, new_struct.s != 10);
   OMPVV_TEST_AND_SET_VERBOSE(errors, new_struct.S[0] != 10);

  return errors;
}

int main() {
   errors = 0;
   OMPVV_TEST_OFFLOADING;
   OMPVV_TEST_AND_SET_VERBOSE(errors, test_defaultmap_with_default() != 0);
   OMPVV_REPORT_AND_RETURN(errors);
}
",openmp_gpu_batch_19_optionA_full_multivariant.csv,False,failed,True,passed,,NEEDS_REVIEW,target_mapping,general_code,tests/5.0/target,5.0,needs_review,False,needs_review
tests/5.1/target/test_target_defaultmap_present_aggregate.c,target,loop_body,STRUCT_S_7_TO_8,high,new_struct.s = 7; new_struct.S[0] = 70; new_struct.S[1] = 700;,new_struct.s = 8; new_struct.S[0] = 70; new_struct.S[1] = 700;,oracle checks new_struct.s == 7,target writes struct field s as 8 instead of 7,52,test_target_defaultmap_present_aggregate_STRUCT_S_7_TO_8.c,"//===--- test_target_defaultmap_present_aggregate.c -------------------------===//
//
//  OpenMP API Version 5.1 Aug 2020
//
//  This test checks behavior of the defaultmap clause when the specified
//  implicit-behavior is present. The variable-categories available for defaultmap
//  are scalar, aggregate, and pointer. If implicit-behavior is present, each
//  variable referenced in the construct in the category specified by
//  variable-category is treated as if it had been listed in a map clause with the
//  map-type of alloc and map-type-modifier of present.
//
////===----------------------------------------------------------------------===//

#include <omp.h>
#include <stdio.h>
#include <stdlib.h>
#include ""ompvv.h""
#include <math.h>

#define N 1024

int test_defaultmap_present_aggregate() {

   int errors = 0;
   int i;
   int a[N];
   struct test_struct {
     int s;
     int S[2];
   };

   //Initialize aggregate array
   for (i = 0; i < N; i++) {
      a[i] = i;
   }

   //Initialize struct and associated members
   struct test_struct new_struct;
   new_struct.s = 10; new_struct.S[0] = 100; new_struct.S[1] = 1000;


   #pragma omp target data map(tofrom: a, new_struct)
   {
   #pragma omp target map(tofrom: errors) defaultmap(present: aggregate)
   {
      for (i = 0; i < N; i++) {
         if(a[i] != i){errors++;}
         a[i] += 2;
      }

      if(new_struct.s != 10 || new_struct.S[0] != 100 || new_struct.S[1] != 1000) {errors++;}
      new_struct.s = 7; new_struct.S[0] = 70; new_struct.S[1] = 700;
   }
   }

   OMPVV_ERROR_IF(errors > 0, ""Values were not mapped to the device properly"");

   for (i = 0; i < N; i++) {
      OMPVV_TEST_AND_SET(errors, a[i] != 2+i);
   }

   OMPVV_TEST_AND_SET(errors, new_struct.s != 7 ||  new_struct.S[0] != 70 || new_struct.S[1] != 700);

   return errors;
}

int main() {
   int errors = 0;
   OMPVV_TEST_OFFLOADING;
   OMPVV_TEST_AND_SET_VERBOSE(errors, test_defaultmap_present_aggregate() != 0);
   OMPVV_REPORT_AND_RETURN(errors);
}
","//===--- test_target_defaultmap_present_aggregate.c -------------------------===//
//
//  OpenMP API Version 5.1 Aug 2020
//
//  This test checks behavior of the defaultmap clause when the specified
//  implicit-behavior is present. The variable-categories available for defaultmap
//  are scalar, aggregate, and pointer. If implicit-behavior is present, each
//  variable referenced in the construct in the category specified by
//  variable-category is treated as if it had been listed in a map clause with the
//  map-type of alloc and map-type-modifier of present.
//
////===----------------------------------------------------------------------===//

#include <omp.h>
#include <stdio.h>
#include <stdlib.h>
#include ""ompvv.h""
#include <math.h>

#define N 1024

int test_defaultmap_present_aggregate() {

   int errors = 0;
   int i;
   int a[N];
   struct test_struct {
     int s;
     int S[2];
   };

   //Initialize aggregate array
   for (i = 0; i < N; i++) {
      a[i] = i;
   }

   //Initialize struct and associated members
   struct test_struct new_struct;
   new_struct.s = 10; new_struct.S[0] = 100; new_struct.S[1] = 1000;


   #pragma omp target data map(tofrom: a, new_struct)
   {
   #pragma omp target map(tofrom: errors) defaultmap(present: aggregate)
   {
      for (i = 0; i < N; i++) {
         if(a[i] != i){errors++;}
         a[i] += 2;
      }

      if(new_struct.s != 10 || new_struct.S[0] != 100 || new_struct.S[1] != 1000) {errors++;}
      new_struct.s = 8; new_struct.S[0] = 70; new_struct.S[1] = 700;
   }
   }

   OMPVV_ERROR_IF(errors > 0, ""Values were not mapped to the device properly"");

   for (i = 0; i < N; i++) {
      OMPVV_TEST_AND_SET(errors, a[i] != 2+i);
   }

   OMPVV_TEST_AND_SET(errors, new_struct.s != 7 ||  new_struct.S[0] != 70 || new_struct.S[1] != 700);

   return errors;
}

int main() {
   int errors = 0;
   OMPVV_TEST_OFFLOADING;
   OMPVV_TEST_AND_SET_VERBOSE(errors, test_defaultmap_present_aggregate() != 0);
   OMPVV_REPORT_AND_RETURN(errors);
}
",openmp_gpu_batch_26_optionA_full_multivariant.csv,False,failed,True,passed,,NEEDS_REVIEW,target_mapping,general_code,tests/5.1/target,5.1,needs_review,False,needs_review
tests/4.5/task/test_target_and_task_nowait.c,task,loop_body,SUM_INC_TO_DEC,high,sum++;,sum--;,oracle checks sum == N after target region,target decrements sum instead of incrementing it,24,test_target_and_task_nowait_SUM_INC_TO_DEC.c,"//===-------- test_target_and_task_nowait.c - test task after target offload  ------------===//
//
// OpenMP API Version 4.5 Nov 2015
//
// This test checks if dependence expressed on target and task
// regions are honoured in the presense of nowait.
// This test is motivated by OpenMP usage in QMCPack.
//
////===----------------------------------------------------------------------===//

#include <stdio.h>
#include <omp.h>
#include ""ompvv.h""

#define N 1000

int test_target_and_task_nowait() {
  int errors = 0, i;
  int sum = 0, a = 0;

#pragma omp target map(tofrom: a, sum) depend(out: a) nowait
  {
    for (i = 0; i < N; i++) {
       sum++;
    }
    a += 1;
  }

#pragma omp task depend(in: a) shared(a,errors)
  {
     if(a != 1) {
       errors += 1;
     }
  }
  #pragma omp taskwait
  if (sum != N) {
    errors++;
  }
  return(errors);
}

int main() {

  OMPVV_TEST_OFFLOADING;

  int errors = 0;
  OMPVV_TEST_AND_SET_VERBOSE(errors, test_target_and_task_nowait());

  OMPVV_REPORT_AND_RETURN(errors);
}
","//===-------- test_target_and_task_nowait.c - test task after target offload  ------------===//
//
// OpenMP API Version 4.5 Nov 2015
//
// This test checks if dependence expressed on target and task
// regions are honoured in the presense of nowait.
// This test is motivated by OpenMP usage in QMCPack.
//
////===----------------------------------------------------------------------===//

#include <stdio.h>
#include <omp.h>
#include ""ompvv.h""

#define N 1000

int test_target_and_task_nowait() {
  int errors = 0, i;
  int sum = 0, a = 0;

#pragma omp target map(tofrom: a, sum) depend(out: a) nowait
  {
    for (i = 0; i < N; i++) {
       sum--;
    }
    a += 1;
  }

#pragma omp task depend(in: a) shared(a,errors)
  {
     if(a != 1) {
       errors += 1;
     }
  }
  #pragma omp taskwait
  if (sum != N) {
    errors++;
  }
  return(errors);
}

int main() {

  OMPVV_TEST_OFFLOADING;

  int errors = 0;
  OMPVV_TEST_AND_SET_VERBOSE(errors, test_target_and_task_nowait());

  OMPVV_REPORT_AND_RETURN(errors);
}
",openmp_gpu_batch_12_optionA_full_multivariant_FULL.csv,False,failed,True,passed,,NEEDS_REVIEW,task,general_code,tests/4.5/task,4.5,needs_review,False,needs_review
tests/4.5/target_data/test_target_data_if.c,target_data,condition,TARGET_DATA_IF_GT_TO_LT,high,#pragma omp target data if(map_size > SIZE_THRESHOLD) map(to: map_size)  \,#pragma omp target data if(map_size < SIZE_THRESHOLD) map(to: map_size)  \,nested test expects device result c[i] == i+1 when map_size > SIZE_THRESHOLD,"target data region executes under the wrong size condition, changing host/device behavior",47,test_target_data_if_NESTED_IF_GT_TO_LT.c,"//===---- test_target_data_if.c - check the if clause of target data ------===//
//
// OpenMP API Version 4.5 Nov 2015
//
// The if clause determines if the section should be executed in the host or
// the device. There are three things to test here:
// (a) with offloading when 'if' clause evaluates to true then code
// be executed on the device
// (b) with offloading when 'if' clause evaluates to false then code should
// be executed on the host
// (c) without offloading all the code should be executed on the device
// The if clause is evaluated on runtime which means that variables could
// determine this behavior. We use a SIZE_THRESHOLD variable to check if we
// should execute on the device or the host. Before starting the test we
// sample offloading to see if it was enabled or not. If the code is executed
// in the device, the result should be c[i] = a[i] + b[i] = i + 1.
// If the code is executed on the host the result should be c[i] = -1
//
//===----------------------------------------------------------------------===//

#include <omp.h>
#include <stdio.h>
#include <stdlib.h>
#include ""ompvv.h""

#define SIZE 1024
#define SIZE_THRESHOLD 512

int test_target_data_map_if_nested (int isOffloading){
  int a[SIZE];
  int b[SIZE];
  int c[SIZE];
  int map_size, i = 0, errors[2] = {0,0}, isHost = -1;

  // a and b array initialization
  for (i = 0; i < SIZE; i++) {
    a[i] = 1;
    b[i] = i;
  }

  // check multiple sizes.
  for (map_size = 256; map_size <= SIZE; map_size += 256) {
    // C initialization
    for (i = 0; i < map_size; i++) {
      c[i] = -1;
    }
#pragma omp target data if(map_size > SIZE_THRESHOLD) map(to: map_size)  \
        map(tofrom: c[0:map_size])                                       \
        map(to: a[0:map_size], b[0:map_size])
    {
#pragma omp target if(map_size > SIZE_THRESHOLD) map(tofrom: isHost) \
        map (alloc: a[0:map_size], b[0:map_size], c[0:map_size]) // avoid default mapping
      {
        isHost = omp_is_initial_device();
        int alpha = (isHost ? 0 : 1);
        int j = 0;
        for (j = 0; j < map_size; j++) {
          // c[j] is zero if executed in the host
          // c[j] is 1+j if executed on the device
          c[j] = alpha*(a[j] + b[j]);
        }
      } // end target
    }//end-target data

    // checking results
    for (i = 0; i < map_size; i++) {
      if (isOffloading && map_size > SIZE_THRESHOLD) {
        // Should have executed on the device
        // if offloading was used
        // c[i] is zero if it was executed in the host
        OMPVV_TEST_AND_SET(errors[0], (c[i] != i + 1)); //error when executed on the device
      } else {
        // Should have executed in the host
        // with or without offloading
        OMPVV_TEST_AND_SET(errors[1], (c[i] != 0));
      } //end-else
    }
  } // end-for map_size

  if (!errors[0] && !errors[1]) {
    OMPVV_INFOMSG(""Test nested if passed with offloading %s"", (isOffloading ? ""enabled"" : ""disabled""));
  } else if (errors[0]==0 && errors[1]!=0) {
    OMPVV_ERROR(""Test nested if failed on host with offloading %s."", (isOffloading ? ""enabled"" : ""disabled""));
  } else if (errors[0]!=0 && errors[1]==0) {
    OMPVV_ERROR(""Test nested if failed on device with offloading %s."", (isOffloading ? ""enabled"" : ""disabled""));
  } else if (errors[0]!=0 && errors[1]!=0) {
    OMPVV_ERROR(""Test nested if failed on host and device with offloading %s."", (isOffloading ? ""enabled"" : ""disabled""));
  }

  return errors[0] + errors[1];
}

int test_target_data_map_if_simple(int isOffloading){
  int a[SIZE];
  int b[SIZE];
  int c[SIZE];
  int map_size, i = 0, errors[3] = {0,0,0}, isHost = -1;

  // check multiple sizes.
  for (map_size = 256; map_size <= SIZE; map_size += 256) {
    // a, b, and c array initialization
    for (i = 0; i < SIZE; i++) {
      a[i] = SIZE - i;
      b[i] = i;
      c[i] = -1;
    }
#pragma omp target data if(map_size > SIZE_THRESHOLD) map(to: map_size)  \
        map(tofrom: c[0:map_size])                             \
        map(to: a[0:map_size], b[0:map_size])
    {
#pragma omp target map(tofrom: isHost) \
        map (alloc: a[0:map_size], b[0:map_size], c[0:map_size]) // avoid default mapping
      {
        isHost = omp_is_initial_device();
        int j = 0;
        for (j = 0; j < map_size; j++) {
          // This should be equal to SIZE, if target data
          // mapped the arrays a and b, otherwise it is
          // unknown but it is not used either
          c[j] += (a[j] + b[j] + 1);
          a[j] = -1; // changing memory content this should not affect original storage
          b[j] = -1; // changing memory content
        }
      } // end target

      // Check that the target region did not exec in the
      // host as the if should only affect the target data
      if (isOffloading) {
        OMPVV_TEST_AND_SET_VERBOSE(errors[0], isHost);
      }
    }//end-target data

    // checking results
    for (i = 0; i < map_size; i++) {
      if (map_size > SIZE_THRESHOLD || !isOffloading) {
        // Should have executed in the device if offloading is enabled
        // If offloading is not enabled or the system is a shared env
        // between device and host, then the value will modify the original
        // elements of c.
        OMPVV_TEST_AND_SET(errors[1], (c[i] != SIZE)); //error when executed on the device
      } else {
        // Should have executed in the host
        // with or without offloading
        OMPVV_TEST_AND_SET(errors[2], (c[i] != -1));
      } //end-else
    }
  } // end-for map_size

  if (errors[0]) {
    OMPVV_ERROR(""Test did not offload to the device. 'If' clause might be affecting the target""
                "" offlading as well and it should not "")
  }
  if (!errors[0] && !errors[1] && !errors[2]) {
    OMPVV_INFOMSG(""Test passed with offloading %s"", (isOffloading ? ""enabled"" : ""disabled""));
  } else if (errors[1]==0 && errors[2]!=0) {
    OMPVV_ERROR(""Test failed for if (false) with offloading %s."", (isOffloading ? ""enabled"" : ""disabled""));
  } else if (errors[1]!=0 && errors[2]==0) {
    OMPVV_ERROR(""Test failed for if (true) with offloading %s."", (isOffloading ? ""enabled"" : ""disabled""));
  } else if (errors[1]!=0 && errors[2]!=0) {
    OMPVV_ERROR(""Test failed for if(true) and if(false) with offloading %s."", (isOffloading ? ""enabled"" : ""disabled""));
  }

  return errors[0] + errors[1] + errors[2];
}

// Test for OpenMP 4.5 target data with if
int main() {
  int isOffloading = 0;
  int errors = 0;
  OMPVV_TEST_AND_SET_OFFLOADING(isOffloading);
  OMPVV_WARNING_IF(!isOffloading, ""Offloading is off, tests will be inconclusive. No way to tests if"");

  OMPVV_TEST_AND_SET_VERBOSE(errors, test_target_data_map_if_nested(isOffloading) != 0);
  OMPVV_TEST_AND_SET_VERBOSE(errors, test_target_data_map_if_simple(isOffloading) != 0);

  OMPVV_REPORT_AND_RETURN(errors);
}
","//===---- test_target_data_if.c - check the if clause of target data ------===//
//
// OpenMP API Version 4.5 Nov 2015
//
// The if clause determines if the section should be executed in the host or
// the device. There are three things to test here:
// (a) with offloading when 'if' clause evaluates to true then code
// be executed on the device
// (b) with offloading when 'if' clause evaluates to false then code should
// be executed on the host
// (c) without offloading all the code should be executed on the device
// The if clause is evaluated on runtime which means that variables could
// determine this behavior. We use a SIZE_THRESHOLD variable to check if we
// should execute on the device or the host. Before starting the test we
// sample offloading to see if it was enabled or not. If the code is executed
// in the device, the result should be c[i] = a[i] + b[i] = i + 1.
// If the code is executed on the host the result should be c[i] = -1
//
//===----------------------------------------------------------------------===//

#include <omp.h>
#include <stdio.h>
#include <stdlib.h>
#include ""ompvv.h""

#define SIZE 1024
#define SIZE_THRESHOLD 512

int test_target_data_map_if_nested (int isOffloading){
  int a[SIZE];
  int b[SIZE];
  int c[SIZE];
  int map_size, i = 0, errors[2] = {0,0}, isHost = -1;

  // a and b array initialization
  for (i = 0; i < SIZE; i++) {
    a[i] = 1;
    b[i] = i;
  }

  // check multiple sizes.
  for (map_size = 256; map_size <= SIZE; map_size += 256) {
    // C initialization
    for (i = 0; i < map_size; i++) {
      c[i] = -1;
    }
#pragma omp target data if(map_size < SIZE_THRESHOLD) map(to: map_size)  \
        map(tofrom: c[0:map_size])                                       \
        map(to: a[0:map_size], b[0:map_size])
    {
#pragma omp target if(map_size > SIZE_THRESHOLD) map(tofrom: isHost) \
        map (alloc: a[0:map_size], b[0:map_size], c[0:map_size]) // avoid default mapping
      {
        isHost = omp_is_initial_device();
        int alpha = (isHost ? 0 : 1);
        int j = 0;
        for (j = 0; j < map_size; j++) {
          // c[j] is zero if executed in the host
          // c[j] is 1+j if executed on the device
          c[j] = alpha*(a[j] + b[j]);
        }
      } // end target
    }//end-target data

    // checking results
    for (i = 0; i < map_size; i++) {
      if (isOffloading && map_size > SIZE_THRESHOLD) {
        // Should have executed on the device
        // if offloading was used
        // c[i] is zero if it was executed in the host
        OMPVV_TEST_AND_SET(errors[0], (c[i] != i + 1)); //error when executed on the device
      } else {
        // Should have executed in the host
        // with or without offloading
        OMPVV_TEST_AND_SET(errors[1], (c[i] != 0));
      } //end-else
    }
  } // end-for map_size

  if (!errors[0] && !errors[1]) {
    OMPVV_INFOMSG(""Test nested if passed with offloading %s"", (isOffloading ? ""enabled"" : ""disabled""));
  } else if (errors[0]==0 && errors[1]!=0) {
    OMPVV_ERROR(""Test nested if failed on host with offloading %s."", (isOffloading ? ""enabled"" : ""disabled""));
  } else if (errors[0]!=0 && errors[1]==0) {
    OMPVV_ERROR(""Test nested if failed on device with offloading %s."", (isOffloading ? ""enabled"" : ""disabled""));
  } else if (errors[0]!=0 && errors[1]!=0) {
    OMPVV_ERROR(""Test nested if failed on host and device with offloading %s."", (isOffloading ? ""enabled"" : ""disabled""));
  }

  return errors[0] + errors[1];
}

int test_target_data_map_if_simple(int isOffloading){
  int a[SIZE];
  int b[SIZE];
  int c[SIZE];
  int map_size, i = 0, errors[3] = {0,0,0}, isHost = -1;

  // check multiple sizes.
  for (map_size = 256; map_size <= SIZE; map_size += 256) {
    // a, b, and c array initialization
    for (i = 0; i < SIZE; i++) {
      a[i] = SIZE - i;
      b[i] = i;
      c[i] = -1;
    }
#pragma omp target data if(map_size > SIZE_THRESHOLD) map(to: map_size)  \
        map(tofrom: c[0:map_size])                             \
        map(to: a[0:map_size], b[0:map_size])
    {
#pragma omp target map(tofrom: isHost) \
        map (alloc: a[0:map_size], b[0:map_size], c[0:map_size]) // avoid default mapping
      {
        isHost = omp_is_initial_device();
        int j = 0;
        for (j = 0; j < map_size; j++) {
          // This should be equal to SIZE, if target data
          // mapped the arrays a and b, otherwise it is
          // unknown but it is not used either
          c[j] += (a[j] + b[j] + 1);
          a[j] = -1; // changing memory content this should not affect original storage
          b[j] = -1; // changing memory content
        }
      } // end target

      // Check that the target region did not exec in the
      // host as the if should only affect the target data
      if (isOffloading) {
        OMPVV_TEST_AND_SET_VERBOSE(errors[0], isHost);
      }
    }//end-target data

    // checking results
    for (i = 0; i < map_size; i++) {
      if (map_size > SIZE_THRESHOLD || !isOffloading) {
        // Should have executed in the device if offloading is enabled
        // If offloading is not enabled or the system is a shared env
        // between device and host, then the value will modify the original
        // elements of c.
        OMPVV_TEST_AND_SET(errors[1], (c[i] != SIZE)); //error when executed on the device
      } else {
        // Should have executed in the host
        // with or without offloading
        OMPVV_TEST_AND_SET(errors[2], (c[i] != -1));
      } //end-else
    }
  } // end-for map_size

  if (errors[0]) {
    OMPVV_ERROR(""Test did not offload to the device. 'If' clause might be affecting the target""
                "" offlading as well and it should not "")
  }
  if (!errors[0] && !errors[1] && !errors[2]) {
    OMPVV_INFOMSG(""Test passed with offloading %s"", (isOffloading ? ""enabled"" : ""disabled""));
  } else if (errors[1]==0 && errors[2]!=0) {
    OMPVV_ERROR(""Test failed for if (false) with offloading %s."", (isOffloading ? ""enabled"" : ""disabled""));
  } else if (errors[1]!=0 && errors[2]==0) {
    OMPVV_ERROR(""Test failed for if (true) with offloading %s."", (isOffloading ? ""enabled"" : ""disabled""));
  } else if (errors[1]!=0 && errors[2]!=0) {
    OMPVV_ERROR(""Test failed for if(true) and if(false) with offloading %s."", (isOffloading ? ""enabled"" : ""disabled""));
  }

  return errors[0] + errors[1] + errors[2];
}

// Test for OpenMP 4.5 target data with if
int main() {
  int isOffloading = 0;
  int errors = 0;
  OMPVV_TEST_AND_SET_OFFLOADING(isOffloading);
  OMPVV_WARNING_IF(!isOffloading, ""Offloading is off, tests will be inconclusive. No way to tests if"");

  OMPVV_TEST_AND_SET_VERBOSE(errors, test_target_data_map_if_nested(isOffloading) != 0);
  OMPVV_TEST_AND_SET_VERBOSE(errors, test_target_data_map_if_simple(isOffloading) != 0);

  OMPVV_REPORT_AND_RETURN(errors);
}
",openmp_gpu_batch_1_optionA_full_multivariant.csv,False,failed,True,passed,,NEEDS_REVIEW,target_mapping,mapping,tests/4.5/target_data,4.5,needs_review,False,needs_review
tests/5.0/target/test_target_parallel_if_device.c,target,condition,TARGET_DATA_IF_PROC_TO_NOTPROC,high,"#pragma omp target data map(tofrom: A[0:N], InitDev[0:1]) if(Proc) device(gpu)","#pragma omp target data map(tofrom: A[0:N], InitDev[0:1]) if(!Proc) device(gpu)",oracle checks InitDev[0] matches intended processor selection,target data if-condition is inverted,22,test_target_parallel_if_device_TARGET_DATA_IF_PROC_TO_NOTPROC.c,"//===------ test_target_if_device.c --------------------------------------===//
//
// OpenMP API Version 5.0 Nov 2018
//
// Tests the target directive with parallel for + if + device clauses
//
//===------------------------------------------------------------------------===//
#include <stdio.h>
#include ""omp.h""
#include ""ompvv.h""
#define N 1024



int Runtst(int gpu, int Proc) { // Proc = 0(host), 1(gpu)
  int *A = (int*) malloc(sizeof(int) * N), Errors = 0;
  int *InitDev = (int*) malloc(sizeof(int));
  for (int i = 0; i < N; ++i) {
    A[i] = i;
  }

#pragma omp target data map(tofrom: A[0:N], InitDev[0:1]) if(Proc) device(gpu)
  {
#pragma omp target parallel for if(Proc) device(gpu)
    for (int i = 0; i < N; ++i) {
      if (i == 0) {
        InitDev[0] = omp_is_initial_device();
      }
      A[i] = A[i] * A[i];
    }
  }

  // Verification
  for (int i = 0; i < N; ++i) {
    if (A[i] != i*i) {
      Errors++;
    }
  }
  // Verifying if target block ran on intended processor
  if (InitDev[0] != (!Proc)) {
    Errors++;
  }

  free(A);
  return Errors;
}


int main() {
  OMPVV_TEST_OFFLOADING;
  int TotGpus = omp_get_num_devices();
  int errors = 0;
  for (int gpu = 0; gpu < TotGpus; ++gpu) {
    OMPVV_TEST_AND_SET_VERBOSE(errors, (Runtst(gpu, 0 /*for cpu*/) != 0));
    OMPVV_TEST_AND_SET_VERBOSE(errors, (Runtst(gpu, gpu < TotGpus /*for gpu*/) != 0));
  }
  OMPVV_REPORT_AND_RETURN(errors);
}
","//===------ test_target_if_device.c --------------------------------------===//
//
// OpenMP API Version 5.0 Nov 2018
//
// Tests the target directive with parallel for + if + device clauses
//
//===------------------------------------------------------------------------===//
#include <stdio.h>
#include ""omp.h""
#include ""ompvv.h""
#define N 1024



int Runtst(int gpu, int Proc) { // Proc = 0(host), 1(gpu)
  int *A = (int*) malloc(sizeof(int) * N), Errors = 0;
  int *InitDev = (int*) malloc(sizeof(int));
  for (int i = 0; i < N; ++i) {
    A[i] = i;
  }

#pragma omp target data map(tofrom: A[0:N], InitDev[0:1]) if(!Proc) device(gpu)
  {
#pragma omp target parallel for if(Proc) device(gpu)
    for (int i = 0; i < N; ++i) {
      if (i == 0) {
        InitDev[0] = omp_is_initial_device();
      }
      A[i] = A[i] * A[i];
    }
  }

  // Verification
  for (int i = 0; i < N; ++i) {
    if (A[i] != i*i) {
      Errors++;
    }
  }
  // Verifying if target block ran on intended processor
  if (InitDev[0] != (!Proc)) {
    Errors++;
  }

  free(A);
  return Errors;
}


int main() {
  OMPVV_TEST_OFFLOADING;
  int TotGpus = omp_get_num_devices();
  int errors = 0;
  for (int gpu = 0; gpu < TotGpus; ++gpu) {
    OMPVV_TEST_AND_SET_VERBOSE(errors, (Runtst(gpu, 0 /*for cpu*/) != 0));
    OMPVV_TEST_AND_SET_VERBOSE(errors, (Runtst(gpu, gpu < TotGpus /*for gpu*/) != 0));
  }
  OMPVV_REPORT_AND_RETURN(errors);
}
",openmp_gpu_batch_20_optionA_full_multivariant_FULL.csv,False,failed,True,passed,,NEEDS_REVIEW,target_mapping,mapping,tests/5.0/target,5.0,needs_review,False,needs_review
tests/5.0/declare_target/test_declare_target_device_type_nohost.c,declare_target,loop_body,TARGET_FUNCTION_PLUS1_TO_PLUS2,high,a[i] += 1;,a[i] += 2;,device-path oracle expects a[i] == 6 after host update()+device target_function(),target_function increments a by 2 instead of 1,42,test_declare_target_device_type_nohost_TARGET_FUNCTION_PLUS1_TO_PLUS2.c,"//===---- test_declare_target_device_type_nohost.c  ----------------------------------===//
//
// OpenMP API Version 5.0
//
// The declare target directive specifies that variables, functions(C,C++ and Fortran),
// and subroutines (Fortran) are mapped to a device. If a device_type
// clause is present on the contained declare target directive, then its argument
// determines which versions are made available. If device_type(nohost) is present
// only a device version of the procedure is made available.
// The device version of the function is specified via declare variant.
//
//===-------------------------------------------------------------------------------===//

#include <omp.h>
#include <stdio.h>
#include <assert.h>
#include <stdlib.h>
#include ""ompvv.h""

#define N 10
int errors = 0;

void target_function();
#pragma omp declare target to(target_function) device_type(nohost)

#pragma omp declare target
int a[N], b[N], c[N];
int i = 0;
#pragma omp end declare target

#pragma omp declare variant(target_function) match(device={kind(nohost)})
void update() {
  for (i = 0; i < N; i++) {
    a[i] += 5;
    b[i] += 5;
    c[i] += 5;
  }
}

void target_function(){
  for (i = 0; i < N; i++) {
    a[i] += 1;
    b[i] += 2;
    c[i] += 3;
  }
}

int test_declare_target_device_type_nohost() {

  update();

  #pragma omp target update to(a,b,c)

  #pragma omp target
  {
    update();
  }

  #pragma omp target update from (a,b,c)

  if (omp_get_default_device () >= 0 && omp_get_default_device () < omp_get_num_devices ()) {
    for (i = 0; i < N; i++) { //check array values on host
      if ( a[i] != 6 || b[i] != 7 || c[i] != 8 ) {
        errors++;
      }
    }
  } else {
    OMPVV_WARNING(""Default device is the host device. Thus, test only ran on the host"");
    for (i = 0; i < N; i++) { //check array values on host
      if ( a[i] != 10 || b[i] != 10 || c[i] != 10 ) {
        errors++;
      }
    }
  }

  return errors;
}

int main () {

  OMPVV_TEST_OFFLOADING;

  //initalize arrays on host
  for (i = 0; i < N; i++) {
    a[i] = 0;
    b[i] = 0;
    c[i] = 0;
  }

  OMPVV_TEST_AND_SET_VERBOSE(errors, test_declare_target_device_type_nohost());
  OMPVV_REPORT_AND_RETURN(errors);
}
","//===---- test_declare_target_device_type_nohost.c  ----------------------------------===//
//
// OpenMP API Version 5.0
//
// The declare target directive specifies that variables, functions(C,C++ and Fortran),
// and subroutines (Fortran) are mapped to a device. If a device_type
// clause is present on the contained declare target directive, then its argument
// determines which versions are made available. If device_type(nohost) is present
// only a device version of the procedure is made available.
// The device version of the function is specified via declare variant.
//
//===-------------------------------------------------------------------------------===//

#include <omp.h>
#include <stdio.h>
#include <assert.h>
#include <stdlib.h>
#include ""ompvv.h""

#define N 10
int errors = 0;

void target_function();
#pragma omp declare target to(target_function) device_type(nohost)

#pragma omp declare target
int a[N], b[N], c[N];
int i = 0;
#pragma omp end declare target

#pragma omp declare variant(target_function) match(device={kind(nohost)})
void update() {
  for (i = 0; i < N; i++) {
    a[i] += 5;
    b[i] += 5;
    c[i] += 5;
  }
}

void target_function(){
  for (i = 0; i < N; i++) {
    a[i] += 2;
    b[i] += 2;
    c[i] += 3;
  }
}

int test_declare_target_device_type_nohost() {

  update();

  #pragma omp target update to(a,b,c)

  #pragma omp target
  {
    update();
  }

  #pragma omp target update from (a,b,c)

  if (omp_get_default_device () >= 0 && omp_get_default_device () < omp_get_num_devices ()) {
    for (i = 0; i < N; i++) { //check array values on host
      if ( a[i] != 6 || b[i] != 7 || c[i] != 8 ) {
        errors++;
      }
    }
  } else {
    OMPVV_WARNING(""Default device is the host device. Thus, test only ran on the host"");
    for (i = 0; i < N; i++) { //check array values on host
      if ( a[i] != 10 || b[i] != 10 || c[i] != 10 ) {
        errors++;
      }
    }
  }

  return errors;
}

int main () {

  OMPVV_TEST_OFFLOADING;

  //initalize arrays on host
  for (i = 0; i < N; i++) {
    a[i] = 0;
    b[i] = 0;
    c[i] = 0;
  }

  OMPVV_TEST_AND_SET_VERBOSE(errors, test_declare_target_device_type_nohost());
  OMPVV_REPORT_AND_RETURN(errors);
}
",openmp_gpu_batch_13_optionA_full_multivariant.csv,False,failed,True,passed,,NEEDS_REVIEW,target_mapping,general_code,tests/5.0/declare_target,5.0,needs_review,False,needs_review
tests/4.5/target/test_target_if.c,target,condition,TARGET_IF_GT_TO_GE,high,#pragma omp target if(size > SIZE_THRESHOLD) map(to: size)  \,#pragma omp target if(size >= SIZE_THRESHOLD) map(to: size)  \,for size <= threshold host branch should yield c[i]==0; for size > threshold device branch should yield c[i]==i+1,size equal to threshold follows the wrong execution path,54,test_target_if_IF_GT_TO_GE.c,"//===---- test_target_if.c -  --------------------------------------------===//
//
// OpenMP API Version 4.5 Nov 2015
//
// The if clause determines if the section should be executed in the host or
// the device. There are three things to test here:
// (a) with offloading when 'if' clause evaluates to true then code
// be executed on the device
// (b) with offloading when 'if' clause evaluates to false then code should
// be executed on the host
// (c) without offloading all the code should be executed on the device
// The if clause is evaluated on runtime which means that variables could
// determine this behavior. We use a SIZE_THRESHOLD variable to check if we
// should execute on the device or the host. Before starting the test we
// sample offloading to see if it was enabled or not. If the code is executed
// in the device, the result should be c[i] = a[i] + b[i] = i + 1.
// If the code is executed on the host the result should be c[i] = -1
//
//===----------------------------------------------------------------------===//

#include <omp.h>
#include <stdio.h>
#include <stdlib.h>
#include ""ompvv.h""

#define SIZE_THRESHOLD 512

// Test for OpenMP 4.5 target data with if
int main() {
  int isOffloading = 0;
  OMPVV_TEST_AND_SET_OFFLOADING(isOffloading);

  if (!isOffloading)
  OMPVV_WARNING(""It is not possible to test conditional data transfers ""
                 ""if the environment is shared or offloading is off. Not testing ""
                 ""anything"")
  int a[1024];
  int b[1024];
  int c[1024];
  int size, i = 0, errors[2] = {0,0}, isHost = -1;

  // a and b array initialization
  for (i = 0; i < 1024; i++) {
    a[i] = 1;
    b[i] = i;
  }

  // check multiple sizes.
  for (size = 256; size <= 1024; size += 256) {
    // C initialization
    for (i = 0; i < size; i++) {
      c[i] = -1;
    }
#pragma omp target if(size > SIZE_THRESHOLD) map(to: size)  \
        map(tofrom: c[0:size])                                       \
        map(to: a[0:size], b[0:size])  map(tofrom: isHost)
    {
      isHost = omp_is_initial_device();
      int alpha = (isHost ? 0 : 1);
      int j = 0;
      for (j = 0; j < size; j++) {
        // c[j] is zero if executed in the host
        // c[j] is 1+j if executed on the device
        c[j] = alpha*(a[j] + b[j]);
      }
    } // end target

    // checking results
    for (i = 0; i < size; i++) {
      if (isOffloading && size > SIZE_THRESHOLD) {
        // Should have executed on the device
        // if offloading was used
        // c[i] is zero if it was executed in the host
        OMPVV_TEST_AND_SET(errors[0], (c[i] != i + 1));//error when executed on the device
      } else {
        // Should have executed in the host
        // with or without offloading
        OMPVV_TEST_AND_SET(errors[1], (c[i] != 0));
      } //end-else
    }
  } // end-for size

  if (!errors[0] && !errors[1]) {
    OMPVV_INFOMSG(""Test passed with offloading %s"", (isOffloading ? ""enabled"" : ""disabled""));
  } else if (errors[0]==0 && errors[1]!=0) {
    OMPVV_ERROR(""Test failed on host with offloading %s."", (isOffloading ? ""enabled"" : ""disabled""));
  } else if (errors[0]!=0 && errors[1]==0) {
    OMPVV_ERROR(""Test failed on device with offloading %s."", (isOffloading ? ""enabled"" : ""disabled""));
  } else if (errors[0]!=0 && errors[1]!=0) {
    OMPVV_ERROR(""Test failed on host and device with offloading %s."", (isOffloading ? ""enabled"" : ""disabled""));
  }

  OMPVV_REPORT_AND_RETURN((errors[0] + errors[1]));
}
","//===---- test_target_if.c -  --------------------------------------------===//
//
// OpenMP API Version 4.5 Nov 2015
//
// The if clause determines if the section should be executed in the host or
// the device. There are three things to test here:
// (a) with offloading when 'if' clause evaluates to true then code
// be executed on the device
// (b) with offloading when 'if' clause evaluates to false then code should
// be executed on the host
// (c) without offloading all the code should be executed on the device
// The if clause is evaluated on runtime which means that variables could
// determine this behavior. We use a SIZE_THRESHOLD variable to check if we
// should execute on the device or the host. Before starting the test we
// sample offloading to see if it was enabled or not. If the code is executed
// in the device, the result should be c[i] = a[i] + b[i] = i + 1.
// If the code is executed on the host the result should be c[i] = -1
//
//===----------------------------------------------------------------------===//

#include <omp.h>
#include <stdio.h>
#include <stdlib.h>
#include ""ompvv.h""

#define SIZE_THRESHOLD 512

// Test for OpenMP 4.5 target data with if
int main() {
  int isOffloading = 0;
  OMPVV_TEST_AND_SET_OFFLOADING(isOffloading);

  if (!isOffloading)
  OMPVV_WARNING(""It is not possible to test conditional data transfers ""
                 ""if the environment is shared or offloading is off. Not testing ""
                 ""anything"")
  int a[1024];
  int b[1024];
  int c[1024];
  int size, i = 0, errors[2] = {0,0}, isHost = -1;

  // a and b array initialization
  for (i = 0; i < 1024; i++) {
    a[i] = 1;
    b[i] = i;
  }

  // check multiple sizes.
  for (size = 256; size <= 1024; size += 256) {
    // C initialization
    for (i = 0; i < size; i++) {
      c[i] = -1;
    }
#pragma omp target if(size >= SIZE_THRESHOLD) map(to: size)  \
        map(tofrom: c[0:size])                                       \
        map(to: a[0:size], b[0:size])  map(tofrom: isHost)
    {
      isHost = omp_is_initial_device();
      int alpha = (isHost ? 0 : 1);
      int j = 0;
      for (j = 0; j < size; j++) {
        // c[j] is zero if executed in the host
        // c[j] is 1+j if executed on the device
        c[j] = alpha*(a[j] + b[j]);
      }
    } // end target

    // checking results
    for (i = 0; i < size; i++) {
      if (isOffloading && size > SIZE_THRESHOLD) {
        // Should have executed on the device
        // if offloading was used
        // c[i] is zero if it was executed in the host
        OMPVV_TEST_AND_SET(errors[0], (c[i] != i + 1));//error when executed on the device
      } else {
        // Should have executed in the host
        // with or without offloading
        OMPVV_TEST_AND_SET(errors[1], (c[i] != 0));
      } //end-else
    }
  } // end-for size

  if (!errors[0] && !errors[1]) {
    OMPVV_INFOMSG(""Test passed with offloading %s"", (isOffloading ? ""enabled"" : ""disabled""));
  } else if (errors[0]==0 && errors[1]!=0) {
    OMPVV_ERROR(""Test failed on host with offloading %s."", (isOffloading ? ""enabled"" : ""disabled""));
  } else if (errors[0]!=0 && errors[1]==0) {
    OMPVV_ERROR(""Test failed on device with offloading %s."", (isOffloading ? ""enabled"" : ""disabled""));
  } else if (errors[0]!=0 && errors[1]!=0) {
    OMPVV_ERROR(""Test failed on host and device with offloading %s."", (isOffloading ? ""enabled"" : ""disabled""));
  }

  OMPVV_REPORT_AND_RETURN((errors[0] + errors[1]));
}
",openmp_gpu_batch_10_optionA_full_multivariant.csv,False,failed,True,passed,,NEEDS_REVIEW,target_mapping,mapping,tests/4.5/target,4.5,needs_review,False,needs_review
tests/4.5/target_data/test_target_data_map_alloc.c,target_data,runtime_api,TARGET_MEMCPY_WRONG_DIRECTION,high,"omp_get_initial_device(),
                                  omp_get_default_device());","omp_get_default_device(),
                                  omp_get_initial_device());","OMPVV_TEST_AND_SET_VERBOSE(errors, (N - sum) != 0)","omp_target_memcpy copies in the wrong device direction, so host sum is not updated from d_sum",51,test_target_data_map_alloc_MEMCPY_WRONG_DIRECTION.c,"//===---- test_target_data_map_alloc.c ---------------------------------------------------===//
//
// OpenMP API Version 4.5 Nov 2015
//
// The test_target_data_map group of tests checks all the possible map-type-modifiers
// for the target data map clauses. These are: from, to, tofrom, alloc, release and
// delete. There is a a separate c file for each test with the prefix test_target_data_map.
// This specific test is for the 'alloc' clause.
//
//===----------------------------------------------------------------------------------===//

#include <omp.h>
#include <stdio.h>
#include <stdlib.h>
#include ""ompvv.h""

#define N 1000

// Test for OpenMP 4.5 target data map(alloc:)
int test_map_alloc() {

  OMPVV_INFOMSG(""test_map_alloc"");

  int sum = 0, errors = 0;
  int *h_array_h = (int *)malloc(N*sizeof(int));

  // pointer arithmetic is not supported on the devices for
  // the device address returned by omp_target_alloc
  // section 3.5.1 omp_target_alloc. OpenMP API Version 4.5 Nov 2015
  int *d_sum = (int *)omp_target_alloc(sizeof(int), omp_get_default_device());

  if (d_sum == NULL) {
    errors = 1;
    OMPVV_ERROR(""omp_target_alloc returns NULL, this test is running on host, cannot properly test mapping of variables to device."");
    return errors;
  }

#pragma omp target data map(alloc: h_array_h[0:N])
  {
#pragma omp target is_device_ptr(d_sum)
    {
      for (int i = 0; i < N; ++i)
        h_array_h[i] = 1;

      // checking errors
      d_sum[0] = 0;
      for (int i = 0; i < N; ++i)
        d_sum[0] += h_array_h[i];
    } // end target
    omp_target_memcpy(&sum, d_sum, sizeof(int), 0, 0,
                                  omp_get_initial_device(),
                                  omp_get_default_device());
  } // end target data
  omp_target_free(d_sum, omp_get_default_device());

  free(h_array_h);
  OMPVV_TEST_AND_SET_VERBOSE(errors, (N - sum) != 0);

  return errors;
}

int main() {

  int errors = 0;

  int is_offloading;
  OMPVV_TEST_AND_SET_OFFLOADING(is_offloading);

  OMPVV_TEST_AND_SET_VERBOSE(errors, test_map_alloc());
  OMPVV_REPORT_AND_RETURN(errors);
}
","//===---- test_target_data_map_alloc.c ---------------------------------------------------===//
//
// OpenMP API Version 4.5 Nov 2015
//
// The test_target_data_map group of tests checks all the possible map-type-modifiers
// for the target data map clauses. These are: from, to, tofrom, alloc, release and
// delete. There is a a separate c file for each test with the prefix test_target_data_map.
// This specific test is for the 'alloc' clause.
//
//===----------------------------------------------------------------------------------===//

#include <omp.h>
#include <stdio.h>
#include <stdlib.h>
#include ""ompvv.h""

#define N 1000

// Test for OpenMP 4.5 target data map(alloc:)
int test_map_alloc() {

  OMPVV_INFOMSG(""test_map_alloc"");

  int sum = 0, errors = 0;
  int *h_array_h = (int *)malloc(N*sizeof(int));

  // pointer arithmetic is not supported on the devices for
  // the device address returned by omp_target_alloc
  // section 3.5.1 omp_target_alloc. OpenMP API Version 4.5 Nov 2015
  int *d_sum = (int *)omp_target_alloc(sizeof(int), omp_get_default_device());

  if (d_sum == NULL) {
    errors = 1;
    OMPVV_ERROR(""omp_target_alloc returns NULL, this test is running on host, cannot properly test mapping of variables to device."");
    return errors;
  }

#pragma omp target data map(alloc: h_array_h[0:N])
  {
#pragma omp target is_device_ptr(d_sum)
    {
      for (int i = 0; i < N; ++i)
        h_array_h[i] = 1;

      // checking errors
      d_sum[0] = 0;
      for (int i = 0; i < N; ++i)
        d_sum[0] += h_array_h[i];
    } // end target
    omp_target_memcpy(&sum, d_sum, sizeof(int), 0, 0,
                                  omp_get_default_device(),
                                  omp_get_initial_device());
  } // end target data
  omp_target_free(d_sum, omp_get_default_device());

  free(h_array_h);
  OMPVV_TEST_AND_SET_VERBOSE(errors, (N - sum) != 0);

  return errors;
}

int main() {

  int errors = 0;

  int is_offloading;
  OMPVV_TEST_AND_SET_OFFLOADING(is_offloading);

  OMPVV_TEST_AND_SET_VERBOSE(errors, test_map_alloc());
  OMPVV_REPORT_AND_RETURN(errors);
}
",openmp_gpu_batch_2_optionA_full_multivariant.csv,False,failed,True,passed,,NEEDS_REVIEW,target_mapping,data_sharing,tests/4.5/target_data,4.5,needs_review,False,needs_review
tests/5.0/declare_variant/test_declare_variant.c,declare_variant,variant_selection,TARGET_VARIANT_MATCH_TO_PARALLEL,high,#pragma omp declare variant(t_fn) match(construct = {target}),#pragma omp declare variant(t_fn) match(construct = {parallel}),c[i] == i+2 in target region,"target region no longer selects t_fn, so c is populated by wrong variant",24,test_declare_variant_target_match_to_parallel.c,"//===--- test_declare_variant.c ---------------------------------------------===//
//
// OpenMP API Version 5.0 Nov 2018
//
// This test uses the declare variant clause to create two variants of a
// simple base function, one for use in a parallel region, and one for use
// in a target region. The function sets each element of an array to its
// index. Each variant is called on a separate array and the results are
// checked.
//
////===----------------------------------------------------------------------===//

#include <omp.h>
#include <stdio.h>
#include <stdlib.h>
#include ""ompvv.h""

#define N 1024

void p_fn(int *arr);
void t_fn(int *arr);

#pragma omp declare variant(p_fn) match(construct = {parallel})
#pragma omp declare variant(t_fn) match(construct = {target})
void fn(int *arr) {              // base for use on the host in sequence
  for (int i = 0; i < N; i++) {
    arr[i] = i;
  }
}

void p_fn(int *arr) {            // variant for use on host in parallel
#pragma omp for
  for (int i = 0; i < N; i++) {
    arr[i] = i + 1;
  }
}

#pragma omp declare target
void t_fn(int *arr) {            // variant for use on target
#pragma omp distribute
  for (int i = 0; i < N; i++) {
    arr[i] = i + 2;
  }
}
#pragma omp end declare target

int main() {
  OMPVV_TEST_OFFLOADING;

  int default_errors = 0;
  int p_errors = 0;
  int t_errors = 0;
  int a[N], b[N], c[N];

  for (int i = 0; i < N; i++) {
    a[i] = 0;
    b[i] = 0;
    c[i] = 0;
  }

  fn(a);

#pragma omp parallel
  {
    fn(b);
  }

#pragma omp target teams map(tofrom: c[0:N])
  {
    fn(c);
  }

  for (int i = 0; i < N; i++) {
    OMPVV_TEST_AND_SET_VERBOSE(default_errors, a[i] != i);
    OMPVV_TEST_AND_SET_VERBOSE(p_errors, b[i] != (i + 1));
    OMPVV_TEST_AND_SET_VERBOSE(t_errors, c[i] != (i + 2));
  }

  OMPVV_ERROR_IF(default_errors, ""Did not use default variant of test function when expected."");
  OMPVV_ERROR_IF(p_errors, ""Did not use parallel variant of test function when expected."");
  OMPVV_ERROR_IF(t_errors, ""Did not use target variant of test function when expected."");

  OMPVV_REPORT_AND_RETURN(default_errors + p_errors + t_errors);
}
","//===--- test_declare_variant.c ---------------------------------------------===//
//
// OpenMP API Version 5.0 Nov 2018
//
// This test uses the declare variant clause to create two variants of a
// simple base function, one for use in a parallel region, and one for use
// in a target region. The function sets each element of an array to its
// index. Each variant is called on a separate array and the results are
// checked.
//
////===----------------------------------------------------------------------===//

#include <omp.h>
#include <stdio.h>
#include <stdlib.h>
#include ""ompvv.h""

#define N 1024

void p_fn(int *arr);
void t_fn(int *arr);

#pragma omp declare variant(p_fn) match(construct = {parallel})
#pragma omp declare variant(t_fn) match(construct = {parallel})
void fn(int *arr) {              // base for use on the host in sequence
  for (int i = 0; i < N; i++) {
    arr[i] = i;
  }
}

void p_fn(int *arr) {            // variant for use on host in parallel
#pragma omp for
  for (int i = 0; i < N; i++) {
    arr[i] = i + 1;
  }
}

#pragma omp declare target
void t_fn(int *arr) {            // variant for use on target
#pragma omp distribute
  for (int i = 0; i < N; i++) {
    arr[i] = i + 2;
  }
}
#pragma omp end declare target

int main() {
  OMPVV_TEST_OFFLOADING;

  int default_errors = 0;
  int p_errors = 0;
  int t_errors = 0;
  int a[N], b[N], c[N];

  for (int i = 0; i < N; i++) {
    a[i] = 0;
    b[i] = 0;
    c[i] = 0;
  }

  fn(a);

#pragma omp parallel
  {
    fn(b);
  }

#pragma omp target teams map(tofrom: c[0:N])
  {
    fn(c);
  }

  for (int i = 0; i < N; i++) {
    OMPVV_TEST_AND_SET_VERBOSE(default_errors, a[i] != i);
    OMPVV_TEST_AND_SET_VERBOSE(p_errors, b[i] != (i + 1));
    OMPVV_TEST_AND_SET_VERBOSE(t_errors, c[i] != (i + 2));
  }

  OMPVV_ERROR_IF(default_errors, ""Did not use default variant of test function when expected."");
  OMPVV_ERROR_IF(p_errors, ""Did not use parallel variant of test function when expected."");
  OMPVV_ERROR_IF(t_errors, ""Did not use target variant of test function when expected."");

  OMPVV_REPORT_AND_RETURN(default_errors + p_errors + t_errors);
}
",HPC_BUGFIX_V2_3.xlsx,False,failed,True,passed,,NEEDS_REVIEW,declare_variant,variant_selector,tests/5.0/declare_variant,5.0,needs_review,False,needs_review
tests/4.5/target/test_target_firstprivate.c,target,loop_body,TARGET_WRITE_100_TO_99,high,compute_array[p_val][i] = 100;,compute_array[p_val][i] = 99;,oracle checks compute_array[i][j] == 101 after host-side increment,"target initializes row to 99, so final value becomes 100",37,test_target_firstprivate_TARGET_WRITE_100_TO_99.c,"//===--test_target_firstprivate.c ------------------------------------------------===//
//
// OpenMP API Version 4.5 Nov 2015
//
//Testing first private clause with target directive
////===----------------------------------------------------------------------===//

#include <omp.h>
#include <stdio.h>
#include ""ompvv.h""

#define N 10

int main() {
  int compute_array[OMPVV_NUM_THREADS_HOST][N];
  int errors = 0;
  int i,j;
  int actualNumThreads;

  OMPVV_TEST_OFFLOADING;

  for (i=0; i<OMPVV_NUM_THREADS_HOST; i++) {
    for (j=0; j<N; j++) {
      compute_array[i][j] = 0;
    }
  }

  omp_set_num_threads(OMPVV_NUM_THREADS_HOST);
#pragma omp parallel private(i)
  {
    int p_val = omp_get_thread_num();
    actualNumThreads = omp_get_num_threads();

#pragma omp target map(tofrom:compute_array[p_val:1][0:N]) firstprivate(p_val)
    {
      for (i = 0; i < N; i++)
        compute_array[p_val][i] = 100;
      // Checking if the value is not copied back
      p_val++;
    } // End target

    // Checking the results
    if (p_val == omp_get_thread_num()) {
      for (i = 0; i < N; i++)
        compute_array[p_val][i]++;
    }
  } //end-parallel

  OMPVV_WARNING_IF(actualNumThreads == 1, ""The number of threads in the host is 1. This tests is inconclusive"");
  for (i=0; i<actualNumThreads; i++) {
    for (j=0; j<N; j++){
      OMPVV_TEST_AND_SET(errors, compute_array[i][j] != 101);
      OMPVV_ERROR_IF(compute_array[i][j] == 100, ""p_val changed after target region for thread %d"",i);
    }
  }//end-for

  OMPVV_REPORT_AND_RETURN(errors);
}
","//===--test_target_firstprivate.c ------------------------------------------------===//
//
// OpenMP API Version 4.5 Nov 2015
//
//Testing first private clause with target directive
////===----------------------------------------------------------------------===//

#include <omp.h>
#include <stdio.h>
#include ""ompvv.h""

#define N 10

int main() {
  int compute_array[OMPVV_NUM_THREADS_HOST][N];
  int errors = 0;
  int i,j;
  int actualNumThreads;

  OMPVV_TEST_OFFLOADING;

  for (i=0; i<OMPVV_NUM_THREADS_HOST; i++) {
    for (j=0; j<N; j++) {
      compute_array[i][j] = 0;
    }
  }

  omp_set_num_threads(OMPVV_NUM_THREADS_HOST);
#pragma omp parallel private(i)
  {
    int p_val = omp_get_thread_num();
    actualNumThreads = omp_get_num_threads();

#pragma omp target map(tofrom:compute_array[p_val:1][0:N]) firstprivate(p_val)
    {
      for (i = 0; i < N; i++)
        compute_array[p_val][i] = 99;
      // Checking if the value is not copied back
      p_val++;
    } // End target

    // Checking the results
    if (p_val == omp_get_thread_num()) {
      for (i = 0; i < N; i++)
        compute_array[p_val][i]++;
    }
  } //end-parallel

  OMPVV_WARNING_IF(actualNumThreads == 1, ""The number of threads in the host is 1. This tests is inconclusive"");
  for (i=0; i<actualNumThreads; i++) {
    for (j=0; j<N; j++){
      OMPVV_TEST_AND_SET(errors, compute_array[i][j] != 101);
      OMPVV_ERROR_IF(compute_array[i][j] == 100, ""p_val changed after target region for thread %d"",i);
    }
  }//end-for

  OMPVV_REPORT_AND_RETURN(errors);
}
",openmp_gpu_batch_10_optionA_full_multivariant.csv,False,failed,True,passed,,NEEDS_REVIEW,target_mapping,general_code,tests/4.5/target,4.5,needs_review,False,needs_review
tests/6.0/target/test_target_teams_groupprivate.c,target,loop_body,TEAM_NUM_PLUS_ONE,high,group_sum = omp_get_team_num();,group_sum = omp_get_team_num() + 1;,oracle checks team_sum equals sum of team numbers,groupprivate value is one too high,25,test_target_teams_groupprivate_TEAM_NUM_PLUS_ONE.c,"//===--- test_target_groupprivate.c -----------------------------------------===//
//
// OpenMP API Version 6.0
// Tests the target directive with the groupprivate directive ensuring proper
// behavior.
//
////===----------------------------------------------------------------------===//


#include <omp.h>
#include <stdio.h>
#include ""ompvv.h""



int test_target_groupprivate(){
    int group_sum;
    #pragma omp groupprivate(group_sum)
    int errors = 0;
    int host_sum = 0;
    int team_sum = 0;

    #pragma omp target teams num_teams(OMPVV_NUM_TEAMS_DEVICE) map(tofrom: team_sum) reduction(+: team_sum)
    {
        group_sum = omp_get_team_num();

        team_sum += group_sum;

    }

    for (int i = 0; i < OMPVV_NUM_TEAMS_DEVICE; i++){
        host_sum += i;
    }
    OMPVV_TEST_AND_SET_VERBOSE(errors, team_sum != host_sum);
    return errors;
}

int main(){
        OMPVV_TEST_OFFLOADING;
        int errors = 0;
        OMPVV_TEST_AND_SET_VERBOSE(errors, test_target_groupprivate() != 0);
        OMPVV_REPORT_AND_RETURN(errors);
}
","//===--- test_target_groupprivate.c -----------------------------------------===//
//
// OpenMP API Version 6.0
// Tests the target directive with the groupprivate directive ensuring proper
// behavior.
//
////===----------------------------------------------------------------------===//


#include <omp.h>
#include <stdio.h>
#include ""ompvv.h""



int test_target_groupprivate(){
    int group_sum;
    #pragma omp groupprivate(group_sum)
    int errors = 0;
    int host_sum = 0;
    int team_sum = 0;

    #pragma omp target teams num_teams(OMPVV_NUM_TEAMS_DEVICE) map(tofrom: team_sum) reduction(+: team_sum)
    {
        group_sum = omp_get_team_num() + 1;

        team_sum += group_sum;

    }

    for (int i = 0; i < OMPVV_NUM_TEAMS_DEVICE; i++){
        host_sum += i;
    }
    OMPVV_TEST_AND_SET_VERBOSE(errors, team_sum != host_sum);
    return errors;
}

int main(){
        OMPVV_TEST_OFFLOADING;
        int errors = 0;
        OMPVV_TEST_AND_SET_VERBOSE(errors, test_target_groupprivate() != 0);
        OMPVV_REPORT_AND_RETURN(errors);
}
",openmp_gpu_batch_30_optionA_full_multivariant.csv,False,failed,True,passed,,NEEDS_REVIEW,target_mapping,runtime_api,tests/6.0/target,6.0,needs_review,False,needs_review
tests/6.0/target/test_target_teams_groupprivate_devicetype_any.c,target,loop_body,TEAM_NUM_PLUS_ONE,high,group_sum = omp_get_team_num();,group_sum = omp_get_team_num() + 1;,oracle checks team_sum equals sum of team numbers,groupprivate value is one too high,24,test_target_teams_groupprivate_devicetype_any_TEAM_NUM_PLUS_ONE.c,"//===--- test_target_groupprivate_devicetype_any.c ---------------------------===//
//
// OpenMP API Version 6.0
// Tests the target directive with the groupprivate directive ensuring proper
// behavior inside the target region with device type being any.
//
////===----------------------------------------------------------------------===//


#include <omp.h>
#include <stdio.h>
#include ""ompvv.h""

int group_sum;
#pragma omp groupprivate(group_sum) device_type(any)

int test_target_groupprivate_devicetype_any(){
    int errors = 0;
    int host_sum = 0;
    int team_sum = 0;

    #pragma omp target teams num_teams(OMPVV_NUM_TEAMS_DEVICE) map(tofrom: team_sum) reduction(+: team_sum)
    {
        group_sum = omp_get_team_num();

        team_sum += group_sum;

    }

    for (int i = 0; i < OMPVV_NUM_TEAMS_DEVICE; i++){
        host_sum += i;
    }
    OMPVV_TEST_AND_SET_VERBOSE(errors, team_sum != host_sum);
    return errors;
}

int main(){
        OMPVV_TEST_OFFLOADING;
        int errors = 0;
        OMPVV_TEST_AND_SET_VERBOSE(errors, test_target_groupprivate_devicetype_any() != 0);
        OMPVV_REPORT_AND_RETURN(errors);
}
","//===--- test_target_groupprivate_devicetype_any.c ---------------------------===//
//
// OpenMP API Version 6.0
// Tests the target directive with the groupprivate directive ensuring proper
// behavior inside the target region with device type being any.
//
////===----------------------------------------------------------------------===//


#include <omp.h>
#include <stdio.h>
#include ""ompvv.h""

int group_sum;
#pragma omp groupprivate(group_sum) device_type(any)

int test_target_groupprivate_devicetype_any(){
    int errors = 0;
    int host_sum = 0;
    int team_sum = 0;

    #pragma omp target teams num_teams(OMPVV_NUM_TEAMS_DEVICE) map(tofrom: team_sum) reduction(+: team_sum)
    {
        group_sum = omp_get_team_num() + 1;

        team_sum += group_sum;

    }

    for (int i = 0; i < OMPVV_NUM_TEAMS_DEVICE; i++){
        host_sum += i;
    }
    OMPVV_TEST_AND_SET_VERBOSE(errors, team_sum != host_sum);
    return errors;
}

int main(){
        OMPVV_TEST_OFFLOADING;
        int errors = 0;
        OMPVV_TEST_AND_SET_VERBOSE(errors, test_target_groupprivate_devicetype_any() != 0);
        OMPVV_REPORT_AND_RETURN(errors);
}
",openmp_gpu_batch_30_optionA_full_multivariant.csv,False,failed,True,passed,,NEEDS_REVIEW,target_mapping,runtime_api,tests/6.0/target,6.0,needs_review,False,needs_review
tests/5.1/metadirective/test_metadirective_device.c,metadirective,loop_body,THREAD_NUM_PLUS_ONE,high,A[i] = omp_get_thread_num();,A[i] = omp_get_thread_num() + 1;,oracle checks A[i] == 0,loop writes thread id plus one,37,test_metadirective_device_THREAD_NUM_PLUS_ONE.c,"//===--------------------- test_metadirective_device.c ---------------------===//
//
// OpenMP API Version 5.1 Nov 2020
//
// Tests that device is recognized & will work properly when matching an nvidia
// GPU.
//
////===---------------------------------------------------------------------===//

#include <omp.h>
#include <stdio.h>
#include <stdlib.h>
#include ""ompvv.h""

#define N 1024

int test_metadirective_device() {
   int errors = 0;
   int A[N];

   for (int i = 0; i < N; i++) {
      A[i] = 1;
   }

   #pragma omp target map(tofrom: A)
   {
      #pragma omp parallel num_threads(4)
      {
      // Except that one of these are true, so the array should be set to masked thread num (0)
      #pragma omp metadirective \
         when( device={arch(""nvptx"")}: masked ) \
         when( implementation={vendor(amd)}: masked ) \
         when (implementation={vendor(nvidia)}: masked) \
         when( device={kind(nohost)}: masked ) \
         default( for)
            for (int i = 0; i < N; i++) {
               A[i] = omp_get_thread_num();
            }
      }
   }

   for (int i = 0; i < N; i++) {
      OMPVV_TEST_AND_SET(errors, A[i] != 0);
   }

   OMPVV_INFOMSG(""Test ran with a number of available devices greater than 0"");

   return errors;
}

int main () {
  int errors = 0;
  OMPVV_TEST_OFFLOADING;

  if (omp_get_num_devices() > 0) {
    errors = test_metadirective_device();
  } else {
    OMPVV_INFOMSG(""Cannot test target_device without a target device!"")
  }

  OMPVV_REPORT_AND_RETURN(errors);

  return 0;
}
","//===--------------------- test_metadirective_device.c ---------------------===//
//
// OpenMP API Version 5.1 Nov 2020
//
// Tests that device is recognized & will work properly when matching an nvidia
// GPU.
//
////===---------------------------------------------------------------------===//

#include <omp.h>
#include <stdio.h>
#include <stdlib.h>
#include ""ompvv.h""

#define N 1024

int test_metadirective_device() {
   int errors = 0;
   int A[N];

   for (int i = 0; i < N; i++) {
      A[i] = 1;
   }

   #pragma omp target map(tofrom: A)
   {
      #pragma omp parallel num_threads(4)
      {
      // Except that one of these are true, so the array should be set to masked thread num (0)
      #pragma omp metadirective \
         when( device={arch(""nvptx"")}: masked ) \
         when( implementation={vendor(amd)}: masked ) \
         when (implementation={vendor(nvidia)}: masked) \
         when( device={kind(nohost)}: masked ) \
         default( for)
            for (int i = 0; i < N; i++) {
               A[i] = omp_get_thread_num() + 1;
            }
      }
   }

   for (int i = 0; i < N; i++) {
      OMPVV_TEST_AND_SET(errors, A[i] != 0);
   }

   OMPVV_INFOMSG(""Test ran with a number of available devices greater than 0"");

   return errors;
}

int main () {
  int errors = 0;
  OMPVV_TEST_OFFLOADING;

  if (omp_get_num_devices() > 0) {
    errors = test_metadirective_device();
  } else {
    OMPVV_INFOMSG(""Cannot test target_device without a target device!"")
  }

  OMPVV_REPORT_AND_RETURN(errors);

  return 0;
}
",openmp_gpu_batch_25_optionA_full_multivariant.csv,False,failed,True,passed,,NEEDS_REVIEW,metadirective,runtime_api,tests/5.1/metadirective,5.1,needs_review,False,needs_review
tests/5.0/target_parallel_loop/test_target_parallel_loop_bind.c,target_parallel_loop,loop_body,THREE_K_TO_TWO_K,high,arr[i][j][k] += i+2*j+3*k;,arr[i][j][k] += i+2*j+2*k;,oracle checks arr[i][j][k] == 1 + i + 2*j + 3*k,loop body uses 2*k instead of 3*k,40,test_target_parallel_loop_bind_THREE_K_TO_TWO_K.c,"//===---------------test_target_parallel_loop_bind.c-----------------------===//
//
// OpenMP API Version 5.0 Nov 2018
//
// Description - This is a test program to demonstrate how bind(parallel)
// clause is used with target parallel loop construct.
//
////===-------------------------------------------------------------------===//

#include <stdio.h>
#include <omp.h>
#include ""ompvv.h""

#define DIM_1 10
#define DIM_2 10
#define DIM_3 12

int test_target_parallel_loop_bind() {
  OMPVV_INFOMSG(""test_target_parallel_loop_bind(parallel)"");
  int arr[DIM_1][DIM_2][DIM_3];
  int errors = 0;
  int i, j, k;
  int temp = 0;
  int num_threads = -1;

  // arr initialization
  for (i = 0; i < DIM_1; i++) {
    for (j = 0; j < DIM_2; j++) {
      for (k = 0; k < DIM_3; k++) {
          arr[i][j][k] = 1;
      }
    }
  }

#pragma omp target parallel loop bind(parallel) map(tofrom: arr) \
                       num_threads(OMPVV_NUM_THREADS_DEVICE) private(j,k)
  for (i = 0; i < DIM_1; i++) {
    for (j = 0; j < DIM_2; j++) {
      for (k = i; k < DIM_3; k++) {
          arr[i][j][k] += i+2*j+3*k;
        }
      }
    }

  // validation
  for (i = 0; i < DIM_1; i++) {
    for (j = 0; j < DIM_2; j++) {
      for (k = i; k < DIM_3; k++) {
          temp = 1 + i + 2*j + 3*k;
          if (arr[i][j][k] != temp)
            errors++;
      }
    }
  }

  return errors;
}

int main() {
  OMPVV_TEST_OFFLOADING;
  int errors = 0;

  OMPVV_TEST_AND_SET_VERBOSE(errors, test_target_parallel_loop_bind());
  OMPVV_REPORT_AND_RETURN(errors);
}
","//===---------------test_target_parallel_loop_bind.c-----------------------===//
//
// OpenMP API Version 5.0 Nov 2018
//
// Description - This is a test program to demonstrate how bind(parallel)
// clause is used with target parallel loop construct.
//
////===-------------------------------------------------------------------===//

#include <stdio.h>
#include <omp.h>
#include ""ompvv.h""

#define DIM_1 10
#define DIM_2 10
#define DIM_3 12

int test_target_parallel_loop_bind() {
  OMPVV_INFOMSG(""test_target_parallel_loop_bind(parallel)"");
  int arr[DIM_1][DIM_2][DIM_3];
  int errors = 0;
  int i, j, k;
  int temp = 0;
  int num_threads = -1;

  // arr initialization
  for (i = 0; i < DIM_1; i++) {
    for (j = 0; j < DIM_2; j++) {
      for (k = 0; k < DIM_3; k++) {
          arr[i][j][k] = 1;
      }
    }
  }

#pragma omp target parallel loop bind(parallel) map(tofrom: arr) \
                       num_threads(OMPVV_NUM_THREADS_DEVICE) private(j,k)
  for (i = 0; i < DIM_1; i++) {
    for (j = 0; j < DIM_2; j++) {
      for (k = i; k < DIM_3; k++) {
          arr[i][j][k] += i+2*j+2*k;
        }
      }
    }

  // validation
  for (i = 0; i < DIM_1; i++) {
    for (j = 0; j < DIM_2; j++) {
      for (k = i; k < DIM_3; k++) {
          temp = 1 + i + 2*j + 3*k;
          if (arr[i][j][k] != temp)
            errors++;
      }
    }
  }

  return errors;
}

int main() {
  OMPVV_TEST_OFFLOADING;
  int errors = 0;

  OMPVV_TEST_AND_SET_VERBOSE(errors, test_target_parallel_loop_bind());
  OMPVV_REPORT_AND_RETURN(errors);
}
",openmp_gpu_batch_16_optionA_full_multivariant.csv,False,failed,True,passed,,NEEDS_REVIEW,loop,general_code,tests/5.0/target_parallel_loop,5.0,needs_review,False,needs_review
tests/5.0/target_parallel_loop/test_target_parallel_loop_collapse.c,target_parallel_loop,loop_body,THREE_K_TO_TWO_K,high,arr[i][j][k] += i+2*j+3*k;,arr[i][j][k] += i+2*j+2*k;,oracle checks arr[i][j][k] == 1 + i + 2*j + 3*k,loop body uses 2*k instead of 3*k,39,test_target_parallel_loop_collapse_THREE_K_TO_TWO_K.c,"//===-------------------test_target_parallel_loop_collapse.c-----------------===//
//
// OpenMP API Version 5.0 Nov 2018
//
// Description - This is a test program to demonstrate how collapse clause is
// used with target parallel loop construct.
//
////===----------------------------------------------------------------------===//

#include <stdio.h>
#include <omp.h>
#include ""ompvv.h""

#define DIM_1 100
#define DIM_2 120
#define DIM_3 100

int test_target_parallel_loop_collapse() {
  OMPVV_INFOMSG(""test_target_parallel_loop_collapse"");

  int arr[DIM_1][DIM_2][DIM_3];
  int errors = 0;
  int i,j,k;
  int temp=0;

  // arr initialization
  for (i = 0; i < DIM_1; i++) {
    for (j = 0; j < DIM_2; j++) {
      for (k = 0; k < DIM_3; k++) {
          arr[i][j][k] = 1;
      }
    }
  }

#pragma omp target parallel loop collapse(3) map(tofrom: arr)
  for (i = 0; i < DIM_1; i++) {
    for (j = 0; j < DIM_2; j++) {
      for (k = i; k < DIM_3; k++) {
          arr[i][j][k] += i+2*j+3*k;
        }
      }
    }

 // validation
  for (i = 0; i < DIM_1; i++) {
    for (j = 0; j < DIM_2; j++) {
      for (k = i; k < DIM_3; k++) {
          temp = 1 + i + 2*j + 3*k;
          OMPVV_TEST_AND_SET(errors, arr[i][j][k] != temp);
      }
    }
  }

  return errors;
}

int main() {
  int errors = 0;

  OMPVV_TEST_AND_SET_VERBOSE(errors, test_target_parallel_loop_collapse());
  OMPVV_REPORT_AND_RETURN(errors);
}
","//===-------------------test_target_parallel_loop_collapse.c-----------------===//
//
// OpenMP API Version 5.0 Nov 2018
//
// Description - This is a test program to demonstrate how collapse clause is
// used with target parallel loop construct.
//
////===----------------------------------------------------------------------===//

#include <stdio.h>
#include <omp.h>
#include ""ompvv.h""

#define DIM_1 100
#define DIM_2 120
#define DIM_3 100

int test_target_parallel_loop_collapse() {
  OMPVV_INFOMSG(""test_target_parallel_loop_collapse"");

  int arr[DIM_1][DIM_2][DIM_3];
  int errors = 0;
  int i,j,k;
  int temp=0;

  // arr initialization
  for (i = 0; i < DIM_1; i++) {
    for (j = 0; j < DIM_2; j++) {
      for (k = 0; k < DIM_3; k++) {
          arr[i][j][k] = 1;
      }
    }
  }

#pragma omp target parallel loop collapse(3) map(tofrom: arr)
  for (i = 0; i < DIM_1; i++) {
    for (j = 0; j < DIM_2; j++) {
      for (k = i; k < DIM_3; k++) {
          arr[i][j][k] += i+2*j+2*k;
        }
      }
    }

 // validation
  for (i = 0; i < DIM_1; i++) {
    for (j = 0; j < DIM_2; j++) {
      for (k = i; k < DIM_3; k++) {
          temp = 1 + i + 2*j + 3*k;
          OMPVV_TEST_AND_SET(errors, arr[i][j][k] != temp);
      }
    }
  }

  return errors;
}

int main() {
  int errors = 0;

  OMPVV_TEST_AND_SET_VERBOSE(errors, test_target_parallel_loop_collapse());
  OMPVV_REPORT_AND_RETURN(errors);
}
",openmp_gpu_batch_17_optionA_full_multivariant.csv,False,failed,True,passed,,NEEDS_REVIEW,loop,general_code,tests/5.0/target_parallel_loop,5.0,needs_review,False,needs_review
tests/5.0/target_parallel_loop/test_target_parallel_loop_lastprivate.c,target_parallel_loop,loop_body,THREE_K_TO_TWO_K,high,arr[i][j][k] += i+2*j+3*k;,arr[i][j][k] += i+2*j+2*k;,oracle checks arr[i][j][k] == 1 + i + 2*j + 3*k,loop body uses 2*k instead of 3*k,39,test_target_parallel_loop_lastprivate_THREE_K_TO_TWO_K.c,"//===---------------test_target_parallel_loop_lastprivate.c---------------===//
//
// OpenMP API Version 5.0 Nov 2018
//
// Description - This is a test program to demonstrate how lastprivate clause
// is used with target parallel loop construct.
//
////===----------------------------------------------------------------------===//

#include <stdio.h>
#include <omp.h>
#include ""ompvv.h""

#define DIM_1 10
#define DIM_2 10
#define DIM_3 12

int test_target_parallel_loop_collapse_lastprivate() {
    OMPVV_INFOMSG(""test_target_parallel_loop_collapse_lastprivate"");
    int arr[DIM_1][DIM_2][DIM_3];
    int errors = 0;
    int i, j, k;
    int temp = 0;

    // arr initialization
    for (i = 0; i < DIM_1; i++) {
        for (j = 0; j < DIM_2; j++) {
            for (k = 0; k < DIM_3; k++) {
                arr[i][j][k] = 1;
            }
        }
    }

    #pragma omp target parallel loop collapse(3) lastprivate(i, j, k) \
                map(tofrom: arr)
    for (i = 0; i < DIM_1; i++) {
        for (j = 0; j < DIM_2; j++) {
            for (k = i; k < DIM_3; k++) {
                arr[i][j][k] += i+2*j+3*k;
            }
        }
    }

    OMPVV_TEST_AND_SET_VERBOSE(errors, i != DIM_1);
    OMPVV_TEST_AND_SET_VERBOSE(errors, j != DIM_2);
    OMPVV_TEST_AND_SET_VERBOSE(errors, k != DIM_3);

    // validation
    for (i = 0; i < DIM_1; i++) {
        for (j = 0; j < DIM_2; j++) {
            for (k = i; k < DIM_3; k++) {
                temp = 1 + i + 2*j + 3*k;

                OMPVV_TEST_AND_SET(errors, arr[i][j][k] != temp);
            }
        }
    }

    return errors;
}

int main() {
    OMPVV_TEST_OFFLOADING;
    int errors = 0;

    OMPVV_TEST_AND_SET_VERBOSE(errors,
                    test_target_parallel_loop_collapse_lastprivate());

    OMPVV_REPORT_AND_RETURN(errors);
}
","//===---------------test_target_parallel_loop_lastprivate.c---------------===//
//
// OpenMP API Version 5.0 Nov 2018
//
// Description - This is a test program to demonstrate how lastprivate clause
// is used with target parallel loop construct.
//
////===----------------------------------------------------------------------===//

#include <stdio.h>
#include <omp.h>
#include ""ompvv.h""

#define DIM_1 10
#define DIM_2 10
#define DIM_3 12

int test_target_parallel_loop_collapse_lastprivate() {
    OMPVV_INFOMSG(""test_target_parallel_loop_collapse_lastprivate"");
    int arr[DIM_1][DIM_2][DIM_3];
    int errors = 0;
    int i, j, k;
    int temp = 0;

    // arr initialization
    for (i = 0; i < DIM_1; i++) {
        for (j = 0; j < DIM_2; j++) {
            for (k = 0; k < DIM_3; k++) {
                arr[i][j][k] = 1;
            }
        }
    }

    #pragma omp target parallel loop collapse(3) lastprivate(i, j, k) \
                map(tofrom: arr)
    for (i = 0; i < DIM_1; i++) {
        for (j = 0; j < DIM_2; j++) {
            for (k = i; k < DIM_3; k++) {
                arr[i][j][k] += i+2*j+2*k;
            }
        }
    }

    OMPVV_TEST_AND_SET_VERBOSE(errors, i != DIM_1);
    OMPVV_TEST_AND_SET_VERBOSE(errors, j != DIM_2);
    OMPVV_TEST_AND_SET_VERBOSE(errors, k != DIM_3);

    // validation
    for (i = 0; i < DIM_1; i++) {
        for (j = 0; j < DIM_2; j++) {
            for (k = i; k < DIM_3; k++) {
                temp = 1 + i + 2*j + 3*k;

                OMPVV_TEST_AND_SET(errors, arr[i][j][k] != temp);
            }
        }
    }

    return errors;
}

int main() {
    OMPVV_TEST_OFFLOADING;
    int errors = 0;

    OMPVV_TEST_AND_SET_VERBOSE(errors,
                    test_target_parallel_loop_collapse_lastprivate());

    OMPVV_REPORT_AND_RETURN(errors);
}
",openmp_gpu_batch_17_optionA_full_multivariant.csv,False,failed,True,passed,,NEEDS_REVIEW,loop,general_code,tests/5.0/target_parallel_loop,5.0,needs_review,False,needs_review
tests/4.5/target_teams_distribute/test_target_teams_distribute_nowait.c,target_teams_distribute,loop_body,TICKET_INCREMENT_TO_NOOP,high,my_ticket = ticket[0]++;,my_ticket = ticket[0];,checks ticket[0] == N_TASKS*N,ticket counter is never incremented,43,test_target_teams_distribute_nowait_TICKET_INCREMENT_TO_NOOP.c,"//===--- test_target_teams_distribute_nowait.c-------------------------------===//
//
// OpenMP API Version 4.5 Nov 2015
//
// This test uses the nowait clause on a target teams distribute directive and
// uses a barrier to resyncronize the target regions.  Since we can't be sure
// that operations will be asyncronous, we can only raise a warning if they are
// not executed asynchronously.
//
////===----------------------------------------------------------------------===//

#include <omp.h>
#include <stdint.h>
#include <stdio.h>
#include <stdlib.h>
#include ""ompvv.h""

#define N 1024
#define N_TASKS 16
#define ITERATIONS 1024

int main() {
  OMPVV_WARNING(""This test does not throw an error if tasks fail to execute asynchronously, as this is still correct behavior. If execution is not asynchronous, we will throw a warning."");
  int isOffloading = 0;
  OMPVV_TEST_AND_SET_OFFLOADING(isOffloading);
  int64_t work_storage[N_TASKS][N];
  int order[N_TASKS];  // Each position marks the order in which that task executed
  int errors = 0;
  int ticket[1] = {0};


#pragma omp target enter data map(to: ticket[0:1], order[0:N_TASKS])

  for (int i = 0; i < N_TASKS; ++i) {
#pragma omp target teams distribute map(alloc: work_storage[i][0:N], ticket[0:1]) nowait
    for (int j = 0; j < N; ++j) {
      work_storage[i][j] = 0;
      for (int k = 0; k < N*(N_TASKS - i); ++k) { // Creates skewed work distribution
        work_storage[i][j] += k*i*j;              // This value will not be verified
      }
      int my_ticket = 0;
#pragma omp atomic capture
      my_ticket = ticket[0]++;
      order[i] = my_ticket;
    }
  }
#pragma omp taskwait

#pragma omp target exit data map(from:ticket[0:1], order[0:N_TASKS])

  if (ticket[0] != N_TASKS*N) {
    OMPVV_ERROR(""The test registered a different number of target regions than were spawned"");
    errors = 1;
  }

  int was_async = 0;
  for (int i = 1; i < N_TASKS; ++i) {
    if (order[i] <= order[i - 1]) {
      was_async = 1;
      break;
    }
  }

  OMPVV_WARNING_IF(!was_async, ""We could not detect asynchronous behavior between target regions"");
  OMPVV_INFOMSG_IF(was_async, ""Asynchronous behavior detected, this suggests nowait had an effect"");

  OMPVV_REPORT_AND_RETURN(errors);
}
","//===--- test_target_teams_distribute_nowait.c-------------------------------===//
//
// OpenMP API Version 4.5 Nov 2015
//
// This test uses the nowait clause on a target teams distribute directive and
// uses a barrier to resyncronize the target regions.  Since we can't be sure
// that operations will be asyncronous, we can only raise a warning if they are
// not executed asynchronously.
//
////===----------------------------------------------------------------------===//

#include <omp.h>
#include <stdint.h>
#include <stdio.h>
#include <stdlib.h>
#include ""ompvv.h""

#define N 1024
#define N_TASKS 16
#define ITERATIONS 1024

int main() {
  OMPVV_WARNING(""This test does not throw an error if tasks fail to execute asynchronously, as this is still correct behavior. If execution is not asynchronous, we will throw a warning."");
  int isOffloading = 0;
  OMPVV_TEST_AND_SET_OFFLOADING(isOffloading);
  int64_t work_storage[N_TASKS][N];
  int order[N_TASKS];  // Each position marks the order in which that task executed
  int errors = 0;
  int ticket[1] = {0};


#pragma omp target enter data map(to: ticket[0:1], order[0:N_TASKS])

  for (int i = 0; i < N_TASKS; ++i) {
#pragma omp target teams distribute map(alloc: work_storage[i][0:N], ticket[0:1]) nowait
    for (int j = 0; j < N; ++j) {
      work_storage[i][j] = 0;
      for (int k = 0; k < N*(N_TASKS - i); ++k) { // Creates skewed work distribution
        work_storage[i][j] += k*i*j;              // This value will not be verified
      }
      int my_ticket = 0;
#pragma omp atomic capture
      my_ticket = ticket[0];
      order[i] = my_ticket;
    }
  }
#pragma omp taskwait

#pragma omp target exit data map(from:ticket[0:1], order[0:N_TASKS])

  if (ticket[0] != N_TASKS*N) {
    OMPVV_ERROR(""The test registered a different number of target regions than were spawned"");
    errors = 1;
  }

  int was_async = 0;
  for (int i = 1; i < N_TASKS; ++i) {
    if (order[i] <= order[i - 1]) {
      was_async = 1;
      break;
    }
  }

  OMPVV_WARNING_IF(!was_async, ""We could not detect asynchronous behavior between target regions"");
  OMPVV_INFOMSG_IF(was_async, ""Asynchronous behavior detected, this suggests nowait had an effect"");

  OMPVV_REPORT_AND_RETURN(errors);
}
",openmp_gpu_batch_8_optionA_full_multivariant.csv,False,compile_error,True,passed,,NEEDS_REVIEW,target_mapping,general_code,tests/4.5/target_teams_distribute,4.5,needs_review,False,needs_review
tests/5.0/declare_target/test_declare_target_device_type_any.c,declare_target,loop_body,UPDATE_A_PLUS1_TO_PLUS2,high,a[i] += 1;,a[i] += 2;,oracles check a[i] == i+1 after target update and i+2 after host update,declare-target update increments a by 2 instead of 1,27,test_declare_target_device_type_any_UPDATE_A_PLUS1_TO_PLUS2.c,"//===---- test_declare_target_device_type_any.c -------------------------------------===//
//
// OpenMP API Version 5.0
//
// The declare target directive specifies that variables, functions(C,C++ and Fortran),
// and subroutines (Fortran) are mapped to a device. If a device_type
// clause is present on the contained declare target directive, then its argument
// determines which versions are made available. When device_type(any) is specified
// both device and host versions of the procedure are made available.
//===-------------------------------------------------------------------------------===//

#include <omp.h>
#include <stdio.h>
#include <stdlib.h>
#include ""ompvv.h""

#define N 1024
int errors = 0;

#pragma omp declare target
int a[N], b[N], c[N];
int i = 0;
#pragma omp end declare target

void update() {
  for (i = 0; i < N; i++) {
    a[i] += 1;
    b[i] += 2;
    c[i] += 3;
  }
}

#pragma omp declare target to(update) device_type(any)

int test_declare_target_device_type_any() {

  #pragma omp target update to(a,b,c)
  #pragma omp target
  {
    update();
  }
  #pragma omp target update from( a, b, c)


  for (i = 0; i < N; i++) { //check array values on host
    if ( a[i] != i + 1 || b[i] != i + 3 || c[i] != i + 5) {
      errors++;
    }
  }

  //on host
  update();

  for (i = 0; i < N; i++) { //check array values on host
    if ( a[i] != i + 2 || b[i] != i + 5 || c[i] != i + 8) {
      errors++;
    }
  }

  return errors;
}

int main () {

  //initalize arrays on host
  for (i = 0; i < N; i++) {
    a[i] = i;
    b[i] = i + 1;
    c[i] = i + 2;
  }

  OMPVV_TEST_AND_SET_VERBOSE(errors, test_declare_target_device_type_any());

  OMPVV_REPORT_AND_RETURN(errors);
}
","//===---- test_declare_target_device_type_any.c -------------------------------------===//
//
// OpenMP API Version 5.0
//
// The declare target directive specifies that variables, functions(C,C++ and Fortran),
// and subroutines (Fortran) are mapped to a device. If a device_type
// clause is present on the contained declare target directive, then its argument
// determines which versions are made available. When device_type(any) is specified
// both device and host versions of the procedure are made available.
//===-------------------------------------------------------------------------------===//

#include <omp.h>
#include <stdio.h>
#include <stdlib.h>
#include ""ompvv.h""

#define N 1024
int errors = 0;

#pragma omp declare target
int a[N], b[N], c[N];
int i = 0;
#pragma omp end declare target

void update() {
  for (i = 0; i < N; i++) {
    a[i] += 2;
    b[i] += 2;
    c[i] += 3;
  }
}

#pragma omp declare target to(update) device_type(any)

int test_declare_target_device_type_any() {

  #pragma omp target update to(a,b,c)
  #pragma omp target
  {
    update();
  }
  #pragma omp target update from( a, b, c)


  for (i = 0; i < N; i++) { //check array values on host
    if ( a[i] != i + 1 || b[i] != i + 3 || c[i] != i + 5) {
      errors++;
    }
  }

  //on host
  update();

  for (i = 0; i < N; i++) { //check array values on host
    if ( a[i] != i + 2 || b[i] != i + 5 || c[i] != i + 8) {
      errors++;
    }
  }

  return errors;
}

int main () {

  //initalize arrays on host
  for (i = 0; i < N; i++) {
    a[i] = i;
    b[i] = i + 1;
    c[i] = i + 2;
  }

  OMPVV_TEST_AND_SET_VERBOSE(errors, test_declare_target_device_type_any());

  OMPVV_REPORT_AND_RETURN(errors);
}
",openmp_gpu_batch_12_optionA_full_multivariant_FULL.csv,False,failed,True,passed,,NEEDS_REVIEW,target_mapping,general_code,tests/5.0/declare_target,5.0,needs_review,False,needs_review
tests/5.0/declare_target/test_nested_declare_target.c,declare_target,loop_body,UPDATE_A_PLUS1_TO_PLUS2,high,a[i] += 1;,a[i] += 2;,oracle checks a[i] == i + 1 after target update() and i + 2 after host update(),update increments a by 2 instead of 1,27,test_nested_declare_target_UPDATE_A_PLUS1_TO_PLUS2.c,"//===---- test_nested_declare_target.c -------------------------------------===//
//
// OpenMP API Version 5.0
//
// The declare target directive specifies that variables, functions(C,C++ and Fortran),
// and subroutines (Fortran) are mapped to a device. The declaration-definition-seq
// defined by a declare target directive and an end declare target directive may contain
// declare target directives.
//===-------------------------------------------------------------------------------===//

#include <omp.h>
#include <stdio.h>
#include <stdlib.h>
#include ""ompvv.h""

#define N 1024

int errors = 0;
int a[N], b[N], c[N];

#pragma omp declare target
#pragma omp declare target link(a,b,c)
#pragma omp end declare target

void update() {
  for (int i = 0; i < N; i++) {
    a[i] += 1;
    b[i] += 2;
    c[i] += 3;
  }
}

#pragma omp declare target
#pragma omp declare target to(update)
#pragma omp end declare target

int test_declare_target_device_type_any() {

  #pragma omp target map(tofrom: a, b, c)
  {
    update();
  }


  for (int i = 0; i < N; i++) { //check array values on host
    if ( a[i] != i + 1 || b[i] != i + 3 || c[i] != i + 5) {
      errors++;
    }
  }

  //on host
  update();

  for (int i = 0; i < N; i++) { //check array values on host
    if ( a[i] != i + 2 || b[i] != i + 5 || c[i] != i + 8) {
      errors++;
    }
  }

  return errors;
}

int main () {

  //initalize arrays on host
  for (int i = 0; i < N; i++) {
    a[i] = i;
    b[i] = i + 1;
    c[i] = i + 2;
  }

  OMPVV_TEST_AND_SET_VERBOSE(errors, test_declare_target_device_type_any());

  OMPVV_REPORT_AND_RETURN(errors);
}
","//===---- test_nested_declare_target.c -------------------------------------===//
//
// OpenMP API Version 5.0
//
// The declare target directive specifies that variables, functions(C,C++ and Fortran),
// and subroutines (Fortran) are mapped to a device. The declaration-definition-seq
// defined by a declare target directive and an end declare target directive may contain
// declare target directives.
//===-------------------------------------------------------------------------------===//

#include <omp.h>
#include <stdio.h>
#include <stdlib.h>
#include ""ompvv.h""

#define N 1024

int errors = 0;
int a[N], b[N], c[N];

#pragma omp declare target
#pragma omp declare target link(a,b,c)
#pragma omp end declare target

void update() {
  for (int i = 0; i < N; i++) {
    a[i] += 2;
    b[i] += 2;
    c[i] += 3;
  }
}

#pragma omp declare target
#pragma omp declare target to(update)
#pragma omp end declare target

int test_declare_target_device_type_any() {

  #pragma omp target map(tofrom: a, b, c)
  {
    update();
  }


  for (int i = 0; i < N; i++) { //check array values on host
    if ( a[i] != i + 1 || b[i] != i + 3 || c[i] != i + 5) {
      errors++;
    }
  }

  //on host
  update();

  for (int i = 0; i < N; i++) { //check array values on host
    if ( a[i] != i + 2 || b[i] != i + 5 || c[i] != i + 8) {
      errors++;
    }
  }

  return errors;
}

int main () {

  //initalize arrays on host
  for (int i = 0; i < N; i++) {
    a[i] = i;
    b[i] = i + 1;
    c[i] = i + 2;
  }

  OMPVV_TEST_AND_SET_VERBOSE(errors, test_declare_target_device_type_any());

  OMPVV_REPORT_AND_RETURN(errors);
}
",openmp_gpu_batch_13_optionA_full_multivariant.csv,False,failed,True,passed,,NEEDS_REVIEW,target_mapping,general_code,tests/5.0/declare_target,5.0,needs_review,False,needs_review
tests/4.5/target_update/test_target_update_to.c,target_update,loop_body,UPDATE_B_X2_TO_X3,high,b[i] = b[i] * 2;,b[i] = b[i] * 3;,oracle checks c[i] == 16,host b becomes 6 instead of 4 before update-to,24,test_target_update_to_UPDATE_B_X2_TO_X3.c,"//===--- test_target_update_to.c ------------------------------------------===//
//
// OpenMP API Version 4.5 Nov 2015
//
// This test checks target update with the 'to' clause by checking that
// after a target update to is applied to an array, the device reads and
// uses the expected, new value rather than the previous value.
//
//===----------------------------------------------------------------------===//

#include <omp.h>
#include <stdio.h>
#include ""ompvv.h""

#define N 1024

int a[N];
int b[N];
int c[N];

void update_b() {
  int i;
  for (i = 0; i < N; i++) {
    b[i] = b[i] * 2;
  }
}

// Test for OpenMP 4.5 target update with to
int main() {
  int errors= 0;
  int i = 0;

  OMPVV_TEST_OFFLOADING;

  for (i = 0; i < N; i++) {
    a[i] = 10;
    b[i] = 2;
    c[i] = 0;
  }

#pragma omp target data map(to: a[:N], b[:N]) map(from: c)
  {
#pragma omp target
    {
      int j = 0;
      for (j = 0; j < N; j++) {
        c[j] = (a[j] + b[j]);        // c = 12
      }
    }

    update_b();

#pragma omp target update to(b[:N])  // update b = 4

#pragma omp target
    {
      int j = 0;
      for (j = 0; j < N; j++) {
        c[j] = (c[j] + b[j]);        // c = 16
      }
    }
  }

  for (i = 0; i < N; i++) {
    OMPVV_TEST_AND_SET_VERBOSE(errors, c[i] != 16);
  }

  OMPVV_REPORT_AND_RETURN(errors);
}
","//===--- test_target_update_to.c ------------------------------------------===//
//
// OpenMP API Version 4.5 Nov 2015
//
// This test checks target update with the 'to' clause by checking that
// after a target update to is applied to an array, the device reads and
// uses the expected, new value rather than the previous value.
//
//===----------------------------------------------------------------------===//

#include <omp.h>
#include <stdio.h>
#include ""ompvv.h""

#define N 1024

int a[N];
int b[N];
int c[N];

void update_b() {
  int i;
  for (i = 0; i < N; i++) {
    b[i] = b[i] * 3;
  }
}

// Test for OpenMP 4.5 target update with to
int main() {
  int errors= 0;
  int i = 0;

  OMPVV_TEST_OFFLOADING;

  for (i = 0; i < N; i++) {
    a[i] = 10;
    b[i] = 2;
    c[i] = 0;
  }

#pragma omp target data map(to: a[:N], b[:N]) map(from: c)
  {
#pragma omp target
    {
      int j = 0;
      for (j = 0; j < N; j++) {
        c[j] = (a[j] + b[j]);        // c = 12
      }
    }

    update_b();

#pragma omp target update to(b[:N])  // update b = 4

#pragma omp target
    {
      int j = 0;
      for (j = 0; j < N; j++) {
        c[j] = (c[j] + b[j]);        // c = 16
      }
    }
  }

  for (i = 0; i < N; i++) {
    OMPVV_TEST_AND_SET_VERBOSE(errors, c[i] != 16);
  }

  OMPVV_REPORT_AND_RETURN(errors);
}
",openmp_gpu_batch_12_optionA_full_multivariant_FULL.csv,False,failed,True,passed,,NEEDS_REVIEW,target_mapping,general_code,tests/4.5/target_update,4.5,needs_review,False,needs_review
tests/4.5/target_update/test_target_update_if.c,target_update,target_update,UPDATE_TO_TO_FROM,high,#pragma omp target update if (change_flag) to(b[:N]) //update b=4 for all odd iterations,#pragma omp target update if (change_flag) from(b[:N]) //update b=4 for all odd iterations,"when change_flag is true, oracle expects device b to be updated to 4 and c[i] == 16",host-updated b is not copied to device,75,test_target_update_if_UPDATE_TO_TO_FROM.c,"//===---- test_target_update_if.c - check the if clause of target update ------===//
//
// OpenMP API Version 4.5 Nov 2015
//
// The if clause determines if the section should be updated on
// the device. There are two scenarios to test here:
// (a) with offloading when 'if' clause evaluates to true then
// associated data is updated depending on the motion clause.
// (b) with offloading when 'if' clause evaluates to false
// then there is no update
// The if clause is evaluated on runtime which means that variables could
// determine this behavior.
//
//===----------------------------------------------------------------------===//

#include <omp.h>
#include <stdio.h>
#include ""ompvv.h""

#define N 100

int a[N];
int b[N];
int c[N];
int count, toggle=0;

int init_b(){
  if(toggle % 2){
    int i;
    for (i = 0; i < N; i++) {
      b[i] = b[i] * 2;
    }
    toggle++;
    return 1;
  }
  else{
    toggle++;
    return 0;
  }
}

// Test for OpenMP 4.5 target update with if
int main() {
  int errors[2]={0,0}, i = 0, report_errors = 0, change_flag = 0;

  for (i = 0; i < N; i++) {
    a[i] = 10;
  }

  // We test for offloading
  int is_offloading;
  OMPVV_TEST_AND_SET_OFFLOADING(is_offloading);

  if (!is_offloading)
  OMPVV_WARNING(""It is not possible to test conditional data transfers ""
                 ""if the environment is shared or offloading is off. Not testing ""
                 ""anything"");

  for(count = 0; count < 4; count++){
    for (i = 0; i < N; i++) {
      b[i] = 2;
      c[i] = 0;
  }
#pragma omp target data map(to: a[:N], b[:N]) map(tofrom: c)
{
  #pragma omp target
  {
        int j = 0;
        for (j = 0; j < N; j++) {
          c[j] = (a[j] + b[j]);//c=12
        }
  } // end target

  change_flag = init_b();
  #pragma omp target update if (change_flag) to(b[:N]) //update b=4 for all odd iterations

  #pragma omp target //default mapping is tofrom on b and c
  {
        int j = 0;
        for (j = 0; j < N; j++) {
          c[j] = (c[j] + b[j]);//if b is updated c=16 else c=14
        }
  } // end target

}// end target-data

    // checking results
  if (change_flag) {
    for (i = 0; i < N; i++) {
        if (c[i] != 16) {
          errors[0] += 1;
        }
    }
  }
  else {
    for (i = 0; i < N; i++) {
        if (c[i] != 14) {
          errors[1] += 1;
        }
    }
  }
}//end for

  OMPVV_TEST_AND_SET_VERBOSE(report_errors, errors[0] > 0);
  OMPVV_INFOMSG_IF(errors[0] > 0, ""Target update test when if clause is true failed"");
  OMPVV_TEST_AND_SET_VERBOSE(report_errors, errors[1] > 0);
  OMPVV_INFOMSG_IF(errors[1] > 0,  ""Target update test when if clause is false failed"");

  OMPVV_REPORT_AND_RETURN(report_errors);
}
","//===---- test_target_update_if.c - check the if clause of target update ------===//
//
// OpenMP API Version 4.5 Nov 2015
//
// The if clause determines if the section should be updated on
// the device. There are two scenarios to test here:
// (a) with offloading when 'if' clause evaluates to true then
// associated data is updated depending on the motion clause.
// (b) with offloading when 'if' clause evaluates to false
// then there is no update
// The if clause is evaluated on runtime which means that variables could
// determine this behavior.
//
//===----------------------------------------------------------------------===//

#include <omp.h>
#include <stdio.h>
#include ""ompvv.h""

#define N 100

int a[N];
int b[N];
int c[N];
int count, toggle=0;

int init_b(){
  if(toggle % 2){
    int i;
    for (i = 0; i < N; i++) {
      b[i] = b[i] * 2;
    }
    toggle++;
    return 1;
  }
  else{
    toggle++;
    return 0;
  }
}

// Test for OpenMP 4.5 target update with if
int main() {
  int errors[2]={0,0}, i = 0, report_errors = 0, change_flag = 0;

  for (i = 0; i < N; i++) {
    a[i] = 10;
  }

  // We test for offloading
  int is_offloading;
  OMPVV_TEST_AND_SET_OFFLOADING(is_offloading);

  if (!is_offloading)
  OMPVV_WARNING(""It is not possible to test conditional data transfers ""
                 ""if the environment is shared or offloading is off. Not testing ""
                 ""anything"");

  for(count = 0; count < 4; count++){
    for (i = 0; i < N; i++) {
      b[i] = 2;
      c[i] = 0;
  }
#pragma omp target data map(to: a[:N], b[:N]) map(tofrom: c)
{
  #pragma omp target
  {
        int j = 0;
        for (j = 0; j < N; j++) {
          c[j] = (a[j] + b[j]);//c=12
        }
  } // end target

  change_flag = init_b();
  #pragma omp target update if (change_flag) from(b[:N]) //update b=4 for all odd iterations

  #pragma omp target //default mapping is tofrom on b and c
  {
        int j = 0;
        for (j = 0; j < N; j++) {
          c[j] = (c[j] + b[j]);//if b is updated c=16 else c=14
        }
  } // end target

}// end target-data

    // checking results
  if (change_flag) {
    for (i = 0; i < N; i++) {
        if (c[i] != 16) {
          errors[0] += 1;
        }
    }
  }
  else {
    for (i = 0; i < N; i++) {
        if (c[i] != 14) {
          errors[1] += 1;
        }
    }
  }
}//end for

  OMPVV_TEST_AND_SET_VERBOSE(report_errors, errors[0] > 0);
  OMPVV_INFOMSG_IF(errors[0] > 0, ""Target update test when if clause is true failed"");
  OMPVV_TEST_AND_SET_VERBOSE(report_errors, errors[1] > 0);
  OMPVV_INFOMSG_IF(errors[1] > 0,  ""Target update test when if clause is false failed"");

  OMPVV_REPORT_AND_RETURN(report_errors);
}
",openmp_gpu_batch_12_optionA_full_multivariant_FULL.csv,False,failed,True,passed,,NEEDS_REVIEW,target_mapping,general_code,tests/4.5/target_update,4.5,needs_review,False,needs_review
tests/4.5/target_update/test_target_update_to.c,target_update,target_update,UPDATE_TO_TO_FROM,high,#pragma omp target update to(b[:N])  // update b = 4,#pragma omp target update from(b[:N])  // update b = 4,oracle checks c[i] == 16 after host update_b and target update to(b),updated host b is not copied to device before second target region,53,test_target_update_to_UPDATE_TO_TO_FROM.c,"//===--- test_target_update_to.c ------------------------------------------===//
//
// OpenMP API Version 4.5 Nov 2015
//
// This test checks target update with the 'to' clause by checking that
// after a target update to is applied to an array, the device reads and
// uses the expected, new value rather than the previous value.
//
//===----------------------------------------------------------------------===//

#include <omp.h>
#include <stdio.h>
#include ""ompvv.h""

#define N 1024

int a[N];
int b[N];
int c[N];

void update_b() {
  int i;
  for (i = 0; i < N; i++) {
    b[i] = b[i] * 2;
  }
}

// Test for OpenMP 4.5 target update with to
int main() {
  int errors= 0;
  int i = 0;

  OMPVV_TEST_OFFLOADING;

  for (i = 0; i < N; i++) {
    a[i] = 10;
    b[i] = 2;
    c[i] = 0;
  }

#pragma omp target data map(to: a[:N], b[:N]) map(from: c)
  {
#pragma omp target
    {
      int j = 0;
      for (j = 0; j < N; j++) {
        c[j] = (a[j] + b[j]);        // c = 12
      }
    }

    update_b();

#pragma omp target update to(b[:N])  // update b = 4

#pragma omp target
    {
      int j = 0;
      for (j = 0; j < N; j++) {
        c[j] = (c[j] + b[j]);        // c = 16
      }
    }
  }

  for (i = 0; i < N; i++) {
    OMPVV_TEST_AND_SET_VERBOSE(errors, c[i] != 16);
  }

  OMPVV_REPORT_AND_RETURN(errors);
}
","//===--- test_target_update_to.c ------------------------------------------===//
//
// OpenMP API Version 4.5 Nov 2015
//
// This test checks target update with the 'to' clause by checking that
// after a target update to is applied to an array, the device reads and
// uses the expected, new value rather than the previous value.
//
//===----------------------------------------------------------------------===//

#include <omp.h>
#include <stdio.h>
#include ""ompvv.h""

#define N 1024

int a[N];
int b[N];
int c[N];

void update_b() {
  int i;
  for (i = 0; i < N; i++) {
    b[i] = b[i] * 2;
  }
}

// Test for OpenMP 4.5 target update with to
int main() {
  int errors= 0;
  int i = 0;

  OMPVV_TEST_OFFLOADING;

  for (i = 0; i < N; i++) {
    a[i] = 10;
    b[i] = 2;
    c[i] = 0;
  }

#pragma omp target data map(to: a[:N], b[:N]) map(from: c)
  {
#pragma omp target
    {
      int j = 0;
      for (j = 0; j < N; j++) {
        c[j] = (a[j] + b[j]);        // c = 12
      }
    }

    update_b();

#pragma omp target update from(b[:N])  // update b = 4

#pragma omp target
    {
      int j = 0;
      for (j = 0; j < N; j++) {
        c[j] = (c[j] + b[j]);        // c = 16
      }
    }
  }

  for (i = 0; i < N; i++) {
    OMPVV_TEST_AND_SET_VERBOSE(errors, c[i] != 16);
  }

  OMPVV_REPORT_AND_RETURN(errors);
}
",openmp_gpu_batch_12_optionA_full_multivariant_FULL.csv,False,failed,True,passed,,NEEDS_REVIEW,target_mapping,general_code,tests/4.5/target_update,4.5,needs_review,False,needs_review
tests/5.0/target/test_target_parallel_linear.c,target,loop_body,VAL_PLUS2_TO_PLUS1,high,val += 2;,val += 1;,oracle checks A[i] == (i+1)*2,loop increments linear variable by 1 instead of 2,27,test_target_parallel_linear_VAL_PLUS2_TO_PLUS1.c,"//===------test_target_linear.c--------------------------------------===//
//
// OpenMP API Version 5.0 Nov 2018
//
// Tests the target directive with parallel for + device + linear clauses
//
//===------------------------------------------------------------------------===//

#include <stdio.h>
#include ""omp.h""
#include ""ompvv.h""

#define N 1024



int Runtst(int gpu) {
  int *A = (int *) malloc(sizeof(int) * N), errors = 0;
  for (int i = 0; i < N; ++i) {
    A[i] = i;
  }
  int val = 0;
#pragma omp target data map(tofrom: A[0:N], val) device(gpu)
  {
#pragma omp target parallel for device(gpu) linear(val:2)
    for (int i = 0; i < N; ++i) {
      val += 2;
      A[i] = val;
    }
  }

  // Verification

  for (int i = 0; i < N; ++i) {
    if (A[i] != (i+1) * 2) {
      errors++;
    }
  }

  free(A);
  return errors;
}


int main() {
  OMPVV_TEST_OFFLOADING;
  int TotGpus = omp_get_num_devices();
  int errors = 0;
  for (int gpu = 0; gpu <= TotGpus; ++gpu) {
    OMPVV_TEST_AND_SET_VERBOSE(errors, (Runtst(gpu) != 0));
  }
  OMPVV_REPORT_AND_RETURN(errors);
}
","//===------test_target_linear.c--------------------------------------===//
//
// OpenMP API Version 5.0 Nov 2018
//
// Tests the target directive with parallel for + device + linear clauses
//
//===------------------------------------------------------------------------===//

#include <stdio.h>
#include ""omp.h""
#include ""ompvv.h""

#define N 1024



int Runtst(int gpu) {
  int *A = (int *) malloc(sizeof(int) * N), errors = 0;
  for (int i = 0; i < N; ++i) {
    A[i] = i;
  }
  int val = 0;
#pragma omp target data map(tofrom: A[0:N], val) device(gpu)
  {
#pragma omp target parallel for device(gpu) linear(val:2)
    for (int i = 0; i < N; ++i) {
      val += 1;
      A[i] = val;
    }
  }

  // Verification

  for (int i = 0; i < N; ++i) {
    if (A[i] != (i+1) * 2) {
      errors++;
    }
  }

  free(A);
  return errors;
}


int main() {
  OMPVV_TEST_OFFLOADING;
  int TotGpus = omp_get_num_devices();
  int errors = 0;
  for (int gpu = 0; gpu <= TotGpus; ++gpu) {
    OMPVV_TEST_AND_SET_VERBOSE(errors, (Runtst(gpu) != 0));
  }
  OMPVV_REPORT_AND_RETURN(errors);
}
",openmp_gpu_batch_21_optionA_full_multivariant.csv,False,failed,True,passed,,NEEDS_REVIEW,target_mapping,general_code,tests/5.0/target,5.0,needs_review,False,needs_review
tests/4.5/declare_target/test_declare_target_end_declare_target.c,declare_target,loop_body,WRONG_DECLARE_TARGET_COMPUTE,high,a[i] = b[i]*c[i] + aint * i;,a[i] = b[i]*c[i] + (aint + 1) * i;,"OMPVV_TEST_AND_SET_VERBOSE(errors, x[i] != (y[i] * z[i] + 10 * i))",declare-target function computes 11*i contribution while oracle expects 10*i,23,test_declare_target_end_WRONG_AINT_TERM.c,"//===------ test_declare_target_end_declare_target.c ----------------------===//
//
// OpenMP API Version 4.5 Nov 2015
//
// The test verifies that the variable and function enclosed between declare
// target and end declare target are available inside the target region.
// Updates using the enclosed function are made inside the target region and
// results are verified on the host.
//
//===----------------------------------------------------------------------===//

#include <omp.h>
#include <stdio.h>
#include <stdlib.h>
#include ""ompvv.h""

#define N 1024

#pragma omp declare target
int aint = 10;
void compute_array(int a[N], int b[N], int c[N]) {
  for (int i = 0; i < N; i++) {
    a[i] = b[i]*c[i] + aint * i;
  }
  return;
}
#pragma omp end declare target

int test_declare_target() {

  OMPVV_INFOMSG(""test_declare_target_end_declare_target"");

  int errors = 0;
  int x[N];
  int y[N];
  int z[N];

  for (int i = 0; i < N; i++) {
    x[i] = 0;
    y[i] = 1;
    z[i] = i;
  }

#pragma omp target map(tofrom: x) map(to:y, z)
  {
    compute_array(x, y, z);
  }

  for (int i = 0; i < N; i++) {
    OMPVV_TEST_AND_SET_VERBOSE(errors, x[i] != (y[i] * z[i] + 10 * i));
  }

  return errors;
}

int main() {
  OMPVV_TEST_OFFLOADING;

  int errors = 0;

  OMPVV_TEST_AND_SET_VERBOSE(errors, test_declare_target() != 0);

  OMPVV_REPORT_AND_RETURN(errors);
}
","//===------ test_declare_target_end_declare_target.c ----------------------===//
//
// OpenMP API Version 4.5 Nov 2015
//
// The test verifies that the variable and function enclosed between declare
// target and end declare target are available inside the target region.
// Updates using the enclosed function are made inside the target region and
// results are verified on the host.
//
//===----------------------------------------------------------------------===//

#include <omp.h>
#include <stdio.h>
#include <stdlib.h>
#include ""ompvv.h""

#define N 1024

#pragma omp declare target
int aint = 10;
void compute_array(int a[N], int b[N], int c[N]) {
  for (int i = 0; i < N; i++) {
    a[i] = b[i]*c[i] + (aint + 1) * i;
  }
  return;
}
#pragma omp end declare target

int test_declare_target() {

  OMPVV_INFOMSG(""test_declare_target_end_declare_target"");

  int errors = 0;
  int x[N];
  int y[N];
  int z[N];

  for (int i = 0; i < N; i++) {
    x[i] = 0;
    y[i] = 1;
    z[i] = i;
  }

#pragma omp target map(tofrom: x) map(to:y, z)
  {
    compute_array(x, y, z);
  }

  for (int i = 0; i < N; i++) {
    OMPVV_TEST_AND_SET_VERBOSE(errors, x[i] != (y[i] * z[i] + 10 * i));
  }

  return errors;
}

int main() {
  OMPVV_TEST_OFFLOADING;

  int errors = 0;

  OMPVV_TEST_AND_SET_VERBOSE(errors, test_declare_target() != 0);

  OMPVV_REPORT_AND_RETURN(errors);
}
",openmp_gpu_batch_1_optionA_full_multivariant.csv,False,failed,True,passed,,NEEDS_REVIEW,target_mapping,general_code,tests/4.5/declare_target,4.5,needs_review,False,needs_review
tests/4.5/declare_target/test_declare_target_extended_list.c,declare_target,loop_body,WRONG_DECLARE_TARGET_COMPUTE,high,a[i] = b[i]*c[i] + aint * i;,a[i] = b[i]*c[i] + (aint + 1) * i;,"OMPVV_TEST_AND_SET_VERBOSE(errors, x[i] != (y[i] * z[i] + 10 * i))",declare-target function computes 11*i contribution while oracle expects 10*i,26,test_declare_target_extended_WRONG_AINT_TERM.c,"//===------ test_declare_target_extended_list.c ----------------------===//
//
// OpenMP API Version 4.5 Nov 2015
//
// This test checks the second valid format of declare target directive. The
// extended list allows for mappable variables and function names to be listed.
// If an extended-list is present with no clause then the to clause is assumed.
// Updates using the enclosed function are made inside the target region and
// results are verified on the host.
//
//===----------------------------------------------------------------------===//

#include <omp.h>
#include <stdio.h>
#include <stdlib.h>
#include ""ompvv.h""

#define N 1024

int aint = 10;

#pragma omp declare target(aint)

void compute_array(int a[N], int b[N], int c[N]) {
  for (int i = 0; i < N; i++) {
    a[i] = b[i]*c[i] + aint * i;
  }
  return;
}

#pragma omp declare target(compute_array)

int test_declare_target() {

  OMPVV_INFOMSG(""test_declare_target_extended_list"");

  int errors = 0;
  int x[N];
  int y[N];
  int z[N];

  for (int i = 0; i < N; i++) {
    x[i] = 0;
    y[i] = 1;
    z[i] = i;
  }

#pragma omp target map(from: x) map(to:y, z)
  {
    compute_array(x, y, z);
  }

  for (int i = 0; i < N; i++) {
    OMPVV_TEST_AND_SET_VERBOSE(errors, x[i] != (y[i] * z[i] + 10 * i));
  }

  return errors;
}

int main() {
  OMPVV_TEST_OFFLOADING;

  int errors = 0;

  OMPVV_TEST_AND_SET_VERBOSE(errors, test_declare_target() != 0);

  OMPVV_REPORT_AND_RETURN(errors);
}
","//===------ test_declare_target_extended_list.c ----------------------===//
//
// OpenMP API Version 4.5 Nov 2015
//
// This test checks the second valid format of declare target directive. The
// extended list allows for mappable variables and function names to be listed.
// If an extended-list is present with no clause then the to clause is assumed.
// Updates using the enclosed function are made inside the target region and
// results are verified on the host.
//
//===----------------------------------------------------------------------===//

#include <omp.h>
#include <stdio.h>
#include <stdlib.h>
#include ""ompvv.h""

#define N 1024

int aint = 10;

#pragma omp declare target(aint)

void compute_array(int a[N], int b[N], int c[N]) {
  for (int i = 0; i < N; i++) {
    a[i] = b[i]*c[i] + (aint + 1) * i;
  }
  return;
}

#pragma omp declare target(compute_array)

int test_declare_target() {

  OMPVV_INFOMSG(""test_declare_target_extended_list"");

  int errors = 0;
  int x[N];
  int y[N];
  int z[N];

  for (int i = 0; i < N; i++) {
    x[i] = 0;
    y[i] = 1;
    z[i] = i;
  }

#pragma omp target map(from: x) map(to:y, z)
  {
    compute_array(x, y, z);
  }

  for (int i = 0; i < N; i++) {
    OMPVV_TEST_AND_SET_VERBOSE(errors, x[i] != (y[i] * z[i] + 10 * i));
  }

  return errors;
}

int main() {
  OMPVV_TEST_OFFLOADING;

  int errors = 0;

  OMPVV_TEST_AND_SET_VERBOSE(errors, test_declare_target() != 0);

  OMPVV_REPORT_AND_RETURN(errors);
}
",openmp_gpu_batch_1_optionA_full_multivariant.csv,False,failed,True,passed,,NEEDS_REVIEW,target_mapping,general_code,tests/4.5/declare_target,4.5,needs_review,False,needs_review
tests/4.5/declare_target/test_declare_target_to_extended_list.c,declare_target,loop_body,WRONG_DECLARE_TARGET_COMPUTE,high,a[i] = b[i]*c[i] + aint * i;,a[i] = b[i]*c[i] + (aint + 1) * i;,"OMPVV_TEST_AND_SET_VERBOSE(errors, x[i] != (y[i] * z[i] + 10 * i))",declare-target function computes 11*i contribution while oracle expects 10*i,29,test_declare_target_to_WRONG_AINT_TERM.c,"//===------ test_declare_target_to_extended_list.c  ----------------------===//
//
// OpenMP API Version 4.5 Nov 2015
//
// This test checks the second valid format of declare target directive with the
// to clause. The extended list allows for mappable variables and function names
// to be listed. If a list item of a to clause is a variable then the original
// variable is mapped to a corresponding variable in the device data environment
// of all devices as if it had appeared in a map clause with the map-type to on
// the implicit target data construct for each device.
// Updates using the enclosed function are made inside the target region and
// results are verified on the host.
//
//===----------------------------------------------------------------------===//

#include <omp.h>
#include <stdio.h>
#include <stdlib.h>
#include ""ompvv.h""

#define N 1024

int aint = 10;

#pragma omp declare target to(aint)

void compute_array(int a[N], int b[N], int c[N]) {
  for (int i = 0; i < N; i++) {
    a[i] = b[i]*c[i] + aint * i;
  }
  return;
}

#pragma omp declare target to(compute_array)

int test_declare_target() {

  OMPVV_INFOMSG(""test_declare_target_to_extended_list"");

  int errors = 0;
  int x[N];
  int y[N];
  int z[N];

  for (int i = 0; i < N; i++) {
    x[i] = 0;
    y[i] = 1;
    z[i] = i;
  }

#pragma omp target map(from: x) map(to:y, z)
  {
    compute_array(x, y, z);
  }

  for (int i = 0; i < N; i++) {
    OMPVV_TEST_AND_SET_VERBOSE(errors, x[i] != (y[i] * z[i] + 10 * i));
  }

  return errors;
}

int main() {
  OMPVV_TEST_OFFLOADING;

  int errors = 0;

  OMPVV_TEST_AND_SET_VERBOSE(errors, test_declare_target() != 0);

  OMPVV_REPORT_AND_RETURN(errors);
}
","//===------ test_declare_target_to_extended_list.c  ----------------------===//
//
// OpenMP API Version 4.5 Nov 2015
//
// This test checks the second valid format of declare target directive with the
// to clause. The extended list allows for mappable variables and function names
// to be listed. If a list item of a to clause is a variable then the original
// variable is mapped to a corresponding variable in the device data environment
// of all devices as if it had appeared in a map clause with the map-type to on
// the implicit target data construct for each device.
// Updates using the enclosed function are made inside the target region and
// results are verified on the host.
//
//===----------------------------------------------------------------------===//

#include <omp.h>
#include <stdio.h>
#include <stdlib.h>
#include ""ompvv.h""

#define N 1024

int aint = 10;

#pragma omp declare target to(aint)

void compute_array(int a[N], int b[N], int c[N]) {
  for (int i = 0; i < N; i++) {
    a[i] = b[i]*c[i] + (aint + 1) * i;
  }
  return;
}

#pragma omp declare target to(compute_array)

int test_declare_target() {

  OMPVV_INFOMSG(""test_declare_target_to_extended_list"");

  int errors = 0;
  int x[N];
  int y[N];
  int z[N];

  for (int i = 0; i < N; i++) {
    x[i] = 0;
    y[i] = 1;
    z[i] = i;
  }

#pragma omp target map(from: x) map(to:y, z)
  {
    compute_array(x, y, z);
  }

  for (int i = 0; i < N; i++) {
    OMPVV_TEST_AND_SET_VERBOSE(errors, x[i] != (y[i] * z[i] + 10 * i));
  }

  return errors;
}

int main() {
  OMPVV_TEST_OFFLOADING;

  int errors = 0;

  OMPVV_TEST_AND_SET_VERBOSE(errors, test_declare_target() != 0);

  OMPVV_REPORT_AND_RETURN(errors);
}
",openmp_gpu_batch_1_optionA_full_multivariant.csv,False,failed,True,passed,,NEEDS_REVIEW,target_mapping,general_code,tests/4.5/declare_target,4.5,needs_review,False,needs_review
tests/4.5/target_data/test_target_data_use_device_ptr.c,target_data,loop_body,WRONG_HOST_ACCUMULATION,high,array_host[i] += array_device[i];,array_host[i] += 1;,"OMPVV_TEST_AND_SET(errors, array_host[i] != 2*i)",array_host becomes i+1 instead of 2*i,41,test_target_data_use_device_ptr_WRONG_HOST_ACCUMULATION.c,"//===-- test_target_data_use_device_ptr.c - test of use_device_ptr on target data ----===//
//
// OpenMP API Version 4.5 Nov 2015
//
// This file is a test for the use_device_ptr when used with the map
// clause. This test uses arrays of size N which values are modified on the
// device and tested in the host. Once the array has been mapped to the device,
// the use_device_ptr should be able to be used with the ptr to the array and
// subsequent modify values on the device.
//
//===----------------------------------------------------------------------===//

#include <omp.h>
#include <stdio.h>
#include <stdlib.h>
#include ""ompvv.h""

#define N 1000

int main() {
  int errors = 0, map_dummy;
  int *array_device = NULL;
  int *array_host = NULL;

  array_device = (int *)malloc(N*sizeof(int));
  array_host = (int *)malloc(N*sizeof(int));

  for (int i = 0; i < N; ++i)
    array_host[i] = i;

  OMPVV_TEST_OFFLOADING;

#pragma omp target data map(tofrom: array_device[0:N])
  {
#pragma omp target data map(map_dummy) use_device_ptr(array_device)
    {
#pragma omp target is_device_ptr(array_device) map(tofrom: array_host[0:N])
      {
        for (int i = 0; i < N; ++i) {
          array_device[i] = i;
          array_host[i] += array_device[i];
        }
      } // end target
    } // end target data
  } // end target data

  // checking results
  for (int i = 0; i < N; ++i) {
    OMPVV_TEST_AND_SET(errors, array_host[i] != 2*i);
  }

  free(array_device);
  free(array_host);

  OMPVV_REPORT_AND_RETURN(errors);

}
","//===-- test_target_data_use_device_ptr.c - test of use_device_ptr on target data ----===//
//
// OpenMP API Version 4.5 Nov 2015
//
// This file is a test for the use_device_ptr when used with the map
// clause. This test uses arrays of size N which values are modified on the
// device and tested in the host. Once the array has been mapped to the device,
// the use_device_ptr should be able to be used with the ptr to the array and
// subsequent modify values on the device.
//
//===----------------------------------------------------------------------===//

#include <omp.h>
#include <stdio.h>
#include <stdlib.h>
#include ""ompvv.h""

#define N 1000

int main() {
  int errors = 0, map_dummy;
  int *array_device = NULL;
  int *array_host = NULL;

  array_device = (int *)malloc(N*sizeof(int));
  array_host = (int *)malloc(N*sizeof(int));

  for (int i = 0; i < N; ++i)
    array_host[i] = i;

  OMPVV_TEST_OFFLOADING;

#pragma omp target data map(tofrom: array_device[0:N])
  {
#pragma omp target data map(map_dummy) use_device_ptr(array_device)
    {
#pragma omp target is_device_ptr(array_device) map(tofrom: array_host[0:N])
      {
        for (int i = 0; i < N; ++i) {
          array_device[i] = i;
          array_host[i] += 1;
        }
      } // end target
    } // end target data
  } // end target data

  // checking results
  for (int i = 0; i < N; ++i) {
    OMPVV_TEST_AND_SET(errors, array_host[i] != 2*i);
  }

  free(array_device);
  free(array_host);

  OMPVV_REPORT_AND_RETURN(errors);

}
",openmp_gpu_batch_2_optionA_full_multivariant.csv,False,failed,True,passed,,NEEDS_REVIEW,target_mapping,general_code,tests/4.5/target_data,4.5,needs_review,False,needs_review
tests/5.0/loop/test_loop_collapse_device.c,loop,loop_body,WRONG_PREFIX_INDEX,high,b[x][y][z + 1] = b[x][y][z] + a[x][y][z];,b[x][y][z] = b[x][y][z] + a[x][y][z];,oracle compares b prefix sums against sequential temp_total,prefix result is written to current index instead of next index,90,test_loop_collapse_device_WRONG_PREFIX_INDEX.c,"//===--- test_loop_collapse_device.c ---------------------------------------===//
//
// OpenMP API Version 5.0 Nov 2018
//
// This test uses the collapse clause with the loop directive and tests that
// for loops out of the scope of the collapsed loops are not parallelized.
// This test tests using one and two collapsed loops. This test checks these
// features in an offloading (target) context.
//
////===----------------------------------------------------------------------===//

#include <omp.h>
#include <stdio.h>
#include <stdlib.h>
#include ""ompvv.h""

#define N 128 //Array Size of 128 uses 16MB target memory and
                       //scales n^3 in test_collapse2()

int test_collapse1() {

  int * a_mem = (int *)malloc(N*N*sizeof(int));
  int * b_mem = (int *)malloc(N*(N+1)*sizeof(int));
  int (*a)[N] = (int (*)[N])a_mem;
  int (*b)[N + 1] = (int (*)[N+1])b_mem;
  int errors = 0;

  // a and b array initialization
  for (int x = 0; x < N; ++x) {
    b[x][0] = 0;
    for (int y = 0; y < N; ++y) {
      a[x][y] = x + y;
      b[x][y+1] = 0;
    }
  }

#pragma omp target parallel num_threads(OMPVV_NUM_THREADS_DEVICE) map(tofrom: a[:N][:N], b[:N][:N+1])
  {
#pragma omp loop collapse(1)
    for (int x = 0; x < N; ++x) {
      for (int y = 0; y < N; ++y) {
        b[x][y + 1] = b[x][y] + a[x][y];
      }
    }
  }

  int temp_total;
  for (int x = 0; x < N; ++x) {
    temp_total = 0;
    for (int y = 0; y < N+1; ++y) {
      OMPVV_TEST_AND_SET(errors, ((temp_total - b[x][y]) != 0));
      if (y != N) {
        temp_total = temp_total + a[x][y];
      }
    }
  }
  free (a_mem);
  free (b_mem);
  return errors;
}

int test_collapse2() {
  int * a_mem = (int *)malloc(N*N*N*sizeof(int));
  int * b_mem = (int *)malloc(N*N*(N+1)*sizeof(int));
  int (*a)[N][N] = (int (*)[N][N])a_mem;
  int (*b)[N][N + 1] = (int (*)[N][N+1])b_mem;
  int errors = 0;
  int num_threads = 0;

  // a and b array initialization
  for (int x = 0; x < N; ++x) {
    for (int y = 0; y < N; ++y) {
      b[x][y][0] = 0;
      for (int z = 0; z < N; ++z) {
        a[x][y][z] = x + y + z;
        b[x][y][z+1] = 0;
      }
    }
  }

#pragma omp target parallel num_threads(OMPVV_NUM_THREADS_DEVICE) map(tofrom: a[:N][:N][:N], b[:N][:N][:N+1], num_threads)
  {
    if (omp_get_thread_num() == 0) {
      num_threads = omp_get_num_threads();
    }
#pragma omp loop collapse(2)
    for (int x = 0; x < N; ++x) {
      for (int y = 0; y < N; ++y) {
        for (int z = 0; z < N; ++z) {
          b[x][y][z + 1] = b[x][y][z] + a[x][y][z];
        }
      }
    }
  }

  int temp_total;
  for (int x = 0; x < N; ++x) {
    for (int y = 0; y < N; ++y) {
      temp_total = 0;
      for (int z = 0; z < N + 1; ++z) {
        OMPVV_TEST_AND_SET(errors, ((temp_total - b[x][y][z]) != 0));
        if (z != N) {
          temp_total = temp_total + a[x][y][z];
        }
      }
    }
  }

  if (num_threads == 1) {
    OMPVV_WARNING(""Test operated with one thread.  Parallelism of loop directive in parallel region can't be guaranteed."");
  }

  free (a_mem);
  free (b_mem);
  return errors;
}

int main() {

  //Check for offloading
  OMPVV_TEST_OFFLOADING;

  int errors = 0;
  OMPVV_TEST_AND_SET_VERBOSE(errors, test_collapse1() != 0);
  OMPVV_TEST_AND_SET_VERBOSE(errors, test_collapse2() != 0);

  OMPVV_REPORT_AND_RETURN(errors);

}
","//===--- test_loop_collapse_device.c ---------------------------------------===//
//
// OpenMP API Version 5.0 Nov 2018
//
// This test uses the collapse clause with the loop directive and tests that
// for loops out of the scope of the collapsed loops are not parallelized.
// This test tests using one and two collapsed loops. This test checks these
// features in an offloading (target) context.
//
////===----------------------------------------------------------------------===//

#include <omp.h>
#include <stdio.h>
#include <stdlib.h>
#include ""ompvv.h""

#define N 128 //Array Size of 128 uses 16MB target memory and
                       //scales n^3 in test_collapse2()

int test_collapse1() {

  int * a_mem = (int *)malloc(N*N*sizeof(int));
  int * b_mem = (int *)malloc(N*(N+1)*sizeof(int));
  int (*a)[N] = (int (*)[N])a_mem;
  int (*b)[N + 1] = (int (*)[N+1])b_mem;
  int errors = 0;

  // a and b array initialization
  for (int x = 0; x < N; ++x) {
    b[x][0] = 0;
    for (int y = 0; y < N; ++y) {
      a[x][y] = x + y;
      b[x][y+1] = 0;
    }
  }

#pragma omp target parallel num_threads(OMPVV_NUM_THREADS_DEVICE) map(tofrom: a[:N][:N], b[:N][:N+1])
  {
#pragma omp loop collapse(1)
    for (int x = 0; x < N; ++x) {
      for (int y = 0; y < N; ++y) {
        b[x][y + 1] = b[x][y] + a[x][y];
      }
    }
  }

  int temp_total;
  for (int x = 0; x < N; ++x) {
    temp_total = 0;
    for (int y = 0; y < N+1; ++y) {
      OMPVV_TEST_AND_SET(errors, ((temp_total - b[x][y]) != 0));
      if (y != N) {
        temp_total = temp_total + a[x][y];
      }
    }
  }
  free (a_mem);
  free (b_mem);
  return errors;
}

int test_collapse2() {
  int * a_mem = (int *)malloc(N*N*N*sizeof(int));
  int * b_mem = (int *)malloc(N*N*(N+1)*sizeof(int));
  int (*a)[N][N] = (int (*)[N][N])a_mem;
  int (*b)[N][N + 1] = (int (*)[N][N+1])b_mem;
  int errors = 0;
  int num_threads = 0;

  // a and b array initialization
  for (int x = 0; x < N; ++x) {
    for (int y = 0; y < N; ++y) {
      b[x][y][0] = 0;
      for (int z = 0; z < N; ++z) {
        a[x][y][z] = x + y + z;
        b[x][y][z+1] = 0;
      }
    }
  }

#pragma omp target parallel num_threads(OMPVV_NUM_THREADS_DEVICE) map(tofrom: a[:N][:N][:N], b[:N][:N][:N+1], num_threads)
  {
    if (omp_get_thread_num() == 0) {
      num_threads = omp_get_num_threads();
    }
#pragma omp loop collapse(2)
    for (int x = 0; x < N; ++x) {
      for (int y = 0; y < N; ++y) {
        for (int z = 0; z < N; ++z) {
          b[x][y][z] = b[x][y][z] + a[x][y][z];
        }
      }
    }
  }

  int temp_total;
  for (int x = 0; x < N; ++x) {
    for (int y = 0; y < N; ++y) {
      temp_total = 0;
      for (int z = 0; z < N + 1; ++z) {
        OMPVV_TEST_AND_SET(errors, ((temp_total - b[x][y][z]) != 0));
        if (z != N) {
          temp_total = temp_total + a[x][y][z];
        }
      }
    }
  }

  if (num_threads == 1) {
    OMPVV_WARNING(""Test operated with one thread.  Parallelism of loop directive in parallel region can't be guaranteed."");
  }

  free (a_mem);
  free (b_mem);
  return errors;
}

int main() {

  //Check for offloading
  OMPVV_TEST_OFFLOADING;

  int errors = 0;
  OMPVV_TEST_AND_SET_VERBOSE(errors, test_collapse1() != 0);
  OMPVV_TEST_AND_SET_VERBOSE(errors, test_collapse2() != 0);

  OMPVV_REPORT_AND_RETURN(errors);

}
",openmp_gpu_batch_13_optionA_full_multivariant.csv,False,failed,True,passed,,NEEDS_REVIEW,loop,general_code,tests/5.0/loop,5.0,needs_review,False,needs_review
tests/4.5/target_simd/test_target_simd_collapse.c,target_simd,loop_body,WRONG_PREFIX_OUTPUT_INDEX,high,b[x][y][z + 1] = b[x][y][z] + a[x][y][z];,b[x][y][z] = b[x][y][z] + a[x][y][z];,"OMPVV_TEST_AND_SET(errors, ((temp_total - b[x][y][z]) != 0))",prefix output is written to the current index instead of the next index,86,test_target_simd_collapse_WRONG_ARRAY_INDEX.c,"//===--- test_target_simd_collapse.c------ testing collapse with SIMD--------===//
//
// OpenMP API Version 4.5 Nov 2015
//
// This test uses the collapse clause and tests that for simd loops out of the scope
// of the collapsed loops are not parallelized.  This test tests using one and
// two collapsed loops.
//
////===----------------------------------------------------------------------===//

#include <omp.h>
#include <stdio.h>
#include <stdlib.h>
#include ""ompvv.h""

#define ARRAY_SIZE 128 //Array Size of 128 uses 16MB target memory and
//scales n^3 in test_collapse2()

int test_collapse1() {
  OMPVV_INFOMSG(""Testing for collapse(1)"");
  int * a_mem = (int*)malloc(ARRAY_SIZE*ARRAY_SIZE*sizeof(int));
  int * b_mem = (int*)malloc(ARRAY_SIZE*(ARRAY_SIZE+1)*sizeof(int));
  int (*a)[ARRAY_SIZE] = (int (*)[ARRAY_SIZE])a_mem;
  int (*b)[ARRAY_SIZE + 1] = (int (*)[ARRAY_SIZE+1])b_mem;
  int errors = 0;

  // a and b array initialization
  for (int x = 0; x < ARRAY_SIZE; ++x) {
    b[x][0] = 0;
    for (int y = 0; y < ARRAY_SIZE; ++y) {
      a[x][y] = x + y;
      b[x][y+1] = 0;
    }
  }

#pragma omp target simd map(to: a[0:ARRAY_SIZE][0:ARRAY_SIZE]) map(tofrom: b[0:ARRAY_SIZE][0:ARRAY_SIZE+1]) collapse(1)
  for (int x = 0; x < ARRAY_SIZE; ++x) {
    for (int y = 0; y < ARRAY_SIZE; ++y) {
      b[x][y + 1] = b[x][y] + a[x][y];
    }
  }

  int temp_total;
  for (int x = 0; x < ARRAY_SIZE; ++x) {
    temp_total = 0;
    for (int y = 0; y < ARRAY_SIZE+1; ++y) {
      OMPVV_TEST_AND_SET(errors, ((temp_total - b[x][y]) != 0));
      if (y != ARRAY_SIZE) {
        temp_total = temp_total + a[x][y];
      }
    }
  }
  free(a_mem);
  free(b_mem);

  return errors;
}

int test_collapse2() {
  OMPVV_INFOMSG(""Testing for collapse(2)"");
  int * a_mem = (int *)malloc(ARRAY_SIZE*ARRAY_SIZE*ARRAY_SIZE*sizeof(int));
  int * b_mem = (int *)malloc(ARRAY_SIZE*ARRAY_SIZE*(ARRAY_SIZE+1)*sizeof(int));
  int (*a)[ARRAY_SIZE][ARRAY_SIZE] = (int (*)[ARRAY_SIZE][ARRAY_SIZE])a_mem;
  int (*b)[ARRAY_SIZE][ARRAY_SIZE + 1] = (int (*)[ARRAY_SIZE][ARRAY_SIZE+1])b_mem;
  int errors = 0;
  int num_teams = 0;

  // a and b array initialization
  for (int x = 0; x < ARRAY_SIZE; ++x) {
    for (int y = 0; y < ARRAY_SIZE; ++y) {
      b[x][y][0] = 0;
      for (int z = 0; z < ARRAY_SIZE; ++z) {
        a[x][y][z] = x + y + z;
        b[x][y][z+1] = 0;
      }
    }
  }

#pragma omp target simd map(to: a[0:ARRAY_SIZE][0:ARRAY_SIZE][0:ARRAY_SIZE]) map(tofrom: b[0:ARRAY_SIZE][0:ARRAY_SIZE][0:ARRAY_SIZE+1], num_teams) collapse(2)
  for (int x = 0; x < ARRAY_SIZE; ++x) {
    for (int y = 0; y < ARRAY_SIZE; ++y) {
      for (int z = 0; z < ARRAY_SIZE; ++z) {
        if (omp_get_team_num() == 0) {
          num_teams = omp_get_num_teams();
        }
        b[x][y][z + 1] = b[x][y][z] + a[x][y][z];
      }
    }
  }

  int temp_total;
  for (int x = 0; x < ARRAY_SIZE; ++x) {
    for (int y = 0; y < ARRAY_SIZE; ++y) {
      temp_total = 0;
      for (int z = 0; z < ARRAY_SIZE + 1; ++z) {
        OMPVV_TEST_AND_SET(errors, ((temp_total - b[x][y][z]) != 0));
        if (z != ARRAY_SIZE) {
          temp_total = temp_total + a[x][y][z];
        }
      }
    }
  }

  if (num_teams == 1) {
    OMPVV_WARNING(""Test operated with one team.  Parallelism of teams distribute can't be guaranteed."");
  }

  free(a_mem);
  free(b_mem);
  return errors;
}

int main() {
  int errors = 0;
  OMPVV_TEST_AND_SET_VERBOSE(errors, test_collapse1() != 0);
  OMPVV_TEST_AND_SET_VERBOSE(errors, test_collapse2() != 0);
  OMPVV_REPORT_AND_RETURN(errors);
}
","//===--- test_target_simd_collapse.c------ testing collapse with SIMD--------===//
//
// OpenMP API Version 4.5 Nov 2015
//
// This test uses the collapse clause and tests that for simd loops out of the scope
// of the collapsed loops are not parallelized.  This test tests using one and
// two collapsed loops.
//
////===----------------------------------------------------------------------===//

#include <omp.h>
#include <stdio.h>
#include <stdlib.h>
#include ""ompvv.h""

#define ARRAY_SIZE 128 //Array Size of 128 uses 16MB target memory and
//scales n^3 in test_collapse2()

int test_collapse1() {
  OMPVV_INFOMSG(""Testing for collapse(1)"");
  int * a_mem = (int*)malloc(ARRAY_SIZE*ARRAY_SIZE*sizeof(int));
  int * b_mem = (int*)malloc(ARRAY_SIZE*(ARRAY_SIZE+1)*sizeof(int));
  int (*a)[ARRAY_SIZE] = (int (*)[ARRAY_SIZE])a_mem;
  int (*b)[ARRAY_SIZE + 1] = (int (*)[ARRAY_SIZE+1])b_mem;
  int errors = 0;

  // a and b array initialization
  for (int x = 0; x < ARRAY_SIZE; ++x) {
    b[x][0] = 0;
    for (int y = 0; y < ARRAY_SIZE; ++y) {
      a[x][y] = x + y;
      b[x][y+1] = 0;
    }
  }

#pragma omp target simd map(to: a[0:ARRAY_SIZE][0:ARRAY_SIZE]) map(tofrom: b[0:ARRAY_SIZE][0:ARRAY_SIZE+1]) collapse(1)
  for (int x = 0; x < ARRAY_SIZE; ++x) {
    for (int y = 0; y < ARRAY_SIZE; ++y) {
      b[x][y + 1] = b[x][y] + a[x][y];
    }
  }

  int temp_total;
  for (int x = 0; x < ARRAY_SIZE; ++x) {
    temp_total = 0;
    for (int y = 0; y < ARRAY_SIZE+1; ++y) {
      OMPVV_TEST_AND_SET(errors, ((temp_total - b[x][y]) != 0));
      if (y != ARRAY_SIZE) {
        temp_total = temp_total + a[x][y];
      }
    }
  }
  free(a_mem);
  free(b_mem);

  return errors;
}

int test_collapse2() {
  OMPVV_INFOMSG(""Testing for collapse(2)"");
  int * a_mem = (int *)malloc(ARRAY_SIZE*ARRAY_SIZE*ARRAY_SIZE*sizeof(int));
  int * b_mem = (int *)malloc(ARRAY_SIZE*ARRAY_SIZE*(ARRAY_SIZE+1)*sizeof(int));
  int (*a)[ARRAY_SIZE][ARRAY_SIZE] = (int (*)[ARRAY_SIZE][ARRAY_SIZE])a_mem;
  int (*b)[ARRAY_SIZE][ARRAY_SIZE + 1] = (int (*)[ARRAY_SIZE][ARRAY_SIZE+1])b_mem;
  int errors = 0;
  int num_teams = 0;

  // a and b array initialization
  for (int x = 0; x < ARRAY_SIZE; ++x) {
    for (int y = 0; y < ARRAY_SIZE; ++y) {
      b[x][y][0] = 0;
      for (int z = 0; z < ARRAY_SIZE; ++z) {
        a[x][y][z] = x + y + z;
        b[x][y][z+1] = 0;
      }
    }
  }

#pragma omp target simd map(to: a[0:ARRAY_SIZE][0:ARRAY_SIZE][0:ARRAY_SIZE]) map(tofrom: b[0:ARRAY_SIZE][0:ARRAY_SIZE][0:ARRAY_SIZE+1], num_teams) collapse(2)
  for (int x = 0; x < ARRAY_SIZE; ++x) {
    for (int y = 0; y < ARRAY_SIZE; ++y) {
      for (int z = 0; z < ARRAY_SIZE; ++z) {
        if (omp_get_team_num() == 0) {
          num_teams = omp_get_num_teams();
        }
        b[x][y][z] = b[x][y][z] + a[x][y][z];
      }
    }
  }

  int temp_total;
  for (int x = 0; x < ARRAY_SIZE; ++x) {
    for (int y = 0; y < ARRAY_SIZE; ++y) {
      temp_total = 0;
      for (int z = 0; z < ARRAY_SIZE + 1; ++z) {
        OMPVV_TEST_AND_SET(errors, ((temp_total - b[x][y][z]) != 0));
        if (z != ARRAY_SIZE) {
          temp_total = temp_total + a[x][y][z];
        }
      }
    }
  }

  if (num_teams == 1) {
    OMPVV_WARNING(""Test operated with one team.  Parallelism of teams distribute can't be guaranteed."");
  }

  free(a_mem);
  free(b_mem);
  return errors;
}

int main() {
  int errors = 0;
  OMPVV_TEST_AND_SET_VERBOSE(errors, test_collapse1() != 0);
  OMPVV_TEST_AND_SET_VERBOSE(errors, test_collapse2() != 0);
  OMPVV_REPORT_AND_RETURN(errors);
}
",openmp_gpu_batch_4_optionA_full_multivariant.csv,False,failed,True,passed,,NEEDS_REVIEW,target_mapping,general_code,tests/4.5/target_simd,4.5,needs_review,False,needs_review
tests/4.5/target_teams_distribute/test_target_teams_distribute_collapse.c,target_teams_distribute,loop_body,WRONG_PREFIX_OUTPUT_INDEX,high,b[x][y][z + 1] = b[x][y][z] + a[x][y][z];,b[x][y][z] = b[x][y][z] + a[x][y][z];,"OMPVV_TEST_AND_SET(errors, ((temp_total - b[x][y][z]) != 0))",writes prefix result into current index instead of next index,85,test_target_teams_distribute_collapse_WRONG_INDEX.c,"//===--- test_target_teams_distribute_collapse.c--------------------------------------===//
//
// OpenMP API Version 4.5 Nov 2015
//
// This test uses the collapse clause and tests that for loops out of the scope
// of the collapsed loops are not parallelized.  This test tests using one and
// two collapsed loops.
//
////===----------------------------------------------------------------------===//

#include <omp.h>
#include <stdio.h>
#include <stdlib.h>
#include ""ompvv.h""

#define ARRAY_SIZE 128 //Array Size of 128 uses 16MB target memory and
                       //scales n^3 in test_collapse2()

int test_collapse1() {

  int * a_mem = (int *)malloc(ARRAY_SIZE*ARRAY_SIZE*sizeof(int));
  int * b_mem = (int *)malloc(ARRAY_SIZE*(ARRAY_SIZE+1)*sizeof(int));
  int (*a)[ARRAY_SIZE] = (int (*)[ARRAY_SIZE])a_mem;
  int (*b)[ARRAY_SIZE + 1] = (int (*)[ARRAY_SIZE+1])b_mem;
  int errors = 0;

  // a and b array initialization
  for (int x = 0; x < ARRAY_SIZE; ++x) {
    b[x][0] = 0;
    for (int y = 0; y < ARRAY_SIZE; ++y) {
      a[x][y] = x + y;
      b[x][y+1] = 0;
    }
  }

#pragma omp target teams distribute map(to: a[0:ARRAY_SIZE][0:ARRAY_SIZE]) map(tofrom: b[0:ARRAY_SIZE][0:ARRAY_SIZE+1]) collapse(1) num_teams(OMPVV_NUM_TEAMS_DEVICE)
  for (int x = 0; x < ARRAY_SIZE; ++x) {
    for (int y = 0; y < ARRAY_SIZE; ++y) {
      b[x][y + 1] = b[x][y] + a[x][y];
    }
  }

  int temp_total;
  for (int x = 0; x < ARRAY_SIZE; ++x) {
    temp_total = 0;
    for (int y = 0; y < ARRAY_SIZE+1; ++y) {
      OMPVV_TEST_AND_SET(errors, ((temp_total - b[x][y]) != 0));
      if (y != ARRAY_SIZE) {
        temp_total = temp_total + a[x][y];
      }
    }
  }

  free (a_mem);
  free (b_mem);
  return errors;
}

int test_collapse2() {
  int * a_mem = (int *)malloc(ARRAY_SIZE*ARRAY_SIZE*ARRAY_SIZE*sizeof(int));
  int * b_mem = (int *)malloc(ARRAY_SIZE*ARRAY_SIZE*(ARRAY_SIZE+1)*sizeof(int));
  int (*a)[ARRAY_SIZE][ARRAY_SIZE] = (int (*)[ARRAY_SIZE][ARRAY_SIZE])a_mem;
  int (*b)[ARRAY_SIZE][ARRAY_SIZE + 1] = (int (*)[ARRAY_SIZE][ARRAY_SIZE+1])b_mem;
  int errors = 0;
  int num_teams = 0;

  // a and b array initialization
  for (int x = 0; x < ARRAY_SIZE; ++x) {
    for (int y = 0; y < ARRAY_SIZE; ++y) {
      b[x][y][0] = 0;
      for (int z = 0; z < ARRAY_SIZE; ++z) {
        a[x][y][z] = x + y + z;
        b[x][y][z+1] = 0;
      }
    }
  }

#pragma omp target teams distribute map(to: a[0:ARRAY_SIZE][0:ARRAY_SIZE][0:ARRAY_SIZE]) map(tofrom: b[0:ARRAY_SIZE][0:ARRAY_SIZE][0:ARRAY_SIZE+1], num_teams) collapse(2) num_teams(OMPVV_NUM_TEAMS_DEVICE)
  for (int x = 0; x < ARRAY_SIZE; ++x) {
    for (int y = 0; y < ARRAY_SIZE; ++y) {
      for (int z = 0; z < ARRAY_SIZE; ++z) {
        if (omp_get_team_num() == 0) {
          num_teams = omp_get_num_teams();
        }
        b[x][y][z + 1] = b[x][y][z] + a[x][y][z];
      }
    }
  }

  int temp_total;
  for (int x = 0; x < ARRAY_SIZE; ++x) {
    for (int y = 0; y < ARRAY_SIZE; ++y) {
      temp_total = 0;
      for (int z = 0; z < ARRAY_SIZE + 1; ++z) {
        OMPVV_TEST_AND_SET(errors, ((temp_total - b[x][y][z]) != 0));
        if (z != ARRAY_SIZE) {
          temp_total = temp_total + a[x][y][z];
        }
      }
    }
  }

  if (num_teams == 1) {
    OMPVV_WARNING(""Test operated with one team.  Parallelism of teams distribute can't be guaranteed."");
  }

  free (a_mem);
  free (b_mem);
  return errors;
}

int main() {

  //Check for offloading
  OMPVV_TEST_OFFLOADING;

  int errors = 0;
  OMPVV_TEST_AND_SET_VERBOSE(errors, test_collapse1() != 0);
  OMPVV_TEST_AND_SET_VERBOSE(errors, test_collapse2() != 0);
  OMPVV_REPORT_AND_RETURN(errors);

}
","//===--- test_target_teams_distribute_collapse.c--------------------------------------===//
//
// OpenMP API Version 4.5 Nov 2015
//
// This test uses the collapse clause and tests that for loops out of the scope
// of the collapsed loops are not parallelized.  This test tests using one and
// two collapsed loops.
//
////===----------------------------------------------------------------------===//

#include <omp.h>
#include <stdio.h>
#include <stdlib.h>
#include ""ompvv.h""

#define ARRAY_SIZE 128 //Array Size of 128 uses 16MB target memory and
                       //scales n^3 in test_collapse2()

int test_collapse1() {

  int * a_mem = (int *)malloc(ARRAY_SIZE*ARRAY_SIZE*sizeof(int));
  int * b_mem = (int *)malloc(ARRAY_SIZE*(ARRAY_SIZE+1)*sizeof(int));
  int (*a)[ARRAY_SIZE] = (int (*)[ARRAY_SIZE])a_mem;
  int (*b)[ARRAY_SIZE + 1] = (int (*)[ARRAY_SIZE+1])b_mem;
  int errors = 0;

  // a and b array initialization
  for (int x = 0; x < ARRAY_SIZE; ++x) {
    b[x][0] = 0;
    for (int y = 0; y < ARRAY_SIZE; ++y) {
      a[x][y] = x + y;
      b[x][y+1] = 0;
    }
  }

#pragma omp target teams distribute map(to: a[0:ARRAY_SIZE][0:ARRAY_SIZE]) map(tofrom: b[0:ARRAY_SIZE][0:ARRAY_SIZE+1]) collapse(1) num_teams(OMPVV_NUM_TEAMS_DEVICE)
  for (int x = 0; x < ARRAY_SIZE; ++x) {
    for (int y = 0; y < ARRAY_SIZE; ++y) {
      b[x][y + 1] = b[x][y] + a[x][y];
    }
  }

  int temp_total;
  for (int x = 0; x < ARRAY_SIZE; ++x) {
    temp_total = 0;
    for (int y = 0; y < ARRAY_SIZE+1; ++y) {
      OMPVV_TEST_AND_SET(errors, ((temp_total - b[x][y]) != 0));
      if (y != ARRAY_SIZE) {
        temp_total = temp_total + a[x][y];
      }
    }
  }

  free (a_mem);
  free (b_mem);
  return errors;
}

int test_collapse2() {
  int * a_mem = (int *)malloc(ARRAY_SIZE*ARRAY_SIZE*ARRAY_SIZE*sizeof(int));
  int * b_mem = (int *)malloc(ARRAY_SIZE*ARRAY_SIZE*(ARRAY_SIZE+1)*sizeof(int));
  int (*a)[ARRAY_SIZE][ARRAY_SIZE] = (int (*)[ARRAY_SIZE][ARRAY_SIZE])a_mem;
  int (*b)[ARRAY_SIZE][ARRAY_SIZE + 1] = (int (*)[ARRAY_SIZE][ARRAY_SIZE+1])b_mem;
  int errors = 0;
  int num_teams = 0;

  // a and b array initialization
  for (int x = 0; x < ARRAY_SIZE; ++x) {
    for (int y = 0; y < ARRAY_SIZE; ++y) {
      b[x][y][0] = 0;
      for (int z = 0; z < ARRAY_SIZE; ++z) {
        a[x][y][z] = x + y + z;
        b[x][y][z+1] = 0;
      }
    }
  }

#pragma omp target teams distribute map(to: a[0:ARRAY_SIZE][0:ARRAY_SIZE][0:ARRAY_SIZE]) map(tofrom: b[0:ARRAY_SIZE][0:ARRAY_SIZE][0:ARRAY_SIZE+1], num_teams) collapse(2) num_teams(OMPVV_NUM_TEAMS_DEVICE)
  for (int x = 0; x < ARRAY_SIZE; ++x) {
    for (int y = 0; y < ARRAY_SIZE; ++y) {
      for (int z = 0; z < ARRAY_SIZE; ++z) {
        if (omp_get_team_num() == 0) {
          num_teams = omp_get_num_teams();
        }
        b[x][y][z] = b[x][y][z] + a[x][y][z];
      }
    }
  }

  int temp_total;
  for (int x = 0; x < ARRAY_SIZE; ++x) {
    for (int y = 0; y < ARRAY_SIZE; ++y) {
      temp_total = 0;
      for (int z = 0; z < ARRAY_SIZE + 1; ++z) {
        OMPVV_TEST_AND_SET(errors, ((temp_total - b[x][y][z]) != 0));
        if (z != ARRAY_SIZE) {
          temp_total = temp_total + a[x][y][z];
        }
      }
    }
  }

  if (num_teams == 1) {
    OMPVV_WARNING(""Test operated with one team.  Parallelism of teams distribute can't be guaranteed."");
  }

  free (a_mem);
  free (b_mem);
  return errors;
}

int main() {

  //Check for offloading
  OMPVV_TEST_OFFLOADING;

  int errors = 0;
  OMPVV_TEST_AND_SET_VERBOSE(errors, test_collapse1() != 0);
  OMPVV_TEST_AND_SET_VERBOSE(errors, test_collapse2() != 0);
  OMPVV_REPORT_AND_RETURN(errors);

}
",openmp_gpu_batch_6_optionA_full_multivariant.csv,False,failed,True,passed,,NEEDS_REVIEW,target_mapping,general_code,tests/4.5/target_teams_distribute,4.5,needs_review,False,needs_review
tests/4.5/application_kernels/mmm_target.c,application_kernels,loop_body,WRONG_PRODUCT_OPERATOR,high,c[i*rowA+j] = a[i*rowA+j] * b[k*colA+j];,c[i*rowA+j] = a[i*rowA+j] + b[k*colA+j];,"OMPVV_TEST_AND_SET(error, 500 != c[i*rowA+j])",computed matrix value becomes 60 instead of expected 500,51,mmm_target_WRONG_PRODUCT_PLUS.c,"//===--- mmm_target.c--- test that implements MM on a target region --------===//
//
// OpenMP API Version 4.5 Nov 2015
//
//  DESCRIPTION:
//    OpenMp Example - Matrix Multiply - C Version
//    Demonstrates a matrix multiply using OpenMP. Threads share row iterations
//
//  Last modified by Jose M Monsalve Diaz, December 25, 2019
//
////===----------------------------------------------------------------------===//

#include <omp.h>
#include <stdio.h>
#include <stdlib.h>
#include <sys/time.h>
#include ""ompvv.h""

#define rowA 100
#define colA 100
#define colB 100

int main (int argc, char *argv[])
{
  OMPVV_TEST_OFFLOADING;
  int tid, nthreads, i, j, k;
  int *a = (int*) malloc(sizeof(int) * rowA * colA);           // matrix A to be multiplied
  int *b = (int*) malloc(sizeof(int) * colA * colB);           // matrix B to be multiplied
  int *c = (int*) malloc(sizeof(int) * rowA * colB);           // result matrix C

  // Initialize matrices
  for (i = 0; i < rowA; i++)
    for (j = 0; j < colA; j++)
      a[i*rowA+j] = 10; // i+j;
  for (i = 0; i < colA; i++)
    for (j = 0; j < colB; j++)
      b[i*colA+j] = 50; //i*j;
  for (i = 0; i < rowA; i++)
    for (j = 0; j < colB; j++)
      c[i*rowA+j] = 0;

  int DimA = rowA*colA;
  int DimB = colB*colA;
  int DimC = rowA*colA;

#pragma omp target map(to: a[0:DimA],b[0:DimB]) map(from: c[0:DimC])
  {
    for (i = 0; i < rowA; i++)
      for(j = 0; j < colB; j++)
        for(k = 0; k < colA; k++)
          c[i*rowA+j] = a[i*rowA+j] * b[k*colA+j];
  }//end-target

  // Check results
  int error = 0;
  for (i = 0; i < rowA; i++)
  {
    for (j = 0; j < colB; j++) {
      OMPVV_TEST_AND_SET(error, 500 != c[i*rowA+j]);
      OMPVV_ERROR_IF(500 != c[i*rowA+j], ""Error: [%d][%d] should be 500 is %d"",i,j,c[i*rowA+j]);
    }
  }
  free(a);
  free(b);
  free(c);

  OMPVV_REPORT_AND_RETURN(error);
}
","//===--- mmm_target.c--- test that implements MM on a target region --------===//
//
// OpenMP API Version 4.5 Nov 2015
//
//  DESCRIPTION:
//    OpenMp Example - Matrix Multiply - C Version
//    Demonstrates a matrix multiply using OpenMP. Threads share row iterations
//
//  Last modified by Jose M Monsalve Diaz, December 25, 2019
//
////===----------------------------------------------------------------------===//

#include <omp.h>
#include <stdio.h>
#include <stdlib.h>
#include <sys/time.h>
#include ""ompvv.h""

#define rowA 100
#define colA 100
#define colB 100

int main (int argc, char *argv[])
{
  OMPVV_TEST_OFFLOADING;
  int tid, nthreads, i, j, k;
  int *a = (int*) malloc(sizeof(int) * rowA * colA);           // matrix A to be multiplied
  int *b = (int*) malloc(sizeof(int) * colA * colB);           // matrix B to be multiplied
  int *c = (int*) malloc(sizeof(int) * rowA * colB);           // result matrix C

  // Initialize matrices
  for (i = 0; i < rowA; i++)
    for (j = 0; j < colA; j++)
      a[i*rowA+j] = 10; // i+j;
  for (i = 0; i < colA; i++)
    for (j = 0; j < colB; j++)
      b[i*colA+j] = 50; //i*j;
  for (i = 0; i < rowA; i++)
    for (j = 0; j < colB; j++)
      c[i*rowA+j] = 0;

  int DimA = rowA*colA;
  int DimB = colB*colA;
  int DimC = rowA*colA;

#pragma omp target map(to: a[0:DimA],b[0:DimB]) map(from: c[0:DimC])
  {
    for (i = 0; i < rowA; i++)
      for(j = 0; j < colB; j++)
        for(k = 0; k < colA; k++)
          c[i*rowA+j] = a[i*rowA+j] + b[k*colA+j];
  }//end-target

  // Check results
  int error = 0;
  for (i = 0; i < rowA; i++)
  {
    for (j = 0; j < colB; j++) {
      OMPVV_TEST_AND_SET(error, 500 != c[i*rowA+j]);
      OMPVV_ERROR_IF(500 != c[i*rowA+j], ""Error: [%d][%d] should be 500 is %d"",i,j,c[i*rowA+j]);
    }
  }
  free(a);
  free(b);
  free(c);

  OMPVV_REPORT_AND_RETURN(error);
}
",openmp_gpu_batch_1_optionA_full_multivariant.csv,False,failed,True,passed,,NEEDS_REVIEW,target_mapping,general_code,tests/4.5/application_kernels,4.5,needs_review,False,needs_review
tests/5.0/target_requires/test_target_requires_atomic_default_mem_order_acq_rel.c,target_requires,loop_body,X_10_TO_9,high,x = 10;,x = 9;,oracle checks x == 10,producer writes 9 instead of 10,32,test_target_requires_atomic_default_mem_order_acq_rel_X_10_TO_9.c,"//===---test_target_requires_atomic_default_mem_order_acq_rel.c--------------===//
//
// OpenMP API Version 5.0 Nov 2018
//
// This test checks for support of the atomic_default_mem_order clause on the
// requires directive. This clause determines the default memory behavior for
// atomic constructs. These behaviors are seq_cst, acq_rel, and relaxed.
// This test checks the for acq_rel as the memory-order-clause.
//
////===----------------------------------------------------------------------===//

#include <assert.h>
#include <omp.h>
#include <stdio.h>
#include <stdlib.h>
#include ""ompvv.h""

#define N 1024

#pragma omp requires atomic_default_mem_order(acq_rel)

int test_target_requires_atomic_acq_rel() {
  OMPVV_INFOMSG(""test_target_requires_atomic_acq_rel"");

  int x = 0, y = 0;
  int errors = 0;

#pragma omp target parallel num_threads(2) map(tofrom: x, y, errors)
   {
       int thrd = omp_get_thread_num();
       if (thrd == 0) {
          x = 10;
          #pragma omp atomic write
          y = 1;
       } else {
          int tmp = 0;
          while (tmp == 0) {
            #pragma omp atomic read
            tmp = y;
          }
          OMPVV_TEST_AND_SET(errors, x != 10);
       }
   }
   OMPVV_ERROR_IF(errors > 0, ""Requires atomic_default_mem_order(acq_rel) test failed"");
   return errors;
}

int main() {

  int errors = 0;

  OMPVV_TEST_OFFLOADING;

  OMPVV_TEST_AND_SET_VERBOSE(errors, test_target_requires_atomic_acq_rel());

  OMPVV_REPORT_AND_RETURN(errors);
}
","//===---test_target_requires_atomic_default_mem_order_acq_rel.c--------------===//
//
// OpenMP API Version 5.0 Nov 2018
//
// This test checks for support of the atomic_default_mem_order clause on the
// requires directive. This clause determines the default memory behavior for
// atomic constructs. These behaviors are seq_cst, acq_rel, and relaxed.
// This test checks the for acq_rel as the memory-order-clause.
//
////===----------------------------------------------------------------------===//

#include <assert.h>
#include <omp.h>
#include <stdio.h>
#include <stdlib.h>
#include ""ompvv.h""

#define N 1024

#pragma omp requires atomic_default_mem_order(acq_rel)

int test_target_requires_atomic_acq_rel() {
  OMPVV_INFOMSG(""test_target_requires_atomic_acq_rel"");

  int x = 0, y = 0;
  int errors = 0;

#pragma omp target parallel num_threads(2) map(tofrom: x, y, errors)
   {
       int thrd = omp_get_thread_num();
       if (thrd == 0) {
          x = 9;
          #pragma omp atomic write
          y = 1;
       } else {
          int tmp = 0;
          while (tmp == 0) {
            #pragma omp atomic read
            tmp = y;
          }
          OMPVV_TEST_AND_SET(errors, x != 10);
       }
   }
   OMPVV_ERROR_IF(errors > 0, ""Requires atomic_default_mem_order(acq_rel) test failed"");
   return errors;
}

int main() {

  int errors = 0;

  OMPVV_TEST_OFFLOADING;

  OMPVV_TEST_AND_SET_VERBOSE(errors, test_target_requires_atomic_acq_rel());

  OMPVV_REPORT_AND_RETURN(errors);
}
",openmp_gpu_batch_17_optionA_full_multivariant.csv,False,failed,True,passed,,NEEDS_REVIEW,atomic,general_code,tests/5.0/target_requires,5.0,needs_review,False,needs_review
tests/5.0/target_requires/test_target_requires_atomic_default_mem_order_seq_cst.c,target_requires,loop_body,X_10_TO_9,high,x = 10;,x = 9;,oracle checks x == 10,producer writes 9 instead of 10,33,test_target_requires_atomic_default_mem_order_seq_cst_X_10_TO_9.c,"//===---test_target_requires_atomic_default_mem_order_seq_cst.c--------------===//
//
// OpenMP API Version 5.0 Nov 2018
//
// This test checks for support of the atomic_default_mem_order clause on the
// requires directive. This clause determines the default memory behavior for
// atomic constructs. These behaviors are seq_cst, acq_rel, and relaxed.
// This test checks the seq_cst behavior, which is also the default.
//
// Adapted from 5.0 OpenMP example acquire_release.2.c
////===----------------------------------------------------------------------===//

#include <assert.h>
#include <omp.h>
#include <stdio.h>
#include <stdlib.h>
#include ""ompvv.h""

#define N 1024

#pragma omp requires atomic_default_mem_order(seq_cst)

int test_target_atomic_seq_cst() {
  OMPVV_INFOMSG(""test_target_atomic_seq_cst"");

  int x = 0, y = 0;
  int errors = 0;

#pragma omp target parallel num_threads(2) map(tofrom: x, y, errors)
   {
      int thrd = omp_get_thread_num();
       if (thrd == 0) {
          x = 10;
          #pragma omp atomic write
          y = 1;
       } else {
          int tmp = 0;
          while (tmp == 0) {
            #pragma omp atomic read
            tmp = y;
          }
          OMPVV_TEST_AND_SET(errors, x != 10);
       }
   }
   OMPVV_ERROR_IF(errors > 0, ""Requires atomic_default_mem_order(seq_cst) test failed"");
   return errors;
}

int main() {

  int errors = 0;

  OMPVV_TEST_OFFLOADING;

  OMPVV_TEST_AND_SET_VERBOSE(errors, test_target_atomic_seq_cst());

  OMPVV_REPORT_AND_RETURN(errors);
}
","//===---test_target_requires_atomic_default_mem_order_seq_cst.c--------------===//
//
// OpenMP API Version 5.0 Nov 2018
//
// This test checks for support of the atomic_default_mem_order clause on the
// requires directive. This clause determines the default memory behavior for
// atomic constructs. These behaviors are seq_cst, acq_rel, and relaxed.
// This test checks the seq_cst behavior, which is also the default.
//
// Adapted from 5.0 OpenMP example acquire_release.2.c
////===----------------------------------------------------------------------===//

#include <assert.h>
#include <omp.h>
#include <stdio.h>
#include <stdlib.h>
#include ""ompvv.h""

#define N 1024

#pragma omp requires atomic_default_mem_order(seq_cst)

int test_target_atomic_seq_cst() {
  OMPVV_INFOMSG(""test_target_atomic_seq_cst"");

  int x = 0, y = 0;
  int errors = 0;

#pragma omp target parallel num_threads(2) map(tofrom: x, y, errors)
   {
      int thrd = omp_get_thread_num();
       if (thrd == 0) {
          x = 9;
          #pragma omp atomic write
          y = 1;
       } else {
          int tmp = 0;
          while (tmp == 0) {
            #pragma omp atomic read
            tmp = y;
          }
          OMPVV_TEST_AND_SET(errors, x != 10);
       }
   }
   OMPVV_ERROR_IF(errors > 0, ""Requires atomic_default_mem_order(seq_cst) test failed"");
   return errors;
}

int main() {

  int errors = 0;

  OMPVV_TEST_OFFLOADING;

  OMPVV_TEST_AND_SET_VERBOSE(errors, test_target_atomic_seq_cst());

  OMPVV_REPORT_AND_RETURN(errors);
}
",openmp_gpu_batch_17_optionA_full_multivariant.csv,False,failed,True,passed,,NEEDS_REVIEW,atomic,general_code,tests/5.0/target_requires,5.0,needs_review,False,needs_review
tests/5.0/atomic/test_atomic_num_hint_device.c,atomic,loop_body,X_INC_TO_PLUS2,high,x++;,x += 2;,oracle checks x == num_threads,each thread increments x by 2 instead of 1,29,test_atomic_num_hint_device_X_INC_TO_PLUS2.c,"//===--- test_atomic_num_hint_device.c ------------------------------------===//
//
// OpenMP API Version 5.0 Nov 2018
//
//  This test checks if atomic hints passed by enum value
//  are processed correctly for device execution. If the sync hint is not
//  yet defined in the specification, it defaults to
//  omp_sync_hint_none (0x0).
////===--------------------------------------------------------------------===//

#include <assert.h>
#include <omp.h>
#include <stdio.h>
#include <stdlib.h>
#include ""ompvv.h""


int test_atomic_with_used_enum_value() {
  OMPVV_INFOMSG(""test_atomic_with_used_enum_value"");
  int errors = 0, x = 0, num_threads = -1;

#pragma omp target map(tofrom: num_threads,x)
#pragma omp parallel num_threads(OMPVV_NUM_THREADS_DEVICE) default(shared)
  {
    if (omp_get_thread_num() == 0) {
      num_threads = omp_get_num_threads();
    }
#pragma omp atomic hint(0X4) // corrosponds to omp_sync_hint_nonspeculative
    x++;
  }

  OMPVV_ERROR_IF(num_threads < 0, ""Test ran with invalid number of threads (less than zero)"");
  OMPVV_WARNING_IF(num_threads == 1, ""Test ran with one thread, so the results are not conclusive"");

  OMPVV_TEST_AND_SET_VERBOSE(errors, x != num_threads);

  return errors;
}

int test_atomic_with_unused_enum_value() {
  OMPVV_INFOMSG(""test_atomic_with_unused_enum_value"");
  int errors = 0, x = 0, num_threads = -1;

#pragma omp target map(tofrom: num_threads,x)
#pragma omp parallel num_threads(OMPVV_NUM_THREADS_DEVICE) default(shared)
  {
    if (omp_get_thread_num() == 0) {
      num_threads = omp_get_num_threads();
    }
#pragma omp atomic hint(0X1024) //As of OMP Spec 5.0 only values till 0x8 have been taken
    x++;
  }

  OMPVV_ERROR_IF(num_threads < 0, ""Test ran with invalid number of threads (less than zero)"");
  OMPVV_WARNING_IF(num_threads == 1, ""Test ran with one thread, so the results are not conclusive"");

  OMPVV_TEST_AND_SET_VERBOSE(errors, x != num_threads);

  return errors;
}


int main() {
  int errors = 0;

  OMPVV_TEST_OFFLOADING;
  OMPVV_TEST_AND_SET_VERBOSE(errors, test_atomic_with_used_enum_value());
  OMPVV_TEST_AND_SET_VERBOSE(errors, test_atomic_with_unused_enum_value());

  OMPVV_REPORT_AND_RETURN(errors);
}
","//===--- test_atomic_num_hint_device.c ------------------------------------===//
//
// OpenMP API Version 5.0 Nov 2018
//
//  This test checks if atomic hints passed by enum value
//  are processed correctly for device execution. If the sync hint is not
//  yet defined in the specification, it defaults to
//  omp_sync_hint_none (0x0).
////===--------------------------------------------------------------------===//

#include <assert.h>
#include <omp.h>
#include <stdio.h>
#include <stdlib.h>
#include ""ompvv.h""


int test_atomic_with_used_enum_value() {
  OMPVV_INFOMSG(""test_atomic_with_used_enum_value"");
  int errors = 0, x = 0, num_threads = -1;

#pragma omp target map(tofrom: num_threads,x)
#pragma omp parallel num_threads(OMPVV_NUM_THREADS_DEVICE) default(shared)
  {
    if (omp_get_thread_num() == 0) {
      num_threads = omp_get_num_threads();
    }
#pragma omp atomic hint(0X4) // corrosponds to omp_sync_hint_nonspeculative
    x += 2;
  }

  OMPVV_ERROR_IF(num_threads < 0, ""Test ran with invalid number of threads (less than zero)"");
  OMPVV_WARNING_IF(num_threads == 1, ""Test ran with one thread, so the results are not conclusive"");

  OMPVV_TEST_AND_SET_VERBOSE(errors, x != num_threads);

  return errors;
}

int test_atomic_with_unused_enum_value() {
  OMPVV_INFOMSG(""test_atomic_with_unused_enum_value"");
  int errors = 0, x = 0, num_threads = -1;

#pragma omp target map(tofrom: num_threads,x)
#pragma omp parallel num_threads(OMPVV_NUM_THREADS_DEVICE) default(shared)
  {
    if (omp_get_thread_num() == 0) {
      num_threads = omp_get_num_threads();
    }
#pragma omp atomic hint(0X1024) //As of OMP Spec 5.0 only values till 0x8 have been taken
    x++;
  }

  OMPVV_ERROR_IF(num_threads < 0, ""Test ran with invalid number of threads (less than zero)"");
  OMPVV_WARNING_IF(num_threads == 1, ""Test ran with one thread, so the results are not conclusive"");

  OMPVV_TEST_AND_SET_VERBOSE(errors, x != num_threads);

  return errors;
}


int main() {
  int errors = 0;

  OMPVV_TEST_OFFLOADING;
  OMPVV_TEST_AND_SET_VERBOSE(errors, test_atomic_with_used_enum_value());
  OMPVV_TEST_AND_SET_VERBOSE(errors, test_atomic_with_unused_enum_value());

  OMPVV_REPORT_AND_RETURN(errors);
}
",openmp_gpu_batch_12_optionA_full_multivariant_FULL.csv,False,failed,True,passed,,NEEDS_REVIEW,atomic,general_code,tests/5.0/atomic,5.0,needs_review,False,needs_review
tests/5.0/target_teams_distribute_parallel_for_simd/test_target_teams_distribute_parallel_for_simd_atomic.c,target_teams_distribute_parallel_for_simd,loop_body,X_PLUS1_TO_PLUS2,high,x += 1;,x += 2;,oracle checks x == N,each iteration increments by 2 instead of 1,26,test_target_teams_distribute_parallel_for_simd_atomic_X_PLUS1_TO_PLUS2.c,"//===--- test_target_teams_distribute_parallel_for_simd_atomic.c ------------===//
//
// OpenMP API Version 5.0 Nov 2018
//
// This test checks that the atomic construct can be used within the target
// teams distribute parallel for construct with simd to avoid a race
// condition in updating a shared variable, whose value is checked after
// updating.
//
////===----------------------------------------------------------------------===//
#include <assert.h>
#include <omp.h>
#include <stdio.h>
#include <stdlib.h>
#include ""ompvv.h""

#define N 1024

int test_target_teams_distribute_parallel_for_simd_atomic() {
  OMPVV_INFOMSG(""test_target_teams_distribute_parallel_for_simd_atomic"");
  int errors = 0, x = 0;

#pragma omp target teams distribute parallel for simd map(tofrom: x) shared(x) num_teams(OMPVV_NUM_TEAMS_DEVICE) num_threads(OMPVV_NUM_THREADS_DEVICE)
  for (int i = 0; i < N; i++) {
#pragma omp atomic update
    x += 1;
  }

  OMPVV_TEST_AND_SET_VERBOSE(errors, x != N);

  return errors;
}


int main() {
  int errors = 0;
  OMPVV_TEST_OFFLOADING;

  OMPVV_TEST_AND_SET_VERBOSE(errors, test_target_teams_distribute_parallel_for_simd_atomic());

  OMPVV_REPORT_AND_RETURN(errors);
}
","//===--- test_target_teams_distribute_parallel_for_simd_atomic.c ------------===//
//
// OpenMP API Version 5.0 Nov 2018
//
// This test checks that the atomic construct can be used within the target
// teams distribute parallel for construct with simd to avoid a race
// condition in updating a shared variable, whose value is checked after
// updating.
//
////===----------------------------------------------------------------------===//
#include <assert.h>
#include <omp.h>
#include <stdio.h>
#include <stdlib.h>
#include ""ompvv.h""

#define N 1024

int test_target_teams_distribute_parallel_for_simd_atomic() {
  OMPVV_INFOMSG(""test_target_teams_distribute_parallel_for_simd_atomic"");
  int errors = 0, x = 0;

#pragma omp target teams distribute parallel for simd map(tofrom: x) shared(x) num_teams(OMPVV_NUM_TEAMS_DEVICE) num_threads(OMPVV_NUM_THREADS_DEVICE)
  for (int i = 0; i < N; i++) {
#pragma omp atomic update
    x += 2;
  }

  OMPVV_TEST_AND_SET_VERBOSE(errors, x != N);

  return errors;
}


int main() {
  int errors = 0;
  OMPVV_TEST_OFFLOADING;

  OMPVV_TEST_AND_SET_VERBOSE(errors, test_target_teams_distribute_parallel_for_simd_atomic());

  OMPVV_REPORT_AND_RETURN(errors);
}
",openmp_gpu_batch_18_optionA_full_multivariant.csv,False,failed,True,passed,,NEEDS_REVIEW,atomic,general_code,tests/5.0/target_teams_distribute_parallel_for_simd,5.0,needs_review,False,needs_review
tests/5.1/order/test_taskloop_simd_order_reproducible_device.c,order,loop_body,Y_PLUS2_TO_MINUS2,high,y[i] = x[i] + 2;,y[i] = x[i] - 2;,oracle checks y[i] == i+4,second taskloop subtracts 2 instead of adding 2,44,test_taskloop_simd_order_reproducible_device_Y_PLUS2_TO_MINUS2.c,"//===------------ test_target_taskloop_simd_order_reproducible_device.c ------===//
//
// OpenMP API Version 5.1 Nov 2020
//
// This test checks that the order(reproducible:concurrent) clause is properly handled.
// Leverages the previous array item to determine if the same threads executed
// in the same order over the array. If both arrays match the test passes,
// if not it fails as the reproducible clause failed.
//
////===----------------------------------------------------------------------===//

#include <omp.h>
#include <stdio.h>
#include <stdlib.h>
#include ""ompvv.h""

#define N 24

int main() {
        int errors = 0;
        int x[N];
        int y[N];

        for (int i = 0; i < N; i++) {
                x[i] = i;
                y[i] = i;
        }

        OMPVV_TEST_OFFLOADING;

        #pragma omp target map(tofrom: x,y)
        {
                #pragma omp parallel
                {
                   #pragma omp single
                   #pragma omp taskloop simd order(reproducible:concurrent)
                      for (int i = 0; i < N; i++) {
                         x[i] = x[i] + 2;
                      }

                   #pragma omp single
                   #pragma omp taskloop simd order(reproducible:concurrent)
                      for (int i = 0; i < N; i++) {
                        y[i] = x[i] + 2;
                      }
                }

        }

        for (int i = 0; i < N; i++) {
                OMPVV_TEST_AND_SET(errors, y[i] != i + 4);
        }

        OMPVV_REPORT_AND_RETURN(errors);
}
","//===------------ test_target_taskloop_simd_order_reproducible_device.c ------===//
//
// OpenMP API Version 5.1 Nov 2020
//
// This test checks that the order(reproducible:concurrent) clause is properly handled.
// Leverages the previous array item to determine if the same threads executed
// in the same order over the array. If both arrays match the test passes,
// if not it fails as the reproducible clause failed.
//
////===----------------------------------------------------------------------===//

#include <omp.h>
#include <stdio.h>
#include <stdlib.h>
#include ""ompvv.h""

#define N 24

int main() {
        int errors = 0;
        int x[N];
        int y[N];

        for (int i = 0; i < N; i++) {
                x[i] = i;
                y[i] = i;
        }

        OMPVV_TEST_OFFLOADING;

        #pragma omp target map(tofrom: x,y)
        {
                #pragma omp parallel
                {
                   #pragma omp single
                   #pragma omp taskloop simd order(reproducible:concurrent)
                      for (int i = 0; i < N; i++) {
                         x[i] = x[i] + 2;
                      }

                   #pragma omp single
                   #pragma omp taskloop simd order(reproducible:concurrent)
                      for (int i = 0; i < N; i++) {
                        y[i] = x[i] - 2;
                      }
                }

        }

        for (int i = 0; i < N; i++) {
                OMPVV_TEST_AND_SET(errors, y[i] != i + 4);
        }

        OMPVV_REPORT_AND_RETURN(errors);
}
",openmp_gpu_batch_25_optionA_full_multivariant.csv,False,failed,True,passed,,NEEDS_REVIEW,taskloop_simd,general_code,tests/5.1/order,5.1,needs_review,False,needs_review
tests/5.1/order/test_taskloop_simd_order_unconstrained_device.c,order,loop_body,Y_PLUS2_TO_MINUS2,high,y[i] = y[i] + 2;,y[i] = y[i] - 2;,oracle checks y[i] == i+2,second taskloop subtracts 2 instead of adding 2,44,test_taskloop_simd_order_unconstrained_device_Y_PLUS2_TO_MINUS2.c,"//===------ test_target_taskloop_simd_order_unconstrained_concurrent.c ------===//
//
// OpenMP API Version 5.1 Nov 2020
//
// This test checks that the order(unconstrained:concurrent) clause is properly handled.
// As per the definition the order in which they are executed does not matter.
// Instead focus on that the correct result is calculated, regardless of execution
// order.
//
////===----------------------------------------------------------------------===//

#include <omp.h>
#include <stdio.h>
#include <stdlib.h>
#include ""ompvv.h""

#define N 24

int main() {
        int errors = 0;
        int x[N];
        int y[N];

        for (int i = 0; i < N; i++) {
                x[i] = i;
                y[i] = i;
        }

        OMPVV_TEST_OFFLOADING;

        #pragma omp target map(tofrom: x,y)
        {
                #pragma omp parallel
                {
                   #pragma omp single
                   #pragma omp taskloop simd order(unconstrained:concurrent)
                   for (int i = 0; i < N; i++) {
                           x[i] = x[i] + 2;
                   }

                   #pragma omp single
                   #pragma omp taskloop simd order(unconstrained:concurrent)
                   for (int i = 0; i < N; i++) {
                           y[i] = y[i] + 2;
                   }
                }

        }

        for (int i = 0; i < N; i++) {
                OMPVV_TEST_AND_SET(errors, y[i] != i + 2);
                OMPVV_TEST_AND_SET(errors, x[i] != i + 2)
        }

        OMPVV_REPORT_AND_RETURN(errors);
}
","//===------ test_target_taskloop_simd_order_unconstrained_concurrent.c ------===//
//
// OpenMP API Version 5.1 Nov 2020
//
// This test checks that the order(unconstrained:concurrent) clause is properly handled.
// As per the definition the order in which they are executed does not matter.
// Instead focus on that the correct result is calculated, regardless of execution
// order.
//
////===----------------------------------------------------------------------===//

#include <omp.h>
#include <stdio.h>
#include <stdlib.h>
#include ""ompvv.h""

#define N 24

int main() {
        int errors = 0;
        int x[N];
        int y[N];

        for (int i = 0; i < N; i++) {
                x[i] = i;
                y[i] = i;
        }

        OMPVV_TEST_OFFLOADING;

        #pragma omp target map(tofrom: x,y)
        {
                #pragma omp parallel
                {
                   #pragma omp single
                   #pragma omp taskloop simd order(unconstrained:concurrent)
                   for (int i = 0; i < N; i++) {
                           x[i] = x[i] + 2;
                   }

                   #pragma omp single
                   #pragma omp taskloop simd order(unconstrained:concurrent)
                   for (int i = 0; i < N; i++) {
                           y[i] = y[i] - 2;
                   }
                }

        }

        for (int i = 0; i < N; i++) {
                OMPVV_TEST_AND_SET(errors, y[i] != i + 2);
                OMPVV_TEST_AND_SET(errors, x[i] != i + 2)
        }

        OMPVV_REPORT_AND_RETURN(errors);
}
",openmp_gpu_batch_25_optionA_full_multivariant.csv,False,failed,True,passed,,NEEDS_REVIEW,taskloop_simd,general_code,tests/5.1/order,5.1,needs_review,False,needs_review
tests/4.5/target/test_target_map_zero_length_pointer.c,target,target_mapping,ZERO_LENGTH_POINTER_TO_FULL_MAP,medium,#pragma omp target,#pragma omp target map(p[0:N]),test specifically checks implicit zero-length pointer mapping rule,pointer is explicitly mapped as full section instead of relying on implicit zero-length mapping,34,test_target_map_zero_length_pointer_TARGET_TO_TARGET_MAP_POINTER_FULL.c,"//===--- test_target_map_zero_length_pointer.c -----------------------------===//
//
// OpenMP API Version 4.5 Nov 2015
//
// If a pointer is referenced in a target construct, not declared in the target
// construct, and does not appear in a data-sharing attribute or map clause, it
// is treated as if it appeared in a map clause as a zero-length array section.
// This test checks this rule by giving a pointer the address of an array,
// mapping that array to a device with tofrom map-type, and then changing the
// values of the array on the device using the pointer. Finally, back on the
// host the array is checked in order to confirm that values were properly
// modified through the pointer.
//
////===---------------------------------------------------------------------===//

#include <stdio.h>
#include <omp.h>
#include ""ompvv.h""

#define N 1000

//Test non-specified mapping of pointer as a zero-length array in a map clause
int test_zero_length_pointer() {
  int compute_array[N];
  int *p;
  int sum = 0, result = 0, errors = 0;
  int i;

  for (i = 0; i < N; i++)
    compute_array[i] = 0;

  p = &compute_array[0];

#pragma omp target data map(tofrom: compute_array)
#pragma omp target
  {
  for (i = 0; i < N; i++)
    p[i] = i;
  } // end target

  for (i = 0; i < N; i++)
    sum = sum + compute_array[i];

  for (i = 0; i < N; i++)
    result += i;

  OMPVV_TEST_AND_SET_VERBOSE(errors, result != sum);

  return errors;
}

int main() {
  int errors = 0;

  int isOffloading;
  OMPVV_TEST_AND_SET_OFFLOADING(isOffloading);

  OMPVV_TEST_AND_SET_VERBOSE(errors, test_zero_length_pointer());

  OMPVV_REPORT_AND_RETURN(errors);
}
","//===--- test_target_map_zero_length_pointer.c -----------------------------===//
//
// OpenMP API Version 4.5 Nov 2015
//
// If a pointer is referenced in a target construct, not declared in the target
// construct, and does not appear in a data-sharing attribute or map clause, it
// is treated as if it appeared in a map clause as a zero-length array section.
// This test checks this rule by giving a pointer the address of an array,
// mapping that array to a device with tofrom map-type, and then changing the
// values of the array on the device using the pointer. Finally, back on the
// host the array is checked in order to confirm that values were properly
// modified through the pointer.
//
////===---------------------------------------------------------------------===//

#include <stdio.h>
#include <omp.h>
#include ""ompvv.h""

#define N 1000

//Test non-specified mapping of pointer as a zero-length array in a map clause
int test_zero_length_pointer() {
  int compute_array[N];
  int *p;
  int sum = 0, result = 0, errors = 0;
  int i;

  for (i = 0; i < N; i++)
    compute_array[i] = 0;

  p = &compute_array[0];

#pragma omp target map(p[0:N]) data map(tofrom: compute_array)
#pragma omp target
  {
  for (i = 0; i < N; i++)
    p[i] = i;
  } // end target

  for (i = 0; i < N; i++)
    sum = sum + compute_array[i];

  for (i = 0; i < N; i++)
    result += i;

  OMPVV_TEST_AND_SET_VERBOSE(errors, result != sum);

  return errors;
}

int main() {
  int errors = 0;

  int isOffloading;
  OMPVV_TEST_AND_SET_OFFLOADING(isOffloading);

  OMPVV_TEST_AND_SET_VERBOSE(errors, test_zero_length_pointer());

  OMPVV_REPORT_AND_RETURN(errors);
}
",openmp_gpu_batch_11_optionA_full_multivariant.csv,False,compile_error,True,passed,,NEEDS_REVIEW,target_mapping,mapping,tests/4.5/target,4.5,needs_review,False,needs_review
tests/5.1/runtime_calls/test_omp_display_env.c,runtime_calls,oracle_value,RETURN_VALUE_0_TO_1,high,return 0;,return 1;,test_omp_display_env() == 0,test returns nonzero even though runtime call completes,16,test_omp_display_env_RETURN_ERROR.c,"//===-- test_omp_display_env.c --------------------------------------------===//
//
// OpenMP API Version 5.1 Aug 2021
//
// Tests the behavior of omp_display_env. This test should print out the OpenMP
// version number and the initial values of the ICV's associated with the
// environment variables
//
//===----------------------------------------------------------------------===//

#include <omp.h>
#include <stdio.h>
#include <stdlib.h>
#include ""ompvv.h""
#include <math.h>

int test_omp_display_env(){
        omp_display_env(1);
        return 0;
}

int main(){
        OMPVV_REPORT_AND_RETURN(test_omp_display_env());
}
","//===-- test_omp_display_env.c --------------------------------------------===//
//
// OpenMP API Version 5.1 Aug 2021
//
// Tests the behavior of omp_display_env. This test should print out the OpenMP
// version number and the initial values of the ICV's associated with the
// environment variables
//
//===----------------------------------------------------------------------===//

#include <omp.h>
#include <stdio.h>
#include <stdlib.h>
#include ""ompvv.h""
#include <math.h>

int test_omp_display_env(){
        omp_display_env(1);
        return 1;
}

int main(){
        OMPVV_REPORT_AND_RETURN(test_omp_display_env());
}
",openmp_batch_131_150_optionA_full_multivariant.csv,False,failed,True,passed,,ORACLE_MUTATION,runtime_api,general_code,tests/5.1/runtime_calls,5.1,resolved,False,oracle_mutation
