bug_type,count,example_source_id,example_category,example_bug_family,example_original_statement,example_buggy_statement,suggested_mutation_type,suggested_omp_construct,suggested_bug_omp_concept,needs_review
BASE_WRONG_ASSIGNMENT,1,tests/5.1/dispatch/test_dispatch.c,dispatch,variant_semantics,arr[i] = arr[i]+1;,arr[i] = arr[i]+4;,CHANGE_ASSIGNMENT,dispatch,general_code,FALSE
VARIANT_WRONG_ASSIGNMENT,2,tests/5.1/declare_variant/test_declare_variant_adjust_args.c,declare_variant,variant_semantics,arr[i] = i+3; // Variant function adds 3 to array values,arr[i] = i+1; // BUG: variant function adds 1 instead of 3,CHANGE_ASSIGNMENT,declare_variant,variant_selector,FALSE
WRONG_ARRAY_UPDATE,1,tests/6.0/parallel/test_parallel_safesync.c,parallel,loop_body,a[i] += b[i];,a[i] += b[i] + 1;,CHANGE_ASSIGNMENT,parallel,loop_body,FALSE
WRONG_ASSIGNMENT,4,tests/6.0/fuse/test_fuse_apply_looprange.c,fuse,loop_body,A[2][j] = 2 * N + j + 1;,A[2][j] = 2 * N + j;,CHANGE_ASSIGNMENT,fuse,general_code,FALSE
WRONG_ASSIGNMENT_SCALE,1,tests/6.0/assume/test_assume_noopenmpconstructs.c,assume,loop_body,A[i] = 2 * (i + 1);,A[i] = 3 * (i + 1);,CHANGE_ASSIGNMENT,assume,general_code,FALSE
WRONG_FIB_COMBINE,2,tests/6.0/task/test_task_threadset_ancestor_THREADS_RESERVE.c,task,loop_body,return (i + j);,return (i - j);,CHANGE_ASSIGNMENT,task,general_code,FALSE
WRONG_INCREMENT,6,tests/5.1/order/test_loop_order_unconstrained.c,order,loop_body,x[i] = x[i] + 2;,x[i] = x[i] + 1;,CHANGE_ASSIGNMENT,loop,general_code,FALSE
WRONG_INCREMENT_AMOUNT,5,tests/5.1/error/test_error_at_execution.c,error,oracle_value,i+=5;,i+=4;,CHANGE_ASSIGNMENT,error,general_code,FALSE
WRONG_LOOP_BODY_ASSIGNMENT,3,tests/5.1/loop/test_full_loop_unroll.c,loop,loop_body,parallel_arr[i] = i;,parallel_arr[i] = i + 1;,CHANGE_ASSIGNMENT,loop,loop_body,FALSE
WRONG_RETURN_UPDATE,2,tests/6.0/parallel/test_parallel_message.c,parallel,loop_body,--return_value;,++return_value;,CHANGE_ASSIGNMENT,parallel,general_code,FALSE
WRONG_TIME_ASSIGNMENT,1,tests/5.1/tile/test_tile.c,tile,loop_body,result[i][j] = time++;,result[i][j] = ++time;,CHANGE_ASSIGNMENT,tile,loop_body,FALSE
BIND_PARALLEL_TO_THREAD,3,tests/5.0/loop/test_loop_bind_device.c,loop,loop_bind,#pragma omp loop bind(parallel),#pragma omp loop bind(thread),CHANGE_CLAUSE,loop,bind,FALSE
BIND_TEAMS_TO_THREAD,2,tests/5.0/loop/test_loop_bind_device.c,loop,loop_bind,#pragma omp loop bind(teams),#pragma omp loop bind(thread),CHANGE_CLAUSE,loop,bind,FALSE
BIND_THREAD_TO_PARALLEL,1,tests/5.0/loop/test_loop_bind.c,loop,loop_binding,#pragma omp loop bind(thread),#pragma omp loop bind(parallel),CHANGE_CLAUSE,loop,bind,FALSE
BIND_THREAD_TO_TEAMS,1,tests/5.0/loop/test_loop_bind.c,loop,loop_binding,#pragma omp loop bind(thread),#pragma omp loop bind(teams),CHANGE_CLAUSE,loop,bind,FALSE
DEFAULT_FIRSTPRIVATE_TO_SHARED,4,tests/5.1/default/test_default_firstprivate_parallel.c,default,data_sharing,#pragma omp parallel default(firstprivate) num_threads(OMPVV_NUM_THREADS_HOST),#pragma omp parallel default(shared) num_threads(OMPVV_NUM_THREADS_HOST),CHANGE_CLAUSE,default,data_sharing,FALSE
FIRSTPRIVATE_TARGET_TO_PRIVATE,1,tests/6.0/modifiers/test_directive_name_modifier.c,modifiers,data_sharing,#pragma omp target teams distribute firstprivate(target : shared_value) num_teams(M) \,#pragma omp target teams distribute private(shared_value) num_teams(M) \,CHANGE_CLAUSE,modifiers,data_sharing,FALSE
FIRSTPRIVATE_TEAMS_TO_PRIVATE,1,tests/6.0/modifiers/test_directive_name_modifier.c,modifiers,data_sharing,#pragma omp target teams distribute firstprivate(teams : shared_value) num_teams(M) \,#pragma omp target teams distribute private(shared_value) num_teams(M) \,CHANGE_CLAUSE,modifiers,data_sharing,FALSE
FIRSTPRIVATE_TO_PRIVATE,2,tests/5.2/scope/test_scope_firstprivate_construct.c,scope,data_sharing,#pragma omp scope firstprivate(test_int),#pragma omp scope private(test_int),CHANGE_CLAUSE,scope,data_sharing,FALSE
LASTPRIVATE_TO_FIRSTPRIVATE,1,tests/4.5/taskloop/test_taskloop_lastprivate.c,taskloop,data_scoping,#pragma omp taskloop lastprivate(val),#pragma omp taskloop firstprivate(val),CHANGE_CLAUSE,taskloop,data_sharing,FALSE
LASTPRIVATE_TO_PRIVATE,1,tests/4.5/taskloop/test_taskloop_lastprivate.c,taskloop,data_scoping,#pragma omp taskloop lastprivate(val),#pragma omp taskloop private(val),CHANGE_CLAUSE,taskloop,data_sharing,FALSE
PARALLEL_MASTER_TO_PARALLEL,1,tests/5.0/parallel_master/test_parallel_master_device.c,parallel_master,parallel_master,"#pragma omp parallel master num_threads(OMPVV_NUM_THREADS_DEVICE) shared(x, y, z, num_threads)","#pragma omp parallel num_threads(OMPVV_NUM_THREADS_DEVICE) shared(x, y, z, num_threads)",CHANGE_CLAUSE,parallel_master,data_sharing,FALSE
SEVERITY_WARNING_TO_FATAL,1,tests/6.0/parallel/test_parallel_severity.c,parallel,parallel_clause,"#pragma omp parallel severity(warning) message(""Entering first parallel region."")","#pragma omp parallel severity(fatal) message(""Entering first parallel region."")",CHANGE_CLAUSE,parallel,severity,FALSE
SHARED_TO_PRIVATE,2,tests/4.5/taskloop/test_taskloop_shared.c,taskloop,data_sharing,#pragma omp taskloop shared(shared_var),#pragma omp taskloop private(shared_var),CHANGE_CLAUSE,taskloop,data_sharing,FALSE
SHARE_SHARED_TO_PRIVATE,1,tests/5.0/teams/test_team_default_shared.c,teams,data_sharing,#pragma omp teams distribute default(shared) num_teams(OMPVV_NUM_TEAMS_DEVICE),#pragma omp teams distribute default(shared) private(share) num_teams(OMPVV_NUM_TEAMS_DEVICE),CHANGE_CLAUSE,teams,data_sharing,FALSE
THREADSET_POOL_TO_TEAM,2,tests/6.0/task/test_task_threadset_ancestor_THREADS_RESERVE.c,task,threadset,#pragma omp task shared(i) threadset(omp_pool),#pragma omp task shared(i) threadset(omp_team),CHANGE_CLAUSE,task,data_sharing,FALSE
WRONG_PARALLEL_VARIANT_SELECTOR,1,tests/5.1/declare_variant/test_begin_end_declare_variant.c,declare_variant,variant_selection,#pragma omp begin declare variant match(construct={parallel}),#pragma omp begin declare variant match(construct={target}),CHANGE_CLAUSE,declare_variant,variant_selector,FALSE
WRONG_TARGET_VARIANT_SELECTOR,1,tests/5.1/declare_variant/test_begin_end_declare_variant.c,declare_variant,variant_selection,#pragma omp begin declare variant match(construct={target}),#pragma omp begin declare variant match(construct={parallel}),CHANGE_CLAUSE,declare_variant,variant_selector,FALSE
CANNOT_ASSUME_FALSE_TO_TRUE,1,tests/6.0/assume/test_assume_noopenmpconstructs.c,assume,assumption,#define cannot_assume 0,#define cannot_assume 1,CHANGE_CONDITION,assume,general_code,FALSE
CAN_ASSUME_TRUE_TO_FALSE,1,tests/6.0/assume/test_assume_noopenmpconstructs.c,assume,assumption,#define can_assume 1,#define can_assume 0,CHANGE_CONDITION,assume,general_code,FALSE
FINAL_ISFINAL_TO_NOT_ISFINAL,1,tests/4.5/task/test_task_final.c,task,condition_semantics,#pragma omp task final(isFinal),#pragma omp task final(!isFinal),CHANGE_CONDITION,task,task_final,FALSE
IF0_TO_IF1,1,tests/4.5/task/test_task_ThrdPrivate.c,task,condition_semantics,#pragma omp task if(0),#pragma omp task if(1),CHANGE_CONDITION,task,task_if,FALSE
IF_TO_ZERO,1,tests/4.5/taskloop/test_taskloop_if.c,taskloop,condition_semantics,#pragma omp taskloop if(M == THRESHOLD),#pragma omp taskloop if(0),CHANGE_CONDITION,taskloop,loop,FALSE
LASTPRIVATE_CONDITIONAL_TO_LASTPRIVATE,1,tests/5.0/parallel_for/test_parallel_for_lastprivate_conditional.c,parallel_for,lastprivate_semantics,#pragma omp parallel for lastprivate(conditional: x),#pragma omp parallel for lastprivate(x),CHANGE_CONDITION,parallel_for,data_sharing,FALSE
ADD_NUM_THREADS_ONE,1,tests/6.0/parallel/test_parallel_message.c,parallel,parallel_clause,"#pragma omp parallel message(""Entering first parallel region."")","#pragma omp parallel num_threads(1) message(""Entering first parallel region."")",CHANGE_CONFIGURATION,parallel,configuration,FALSE
ALIGN_64_TO_8_ALLOC,1,tests/5.1/allocate/test_omp_target_aligned_alloc_device.c,allocate,allocate,"x = (int *)omp_aligned_alloc(64, N*sizeof(int), alloc);","x = (int *)omp_aligned_alloc(8, N*sizeof(int), alloc);",CHANGE_CONFIGURATION,target_mapping,allocator,FALSE
ALIGN_64_TO_8_CALLOC,1,tests/5.1/allocate/test_target_aligned_calloc.c,allocate,allocate,"x = (int *)omp_aligned_calloc(64, N, N*sizeof(int), omp_default_mem_alloc);","x = (int *)omp_aligned_calloc(8, N, N*sizeof(int), omp_default_mem_alloc);",CHANGE_CONFIGURATION,target_mapping,data_sharing,FALSE
ALLOCATOR_DEFAULT_TO_NULL,1,tests/5.0/allocate/test_allocate_on_device.c,allocate,allocate,#pragma omp allocate(x) allocator(omp_default_mem_alloc),#pragma omp allocate(x) allocator(omp_null_allocator),CHANGE_CONFIGURATION,allocator,data_sharing,FALSE
ALLOC_ALIGNMENT_64_TO_32,1,tests/5.0/allocate/test_allocate_allocator.c,allocate,allocator_semantics,"omp_alloctrait_t x_traits[1] = {{omp_atk_alignment, 64}};","omp_alloctrait_t x_traits[1] = {{omp_atk_alignment, 32}};",CHANGE_CONFIGURATION,allocator,allocator,FALSE
ASSIGN_I_TO_ZERO,6,tests/4.5/target/test_target_map_global_arrays.c,target,loop_body,compute_array[i] = i;,compute_array[i] = 0;,CHANGE_CONFIGURATION,target_mapping,general_code,FALSE
ASSIGN_PMAX_TO_ZERO,1,tests/5.1/atomic/test_atomic_compare_device.c,atomic,loop_body,pmax = arr[i];,pmax = 0;,CHANGE_CONFIGURATION,atomic,general_code,FALSE
A_ASSIGN_I_TO_ZERO,1,tests/4.5/task/test_task_target.c,task,loop_body,a[i] = i;,a[i] = 0;,CHANGE_CONFIGURATION,task,general_code,FALSE
A_DOUBLE_TO_ZERO,1,tests/5.0/target/test_target_firstprivate_device.c,target,loop_body,A[i] = A[i] + A[i];,A[i] = 0;,CHANGE_CONFIGURATION,target_mapping,general_code,FALSE
CALLOC_TO_ALLOC,2,tests/5.1/allocate/test_calloc_host.c,allocate,memory_initialization,"x = (int *)omp_calloc(64, N*sizeof(int), omp_default_mem_alloc);","x = (int *)omp_alloc(64*N*sizeof(int), omp_default_mem_alloc);",CHANGE_CONFIGURATION,allocator,data_sharing,FALSE
COPY_A_TO_ZERO,1,tests/4.5/target_enter_data/test_target_enter_data_global_array.c,target_enter_data,loop_body,B[i] = A[i];,B[i] = 0;,CHANGE_CONFIGURATION,target_mapping,general_code,FALSE
COPY_DEV_PTR_TO_ZERO,1,tests/5.0/target/test_target_teams_is_device_ptr.c,target,loop_body,host_data[i] = dev_ptr[i];,host_data[i] = 0;,CHANGE_CONFIGURATION,target_mapping,general_code,FALSE
COPY_FROM_ARRAY_TO_ZERO,2,tests/5.0/requires/test_requires_unified_shared_memory_malloc_is_device_ptr.c,requires,loop_body,anArrayCopy[i] = anArray[i];,anArrayCopy[i] = 0;,CHANGE_CONFIGURATION,target_mapping,general_code,FALSE
COPY_FROM_PTR_TO_ZERO,1,tests/5.0/requires/test_requires_unified_shared_memory_stack_is_device_ptr.c,requires,loop_body,anArrayCopy[i] = aPtr[i];,anArrayCopy[i] = 0;,CHANGE_CONFIGURATION,target_mapping,general_code,FALSE
COPY_X_TO_ZERO,1,tests/4.5/target_enter_data/test_target_enter_data_malloced_array.c,target_enter_data,loop_body,B[i] = x[i];,B[i] = 0;,CHANGE_CONFIGURATION,target_mapping,general_code,FALSE
DEVICE_ASSIGN_I_TO_ZERO,1,tests/4.5/target/test_target_is_device_ptr.c,target,loop_body,array_device[i] = i;,array_device[i] = 0;,CHANGE_CONFIGURATION,target_mapping,general_code,FALSE
DEVICE_COPY_SOURCE_TO_ZERO,1,tests/4.5/target_data/test_target_data_map_to.c,target_data,loop_body,d_array[i] = h_array_h[i];,d_array[i] = 0;,CHANGE_CONFIGURATION,target_mapping,general_code,FALSE
FINAL_ONE_TO_ZERO_ADVANCED,1,tests/4.5/task/test_task_final.c,task,condition_semantics,#pragma omp task final(1),#pragma omp task final(0),CHANGE_CONFIGURATION,task,general_code,FALSE
FINAL_ONE_TO_ZERO_NESTED,1,tests/4.5/task/test_task_final.c,task,condition_semantics,#pragma omp task final(1),#pragma omp task final(0),CHANGE_CONFIGURATION,task,general_code,FALSE
FINAL_TO_ZERO,1,tests/4.5/taskloop/test_taskloop_final.c,taskloop,condition_semantics,#pragma omp taskloop final(M == THRESHOLD),#pragma omp taskloop final(0),CHANGE_CONFIGURATION,taskloop,loop,FALSE
GET_NUM_TEAMS_TO_GET_NUM_THREADS,1,tests/4.5/target_teams_distribute_parallel_for/test_target_teams_distribute_parallel_for_num_teams.c,target_teams_distribute_parallel_for,runtime_api,num_teams[i] = omp_get_num_teams();,num_teams[i] = omp_get_num_threads();,CHANGE_CONFIGURATION,target_mapping,configuration,FALSE
GET_NUM_TEAMS_TO_GET_TEAM_NUM,1,tests/4.5/target_teams_distribute/test_target_teams_distribute.c,target_teams_distribute,runtime_api,num_teams[x] = omp_get_num_teams();,num_teams[x] = omp_get_team_num();,CHANGE_CONFIGURATION,target_mapping,configuration,FALSE
GET_NUM_TEAMS_TO_TEAM_NUM,2,tests/5.0/target/test_target_teams_reduction.c,target,runtime_api,num_actual_teams = omp_get_num_teams();,num_actual_teams = omp_get_team_num();,CHANGE_CONFIGURATION,target_mapping,configuration,FALSE
GET_NUM_THREADS_TO_GET_NUM_TEAMS,1,tests/4.5/target_teams_distribute_parallel_for/test_target_teams_distribute_parallel_for_num_threads.c,target_teams_distribute_parallel_for,runtime_api,num_threads[i] = omp_get_num_threads();,num_threads[i] = omp_get_num_teams();,CHANGE_CONFIGURATION,target_mapping,configuration,FALSE
GET_NUM_THREADS_TO_NUM_TEAMS,1,tests/4.5/target_teams_distribute/test_target_teams_distribute_thread_limit.c,target_teams_distribute,runtime_api,num_threads = omp_get_num_threads();,num_threads = omp_get_num_teams();,CHANGE_CONFIGURATION,target_mapping,configuration,FALSE
GET_TEAM_NUM_TO_NUM_TEAMS,1,tests/4.5/target_teams_distribute/test_target_teams_distribute_dist_schedule.c,target_teams_distribute,runtime_api,a[i] = omp_get_team_num();,a[i] = omp_get_num_teams();,CHANGE_CONFIGURATION,target_mapping,configuration,FALSE
INIT_I_TO_ZERO,2,tests/5.0/declare_mapper/test_declare_mapper_target_struct.c,declare_mapper,loop_body,s->data[i] = i;,s->data[i] = 0;,CHANGE_CONFIGURATION,declare_mapper,general_code,FALSE
MEMBER_B_INIT_I_TO_ZERO,1,tests/5.0/target/test_target_mapping_before_alloc.c,target,loop_body,member.b[i] = i;,member.b[i] = 0;,CHANGE_CONFIGURATION,target_mapping,general_code,FALSE
NOWAIT_ARG_TO_ZERO,1,tests/6.0/target/test_target_nowait_argument.c,target,synchronization,#pragma omp target nowait(is_deferred) map(tofrom: x),#pragma omp target nowait(0) map(tofrom: x),CHANGE_CONFIGURATION,target_mapping,mapping,FALSE
NUM_TEAMS_FIRST_VALUE_ZERO,1,tests/4.5/target_teams_distribute_parallel_for/test_target_teams_distribute_parallel_for_num_teams.c,target_teams_distribute_parallel_for,configuration,"int tested_num_teams[] = {1, 10, 100, 10000};","int tested_num_teams[] = {0, 10, 100, 10000};",CHANGE_CONFIGURATION,target_mapping,configuration,FALSE
NUM_TEAMS_HALF_TO_DOUBLE,1,tests/4.5/target_teams_distribute/test_target_teams_distribute_num_teams.c,target_teams_distribute,configuration,num_teams(default_num_teams / 2),num_teams(default_num_teams * 2),CHANGE_CONFIGURATION,target_mapping,data_sharing,FALSE
NUM_THREADS_FIRST_VALUE_ZERO,1,tests/4.5/target_teams_distribute_parallel_for/test_target_teams_distribute_parallel_for_num_threads.c,target_teams_distribute_parallel_for,configuration,"int tested_num_threads[] = {1, 10, 100, 10000};","int tested_num_threads[] = {0, 10, 100, 10000};",CHANGE_CONFIGURATION,target_mapping,configuration,FALSE
NUM_THREADS_TO_THREAD_NUM,2,tests/5.0/atomic/test_atomic_num_hint_device.c,atomic,runtime_api,num_threads = omp_get_num_threads();,num_threads = omp_get_thread_num();,CHANGE_CONFIGURATION,atomic,configuration,FALSE
OMP_IS_INITIAL_DEVICE_TO_ONE,1,tests/5.0/program_control/test_omp_target_offload_env_DEFAULT.c,program_control,runtime_api,on_init_dev=omp_is_initial_device();,on_init_dev=1;,CHANGE_CONFIGURATION,target_mapping,runtime_api,FALSE
PRIVATIZED_INIT_ZERO_TO_ONE,1,tests/4.5/target_teams_distribute_parallel_for/test_target_teams_distribute_parallel_for_private.c,target_teams_distribute_parallel_for,loop_body,privatized = 0;,privatized = 1;,CHANGE_CONFIGURATION,target_mapping,general_code,FALSE
PRIVATIZED_RESET_ZERO_TO_ONE,2,tests/4.5/target_teams_distribute/test_target_teams_distribute_firstprivate.c,target_teams_distribute,loop_body,privatized = 0;,privatized = 1;,CHANGE_CONFIGURATION,target_mapping,general_code,FALSE
PRIV_VAL_ZERO_TO_ONE,1,tests/5.0/target_parallel_loop/test_target_parallel_loop_private.c,target_parallel_loop,loop_body,priv_val = 0;,priv_val = 1;,CHANGE_CONFIGURATION,loop,general_code,FALSE
PTR_ASSIGN_I_TO_ZERO,3,tests/4.5/target/test_target_map_pointer.c,target,loop_body,p[i] = i;,p[i] = 0;,CHANGE_CONFIGURATION,target_mapping,general_code,FALSE
PVAL_ASSIGN_FPVAL_TO_ZERO,1,tests/4.5/target/test_target_private.c,target,loop_body,p_val = fp_val;,p_val = 0;,CHANGE_CONFIGURATION,target_mapping,general_code,FALSE
REMOVE_ALLOCATE_CGROUP,1,tests/5.0/target/test_target_uses_allocators_cgroup.c,target,allocate,allocate(omp_cgroup_mem_alloc: x),,CHANGE_CONFIGURATION,target_mapping,allocator,FALSE
REMOVE_ALLOCATE_CLAUSE,1,tests/5.0/target/test_target_allocate.c,target,allocate,#pragma omp target uses_allocators(omp_default_mem_alloc) allocate(omp_default_mem_alloc:x) firstprivate(x) map(from: device_result),#pragma omp target uses_allocators(omp_default_mem_alloc) firstprivate(x) map(from: device_result),CHANGE_CONFIGURATION,target_mapping,mapping,FALSE
REMOVE_ALLOCATE_CONST,1,tests/5.0/target/test_target_uses_allocators_const.c,target,allocate,allocate(omp_const_mem_alloc: x),,CHANGE_CONFIGURATION,target_mapping,allocator,FALSE
REMOVE_ALLOCATE_HIGH_BW,1,tests/5.0/target/test_target_uses_allocators_high_bw.c,target,allocate,allocate(omp_high_bw_mem_alloc: x),,CHANGE_CONFIGURATION,target_mapping,allocator,FALSE
REMOVE_ALLOCATE_LARGE_CAP,1,tests/5.0/target/test_target_uses_allocators_large_cap.c,target,allocate,#pragma omp target uses_allocators(omp_large_cap_mem_alloc) allocate(omp_large_cap_mem_alloc: x) firstprivate(x) map(from: device_result),#pragma omp target uses_allocators(omp_large_cap_mem_alloc) firstprivate(x) map(from: device_result),CHANGE_CONFIGURATION,target_mapping,mapping,FALSE
REMOVE_ALLOCATE_LOCAL,1,tests/5.0/teams_loop/test_target_teams_loop_allocate.c,teams_loop,allocate,allocate(omp_low_lat_mem_alloc: local) firstprivate(local),firstprivate(local),CHANGE_CONFIGURATION,loop,data_sharing,FALSE
REMOVE_ALLOCATE_LOW_LAT,1,tests/5.0/target/test_target_uses_allocators_low_lat.c,target,allocate,#pragma omp target uses_allocators(omp_low_lat_mem_alloc) allocate(omp_low_lat_mem_alloc: x) firstprivate(x) map(from: device_result),#pragma omp target uses_allocators(omp_low_lat_mem_alloc) firstprivate(x) map(from: device_result),CHANGE_CONFIGURATION,target_mapping,mapping,FALSE
REMOVE_ALLOCATE_PTEAM,1,tests/5.0/target/test_target_uses_allocators_pteam.c,target,allocate,#pragma omp target parallel for map(from: device_result) uses_allocators(omp_pteam_mem_alloc) allocate(omp_pteam_mem_alloc: pteam_result) private(pteam_result),#pragma omp target parallel for map(from: device_result) uses_allocators(omp_pteam_mem_alloc) private(pteam_result),CHANGE_CONFIGURATION,target_mapping,mapping,FALSE
REMOVE_ALLOCATE_THREAD,1,tests/5.0/target/test_target_uses_allocators_thread.c,target,allocate,#pragma omp target parallel uses_allocators(omp_thread_mem_alloc) allocate(omp_thread_mem_alloc: x) private(x) map(from: device_result),#pragma omp target parallel uses_allocators(omp_thread_mem_alloc) private(x) map(from: device_result),CHANGE_CONFIGURATION,target_mapping,mapping,FALSE
SET_NUM_TEAMS_MINUS_ONE,1,tests/5.1/runtime_calls/test_teams_region_routines.c,runtime_calls,runtime_call,omp_set_num_teams(OMPVV_NUM_TEAMS_DEVICE);,omp_set_num_teams(OMPVV_NUM_TEAMS_DEVICE - 1);,CHANGE_CONFIGURATION,teams,configuration,FALSE
SET_NUM_TEAMS_WRONG_VALUE,1,tests/5.1/teams/test_teams_set_num_teams.c,teams,runtime_call,omp_set_num_teams(8);,omp_set_num_teams(7);,CHANGE_CONFIGURATION,teams,configuration,FALSE
SET_TEAMS_THREAD_LIMIT_MINUS_ONE,1,tests/5.1/runtime_calls/test_teams_region_routines.c,runtime_calls,runtime_call,omp_set_teams_thread_limit(OMPVV_NUM_THREADS_DEVICE);,omp_set_teams_thread_limit(OMPVV_NUM_THREADS_DEVICE - 1);,CHANGE_CONFIGURATION,teams,configuration,FALSE
STRUCT_ARRAY_A_ONE_TO_ZERO,1,tests/4.5/target_enter_exit_data/test_target_enter_exit_data_struct.c,target_enter_exit_data,loop_body,array[i].a = 1;,array[i].a = 0;,CHANGE_CONFIGURATION,target_mapping,general_code,FALSE
STRUCT_SINGLE_A_ONE_TO_ZERO,1,tests/4.5/target_enter_exit_data/test_target_enter_exit_data_struct.c,target_enter_exit_data,loop_body,single.a = 1;,single.a = 0;,CHANGE_CONFIGURATION,target_mapping,general_code,FALSE
TARGET_ALLOC_WRONG_DEVICE,1,tests/4.5/application_kernels/omp_default_device.c,application_kernels,runtime_api,"buf1 = (double *)omp_target_alloc (sizeof(double)* N, iDev1);","buf1 = (double *)omp_target_alloc (sizeof(double)* N, omp_get_initial_device());",CHANGE_CONFIGURATION,application_kernels,allocator,FALSE
THREAD_LIMIT_DOUBLE,2,tests/5.1/target/test_target_thread_limit.c,target,target_configuration,"#pragma omp target map(tofrom:num_teams,errors) thread_limit(testing_thread_limit)","#pragma omp target map(tofrom:num_teams,errors) thread_limit(testing_thread_limit*2)",CHANGE_CONFIGURATION,target_mapping,mapping,FALSE
THREAD_LIMIT_FIRST_VALUE_ZERO,1,tests/4.5/target_teams_distribute_parallel_for/test_target_teams_distribute_parallel_for_thread_limit.c,target_teams_distribute_parallel_for,configuration,"int tested_thread_limit[] = {1, 10, 100, 10000};","int tested_thread_limit[] = {0, 10, 100, 10000};",CHANGE_CONFIGURATION,target_mapping,configuration,FALSE
TILE_SIZE_3_TO_4,1,tests/5.1/tile/test_tile.c,tile,tile_clause,"#pragma omp tile sizes(3, 3)","#pragma omp tile sizes(4, 4)",CHANGE_CONFIGURATION,tile,general_code,FALSE
TILE_SIZE_4_TO_2,1,tests/5.1/tile/test_tile.c,tile,tile_clause,"#pragma omp tile sizes(4, 4)","#pragma omp tile sizes(2, 2)",CHANGE_CONFIGURATION,tile,general_code,FALSE
WRONG_C_ASSIGNMENT_TO_ZERO,1,tests/4.5/target_enter_data/test_target_enter_data_if.c,target_enter_data,loop_body,c[j] = a[j] + b[j];,c[j] = 0;,CHANGE_CONFIGURATION,target_mapping,general_code,FALSE
WRONG_FILTER_THREAD,1,tests/5.1/masked/test_masked_filter.c,masked,masked_semantics,#pragma omp masked filter(3),#pragma omp masked filter(2),CHANGE_CONFIGURATION,masked,general_code,FALSE
WRONG_NUM_TEAMS_OVERRIDE,1,tests/5.1/teams/test_teams_set_num_teams.c,teams,teams_configuration,#pragma omp teams num_teams(OMPVV_NUM_TEAMS_HOST),#pragma omp teams num_teams(1),CHANGE_CONFIGURATION,teams,configuration,FALSE
A0_5_TO_4,1,tests/5.0/target/test_target_defaultmap_default.c,target,loop_body,A[0] = 5; A[1] = 5;,A[0] = 4; A[1] = 5;,CHANGE_CONSTANT,target_mapping,general_code,FALSE
ARRAY_FIELD_1_TO_0,1,tests/4.5/target/test_target_map_struct_default.c,target,loop_body,array[i].a = 1;,array[i].a = 0;,CHANGE_CONSTANT,target_mapping,general_code,FALSE
ASSIGN_2_TO_3,1,tests/5.1/target/test_target_map_iterators.c,target,loop_body,test_lst[i][0] = 2;,test_lst[i][0] = 3;,CHANGE_CONSTANT,target_mapping,general_code,FALSE
A_ASSIGN_5_TO_4,1,tests/5.0/declare_target/test_declare_target_nested.c,declare_target,loop_body,a[i] = 5;,a[i] = 4;,CHANGE_CONSTANT,target_mapping,general_code,FALSE
COLLAPSE_3_TO_2,1,tests/5.0/target_parallel_loop/test_target_parallel_loop_lastprivate.c,target_parallel_loop,loop_collapse,"collapse(3) lastprivate(i, j, k)","collapse(2) lastprivate(i, j, k)",CHANGE_CONSTANT,loop,data_sharing,FALSE
COND_123_TO_122,1,tests/5.0/target/test_target_parallel_for_lastprivate_conditional.c,target,condition,if (k == 24 || k == 123) {,if (k == 24 || k == 122) {,CHANGE_CONSTANT,target_mapping,general_code,FALSE
COUNT_CHECK_123_TO_122,1,tests/5.0/target/test_target_parallel_default.c,target,condition,if (count != 123) {,if (count != 122) {,CHANGE_CONSTANT,target_mapping,general_code,FALSE
C_2X_TO_3X,1,tests/4.5/target_update/test_target_update_from.c,target_update,loop_body,c[j] = (2* b[j]);// c = 24,c[j] = (3* b[j]);// c = 24,CHANGE_CONSTANT,target_mapping,general_code,FALSE
C_SCALE_2_TO_3,1,tests/4.5/target_teams_distribute/test_target_teams_distribute_depend_in_in.c,target_teams_distribute,loop_body,c[x] += 2*(a[x] + b[x]) + d[x];,c[x] += 3*(a[x] + b[x]) + d[x];,CHANGE_CONSTANT,target_mapping,general_code,FALSE
DEVICE_DATA_14_TO_13,1,tests/5.0/target_data/test_target_data_use_device_addr.c,target_data,loop_body,"int device_data = 14, host_data=0;","int device_data = 13, host_data=0;",CHANGE_CONSTANT,target_mapping,general_code,FALSE
DEVICE_INCREMENT_1_TO_2,1,tests/4.5/target_teams_distribute_parallel_for/test_target_teams_distribute_parallel_for_if_no_modifier.c,target_teams_distribute_parallel_for,loop_body,a[i] += 1;,a[i] += 2;,CHANGE_CONSTANT,target_mapping,general_code,FALSE
FALSE_BRANCH_INCREMENT_1_TO_2,1,tests/4.5/target_teams_distribute_parallel_for/test_target_teams_distribute_parallel_for_if_parallel_modifier.c,target_teams_distribute_parallel_for,loop_body,a[i] += (omp_get_num_threads() != 1) ? 10 : 1;,a[i] += (omp_get_num_threads() != 1) ? 10 : 2;,CHANGE_CONSTANT,target_mapping,configuration,FALSE
FIRSTIZED_10_TO_11,1,tests/4.5/target_teams_distribute_parallel_for/test_target_teams_distribute_parallel_for_firstprivate.c,target_teams_distribute_parallel_for,loop_body,int firstized = 10;,int firstized = 11;,CHANGE_CONSTANT,target_mapping,general_code,FALSE
FORCE_ONE_TEAM,1,tests/5.1/runtime_calls/test_teams_region_routines.c,runtime_calls,teams_configuration,#pragma omp teams,#pragma omp teams num_teams(1),CHANGE_CONSTANT,teams,configuration,FALSE
FUN2_RETURN_10_TO_11,1,tests/5.1/target/test_target_declare_indirect.c,target,loop_body,return 10;,return 11;,CHANGE_CONSTANT,target_mapping,general_code,FALSE
HOST_BRANCH_INCREMENT_1_TO_2,2,tests/4.5/target_teams_distribute_parallel_for/test_target_teams_distribute_parallel_for_if_target_modifier.c,target_teams_distribute_parallel_for,loop_body,a[i] += (omp_is_initial_device() ? 1 : 100);,a[i] += (omp_is_initial_device() ? 2 : 100);,CHANGE_CONSTANT,target_mapping,runtime_api,FALSE
INDEX_MINUS_128_TO_127,1,tests/4.5/target_simd/test_target_simd_safelen.c,target_simd,loop_body,A[i-128] += A[i];,A[i-127] += A[i];,CHANGE_CONSTANT,target_mapping,general_code,FALSE
LINEAR_STEP_2_TO_1,1,tests/5.0/target/test_target_parallel_linear.c,target,linear,#pragma omp target parallel for device(gpu) linear(val:2),#pragma omp target parallel for device(gpu) linear(val:1),CHANGE_CONSTANT,target_mapping,general_code,FALSE
MULTIPLY_2_TO_3,3,tests/5.1/target/test_target_memcpy_async_depobj.c,target,loop_body,mem_dev_cpy[i] = mem_dev_cpy[i]*2; // initialize data,mem_dev_cpy[i] = mem_dev_cpy[i]*3; // initialize data,CHANGE_CONSTANT,target_mapping,general_code,FALSE
POW_EXPONENT_2_TO_3,1,tests/4.5/application_kernels/qmcpack_target_math.c,application_kernels,loop_body,"array[i] = pow((double)i,2.0);","array[i] = pow((double)i,3.0);",CHANGE_CONSTANT,target_mapping,general_code,FALSE
PRIVATIZED_INIT_0_TO_1,1,tests/5.0/loop/test_loop_private_device.c,loop,loop_body,privatized = 0;,privatized = 1;,CHANGE_CONSTANT,loop,general_code,FALSE
PTR_STACK_INCREMENT_2_TO_1,1,tests/4.5/target_data/test_target_data_map_pointer_translation.c,target_data,loop_body,ptr_h_array_s[i] += 2;,ptr_h_array_s[i] += 1;,CHANGE_CONSTANT,target_mapping,general_code,FALSE
PTR_WRITE_2_PLUS_I_TO_3_PLUS_I,1,tests/5.1/target/test_target_defaultmap_present_pointer.c,target,loop_body,ptr[i] = 2+i;,ptr[i] = 3+i;,CHANGE_CONSTANT,target_mapping,general_code,FALSE
RESET_INTERVAL_8_TO_4,1,tests/4.5/target_teams_distribute_parallel_for/test_target_teams_distribute_parallel_for_schedule_private.c,target_teams_distribute_parallel_for,loop_body,if (j%8 == 0),if (j%4 == 0),CHANGE_CONSTANT,target_mapping,general_code,FALSE
SCALAR_1_TO_2,1,tests/5.1/target_update/test_target_update_to_present.c,target_update,loop_body,scalar_var = 1;,scalar_var = 2;,CHANGE_CONSTANT,target_mapping,general_code,FALSE
SCALAR_20_TO_19,1,tests/4.5/target_teams_distribute_parallel_for/test_target_teams_distribute_parallel_for_map_from.c,target_teams_distribute_parallel_for,loop_body,scalar = 20;,scalar = 19;,CHANGE_CONSTANT,target_mapping,general_code,FALSE
SCALAR_20_TO_21,1,tests/4.5/target_teams_distribute_parallel_for/test_target_teams_distribute_parallel_for_map_default.c,target_teams_distribute_parallel_for,loop_body,int scalar = 20;,int scalar = 21;,CHANGE_CONSTANT,target_mapping,general_code,FALSE
SCALAR_FROM_13_TO_14,1,tests/4.5/target_teams_distribute_parallel_for/test_target_teams_distribute_parallel_for_map_tofrom.c,target_teams_distribute_parallel_for,loop_body,scalar_from = 13; // This is to avoid data races on a single scalar,scalar_from = 14; // This is to avoid data races on a single scalar,CHANGE_CONSTANT,target_mapping,general_code,FALSE
SCALAR_INT_33_TO_34,1,tests/4.5/target/test_target_defaultmap.c,target,loop_body,scalar_int = 33;,scalar_int = 34;,CHANGE_CONSTANT,target_mapping,general_code,FALSE
SCALAR_INT_WRONG_VALUE,1,tests/4.5/target_teams_distribute_parallel_for/test_target_teams_distribute_parallel_for_defaultmap.c,target_teams_distribute_parallel_for,loop_body,scalar_int = 33;,scalar_int = 34;,CHANGE_CONSTANT,target_mapping,general_code,FALSE
SINGLE_A_1_TO_0,1,tests/4.5/target/test_target_map_struct_default.c,target,loop_body,single.a = 1;,single.a = 0;,CHANGE_CONSTANT,target_mapping,general_code,FALSE
STACK_ASSIGN_2_TO_1,1,tests/4.5/target_data/test_target_data_map_from.c,target_data,loop_body,h_array_s[i] = 2;,h_array_s[i] = 1;,CHANGE_CONSTANT,target_mapping,general_code,FALSE
STRIDE_2_TO_1,2,tests/5.0/target_update/test_target_update_from_discontiguous.c,target_update,target_update,result[0:N/2:2],result[0:N/2:1],CHANGE_CONSTANT,target_mapping,general_code,FALSE
TARGET_B_2I_TO_3I,1,tests/5.2/declare_target/test_declare_target_enter_device_type_host.c,declare_target,loop_body,b[i] += 2 * i;,b[i] += 3 * i;,CHANGE_CONSTANT,target_mapping,general_code,FALSE
TARGET_DEVICE_I_TO_0,1,tests/6.0/declare_target/test_declare_target_directive_local.c,declare_target,target_configuration,#pragma omp target parallel device(i),#pragma omp target parallel device(0),CHANGE_CONSTANT,target_mapping,general_code,FALSE
REL_OP_NEQ_TO_LT,1,tests/5.0/parallel_for/test_parallel_for_notequals.c,parallel_for,loop_header_semantics,for (int i = 0; i != N; i++) {,for (int i = 0; i < N - 1; i++) {,CHANGE_LOOP_BOUND,parallel_for,loop_condition,FALSE
SKIP_LAST_ELEMENT,1,tests/4.5/target/test_target_map_global_arrays.c,target,loop_bounds,"for (i = 0; i < N; i++)
      compute_array[i] = i;","for (i = 0; i < N - 1; i++)
      compute_array[i] = i;",CHANGE_LOOP_BOUND,target_mapping,loop,FALSE
SKIP_LAST_ITER,5,tests/5.0/simd/test_simd_if.c,simd,loop_bounds,i < N,i < N-1,CHANGE_LOOP_BOUND,simd,general_code,FALSE
SKIP_LAST_ITERATION,38,tests/5.1/loop/test_full_loop_unroll.c,loop,loop_bounds,for (int i = 0; i < N; i++) {,for (int i = 0; i < N - 1; i++) {,CHANGE_LOOP_BOUND,loop,loop,FALSE
SKIP_LAST_TEAM,1,tests/5.0/teams/test_team_default_shared.c,teams,loop_bounds,for ( int i = 0; i < omp_get_num_teams(); i++){,for ( int i = 0; i < omp_get_num_teams() - 1; i++){,CHANGE_LOOP_BOUND,teams,configuration,FALSE
DEFAULTMAP_DEFAULT_TO_TO,1,tests/5.0/target/test_target_defaultmap_default.c,target,target_mapping,#pragma omp target defaultmap(default),#pragma omp target defaultmap(to),CHANGE_MAPPING,target_mapping,mapping,FALSE
DEFAULTMAP_FIRSTPRIVATE_TO_TOFROM,1,tests/5.0/target/test_target_defaultmap_firstprivate.c,target,target_mapping,#pragma omp target defaultmap(firstprivate),#pragma omp target defaultmap(tofrom),CHANGE_MAPPING,target_mapping,mapping,FALSE
DEFAULTMAP_FROM_TO,1,tests/5.0/target/test_target_defaultmap_to_from_tofrom.c,target,target_mapping,"#pragma omp target defaultmap(from) //map(tofrom: scalar, A, new_struct, ptr)","#pragma omp target defaultmap(to) //map(tofrom: scalar, A, new_struct, ptr)",CHANGE_MAPPING,target_mapping,mapping,FALSE
DEFAULTMAP_OFF_SCALAR_CHAR_CHANGED,1,tests/4.5/target_teams_distribute_parallel_for/test_target_teams_distribute_parallel_for_defaultmap.c,target_teams_distribute_parallel_for,oracle_sensitive_body,scalar_char = 'b';,scalar_char = 'c';,CHANGE_MAPPING,target_mapping,mapping,FALSE
DEFAULTMAP_TOFROM_TO,1,tests/5.0/target/test_target_defaultmap_to_from_tofrom.c,target,target_mapping,"#pragma omp target defaultmap(tofrom) //map(tofrom: scalar, A, new_struct, ptr)","#pragma omp target defaultmap(to) //map(tofrom: scalar, A, new_struct, ptr)",CHANGE_MAPPING,target_mapping,mapping,FALSE
DEFAULTMAP_TOFROM_TO_FIRSTPRIVATE,1,tests/5.0/teams_loop/test_target_teams_loop_defaultmap.c,teams_loop,target_mapping,#pragma omp target teams loop defaultmap(tofrom),#pragma omp target teams loop defaultmap(firstprivate),CHANGE_MAPPING,loop,mapping,FALSE
DEFAULTMAP_TOFROM_TO_TO,2,tests/4.5/target/test_target_defaultmap.c,target,target_mapping,#pragma omp target defaultmap(tofrom: scalar),#pragma omp target defaultmap(to: scalar),CHANGE_MAPPING,target_mapping,mapping,FALSE
DEFAULTMAP_TO_TOFROM,1,tests/5.0/target/test_target_defaultmap_to_from_tofrom.c,target,target_mapping,"#pragma omp target defaultmap(to) //map(tofrom: scalar, A, new_struct, ptr)","#pragma omp target defaultmap(tofrom) //map(tofrom: scalar, A, new_struct, ptr)",CHANGE_MAPPING,target_mapping,mapping,FALSE
ENTER_DATA_DEFAULT_TO_FROM,1,tests/5.2/target_enter_data/test_target_enter_data_map.c,target_enter_data,target_mapping,"#pragma omp target enter data map(A[:N], B[:N], D[:N])","#pragma omp target enter data map(from: A[:N], B[:N], D[:N])",CHANGE_MAPPING,target_mapping,mapping,FALSE
ENTER_DATA_IF_GT_TO_LT,1,tests/4.5/target_enter_data/test_target_enter_data_if.c,target_enter_data,condition,#pragma omp target enter data if(size > SIZE_THRESHOLD) map(to: size) \,#pragma omp target enter data if(size < SIZE_THRESHOLD) map(to: size) \,CHANGE_MAPPING,target_mapping,mapping,FALSE
ENTER_DATA_TO_TO_ALLOC,1,tests/4.5/target_enter_data/test_target_enter_data_global_array.c,target_enter_data,target_mapping,#pragma omp target enter data map(to: A[:n]),#pragma omp target enter data map(alloc: A[:n]),CHANGE_MAPPING,target_mapping,mapping,FALSE
ENTER_DATA_X_TO_ALLOC,1,tests/4.5/target_enter_data/test_target_enter_data_malloced_array.c,target_enter_data,target_mapping,#pragma omp target enter data map(to:x[:n])//Note:Mapping *A[:n] is incorrect as OpenMP doesn't support arbitrary expressions,#pragma omp target enter data map(alloc:x[:n])//Note:Mapping *A[:n] is incorrect as OpenMP doesn't support arbitrary expressions,CHANGE_MAPPING,target_mapping,mapping,FALSE
EXIT_DATA_DEFAULT_TO_DELETE,1,tests/5.2/target_enter_data/test_target_enter_data_map.c,target_enter_data,target_mapping,"#pragma omp target exit data map(B[:N], A[:N],D[:N])","#pragma omp target exit data map(delete: B[:N], A[:N],D[:N])",CHANGE_MAPPING,target_mapping,mapping,FALSE
EXIT_DATA_FROM_B_TO_DELETE,1,tests/4.5/target_teams_distribute/test_target_teams_distribute_map.c,target_teams_distribute,target_mapping,#pragma omp target exit data map(from: b[0:N]),#pragma omp target exit data map(delete: b[0:N]),CHANGE_MAPPING,target_mapping,mapping,FALSE
EXIT_DATA_FROM_HEAP_TO_DELETE,1,tests/4.5/target_enter_exit_data/test_target_enter_exit_data_map_pointer_translation.c,target_enter_exit_data,target_mapping,#pragma omp target exit data map(from:h_array_h[0:N]) map(from:h_array_s[0:N]),#pragma omp target exit data map(delete:h_array_h[0:N]) map(from:h_array_s[0:N]),CHANGE_MAPPING,target_mapping,mapping,FALSE
EXIT_DATA_FROM_SINGLE_TO_DELETE,1,tests/4.5/target_enter_exit_data/test_target_enter_exit_data_struct.c,target_enter_exit_data,target_mapping,#pragma omp target exit data map(from: single) map(from: array[0:5]),#pragma omp target exit data map(delete: single) map(from: array[0:5]),CHANGE_MAPPING,target_mapping,mapping,FALSE
EXIT_DATA_FROM_TO_DELETE,5,tests/6.0/map-type_modifier/test_map-type_modifier_default.c,map-type_modifier,mapping,#pragma omp target exit data map(from: a),#pragma omp target exit data map(delete: a),CHANGE_MAPPING,target_mapping,mapping,FALSE
EXIT_DATA_FROM_X_TO_DELETE,1,tests/4.5/target_enter_exit_data/test_target_enter_exit_data_map_malloced_array.c,target_enter_exit_data,target_mapping,#pragma omp target exit data map(from: x[:N]),#pragma omp target exit data map(delete: x[:N]),CHANGE_MAPPING,target_mapping,mapping,FALSE
MAPPER_FROM_TO_TO,1,tests/5.2/declare_mapper/test_declare_mapper_present.c,declare_mapper,mapping,"#pragma omp declare mapper(default:myvec_t v) map(always, present, from: v, v.len, v.data[0:v.len])","#pragma omp declare mapper(default:myvec_t v) map(always, present, to: v, v.len, v.data[0:v.len])",CHANGE_MAPPING,declare_mapper,mapping,FALSE
MAPPER_REMOVE_DATA_SECTION,3,tests/5.0/declare_mapper/test_declare_mapper_target_struct.c,declare_mapper,declare_mapper,"map(v, v.data[0:v.len])",map(v),CHANGE_MAPPING,declare_mapper,mapping,FALSE
MAPPER_TOFROM_TO_TO,1,tests/5.2/declare_mapper/test_declare_mapper_iterator.c,declare_mapper,mapping,"#pragma omp declare mapper(myvec_t v) map(iterator(it = 0:v.len), tofrom: v.data[it])","#pragma omp declare mapper(myvec_t v) map(iterator(it = 0:v.len), to: v.data[it])",CHANGE_MAPPING,declare_mapper,mapping,FALSE
MAP_ALLOC_TO_TOFROM,1,tests/5.0/target/test_target_mapping_before_alloc.c,target,target_mapping,"#pragma omp target map(alloc: scalar, a, member) map(to: scalar, a, member) map(tofrom: errors)","#pragma omp target map(tofrom: scalar, a, member) map(to: scalar, a, member) map(tofrom: errors)",CHANGE_MAPPING,target_mapping,mapping,FALSE
MAP_DEFAULT_NEW_SCALAR_TO_TO,1,tests/4.5/target/test_target_map_scalar_no_map_type_modifier.c,target,target_mapping,#pragma omp target map(new_scalar),#pragma omp target map(to: new_scalar),CHANGE_MAPPING,target_mapping,mapping,FALSE
MAP_DEFAULT_POINTER_TO_TO,1,tests/4.5/target/test_target_map_pointer_no_map_type_modifier.c,target,target_mapping,#pragma omp target map(p[0:N]),#pragma omp target map(to: p[0:N]),CHANGE_MAPPING,target_mapping,mapping,FALSE
MAP_DEFAULT_TO_TO,1,tests/4.5/target/test_target_map_array_default.c,target,target_mapping,#pragma omp target map(compute_array),#pragma omp target map(to:compute_array),CHANGE_MAPPING,target_mapping,mapping,FALSE
MAP_ENTER_TO_TO_FROM,1,tests/4.5/application_kernels/linked_list.c,application_kernels,target_mapping,#pragma omp target enter data map(to:cur[:1]),#pragma omp target enter data map(from:cur[:1]),CHANGE_MAPPING,application_kernels,mapping,FALSE
MAP_EXIT_FROM_TO_TO_HEAD,1,tests/4.5/application_kernels/linked_list.c,application_kernels,target_mapping,#pragma omp target exit data map(from:temp[0:1]),#pragma omp target exit data map(to:temp[0:1]),CHANGE_MAPPING,application_kernels,mapping,FALSE
MAP_FROM_A1D_TO_TO,1,tests/4.5/target_data/test_target_data_map_array_sections.c,target_data,target_mapping,#pragma omp target data map(from: a1d[1:N - 2]),#pragma omp target data map(to: a1d[1:N - 2]),CHANGE_MAPPING,target_mapping,mapping,FALSE
MAP_FROM_A3D2_TO_TO,1,tests/4.5/target_data/test_target_data_map_array_sections.c,target_data,target_mapping,map(from: a3d2[0:N][0:2][0:2]),map(to: a3d2[0:N][0:2][0:2]),CHANGE_MAPPING,target_mapping,mapping,FALSE
MAP_FROM_ARRAYCOPY_TO_TO,1,tests/4.5/target_enter_data/test_target_enter_data_struct.c,target_enter_data,target_mapping,map(from: arrayCopy[0:ARRAY_SIZE]),map(to: arrayCopy[0:ARRAY_SIZE]),CHANGE_MAPPING,target_mapping,mapping,FALSE
MAP_FROM_A_TO_TO,1,tests/4.5/task/test_task_target.c,task,target_mapping,#pragma omp target map(from: a),#pragma omp target map(to: a),CHANGE_MAPPING,task,mapping,FALSE
MAP_FROM_B_TO_TO,1,tests/4.5/target_enter_data/test_target_enter_data_global_array.c,target_enter_data,target_mapping,#pragma omp target map(from: B[:n]),#pragma omp target map(to: B[:n]),CHANGE_MAPPING,target_mapping,mapping,FALSE
MAP_FROM_C_TO_TO,5,tests/4.5/application_kernels/mmm_target.c,application_kernels,target_mapping,"#pragma omp target map(to: a[0:DimA],b[0:DimB]) map(from: c[0:DimC])","#pragma omp target map(to: a[0:DimA],b[0:DimB]) map(to: c[0:DimC])",CHANGE_MAPPING,target_mapping,mapping,FALSE
MAP_FROM_HEAP_TO_TO,1,tests/4.5/target_data/test_target_data_map_from.c,target_data,target_mapping,#pragma omp target data map(from: h_array_h[0:N])  \,#pragma omp target data map(to: h_array_h[0:N])  \,CHANGE_MAPPING,target_mapping,mapping,FALSE
MAP_FROM_ISHOST_TO_TO,1,tests/4.5/offloading_success.c,offloading_success.c,target_mapping,#pragma omp target map(from:isHost),#pragma omp target map(to:isHost),CHANGE_MAPPING,offloading_success.c,mapping,FALSE
MAP_FROM_MATRIX_TO_TO,1,tests/4.5/target_data/test_target_data_map_devices.c,target_data,target_mapping,#pragma omp target data map(from: h_matrix[dev*N:N]),#pragma omp target data map(to: h_matrix[dev*N:N]),CHANGE_MAPPING,target_mapping,mapping,FALSE
MAP_FROM_OUTPUT_TO_TO,1,tests/4.5/target_data/test_target_data_map_to_from.c,target_data,target_mapping,#pragma omp target data map(to: h_array_h[0:N]) map(from: h_array2_h[0:N]),#pragma omp target data map(to: h_array_h[0:N]) map(to: h_array2_h[0:N]),CHANGE_MAPPING,target_mapping,mapping,FALSE
MAP_FROM_RETVAL_TO_TO,1,tests/5.1/target/test_target_declare_indirect.c,target,target_mapping,#pragma omp target map(from: ret_val),#pragma omp target map(to: ret_val),CHANGE_MAPPING,target_mapping,mapping,FALSE
MAP_FROM_STACK_TO_TO,1,tests/4.5/target_data/test_target_data_map_from.c,target_data,target_mapping,map(from: h_array_s[0:N]),map(to: h_array_s[0:N]),CHANGE_MAPPING,target_mapping,mapping,FALSE
MAP_FROM_TO_TO,2,tests/5.1/target/test_target_map_present_ordering.c,target,target_mapping,"#pragma omp target map(present, to: x) map(from: x)","#pragma omp target map(present, to: x) map(to: x)",CHANGE_MAPPING,target_mapping,mapping,FALSE
MAP_FROM_TO_TO_ATOMIC,1,tests/4.5/application_kernels/reduction_separated_directives.c,application_kernels,target_mapping,#pragma omp target teams map(from: counts_atomic),#pragma omp target teams map(to: counts_atomic),CHANGE_MAPPING,application_kernels,mapping,FALSE
MAP_FROM_TO_TO_REDUCTION,1,tests/4.5/application_kernels/reduction_separated_directives.c,application_kernels,target_mapping,#pragma omp target teams map(from: counts_reduction),#pragma omp target teams map(to: counts_reduction),CHANGE_MAPPING,application_kernels,mapping,FALSE
MAP_FROM_X_TO_TO,3,tests/4.5/declare_target/test_declare_target_extended_list.c,declare_target,target_mapping,"#pragma omp target map(from: x) map(to:y, z)","#pragma omp target map(to: x) map(to:y, z)",CHANGE_MAPPING,target_mapping,mapping,FALSE
MAP_TOFROM_ARRAY_TO_TO,3,tests/4.5/target/test_target_map_pointer.c,target,target_mapping,"#pragma omp target data map(tofrom: compute_array) //To test default pointer behavior, array must be mapped before the pointer","#pragma omp target data map(to: compute_array) //To test default pointer behavior, array must be mapped before the pointer",CHANGE_MAPPING,target_mapping,mapping,FALSE
MAP_TOFROM_ARR_TO_TO,2,tests/5.0/target_parallel_loop/test_target_parallel_loop_bind.c,target_parallel_loop,target_mapping,#pragma omp target parallel loop bind(parallel) map(tofrom: arr) \,#pragma omp target parallel loop bind(parallel) map(to: arr) \,CHANGE_MAPPING,loop,mapping,FALSE
MAP_TOFROM_A_TO_TO,6,tests/5.0/program_control/test_omp_get_device_num.c,program_control,target_mapping,map(tofrom: a),map(to: a),CHANGE_MAPPING,runtime_api,mapping,FALSE
MAP_TOFROM_B_TO_TO,4,tests/5.0/teams_loop/test_target_teams_loop_firstprivate.c,teams_loop,target_mapping,map(tofrom: b[0:N]),map(to: b[0:N]),CHANGE_MAPPING,loop,mapping,FALSE
MAP_TOFROM_C_TO_TO,2,tests/4.5/target/test_target_if.c,target,target_mapping,map(tofrom: c[0:size]),map(to: c[0:size]),CHANGE_MAPPING,target_mapping,mapping,FALSE
MAP_TOFROM_DATA_TO_TO,1,tests/5.0/target/test_target_imperfect_loop.c,target,target_mapping,"#pragma omp target map(tofrom: data1, data2)","#pragma omp target map(to: data1, data2)",CHANGE_MAPPING,target_mapping,mapping,FALSE
MAP_TOFROM_D_TO_TO,1,tests/4.5/target_teams_distribute_parallel_for/test_target_teams_distribute_parallel_for_map_to.c,target_teams_distribute_parallel_for,target_mapping,"#pragma omp target teams distribute parallel for map(to: a, b, scalar) map(tofrom: d)","#pragma omp target teams distribute parallel for map(to: a, b, scalar) map(to: d)",CHANGE_MAPPING,target_mapping,mapping,FALSE
MAP_TOFROM_HEAP_TO_TO,1,tests/4.5/target_data/test_target_data_map_tofrom.c,target_data,target_mapping,#pragma omp target data map(tofrom: h_array_h[0:N])    \,#pragma omp target data map(to: h_array_h[0:N])    \,CHANGE_MAPPING,target_mapping,mapping,FALSE
MAP_TOFROM_NUM_TEAMS_TO_TO,1,tests/4.5/target_teams_distribute_parallel_for/test_target_teams_distribute_parallel_for_num_teams.c,target_teams_distribute_parallel_for,target_mapping,map(tofrom: num_teams) num_teams(tested_num_teams[nt]),map(to: num_teams) num_teams(tested_num_teams[nt]),CHANGE_MAPPING,target_mapping,mapping,FALSE
MAP_TOFROM_NUM_THREADS_TO_TO,1,tests/4.5/target_teams_distribute_parallel_for/test_target_teams_distribute_parallel_for_num_threads.c,target_teams_distribute_parallel_for,target_mapping,map(tofrom: num_threads) num_threads(tested_num_threads[nt]),map(to: num_threads) num_threads(tested_num_threads[nt]),CHANGE_MAPPING,target_mapping,mapping,FALSE
MAP_TOFROM_RESULT_TO_TO,1,tests/5.0/declare_target/test_declare_target_nested_functions.c,declare_target,target_mapping,#pragma omp target map(tofrom: result),#pragma omp target map(to: result),CHANGE_MAPPING,target_mapping,mapping,FALSE
MAP_TOFROM_STACK_TO_TO,1,tests/4.5/target_data/test_target_data_map_tofrom.c,target_data,target_mapping,map(tofrom : h_array_s[0:N]),map(to : h_array_s[0:N]),CHANGE_MAPPING,target_mapping,mapping,FALSE
MAP_TOFROM_TO_TO,12,tests/4.5/target/test_target_map_global_arrays.c,target,target_mapping,#pragma omp target map(tofrom: compute_array[0:N]),#pragma omp target map(to: compute_array[0:N]),CHANGE_MAPPING,target_mapping,mapping,FALSE
MAP_TOFROM_X_TO_TO,6,tests/5.0/loop/test_loop_nested_device.c,loop,target_mapping,"map(tofrom: x, y, z, num_teams)","map(to: x, y, z, num_teams)",CHANGE_MAPPING,loop,mapping,FALSE
MAP_TO_HEAP_TO_FROM,1,tests/4.5/target_data/test_target_data_map_to.c,target_data,target_mapping,#pragma omp target data map(to: h_array_h[0:N])  \,#pragma omp target data map(from: h_array_h[0:N])  \,CHANGE_MAPPING,target_mapping,mapping,FALSE
MAP_TO_INPUTS_TO_ALLOC,1,tests/4.5/target_teams_distribute_parallel_for/test_target_teams_distribute_parallel_for_map_to.c,target_teams_distribute_parallel_for,target_mapping,"#pragma omp target teams distribute parallel for map(to: a, b, scalar) map(tofrom: d)","#pragma omp target teams distribute parallel for map(alloc: a, b, scalar) map(tofrom: d)",CHANGE_MAPPING,target_mapping,mapping,FALSE
MAP_TO_INPUT_TO_FROM,1,tests/4.5/target_data/test_target_data_map_to_from.c,target_data,target_mapping,#pragma omp target data map(to: h_array_h[0:N]) map(from: h_array2_h[0:N]),#pragma omp target data map(from: h_array_h[0:N]) map(from: h_array2_h[0:N]),CHANGE_MAPPING,target_mapping,mapping,FALSE
MAP_TO_SINGLE_TO_ALLOC,1,tests/4.5/target_enter_data/test_target_enter_data_struct.c,target_enter_data,target_mapping,#pragma omp target enter data map(to: single) map(to: array[0:ARRAY_SIZE]),#pragma omp target enter data map(alloc: single) map(to: array[0:ARRAY_SIZE]),CHANGE_MAPPING,target_mapping,mapping,FALSE
MAP_TO_STACK_TO_FROM,1,tests/4.5/target_data/test_target_data_map_to.c,target_data,target_mapping,map(to: h_array_s[0:N]),map(from: h_array_s[0:N]),CHANGE_MAPPING,target_mapping,mapping,FALSE
MAP_TO_TO_FROM,1,tests/5.0/target/test_target_mapping_before_alloc.c,target,target_mapping,"#pragma omp target map(alloc: scalar, a, member) map(to: scalar, a, member) map(tofrom: errors)","#pragma omp target map(alloc: scalar, a, member) map(from: scalar, a, member) map(tofrom: errors)",CHANGE_MAPPING,target_mapping,mapping,FALSE
PRESENT_TO_NO_PRESENT,1,tests/5.1/target/test_target_map_present_ordering.c,target,target_mapping,"#pragma omp target map(present, to: x) map(from: x)",#pragma omp target map(to: x) map(from: x),CHANGE_MAPPING,target_mapping,mapping,FALSE
REMOVE_IN1_FROM_ENTER_DATA_MAP,1,tests/4.5/target_enter_data/test_target_enter_data_depend.c,target_enter_data,target_mapping,#pragma omp target enter data map(alloc: h_array[0:N]) map(to: in_1[0:N]) map(to: in_2[0:N]) depend(out: h_array) depend(in: in_1) depend(in: in_2),#pragma omp target enter data map(alloc: h_array[0:N]) map(to: in_2[0:N]) depend(out: h_array) depend(in: in_1) depend(in: in_2),CHANGE_MAPPING,target_mapping,mapping,FALSE
REMOVE_TARGET_ENTER_DATA,2,tests/5.1/memory_routines/test_get_mapped_ptr.c,memory_routines,mapping,# pragma omp target enter data device(i) map(to:x),/* target enter data removed */,CHANGE_MAPPING,target_mapping,mapping,FALSE
SECOND_MAP_TO_TOFROM,1,tests/5.0/target/test_target_defaultmap_none.c,target,target_mapping,"#pragma omp target defaultmap(none) map(to: scalar, A, new_struct, ptr)","#pragma omp target defaultmap(none) map(tofrom: scalar, A, new_struct, ptr)",CHANGE_MAPPING,target_mapping,mapping,FALSE
TARGET_DATA_TOFROM_TO_TO,2,tests/5.1/target/test_target_defaultmap_present_aggregate.c,target,target_mapping,"#pragma omp target data map(tofrom: a, new_struct)","#pragma omp target data map(to: a, new_struct)",CHANGE_MAPPING,target_mapping,mapping,FALSE
TARGET_MAP_FROM_TO_TO,3,tests/5.1/metadirective/test_metadirective_nothing.c,metadirective,mapping,#pragma omp target map(from: thread_limit_target) thread_limit(thread_limit_target),#pragma omp target map(to: thread_limit_target) thread_limit(thread_limit_target),CHANGE_MAPPING,metadirective,mapping,FALSE
TARGET_MAP_TOFROM_TO_TO,18,tests/5.1/order/test_loop_order_reproducible.c,order,mapping,"#pragma omp target map(tofrom: x,y)","#pragma omp target map(to: x,y)",CHANGE_MAPPING,loop,mapping,FALSE
UPDATE_FROM_TO_TO,14,tests/4.5/target_update/test_target_update_depend.c,target_update,target_mapping,#pragma omp target update depend(inout: h_array) from(h_array[0:N]),#pragma omp target update depend(inout: h_array) to(h_array[0:N]),CHANGE_MAPPING,target_mapping,dependency,FALSE
ACCESSIBLE_CHECK_INVERTED,1,tests/5.1/requires/test_target_is_accessible_with_usm.c,requires,condition,"OMPVV_TEST_AND_SET_VERBOSE(errors, check_test == 0);","OMPVV_TEST_AND_SET_VERBOSE(errors, check_test != 0);",CHANGE_OPERATOR,target_mapping,general_code,FALSE
ACCESSIBLE_TRUE_BRANCH_INVERTED,1,tests/5.1/target/test_target_is_accessible.c,target,condition,"if(check_test)
        {","if(!check_test)
        {",CHANGE_OPERATOR,target_mapping,general_code,FALSE
ARRAY_LASTPRIVATE_MULTIPLY_TO_ADD,1,tests/4.5/target_teams_distribute/test_target_teams_distribute_lastprivate.c,target_teams_distribute,loop_body,privatized_array[1] = (a[x] + b[x]) * c[x];,privatized_array[1] = (a[x] + b[x]) + c[x];,CHANGE_OPERATOR,target_mapping,data_sharing,FALSE
ARRAY_REDUCTION_PLUS_TO_MINUS,1,tests/4.5/target_teams_distribute_parallel_for/test_target_teams_distribute_parallel_for_reduction.c,target_teams_distribute_parallel_for,reduction,#pragma omp target teams distribute parallel for reduction(+:Total[0:N_Els]) private(j),#pragma omp target teams distribute parallel for reduction(-:Total[0:N_Els]) private(j),CHANGE_OPERATOR,target_mapping,reduction,FALSE
A_PLUS_TO_MINUS,3,tests/5.0/loop/test_loop_lastprivate_device.c,loop,loop_body,a[x] += b[x];,a[x] -= b[x];,CHANGE_OPERATOR,loop,general_code,FALSE
BITAND_TO_BITOR,1,tests/5.0/loop/test_loop_reduction_bitand.c,loop_reduction,reduction_operator,#pragma omp loop reduction(&:b),#pragma omp loop reduction(|:b),CHANGE_OPERATOR,loop,reduction_operator,FALSE
BITOR_TO_BITAND,1,tests/5.0/loop/test_loop_reduction_bitor.c,loop_reduction,reduction_operator,#pragma omp loop reduction(|:b),#pragma omp loop reduction(&:b),CHANGE_OPERATOR,loop,reduction_operator,FALSE
BITXOR_TO_BITOR,1,tests/5.0/loop/test_loop_reduction_bitxor.c,loop_reduction,reduction_operator,#pragma omp loop reduction(^:b),#pragma omp loop reduction(|:b),CHANGE_OPERATOR,loop,reduction_operator,FALSE
B_PLUS_TO_MINUS,1,tests/4.5/target_teams_distribute/test_target_teams_distribute_map.c,target_teams_distribute,loop_body,b[x] += a[x];,b[x] -= a[x];,CHANGE_OPERATOR,target_mapping,general_code,FALSE
COMPARE_EQ_TO_NEQ,3,tests/5.1/atomic/test_atomic_fail_acquire.c,atomic,atomic_compare,if(y == 1){,if(y != 1){,CHANGE_OPERATOR,atomic,general_code,FALSE
COMPARE_GREATER_TO_LESS,1,tests/5.1/atomic/test_atomic_compare.c,atomic,atomic_compare,if(arr[i] > pmax){,if(arr[i] < pmax){,CHANGE_OPERATOR,atomic,general_code,FALSE
COMPARE_GT_TO_LT,1,tests/5.1/atomic/test_atomic_compare_device.c,atomic,condition,if(arr[i] > pmax){,if(arr[i] < pmax){,CHANGE_OPERATOR,atomic,general_code,FALSE
COMPARE_WRITE_WRONG_VALUE,4,tests/5.1/atomic/test_atomic_compare.c,atomic,atomic_compare,pmax = arr[i];,pmax = 0;,CHANGE_OPERATOR,atomic,general_code,FALSE
COMPUTE_PLUS_TO_MINUS,1,tests/4.5/target/test_target_map_array_default.c,target,loop_body,compute_array[i] += i;,compute_array[i] -= i;,CHANGE_OPERATOR,target_mapping,general_code,FALSE
C_COMPUTE_PLUS_TO_MINUS,1,tests/4.5/target_teams_distribute/test_target_teams_distribute_depend_out_out.c,target_teams_distribute,loop_body,c[x] = a[x] + b[x];,c[x] = a[x] - b[x];,CHANGE_OPERATOR,target_mapping,general_code,FALSE
DATA2_PLUS_TO_MINUS,1,tests/5.0/target/test_target_imperfect_loop.c,target,loop_body,data2[i][j] += i + j;,data2[i][j] -= i + j;,CHANGE_OPERATOR,target_mapping,general_code,FALSE
DEVICE_PLUS_TO_MINUS,3,tests/5.0/target_update/test_target_update_from_discontiguous.c,target_update,loop_body,result[i] += i;,result[i] -= i;,CHANGE_OPERATOR,target_mapping,general_code,FALSE
DEVICE_RESULT_PLUS_TO_MINUS,1,tests/5.0/target/test_target_uses_allocators_const.c,target,loop_body,device_result += j + i + x;,device_result -= j + i + x;,CHANGE_OPERATOR,target_mapping,general_code,FALSE
D_ACCUM_PLUS_TO_MINUS,1,tests/4.5/target_teams_distribute/test_target_teams_distribute_depend_disjoint_section.c,target_teams_distribute,loop_body,d[x] += a[x] + b[x];,d[x] -= a[x] + b[x];,CHANGE_OPERATOR,target_mapping,general_code,FALSE
D_COMPUTE_PLUS_TO_MINUS,5,tests/4.5/target_teams_distribute/test_target_teams_distribute_depend_array_section.c,target_teams_distribute,loop_body,d[x] = c[x] + b[x];,d[x] = c[x] - b[x];,CHANGE_OPERATOR,target_mapping,general_code,FALSE
F_COMPUTE_PLUS_TO_MINUS,1,tests/4.5/target_teams_distribute/test_target_teams_distribute_depend_list.c,target_teams_distribute,loop_body,f[x] = e[x] + a[x];,f[x] = e[x] - a[x];,CHANGE_OPERATOR,target_mapping,general_code,FALSE
HOSTVAR_CHECK_INVERTED,1,tests/5.0/target/test_target_firstprivate_device.c,target,condition,if (HostVar == INIT_VAL) {,if (HostVar != INIT_VAL) {,CHANGE_OPERATOR,target_mapping,general_code,FALSE
HOST_ACCUM_PLUS_TO_MINUS,2,tests/4.5/target/test_target_is_device_ptr.c,target,loop_body,array_host[i] += array_device[i];,array_host[i] -= array_device[i];,CHANGE_OPERATOR,target_mapping,general_code,FALSE
HOST_DEVICE_ALPHA_INVERTED,3,tests/4.5/target/test_target_if.c,target,condition,int alpha = (isHost ? 0 : 1);,int alpha = (isHost ? 1 : 0);,CHANGE_OPERATOR,target_mapping,general_code,FALSE
IF_INVERT,1,tests/4.5/taskloop/test_taskloop_if.c,taskloop,condition_semantics,#pragma omp taskloop if(M == THRESHOLD),#pragma omp taskloop if(M != THRESHOLD),CHANGE_OPERATOR,taskloop,loop,FALSE
LOGICAL_AND_TO_OR,1,tests/5.0/loop/test_loop_reduction_and.c,loop_reduction,reduction_operator,#pragma omp loop reduction(&&:result),#pragma omp loop reduction(||:result),CHANGE_OPERATOR,loop,reduction_operator,FALSE
LOGICAL_OR_TO_AND,1,tests/5.0/loop/test_loop_reduction_or.c,loop_reduction,reduction_operator,#pragma omp loop reduction(||:result),#pragma omp loop reduction(&&:result),CHANGE_OPERATOR,loop,reduction_operator,FALSE
MAX_TO_MIN,1,tests/5.0/loop/test_loop_reduction_max.c,loop_reduction,reduction_operator,#pragma omp loop reduction(max:result),#pragma omp loop reduction(min:result),CHANGE_OPERATOR,loop,reduction_operator,FALSE
MIN_TO_MAX,1,tests/5.0/loop/test_loop_reduction_min.c,loop_reduction,reduction_operator,#pragma omp loop reduction(min:result),#pragma omp loop reduction(max:result),CHANGE_OPERATOR,loop,reduction_operator,FALSE
MULTIPLY2_TO_MULTIPLY3,1,tests/6.0/allocate/test_pin_device.c,allocate,loop_body,arr[i] *= 2;,arr[i] *= 3;,CHANGE_OPERATOR,allocator,general_code,FALSE
PLUS_TO_MULTIPLY,1,tests/5.0/loop/test_loop_reduction_add.c,loop_reduction,reduction_operator,#pragma omp loop reduction(+:total),#pragma omp loop reduction(*:total),CHANGE_OPERATOR,loop,reduction,FALSE
PLUS_TO_MULTIPLY_MULTI,1,tests/5.0/loop/test_loop_reduction_add_mod.c,loop_reduction,reduction_operator,"#pragma omp loop reduction(+:n,f,d,c)","#pragma omp loop reduction(*:n,f,d,c)",CHANGE_OPERATOR,loop,reduction,FALSE
PREFIX_PLUS_TO_MINUS,1,tests/5.0/loop/test_loop_collapse_device.c,loop,loop_body,b[x][y][z + 1] = b[x][y][z] + a[x][y][z];,b[x][y][z + 1] = b[x][y][z] - a[x][y][z];,CHANGE_OPERATOR,loop,general_code,FALSE
PREFIX_SUM_PLUS_TO_MINUS,2,tests/4.5/target_simd/test_target_simd_collapse.c,target_simd,loop_body,b[x][y][z + 1] = b[x][y][z] + a[x][y][z];,b[x][y][z + 1] = b[x][y][z] - a[x][y][z];,CHANGE_OPERATOR,target_mapping,general_code,FALSE
PRIVATIZED_MINUS_TO_PLUS,1,tests/4.5/target_teams_distribute/test_target_teams_distribute_lastprivate.c,target_teams_distribute,loop_body,privatized = a[x] - b[x];,privatized = a[x] + b[x];,CHANGE_OPERATOR,target_mapping,general_code,FALSE
REDUCTION_PLUS_TO_MINUS,2,tests/6.0/target/test_target_teams_groupprivate_devicetype_nohost.c,target,reduction,"#pragma omp target teams num_teams(OMPVV_NUM_TEAMS_DEVICE) map(tofrom: team_sum, errors) reduction(+: team_sum)","#pragma omp target teams num_teams(OMPVV_NUM_TEAMS_DEVICE) map(tofrom: team_sum, errors) reduction(-: team_sum)",CHANGE_OPERATOR,target_mapping,mapping,FALSE
REDUCTION_PLUS_TO_MULTIPLY,1,tests/4.5/application_kernels/reduction_separated_directives.c,application_kernels,reduction_semantics,#pragma omp for reduction(+: counts_team),#pragma omp for reduction(*: counts_team),CHANGE_OPERATOR,application_kernels,reduction,FALSE
RESULT_PLUS_TO_MINUS,1,tests/5.0/taskgroup/test_taskgroup_task_reduction_device.c,taskgroup,loop_body,result += temp->val;,result -= temp->val;,CHANGE_OPERATOR,taskgroup,general_code,FALSE
SHARE_PLUS_TO_MINUS,1,tests/4.5/target_teams_distribute/test_target_teams_distribute_shared.c,target_teams_distribute,loop_body,share = share + a[x];,share = share - a[x];,CHANGE_OPERATOR,target_mapping,general_code,FALSE
TARGET_COMPUTE_PLUS_TO_MINUS,1,tests/5.0/declare_target/test_declare_target_device_type_host.c,declare_target,loop_body,a[i] += i;,a[i] -= i;,CHANGE_OPERATOR,target_mapping,general_code,FALSE
TOTAL_PLUS_TO_MINUS,1,tests/5.0/loop/test_loop_reduction_add_device.c,loop,loop_body,total += a[x] + b[x];,total -= a[x] + b[x];,CHANGE_OPERATOR,loop,general_code,FALSE
X_PLUS_TO_MINUS,2,tests/5.0/target/test_target_allocate.c,target,loop_body,x += i;,x -= i;,CHANGE_OPERATOR,target_mapping,general_code,FALSE
WRONG_ENV_VAR_NAME,2,tests/5.1/env_var/test_omp_places_env_ll_caches.c,env_var,env_query,"ret_val = getenv(""OMP_PLACES"");","ret_val = getenv(""OMP_PROC_BIND"");",CHANGE_RUNTIME_CALL,runtime_api,runtime_api,FALSE
WRONG_RUNTIME_QUERY,2,tests/5.1/env_var/test_omp_teams_thread_limit_env_2.c,env_var,runtime_query,env = omp_get_teams_thread_limit();,env = omp_get_thread_limit();,CHANGE_RUNTIME_CALL,teams,configuration,FALSE
WRONG_SCAN_UPDATE,1,tests/5.0/scan/test_scan.c,scan,scan,x += a[i];,x -= a[i];,CHANGE_SCAN,scan,scan,FALSE
TARGET_FREE_WRONG_DEVICE,1,tests/5.0/target/test_target_parallel_is_dev_ptr.c,target,runtime_api,"omp_target_free(Dev_B, gpu);","omp_target_free(Dev_B, omp_get_initial_device());",CHANGE_VARIABLE,target_mapping,runtime_api,FALSE
RETURN_VALUE_0_TO_1,1,tests/5.1/runtime_calls/test_omp_display_env.c,runtime_calls,oracle_value,return 0;,return 1;,ORACLE_MUTATION,runtime_api,general_code,FALSE
WRONG_EXPECTED_MAX_TEAMS,1,tests/5.1/env_var/test_omp_num_teams_env_2.c,env_var,env_query,"OMPVV_TEST_AND_SET_VERBOSE(errors, env != 2);","OMPVV_TEST_AND_SET_VERBOSE(errors, env != 3);",ORACLE_MUTATION,teams,general_code,FALSE
WRONG_EXPECTED_OMP_PLACES,2,tests/5.1/env_var/test_omp_places_env_ll_caches.c,env_var,env_query,"test = ret_val == NULL || strcmp(ret_val, ""ll_caches"");","test = ret_val == NULL || strcmp(ret_val, ""numa_domains"");",ORACLE_MUTATION,runtime_api,runtime_api,FALSE
WRONG_EXPECTED_TEAMS_THREAD_LIMIT,1,tests/5.1/env_var/test_omp_teams_thread_limit_env_2.c,env_var,env_query,"OMPVV_TEST_AND_SET(errors, env != 2);","OMPVV_TEST_AND_SET(errors, env != 3);",ORACLE_MUTATION,teams,configuration,FALSE
PARALLEL_MASTER_TASKLOOP_SIMD_TO_PARALLEL_TASKLOOP_SIMD,2,tests/5.0/parallel_master_taskloop_simd/test_parallel_master_taskloop_simd_device.c,parallel_master_taskloop_simd,taskloop,"#pragma omp parallel master taskloop simd num_threads(OMPVV_NUM_THREADS_DEVICE) shared(x, y, z, num_threads)","#pragma omp parallel taskloop simd num_threads(OMPVV_NUM_THREADS_DEVICE) shared(x, y, z, num_threads)",REMOVE_CLAUSE,parallel_master_taskloop_simd,master,FALSE
REMOVE_ADJUST_ARGS,1,tests/5.1/declare_variant/test_declare_variant_adjust_args.c,declare_variant,variant_arguments,#pragma omp declare variant(add_dispatch) match(construct={dispatch}) adjust_args(need_device_ptr:arr),#pragma omp declare variant(add_dispatch) match(construct={dispatch}),REMOVE_CLAUSE,declare_variant,dispatch,FALSE
REMOVE_ALLOCATE_DEFAULT,1,tests/5.0/target/test_target_uses_allocators_default.c,target,allocate,allocate(omp_default_mem_alloc: x),,REMOVE_CLAUSE,target_mapping,data_sharing,FALSE
REMOVE_DEFAULT_FIRSTPRIVATE,2,tests/5.1/default/test_default_firstprivate_parallel.c,default,data_sharing,#pragma omp parallel default(firstprivate) num_threads(OMPVV_NUM_THREADS_HOST),#pragma omp parallel num_threads(OMPVV_NUM_THREADS_HOST),REMOVE_CLAUSE,default,data_sharing,FALSE
REMOVE_FILTER,1,tests/5.1/masked/test_masked_filter.c,masked,masked_semantics,#pragma omp masked filter(3),#pragma omp masked,REMOVE_CLAUSE,masked,general_code,FALSE
REMOVE_FIRSTPRIVATE,2,tests/4.5/target_teams_distribute_parallel_for/test_target_teams_distribute_parallel_for_schedule_private.c,target_teams_distribute_parallel_for,data_sharing,"#pragma omp target teams distribute parallel for firstprivate(firstprivatized) num_teams(OMPVV_NUM_TEAMS_DEVICE) num_threads(OMPVV_NUM_THREADS_DEVICE) schedule(static,8)","#pragma omp target teams distribute parallel for num_teams(OMPVV_NUM_TEAMS_DEVICE) num_threads(OMPVV_NUM_THREADS_DEVICE) schedule(static,8)",REMOVE_CLAUSE,target_mapping,data_sharing,FALSE
REMOVE_FIRSTPRIVATE_HOSTVAR,1,tests/5.0/target/test_target_firstprivate_device.c,target,data_sharing,#pragma omp target parallel for firstprivate(HostVar) device(gpu),#pragma omp target parallel for device(gpu),REMOVE_CLAUSE,target_mapping,data_sharing,FALSE
REMOVE_FIRSTPRIVATE_LOCAL,1,tests/5.0/teams_loop/test_target_teams_loop_allocate.c,teams_loop,data_sharing,allocate(omp_low_lat_mem_alloc: local) firstprivate(local),allocate(omp_low_lat_mem_alloc: local),REMOVE_CLAUSE,loop,data_sharing,FALSE
REMOVE_FIRSTPRIVATE_X,1,tests/5.0/target/test_target_allocate.c,target,data_sharing,#pragma omp target uses_allocators(omp_default_mem_alloc) allocate(omp_default_mem_alloc:x) firstprivate(x) map(from: device_result),#pragma omp target uses_allocators(omp_default_mem_alloc) allocate(omp_default_mem_alloc:x) map(from: device_result),REMOVE_CLAUSE,target_mapping,mapping,FALSE
REMOVE_FIRSTPRIVATE_X_CGROUP,1,tests/5.0/target/test_target_uses_allocators_cgroup.c,target,data_sharing,firstprivate(x),,REMOVE_CLAUSE,target_mapping,data_sharing,FALSE
REMOVE_FIRSTPRIVATE_X_CONST,1,tests/5.0/target/test_target_uses_allocators_const.c,target,data_sharing,firstprivate(x),,REMOVE_CLAUSE,target_mapping,data_sharing,FALSE
REMOVE_FIRSTPRIVATE_X_DEFAULT,1,tests/5.0/target/test_target_uses_allocators_default.c,target,data_sharing,firstprivate(x),,REMOVE_CLAUSE,target_mapping,data_sharing,FALSE
REMOVE_FIRSTPRIVATE_X_HIGH_BW,1,tests/5.0/target/test_target_uses_allocators_high_bw.c,target,data_sharing,firstprivate(x),,REMOVE_CLAUSE,target_mapping,data_sharing,FALSE
REMOVE_FIRSTPRIVATE_X_LARGE_CAP,1,tests/5.0/target/test_target_uses_allocators_large_cap.c,target,data_sharing,#pragma omp target uses_allocators(omp_large_cap_mem_alloc) allocate(omp_large_cap_mem_alloc: x) firstprivate(x) map(from: device_result),#pragma omp target uses_allocators(omp_large_cap_mem_alloc) allocate(omp_large_cap_mem_alloc: x) map(from: device_result),REMOVE_CLAUSE,target_mapping,mapping,FALSE
REMOVE_FIRSTPRIVATE_X_LOW_LAT,1,tests/5.0/target/test_target_uses_allocators_low_lat.c,target,data_sharing,#pragma omp target uses_allocators(omp_low_lat_mem_alloc) allocate(omp_low_lat_mem_alloc: x) firstprivate(x) map(from: device_result),#pragma omp target uses_allocators(omp_low_lat_mem_alloc) allocate(omp_low_lat_mem_alloc: x) map(from: device_result),REMOVE_CLAUSE,target_mapping,mapping,FALSE
REMOVE_LASTPRIVATE_SCALAR,1,tests/4.5/target_teams_distribute/test_target_teams_distribute_lastprivate.c,target_teams_distribute,data_sharing,"#pragma omp target teams distribute lastprivate(privatized) map(alloc: a[0:SIZE], b[0:SIZE], c[0:SIZE]) \","#pragma omp target teams distribute map(alloc: a[0:SIZE], b[0:SIZE], c[0:SIZE]) \",REMOVE_CLAUSE,target_mapping,mapping,FALSE
REMOVE_PRIVATE,2,tests/5.1/scope/test_scope_private_construct.c,scope,data_sharing,#pragma omp scope private(test_int),#pragma omp scope,REMOVE_CLAUSE,scope,data_sharing,FALSE
REMOVE_PRIVATE_A,1,tests/5.0/teams_loop/test_target_teams_loop_private.c,teams_loop,data_sharing,#pragma omp target teams loop map(tofrom: b[0:N]) private(a),#pragma omp target teams loop map(tofrom: b[0:N]),REMOVE_CLAUSE,loop,mapping,FALSE
REMOVE_PRIVATE_FROM_SCOPE_ALLOCATE,1,tests/5.2/scope/test_scope_allocate_construct.c,scope,data_sharing,#pragma omp scope private(arr) allocate(allocator(omp_low_lat_mem_alloc) : arr),#pragma omp scope allocate(allocator(omp_low_lat_mem_alloc) : arr),REMOVE_CLAUSE,scope,data_sharing,FALSE
REMOVE_PRIVATE_PTEAM_RESULT,1,tests/5.0/target/test_target_uses_allocators_pteam.c,target,data_sharing,#pragma omp target parallel for map(from: device_result) uses_allocators(omp_pteam_mem_alloc) allocate(omp_pteam_mem_alloc: pteam_result) private(pteam_result),#pragma omp target parallel for map(from: device_result) uses_allocators(omp_pteam_mem_alloc) allocate(omp_pteam_mem_alloc: pteam_result),REMOVE_CLAUSE,target_mapping,mapping,FALSE
REMOVE_PRIVATE_X_THREAD,1,tests/5.0/target/test_target_uses_allocators_thread.c,target,data_sharing,#pragma omp target parallel uses_allocators(omp_thread_mem_alloc) allocate(omp_thread_mem_alloc: x) private(x) map(from: device_result),#pragma omp target parallel uses_allocators(omp_thread_mem_alloc) allocate(omp_thread_mem_alloc: x) map(from: device_result),REMOVE_CLAUSE,target_mapping,mapping,FALSE
REMOVE_REDUCTION,38,tests/5.1/taskloop/test_taskloop_grainsize_strict.c,taskloop,reduction,#pragma omp taskloop reduction(+: parallel_sum) grainsize(strict:1000),#pragma omp taskloop grainsize(strict:1000),REMOVE_CLAUSE,taskloop,reduction,FALSE
REMOVE_TRANSPARENT_CLAUSE,2,tests/6.0/task/test_task_transparent_export.c,task,transparent,"# pragma omp task shared(x, errors) transparent(omp_export)","# pragma omp task shared(x, errors)",REMOVE_CLAUSE,task,data_sharing,FALSE
REMOVE_TRANSPARENT_TASK,1,tests/6.0/task/test_task_transparent.c,task,task_semantics,# pragma omp task shared(x) transparent(omp_import),/* transparent import task removed */,REMOVE_CLAUSE,task,data_sharing,FALSE
REMOVE_ALWAYS_MODIFIER,1,tests/5.2/declare_mapper/test_declare_mapper_present.c,declare_mapper,mapping,"#pragma omp declare mapper(default:myvec_t v) map(always, present, from: v, v.len, v.data[0:v.len])","#pragma omp declare mapper(default:myvec_t v) map(present, from: v, v.len, v.data[0:v.len])",REMOVE_CONSTRUCT,declare_mapper,mapping,FALSE
REMOVE_DECLARE_TARGET_BLOCK,1,tests/5.0/declare_target/test_declare_target_parallel_for.c,declare_target,declare_target,#pragma omp declare target,/* omp declare target removed */,REMOVE_CONSTRUCT,target_mapping,general_code,FALSE
REMOVE_DECLARE_TARGET_LINK,1,tests/5.0/declare_target/test_nested_declare_target.c,declare_target,declare_target,"#pragma omp declare target link(a,b,c)",#pragma omp declare target,REMOVE_CONSTRUCT,target_mapping,general_code,FALSE
REMOVE_DETACH,1,tests/5.0/task/test_task_detach.c,task,task_sync,#pragma omp task depend(out: y) detach(flag_event),#pragma omp task depend(out: y),REMOVE_CONSTRUCT,task,dependency,FALSE
REMOVE_DISPATCH,1,tests/5.1/declare_variant/test_declare_variant_adjust_args.c,declare_variant,dispatch,#pragma omp dispatch,/* dispatch removed */,REMOVE_CONSTRUCT,declare_variant,dispatch,FALSE
REMOVE_DISPATCH_NOWAIT,1,tests/5.1/dispatch/test_dispatch_nowait.c,dispatch,dispatch,#pragma omp dispatch nowait,/* dispatch nowait removed */,REMOVE_CONSTRUCT,dispatch,dispatch,FALSE
REMOVE_EXPLICIT_TASK,1,tests/5.2/runtime_calls/test_omp_in_explicit_task.c,runtime_calls,task_semantics,"#pragma omp task shared(A)// creates EXPLICIT task, omp_in_explicit_task = 1",/* explicit task removed */,REMOVE_CONSTRUCT,runtime_api,data_sharing,FALSE
REMOVE_FIRST_SINGLE,1,tests/5.1/order/test_taskloop_simd_order_unconstrained_device.c,order,synchronization,"#pragma omp single
                   #pragma omp taskloop simd order(unconstrained:concurrent)
                   for (int i = 0; i < N; i++) {
                           x[i] = x[i] + 2;
                   }","/* omp single removed */
                   #pragma omp taskloop simd order(unconstrained:concurrent)
                   for (int i = 0; i < N; i++) {
                           x[i] = x[i] + 2;
                   }",REMOVE_CONSTRUCT,taskloop_simd,loop,FALSE
REMOVE_HAS_DEVICE_ADDR,2,tests/5.1/target/test_target_has_device_addr.c,target,target_mapping,"#pragma omp target map(from:second_scalar_device_addr, second_arr_device_addr) has_device_addr(x, arr)","#pragma omp target map(from:second_scalar_device_addr, second_arr_device_addr)",REMOVE_CONSTRUCT,target_mapping,mapping,FALSE
REMOVE_INDIRECT,1,tests/5.1/target/test_target_declare_indirect.c,target,declare_target,"#pragma omp declare target to(fun1, fun2, fun3) indirect","#pragma omp declare target to(fun1, fun2, fun3)",REMOVE_CONSTRUCT,target_mapping,general_code,FALSE
REMOVE_INTERCHANGE,1,tests/6.0/target/test_target_interchange.c,target,loop_transform,#pragma omp interchange,/* omp interchange removed */,REMOVE_CONSTRUCT,target_mapping,general_code,FALSE
REMOVE_INTEROP_DESTROY_DEPEND,1,tests/5.1/interop/test_interop_target.c,interop,dependency,#pragma omp interop destroy(obj) depend(out: A[0:N]),#pragma omp interop destroy(obj),REMOVE_CONSTRUCT,target_mapping,dependency,FALSE
REMOVE_INTEROP_INIT_DEPEND,1,tests/5.1/interop/test_interop_target.c,interop,dependency,"#pragma omp interop init(targetsync: obj) device(device) \
      depend(inout: A[0:N]) // Pass array through to the interop and require it",#pragma omp interop init(targetsync: obj) device(device),REMOVE_CONSTRUCT,target_mapping,dependency,FALSE
REMOVE_IS_DEVICE_PTR_A,1,tests/5.0/task/test_task_affinity_device.c,task,target_mapping,#pragma omp target defaultmap(none) is_device_ptr(A) map(tofrom: B[0:N]),#pragma omp target defaultmap(none) map(tofrom: B[0:N]),REMOVE_CONSTRUCT,task,mapping,FALSE
REMOVE_LINEAR,1,tests/5.0/target/test_target_parallel_linear.c,target,linear,#pragma omp target parallel for device(gpu) linear(val:2),#pragma omp target parallel for device(gpu),REMOVE_CONSTRUCT,target_mapping,general_code,FALSE
REMOVE_LOOP_DIRECTIVE_TEAMS,1,tests/5.0/loop/test_loop_nested_device.c,loop,loop_construct,#pragma omp loop,/* omp loop removed */,REMOVE_CONSTRUCT,loop,loop,FALSE
REMOVE_MASKED,1,tests/5.1/masked/test_masked.c,masked,masked_semantics,#pragma omp masked,/* masked removed */,REMOVE_CONSTRUCT,masked,general_code,FALSE
REMOVE_OMP_ALL_MEMORY_DEPEND,1,tests/5.1/depend/test_depend_inout_omp_all_memory.c,depend,task_dependency,#pragma omp task depend(inout: omp_all_memory),#pragma omp task,REMOVE_CONSTRUCT,depend,dependency,FALSE
REMOVE_OUTER_HEAP_MAP,1,tests/4.5/target_data/test_target_data_map_pointer_translation.c,target_data,target_mapping,#pragma omp target data map(h_array_h[0:N]) map(h_array_s[0:N]),#pragma omp target data map(h_array_s[0:N]),REMOVE_CONSTRUCT,target_mapping,mapping,FALSE
REMOVE_OUT_DEPEND,1,tests/5.1/depend/test_depend_inoutset.c,depend,task_dependency,#pragma omp task depend(out: arr[i]),#pragma omp task,REMOVE_CONSTRUCT,depend,dependency,FALSE
REMOVE_PARALLEL,3,tests/5.0/parallel_master_taskloop/test_parallel_master_taskloop.c,parallel,parallel,#pragma omp parallel,/* parallel removed */,REMOVE_CONSTRUCT,parallel_master_taskloop,general_code,FALSE
REMOVE_PARALLEL_MESSAGE_REGION,1,tests/6.0/parallel/test_parallel_message.c,parallel,parallel_directive,"#pragma omp parallel message(""Entering first parallel region."")",/* parallel message region removed */,REMOVE_CONSTRUCT,parallel,message_or_severity,FALSE
REMOVE_PARALLEL_SEVERITY_REGION,1,tests/6.0/parallel/test_parallel_severity.c,parallel,parallel_directive,"#pragma omp parallel severity(warning) message(""Entering first parallel region."")",/* parallel severity region removed */,REMOVE_CONSTRUCT,parallel,message_or_severity,FALSE
REMOVE_REVERSE,1,tests/6.0/target/test_target_reverse.c,target,loop_transform,#pragma omp reverse,/* omp reverse removed */,REMOVE_CONSTRUCT,target_mapping,general_code,FALSE
REMOVE_REVERSE_OFFLOAD,1,tests/5.0/requires/test_requires_reverse_offload.c,requires,requires,#pragma omp requires reverse_offload,/* omp requires reverse_offload removed */,REMOVE_CONSTRUCT,target_mapping,general_code,FALSE
REMOVE_SCALAR_FROM_TARGET_MAP,1,tests/4.5/declare_target/test_declare_target_link_extended_list.c,declare_target,target_mapping,"#pragma omp target map(from: x) map(to:y, z, aint)","#pragma omp target map(from: x) map(to:y, z)",REMOVE_CONSTRUCT,target_mapping,mapping,FALSE
REMOVE_SCOPE_REDUCTION,1,tests/5.1/scope/test_scope_reduction_construct.c,scope,reduction,#pragma omp scope reduction(+:s),#pragma omp scope,REMOVE_CONSTRUCT,scope,reduction,FALSE
REMOVE_SHARED_SUM,1,tests/5.1/default/test_task_default_private.c,default,data_sharing,#pragma omp task shared(sum) default(private),#pragma omp task default(private),REMOVE_CONSTRUCT,default,data_sharing,FALSE
REMOVE_SINGLE,6,tests/5.1/error/test_error_at_execution.c,error,synchronization,#pragma omp single,/* single removed */,REMOVE_CONSTRUCT,error,general_code,FALSE
REMOVE_TARGET,1,tests/5.2/declare_mapper/test_declare_mapper_iterator.c,declare_mapper,mapping,#pragma omp target,/* target removed */,REMOVE_CONSTRUCT,declare_mapper,general_code,FALSE
REMOVE_TARGET_EXIT_DELETE,1,tests/4.5/target_enter_exit_data/test_target_enter_exit_data_map_global_array.c,target_enter_exit_data,target_mapping,#pragma omp target exit data map(delete: A),/* target exit data map(delete: A) removed */,REMOVE_CONSTRUCT,target_mapping,mapping,FALSE
REMOVE_TARGET_UPDATE_FROM,1,tests/4.5/target_data/test_target_data_pointer_swap.c,target_data,target_mapping,#pragma omp target update from(a[0:N]),/* target update from(a[0:N]) removed */,REMOVE_CONSTRUCT,target_mapping,general_code,FALSE
REMOVE_TASKGRAPH,1,tests/6.0/taskgraph/test_taskgraph_target.c,taskgraph,taskgraph,# pragma omp taskgraph,/* omp taskgraph removed */,REMOVE_CONSTRUCT,taskgraph,taskgraph,FALSE
REMOVE_TASK_DEPEND_ARRAY,1,tests/5.1/taskwait/test_task_nowait.c,taskwait,task_dependency,#pragma omp task depend(inout : test_arr) shared(test_arr),#pragma omp task shared(test_arr),REMOVE_CONSTRUCT,taskwait,dependency,FALSE
REMOVE_TASK_DEPEND_SCALAR,1,tests/5.1/taskwait/test_task_nowait.c,taskwait,task_dependency,#pragma omp task depend(inout: test_scalar) shared(test_scalar),#pragma omp task shared(test_scalar),REMOVE_CONSTRUCT,taskwait,dependency,FALSE
REMOVE_TASK_DEPEND_X,1,tests/5.0/taskwait/test_taskwait_depend.c,taskwait,task_dependency,#pragma omp task depend(inout: x) shared(x) // 1st Task,#pragma omp task shared(x) // 1st Task,REMOVE_CONSTRUCT,taskwait,dependency,FALSE
REMOVE_TASK_DEPEND_Y,1,tests/5.0/taskwait/test_taskwait_depend.c,taskwait,task_dependency,#pragma omp task depend(inout: y) shared(y) // 2nd Task,#pragma omp task shared(y) // 2nd Task,REMOVE_CONSTRUCT,taskwait,dependency,FALSE
REMOVE_UNIFIED_SHARED_MEMORY,4,tests/5.0/requires/test_requires_unified_shared_memory_heap_is_device_ptr.c,requires,requires,#pragma omp requires unified_shared_memory,/* omp requires unified_shared_memory removed */,REMOVE_CONSTRUCT,target_mapping,data_sharing,FALSE
REMOVE_USE_DEVICE_ADDR,4,tests/5.0/target_data/test_target_data_use_device_addr.c,target_data,target_mapping,#pragma omp target data use_device_addr(device_data),#pragma omp target data,REMOVE_CONSTRUCT,target_mapping,general_code,FALSE
REMOVE_USE_DEVICE_PTR,2,tests/5.0/target_data/test_target_data_use_device_ptr.c,target_data,target_mapping,#pragma omp target data map(to: array_device[0:N]) use_device_ptr(array_device),#pragma omp target data map(to: array_device[0:N]),REMOVE_CONSTRUCT,target_mapping,mapping,FALSE
REMOVE_USM,3,tests/6.0/target/test_target_map_self_array.c,target,requires,#pragma omp requires unified_shared_memory,/* omp requires unified_shared_memory removed */,REMOVE_CONSTRUCT,target_mapping,data_sharing,FALSE
REMOVE_DEPEND,3,tests/6.0/task/test_task_transparent_export.c,task,task_dependency,depend(out: x),,REMOVE_DEPENDENCY,task,dependency,FALSE
REMOVE_DEPEND_INOUT,1,tests/5.0/task/test_task_detach.c,task,task_dependency,#pragma omp task depend(inout: y),#pragma omp task,REMOVE_DEPENDENCY,task,dependency,FALSE
REMOVE_DEPEND_IN_C,1,tests/5.0/task/test_task_depend_mutexinoutset.c,task,task_dependency,#pragma omp task depend(in: c),#pragma omp task,REMOVE_DEPENDENCY,task,dependency,FALSE
REMOVE_DEPEND_IN_XY,1,tests/5.1/depend/test_target_depend_out_omp_all_memory.c,depend,dependency,"#pragma omp task shared(x, y, errors) depend(in: x, y)","#pragma omp task shared(x, y, errors)",REMOVE_DEPENDENCY,target_mapping,dependency,FALSE
REMOVE_DEPEND_OUT_FIRST_TARGET,1,tests/6.0/taskgraph/test_taskgraph_target.c,taskgraph,dependency,"# pragma omp target nowait map(tofrom: y) depend(out: y) shared(y)
                        ++y;","# pragma omp target nowait map(tofrom: y) shared(y)
                        ++y;",REMOVE_DEPENDENCY,taskgraph,mapping,FALSE
REMOVE_DEPEND_OUT_Y,1,tests/5.1/depend/test_depend_inout_omp_all_memory.c,depend,task_dependency,#pragma omp task depend(out: y),#pragma omp task,REMOVE_DEPENDENCY,depend,dependency,FALSE
REMOVE_DOACROSS_SINK,2,tests/5.2/ordered/test_ordered_doacross.c,ordered,ordered_doacross,#pragma omp ordered doacross(sink: i-1),/* ordered doacross sink removed */,REMOVE_DEPENDENCY,ordered,dependency,FALSE
REMOVE_DOACROSS_SOURCE,2,tests/5.2/ordered/test_ordered_doacross.c,ordered,ordered_doacross,#pragma omp ordered doacross(source:),/* ordered doacross source removed */,REMOVE_DEPENDENCY,ordered,dependency,FALSE
REMOVE_IN_REDUCTION,6,tests/5.0/task/test_task_in_reduction.c,task,reduction,#pragma omp task in_reduction(+: sum),#pragma omp task,REMOVE_DEPENDENCY,task,reduction,FALSE
TARGET_REMOVE_IN_REDUCTION,1,tests/5.0/target/test_target_in_reduction.c,target,reduction,#pragma omp target in_reduction(+:sum),#pragma omp target,REMOVE_DEPENDENCY,target_mapping,reduction,FALSE
REMOVE_DIST_CHUNK_SIZE,1,tests/4.5/target_teams_distribute/test_target_teams_distribute_dist_schedule.c,target_teams_distribute,schedule,"dist_schedule(static, CHUNK_SIZE)",dist_schedule(static),REMOVE_STATEMENT,target_mapping,general_code,FALSE
REMOVE_LOCK_COUNTPRIME,1,tests/4.5/task/test_task_lock.c,task,synchronization,omp_set_lock(&lock);,/* lock acquisition removed */,REMOVE_STATEMENT,task,runtime_api,FALSE
REMOVE_ATOMIC,6,tests/5.0/target/test_target_collapse.c,target,synchronization,"#pragma omp atomic
      A[i] += B[j];","/* omp atomic removed */
      A[i] += B[j];",REMOVE_SYNCHRONIZATION,target_mapping,atomic,FALSE
REMOVE_ATOMIC_CAPTURE,2,tests/6.0/parallel/test_parallel_safesync.c,parallel,synchronization,#pragma omp atomic capture,/* atomic capture removed */,REMOVE_SYNCHRONIZATION,parallel,atomic,FALSE
REMOVE_ATOMIC_COMPARE,2,tests/5.1/atomic/test_atomic_compare.c,atomic,synchronization,#pragma omp atomic compare,/* atomic compare removed */,REMOVE_SYNCHRONIZATION,atomic,atomic,FALSE
REMOVE_ATOMIC_CONTENDED_NONSPEC,1,tests/5.0/atomic/test_atomic_hint.c,atomic,synchronization,#pragma omp atomic hint(omp_sync_hint_contended+omp_sync_hint_nonspeculative),/* atomic removed */,REMOVE_SYNCHRONIZATION,atomic,atomic,FALSE
REMOVE_ATOMIC_DECREMENT,2,tests/5.1/masked/test_masked.c,masked,synchronization,#pragma omp atomic,/* atomic removed */,REMOVE_SYNCHRONIZATION,masked,atomic,FALSE
REMOVE_ATOMIC_READ,1,tests/5.0/target_requires/test_target_requires_atomic_default_mem_order_relaxed.c,target_requires,synchronization,"#pragma omp atomic read
            tmp = y;","/* omp atomic read removed */
            tmp = y;",REMOVE_SYNCHRONIZATION,atomic,atomic,FALSE
REMOVE_ATOMIC_RELEASE,1,tests/6.0/parallel/test_parallel_safesync.c,parallel,synchronization,#pragma omp atomic release,/* atomic release removed */,REMOVE_SYNCHRONIZATION,parallel,atomic,FALSE
REMOVE_ATOMIC_SHARE,1,tests/4.5/target_teams_distribute/test_target_teams_distribute_shared.c,target_teams_distribute,synchronization,"#pragma omp atomic
    share = share + a[x];","/* omp atomic removed */
    share = share + a[x];",REMOVE_SYNCHRONIZATION,target_mapping,atomic,FALSE
REMOVE_ATOMIC_UNUSED_ENUM,1,tests/5.0/atomic/test_atomic_num_hint.c,atomic,synchronization,#pragma omp atomic hint(0X1024) //As of OMP Spec 5.0 only values till 0x8 have been taken,/* atomic removed */,REMOVE_SYNCHRONIZATION,atomic,atomic,FALSE
REMOVE_ATOMIC_UPDATE,6,tests/5.1/scope/test_scope_construct.c,scope,synchronization,#pragma omp atomic update,/* atomic update removed */,REMOVE_SYNCHRONIZATION,scope,atomic,FALSE
REMOVE_ATOMIC_USED_HINT,1,tests/5.0/atomic/test_atomic_num_hint_device.c,atomic,synchronization,"#pragma omp atomic hint(0X4) // corrosponds to omp_sync_hint_nonspeculative
    x++;","/* omp atomic hint(0X4) removed */
    x++;",REMOVE_SYNCHRONIZATION,atomic,atomic,FALSE
REMOVE_ATOMIC_WRITE_INIT,1,tests/5.1/allocate/test_target_calloc.c,allocate,synchronization,"#pragma omp atomic write
          not_init_to_zero = 1;","/* omp atomic write removed */
          not_init_to_zero = 1;",REMOVE_SYNCHRONIZATION,target_mapping,atomic,FALSE
REMOVE_BARRIER,1,tests/5.1/dispatch/test_dispatch_nowait.c,dispatch,synchronization,#pragma omp barrier,/* barrier removed */,REMOVE_SYNCHRONIZATION,dispatch,general_code,FALSE
REMOVE_MUTEXINOUTSET_T5,1,tests/5.0/task/test_task_depend_mutexinoutset.c,task,task_dependency,#pragma omp task depend(in: b) depend(mutexinoutset: c),#pragma omp task depend(in: b),REMOVE_SYNCHRONIZATION,task,dependency,FALSE
REMOVE_TASKWAIT,3,tests/6.0/task/test_task_threadset_ancestor_THREADS_RESERVE.c,task,synchronization,#pragma omp taskwait,/* taskwait removed */,REMOVE_SYNCHRONIZATION,task,taskwait,FALSE
REMOVE_TASKWAIT_DEPEND_X,1,tests/5.0/taskwait/test_taskwait_depend.c,taskwait,synchronization,#pragma omp taskwait depend(in: x) //Requires the completion of the 1st task,/* taskwait depend(in: x) removed */,REMOVE_SYNCHRONIZATION,taskwait,dependency,FALSE
REMOVE_TASKWAIT_DEPEND_XY,1,tests/5.0/taskwait/test_taskwait_depend.c,taskwait,synchronization,"#pragma omp taskwait depend(in: x,y) //Requires the completion of both tasks","/* taskwait depend(in: x,y) removed */",REMOVE_SYNCHRONIZATION,taskwait,dependency,FALSE
REMOVE_TASKWAIT_NOWAIT_DEPEND,1,tests/5.1/taskwait/test_task_nowait.c,taskwait,synchronization,#pragma omp taskwait nowait depend(inout: test_scalar) depend(out: test_arr),/* taskwait nowait depend removed */,REMOVE_SYNCHRONIZATION,taskwait,dependency,FALSE
ACCUMULATE_TO_ASSIGN,5,tests/5.0/target_parallel_loop/test_target_parallel_loop_order.c,target_parallel_loop,loop_body,a[i] += b[i]*c[i];,a[i] = b[i]*c[i];,NEEDS_REVIEW,loop,general_code,TRUE
ADD_DEV_PLUS_ONE_TO_DEV,1,tests/4.5/target/test_target_device.c,target,loop_body,array[i] += dev + 1;,array[i] += dev;,NEEDS_REVIEW,target_mapping,general_code,TRUE
ADD_DEV_TO_ADD_ONE,1,tests/4.5/target_teams_distribute_parallel_for/test_target_teams_distribute_parallel_for_devices.c,target_teams_distribute_parallel_for,loop_body,a[i] += dev;,a[i] += 1;,NEEDS_REVIEW,target_mapping,general_code,TRUE
ADD_TO_NOOP,1,tests/4.5/target_simd/test_target_simd_simdlen.c,target_simd,loop_body,A[i] += A[i];,A[i] = A[i];,NEEDS_REVIEW,target_mapping,general_code,TRUE
ADD_TO_SUB,3,tests/5.0/target/test_target_teams_num_teams.c,target,loop_body,c[i] = a[i] + b[i];,c[i] = a[i] - b[i];,NEEDS_REVIEW,target_mapping,general_code,TRUE
ADD_TO_SUBTRACT,5,tests/5.0/target/test_target_collapse.c,target,loop_body,A[i] += B[j];,A[i] -= B[j];,NEEDS_REVIEW,target_mapping,general_code,TRUE
ALIGNED_CLAUSE_64_TO_8,2,tests/5.1/allocate/test_omp_target_aligned_alloc_device.c,allocate,simd_clause,#pragma omp parallel for simd simdlen(16) aligned(x: 64),#pragma omp parallel for simd simdlen(16) aligned(x: 8),NEEDS_REVIEW,target_mapping,allocator,TRUE
ANCESTOR_TO_DEVICE_NUM,1,tests/5.0/target/test_target_device.c,target,target_configuration,#pragma omp target device(ancestor: 1) map(to: a) map(to: which_device),#pragma omp target device(device_num: 1) map(to: a) map(to: which_device),NEEDS_REVIEW,target_mapping,mapping,TRUE
ARRAY_ASSIGN_10_TO_9,1,tests/4.5/target_teams_distribute_parallel_for/test_target_teams_distribute_parallel_for_map_from.c,target_teams_distribute_parallel_for,loop_body,a[j] = 10;,a[j] = 9;,NEEDS_REVIEW,target_mapping,general_code,TRUE
ARR_INIT_PLUS_ONE_TO_PLUS_TWO,1,tests/4.5/target_teams_distribute_parallel_for/test_target_teams_distribute_parallel_for_reduction.c,target_teams_distribute_parallel_for,loop_body,Arr[i] = i + 1;,Arr[i] = i + 2;,NEEDS_REVIEW,target_mapping,general_code,TRUE
ARR_TEAM_NUM_TO_THREAD_NUM,1,tests/4.5/target_teams_distribute_parallel_for/test_target_teams_distribute_parallel_for_dist_schedule.c,target_teams_distribute_parallel_for,loop_body,arr[i] = omp_get_team_num();,arr[i] = omp_get_thread_num();,NEEDS_REVIEW,target_mapping,runtime_api,TRUE
ASSIGN1_TO2,1,tests/6.0/target/test_target_data_use_device_address.c,target,loop_body,array[i] = 1;,array[i] = 2;,NEEDS_REVIEW,target_mapping,general_code,TRUE
ASSIGN_I_TO_I_PLUS1,4,tests/5.1/metadirective/test_metadirective_target_device_kind_any.c,metadirective,loop_body,A[i] = i;,A[i] = i + 1;,NEEDS_REVIEW,metadirective,general_code,TRUE
ASSIGN_ZERO,1,tests/5.0/target_simd/test_target_simd_order_concurrent.c,target_simd,loop_body,c[i] = struct_t.a[i] * b[i];,c[i] = 0;,NEEDS_REVIEW,target_mapping,general_code,TRUE
ATOMIC_MEM_ORDER_ACQ_REL_TO_RELAXED,1,tests/5.0/target_requires/test_target_requires_atomic_default_mem_order_acq_rel.c,target_requires,requires,#pragma omp requires atomic_default_mem_order(acq_rel),#pragma omp requires atomic_default_mem_order(relaxed),NEEDS_REVIEW,atomic,atomic,TRUE
ATOMIC_MEM_ORDER_SEQ_CST_TO_RELAXED,1,tests/5.0/target_requires/test_target_requires_atomic_default_mem_order_seq_cst.c,target_requires,requires,#pragma omp requires atomic_default_mem_order(seq_cst),#pragma omp requires atomic_default_mem_order(relaxed),NEEDS_REVIEW,atomic,atomic,TRUE
A_2J_TO_J,1,tests/5.0/requires/test_requires_reverse_offload.c,requires,loop_body,A[j] = 2*j;,A[j] = j;,NEEDS_REVIEW,target_mapping,general_code,TRUE
A_ADD_I_TO_SUB_I,1,tests/5.0/allocate/test_allocate_on_device.c,allocate,loop_body,A[i] = x[i] + i;,A[i] = x[i] - i;,NEEDS_REVIEW,allocator,general_code,TRUE
A_ADD_TO_SUB,1,tests/5.0/program_control/test_omp_get_device_num.c,program_control,loop_body,a[i] = b[i] + c[i];,a[i] = b[i] - c[i];,NEEDS_REVIEW,runtime_api,general_code,TRUE
A_I2_TO_I,1,tests/5.0/target/test_target_map_with_close_modifier.c,target,loop_body,a[i] += i*2;,a[i] += i;,NEEDS_REVIEW,target_mapping,general_code,TRUE
A_PLUS1_TO_PLUS2,1,tests/5.2/declare_target/test_declare_target_enter.c,declare_target,loop_body,a[i] += 1;,a[i] += 2;,NEEDS_REVIEW,target_mapping,general_code,TRUE
A_PLUS5_TO_MINUS5,1,tests/5.1/interop/test_interop_target.c,interop,loop_body,A[j] += 5;,A[j] -= 5;,NEEDS_REVIEW,target_mapping,general_code,TRUE
BODY_ADD_TO_SUB,4,tests/4.5/target_teams_distribute/test_target_teams_distribute_reduction_add.c,target_teams_distribute,loop_body,total += a[x] + b[x];,total -= a[x] + b[x];,NEEDS_REVIEW,target_mapping,general_code,TRUE
BODY_AND_TO_OR,2,tests/4.5/target_teams_distribute/test_target_teams_distribute_reduction_and.c,target_teams_distribute,loop_body,result = result && a[x];,result = result || a[x];,NEEDS_REVIEW,target_mapping,general_code,TRUE
BODY_BITAND_TO_BITOR,3,tests/4.5/target_teams_distribute/test_target_teams_distribute_reduction_bitand.c,target_teams_distribute,loop_body,b = b & a[x];,b = b | a[x];,NEEDS_REVIEW,target_mapping,general_code,TRUE
BODY_BITOR_TO_BITAND,3,tests/4.5/target_teams_distribute/test_target_teams_distribute_reduction_bitor.c,target_teams_distribute,loop_body,b = b | a[x];,b = b & a[x];,NEEDS_REVIEW,target_mapping,general_code,TRUE
BODY_BITXOR_TO_BITOR,2,tests/4.5/target_teams_distribute/test_target_teams_distribute_reduction_bitxor.c,target_teams_distribute,loop_body,b = (b ^ a[x]);,b = (b | a[x]);,NEEDS_REVIEW,target_mapping,general_code,TRUE
BODY_FMAX_TO_FMIN,2,tests/4.5/target_teams_distribute/test_target_teams_distribute_reduction_max.c,target_teams_distribute,loop_body,"result = fmax(a[x] + b[x], result);","result = fmin(a[x] + b[x], result);",NEEDS_REVIEW,target_mapping,general_code,TRUE
BODY_FMIN_TO_FMAX,2,tests/4.5/target_teams_distribute/test_target_teams_distribute_reduction_min.c,target_teams_distribute,loop_body,"result = fmin(result, a[x] + b[x]);","result = fmax(result, a[x] + b[x]);",NEEDS_REVIEW,target_mapping,general_code,TRUE
BODY_MUL_TO_ADD,3,tests/4.5/target_teams_distribute/test_target_teams_distribute_reduction_multiply.c,target_teams_distribute,loop_body,result *= a[x + y];,result += a[x + y];,NEEDS_REVIEW,target_mapping,general_code,TRUE
BODY_OR_TO_AND,3,tests/4.5/target_teams_distribute/test_target_teams_distribute_reduction_or.c,target_teams_distribute,loop_body,result = result || a[x];,result = result && a[x];,NEEDS_REVIEW,target_mapping,general_code,TRUE
BODY_SUB_TO_ADD,3,tests/4.5/target_teams_distribute/test_target_teams_distribute_reduction_subtract.c,target_teams_distribute,loop_body,total -= a[x] + b[x];,total += a[x] + b[x];,NEEDS_REVIEW,target_mapping,general_code,TRUE
B_ADD_TO_SUB,1,tests/4.5/target_update/test_target_update_from.c,target_update,loop_body,b[j] = (a[j] + b[j]);// b = 12,b[j] = (a[j] - b[j]);// b = 12,NEEDS_REVIEW,target_mapping,general_code,TRUE
B_PLUS2_TO_PLUS1,1,tests/5.2/declare_target/test_declare_target_enter_device_type_any.c,declare_target,loop_body,b[i] += 2;,b[i] += 1;,NEEDS_REVIEW,target_mapping,general_code,TRUE
B_PLUS_A_TO_MINUS_A,1,tests/5.0/task/test_task_affinity_device.c,task,loop_body,B[i] += A[i];,B[i] -= A[i];,NEEDS_REVIEW,task,general_code,TRUE
CHECK10_TO15,1,tests/6.0/target/test_declare_target_local.c,target,condition,device_value != 10,device_value != 15,NEEDS_REVIEW,target_mapping,general_code,TRUE
COMPUTE_INCREMENT_I_TO_I_PLUS_ONE,1,tests/4.5/target/test_target_map_array_default.c,target,loop_body,compute_array[i] += i;,compute_array[i] += i + 1;,NEEDS_REVIEW,target_mapping,general_code,TRUE
COPY_VALUE_PLUS_ONE,1,tests/4.5/target_data/test_target_data_map_to_from.c,target_data,loop_body,h_array2_h[i] = h_array_h[i];,h_array2_h[i] = h_array_h[i] + 1;,NEEDS_REVIEW,target_mapping,general_code,TRUE
COUNTER_INC2,1,tests/6.0/target/test_target_interchange.c,target,loop_body,a[i][j] = counter++;,a[i][j] = counter += 2;,NEEDS_REVIEW,target_mapping,general_code,TRUE
COUNTER_INCREMENT_BY_TWO,1,tests/6.0/target/test_target_reverse.c,target,loop_body,counter++;,counter += 2;,NEEDS_REVIEW,target_mapping,general_code,TRUE
C_ADD_B_TO_SUB_B,2,tests/4.5/target_update/test_target_update_if.c,target_update,loop_body,c[j] = (c[j] + b[j]);//if b is updated c=16 else c=14,c[j] = (c[j] - b[j]);//if b is updated c=16 else c=14,NEEDS_REVIEW,target_mapping,general_code,TRUE
C_ADD_TO_SUB,1,tests/4.5/task/test_task_target.c,task,loop_body,c[i] = a[i] + b[i];,c[i] = a[i] - b[i];,NEEDS_REVIEW,task,general_code,TRUE
C_ASSIGN_ZERO,1,tests/5.0/teams_loop/test_target_teams_loop_allocate.c,teams_loop,loop_body,c[i] = local;,c[i] = 0;,NEEDS_REVIEW,loop,general_code,TRUE
C_PLUS_B_TO_MINUS_B,1,tests/5.0/target/test_target_task_depend_mutexinoutset.c,target,loop_body,c += b; /* Task T5 */,c -= b; /* Task T5 */,NEEDS_REVIEW,target_mapping,general_code,TRUE
DEFAULT_STRUCT_TO_EXPLICIT_TO,1,tests/4.5/target/test_target_map_struct_default.c,target,target_mapping,#pragma omp target,#pragma omp target map(to: single),NEEDS_REVIEW,target_mapping,mapping,TRUE
DEVICE10_TO20,1,tests/6.0/target/test_declare_target_local.c,target,loop_body,local_var = 10;,local_var = 20;,NEEDS_REVIEW,target_mapping,general_code,TRUE
DEVICE_ADDRESS_TO_NULL,1,tests/6.0/target/test_target_map_type_modifier_self.c,target,loop_body,device_address = &scalar_value;,device_address = NULL;,NEEDS_REVIEW,target_mapping,general_code,TRUE
DEVICE_ANCESTOR_TO_DEFAULT,1,tests/5.0/requires/test_requires_reverse_offload.c,requires,target_configuration,"#pragma omp target device(ancestor:1) map(always, to: A)","#pragma omp target map(always, to: A)",NEEDS_REVIEW,target_mapping,mapping,TRUE
DEVICE_NUM_TO_ANCESTOR,1,tests/5.0/target/test_target_device.c,target,target_configuration,"#pragma omp target device(device_num: first_device_num) map(tofrom: b, target_device_num)","#pragma omp target device(ancestor: first_device_num) map(tofrom: b, target_device_num)",NEEDS_REVIEW,target_mapping,mapping,TRUE
DEVICE_PLUS10_TO_PLUS11,1,tests/5.0/requires/test_requires_unified_shared_memory_static_is_device_ptr.c,requires,loop_body,aPtr[i] += 10;,aPtr[i] += 11;,NEEDS_REVIEW,target_mapping,general_code,TRUE
DEVICE_PLUS10_TO_PLUS9,2,tests/5.0/requires/test_requires_unified_shared_memory_heap_is_device_ptr.c,requires,loop_body,anArray[i] += 10;,anArray[i] += 9;,NEEDS_REVIEW,target_mapping,general_code,TRUE
DEVICE_PLUS2_TO_PLUS1,1,tests/5.0/target/test_target_in_reduction.c,target,loop_body,*sum += 2;,*sum += 1;,NEEDS_REVIEW,target_mapping,general_code,TRUE
DEVICE_PTR_TO_NULL,1,tests/6.0/target/test_target_map_self.c,target,loop_body,device_pointer = &var;,device_pointer = NULL;,NEEDS_REVIEW,target_mapping,general_code,TRUE
DEVICE_TASK1_OR_TO_AND,1,tests/4.5/target_enter_data/test_target_enter_data_depend.c,target_enter_data,loop_body,h_array[i] = DEVICE_TASK1_BIT | in_1[i] | in_2[i];,h_array[i] = DEVICE_TASK1_BIT & in_1[i] & in_2[i];,NEEDS_REVIEW,target_mapping,general_code,TRUE
DEVICE_TASK_OR_TO_AND,1,tests/4.5/target_update/test_target_update_depend.c,target_update,loop_body,h_array[i] = DEVICE_TASK1_BIT | in_1[i] | in_2[i];,h_array[i] = DEVICE_TASK1_BIT & in_1[i] & in_2[i];,NEEDS_REVIEW,target_mapping,general_code,TRUE
DEVICE_TYPE_NOHOST_TO_HOST,1,tests/6.0/target/test_target_teams_groupprivate_devicetype_nohost.c,target,data_sharing,#pragma omp groupprivate(group_sum) device_type(nohost),#pragma omp groupprivate(group_sum) device_type(host),NEEDS_REVIEW,target_mapping,data_sharing,TRUE
D_70_TO_69,1,tests/5.2/target_enter_data/test_target_enter_data_map.c,target_enter_data,loop_body,D[i] = 70;,D[i] = 69;,NEEDS_REVIEW,target_mapping,general_code,TRUE
ENTER_EXIT_IF_GT_TO_LT,1,tests/4.5/target_enter_exit_data/test_target_enter_exit_data_if.c,target_enter_exit_data,condition,#pragma omp target enter data if(size > SIZE_THRESHOLD) map(to: size) map(to: c[0:size]),#pragma omp target enter data if(size < SIZE_THRESHOLD) map(to: size) map(to: c[0:size]),NEEDS_REVIEW,target_mapping,mapping,TRUE
FIRSTPRIVATE_PTR_REMOVED,1,tests/5.1/target/test_target_is_accessible.c,target,data_sharing,#pragma omp target firstprivate(ptr),#pragma omp target,NEEDS_REVIEW,target_mapping,data_sharing,TRUE
FIVE_I_TO_FOUR_I,1,tests/5.1/target/test_target_is_accessible.c,target,loop_body,ptr[i] = 5*i;,ptr[i] = 4*i;,NEEDS_REVIEW,target_mapping,general_code,TRUE
FMAX_TO_FMIN,1,tests/5.0/loop/test_loop_reduction_max_device.c,loop,loop_body,"result = fmax(a[x] + b[x], result);","result = fmin(a[x] + b[x], result);",NEEDS_REVIEW,loop,general_code,TRUE
FMIN_TO_FMAX,1,tests/5.0/loop/test_loop_reduction_min_device.c,loop,loop_body,"result = fmin(result, a[x] + b[x]);","result = fmax(result, a[x] + b[x]);",NEEDS_REVIEW,loop,general_code,TRUE
FOUR_L_TO_THREE_L,1,tests/5.0/target_teams_distribute_parallel_for/test_target_teams_distribute_parallel_for_collapse.c,target_teams_distribute_parallel_for,loop_body,a[i][j][k][l] += i+2*j+3*k+4*l;,a[i][j][k][l] += i+2*j+3*k+3*l;,NEEDS_REVIEW,target_mapping,general_code,TRUE
GET_DEVICE_NUM_TO_INITIAL,1,tests/5.0/target/test_target_device.c,target,runtime_api,target_device_num = omp_get_device_num();,target_device_num = omp_get_initial_device();,NEEDS_REVIEW,target_mapping,runtime_api,TRUE
GET_DEVICE_NUM_TO_INITIAL_DEVICE,1,tests/5.0/program_control/test_omp_get_device_num.c,program_control,runtime_api,target_device_num = omp_get_device_num();,target_device_num = omp_get_initial_device();,NEEDS_REVIEW,runtime_api,runtime_api,TRUE
HOST_PLUS10_TO_PLUS9,1,tests/5.0/requires/test_requires_unified_shared_memory_stack_is_device_ptr.c,requires,loop_body,aPtr[i] += 10;,aPtr[i] += 9;,NEEDS_REVIEW,target_mapping,general_code,TRUE
I2_TO_I3,1,tests/5.1/target/test_target_memcpy_async_no_obj.c,target,loop_body,mem_dev_cpy[i] = i*2; // initialize data on device,mem_dev_cpy[i] = i*3; // initialize data on device,NEEDS_REVIEW,target_mapping,general_code,TRUE
IF0_TO_IF1_FIRST_TASK,1,tests/4.5/task/test_task_if.c,task,condition_semantics,#pragma omp task shared(A) if(0),#pragma omp task shared(A) if(1),NEEDS_REVIEW,task,data_sharing,TRUE
IF_GE_TO_GT,2,tests/4.5/target_teams_distribute_parallel_for/test_target_teams_distribute_parallel_for_if_no_modifier.c,target_teams_distribute_parallel_for,condition,#pragma omp target teams distribute parallel for if(attempt >= ATTEMPT_THRESHOLD)\,#pragma omp target teams distribute parallel for if(attempt > ATTEMPT_THRESHOLD)\,NEEDS_REVIEW,target_mapping,general_code,TRUE
IF_PARALLEL_TO_TARGET,1,tests/4.5/target_teams_distribute_parallel_for/test_target_teams_distribute_parallel_for_if_parallel_modifier.c,target_teams_distribute_parallel_for,condition,#pragma omp target teams distribute parallel for if(parallel: attempt >= ATTEMPT_THRESHOLD)\,#pragma omp target teams distribute parallel for if(target: attempt >= ATTEMPT_THRESHOLD)\,NEEDS_REVIEW,target_mapping,general_code,TRUE
IF_TARGET_TO_PARALLEL,1,tests/4.5/target_teams_distribute_parallel_for/test_target_teams_distribute_parallel_for_if_target_modifier.c,target_teams_distribute_parallel_for,condition,#pragma omp target teams distribute parallel for if(target: attempt >= ATTEMPT_THRESHOLD)\,#pragma omp target teams distribute parallel for if(parallel: attempt >= ATTEMPT_THRESHOLD)\,NEEDS_REVIEW,target_mapping,general_code,TRUE
INCREMENT_ONE_TO_TWO,1,tests/4.5/target_data/test_target_data_map_tofrom.c,target_data,loop_body,h_array_h[i] += 1;,h_array_h[i] += 2;,NEEDS_REVIEW,target_mapping,general_code,TRUE
INCREMENT_TO_DECREMENT,1,tests/4.5/target_update/test_target_update_devices.c,target_update,loop_body,h_matrix[i]++;,h_matrix[i]--;,NEEDS_REVIEW,target_mapping,general_code,TRUE
INCREMENT_TO_PLUS2,1,tests/4.5/taskloop/test_target_taskloop_shared.c,taskloop,loop_body,++s_val;,s_val += 2;,NEEDS_REVIEW,taskloop,general_code,TRUE
INDUCTION_MUL_TO_ADD,2,tests/6.0/target/test_target_declare_induction.c,target,loop_body,induction_var *= 2 * step_var;,induction_var += 2 * step_var;,NEEDS_REVIEW,target_mapping,general_code,TRUE
INNER_PLUS1_TO_PLUS2,1,tests/5.0/declare_target/test_declare_target_nested_functions.c,declare_target,loop_body,return 1 + a;,return 2 + a;,NEEDS_REVIEW,target_mapping,general_code,TRUE
IS_INITIAL_DEVICE_NEGATED,1,tests/5.0/target/test_target_parallel_if_device.c,target,runtime_api,InitDev[0] = omp_is_initial_device();,InitDev[0] = !omp_is_initial_device();,NEEDS_REVIEW,target_mapping,runtime_api,TRUE
ITERATOR_N_TO_N_MINUS_1,1,tests/5.1/target_update/test_target_update_iterator.c,target_update,target_update,#pragma omp target update to(iterator(it = 0:N): new_struct.data[it]),#pragma omp target update to(iterator(it = 0:N-1): new_struct.data[it]),NEEDS_REVIEW,target_mapping,general_code,TRUE
ITERATOR_RANGE_N_TO_N_MINUS_1,1,tests/5.1/target/test_target_map_iterators.c,target,target_mapping,iterator(it = 0:N),iterator(it = 0:N-1),NEEDS_REVIEW,target_mapping,general_code,TRUE
ITERATOR_TO_TO,1,tests/5.1/target/test_target_map_iterators.c,target,target_mapping,"#pragma omp target map(iterator(it = 0:N), tofrom: test_lst[it][:1]) map(to: test_lst)","#pragma omp target map(iterator(it = 0:N), to: test_lst[it][:1]) map(to: test_lst)",NEEDS_REVIEW,target_mapping,mapping,TRUE
I_PLUS_ASCLR_TO_I_MINUS_ASCLR,1,tests/4.5/target/test_target_map_scalar_no_map_type_modifier.c,target,loop_body,compute_array[i] = i + asclr;,compute_array[i] = i - asclr;,NEEDS_REVIEW,target_mapping,general_code,TRUE
LEN_N_TO_N_MINUS1,1,tests/5.0/declare_mapper/test_declare_mapper_target_struct.c,declare_mapper,loop_bounds,for(size_t i = 0; i < s->len; i++),for(size_t i = 0; i < s->len - 1; i++),NEEDS_REVIEW,declare_mapper,general_code,TRUE
LOCAL_TO_ENTER,1,tests/6.0/declare_target/test_declare_target_directive_local.c,declare_target,declare_target,"#pragma omp declare_target local(sum, x)","#pragma omp declare_target enter(sum, x)",NEEDS_REVIEW,target_mapping,general_code,TRUE
MASTER_TASKLOOP_SIMD_TO_TASKLOOP_SIMD,2,tests/5.0/master_taskloop_simd/test_master_taskloop_simd_device.c,master_taskloop_simd,taskloop,#pragma omp master taskloop simd,#pragma omp taskloop simd,NEEDS_REVIEW,taskloop_simd,loop,TRUE
MASTER_TASKLOOP_TO_TASKLOOP,2,tests/5.0/master_taskloop/test_master_taskloop_device.c,master_taskloop,taskloop,#pragma omp master taskloop,#pragma omp taskloop,NEEDS_REVIEW,taskloop,loop,TRUE
MULT2_TO3,1,tests/6.0/target/test_target_map_self_array.c,target,loop_body,arr[i] *= 2;,arr[i] *= 3;,NEEDS_REVIEW,target_mapping,general_code,TRUE
MULT2_TO_MULT3,1,tests/6.0/target/test_target_requires_self_maps.c,target,loop_body,x[i] *= 2;,x[i] *= 3;,NEEDS_REVIEW,target_mapping,general_code,TRUE
MULTIPLY_TO_ADD,34,tests/4.5/target/test_target_device1.c,target,loop_body,A[i] = A[i] * A[i];,A[i] = A[i] + A[i];,NEEDS_REVIEW,target_mapping,general_code,TRUE
MULTIPLY_TO_PLUS,1,tests/4.5/target_enter_exit_data/test_target_enter_exit_data_depend.c,target_enter_exit_data,loop_body,h_array[i] = in_1[i]*in_2[i];,h_array[i] = in_1[i]+in_2[i];,NEEDS_REVIEW,target_mapping,general_code,TRUE
NEQ_TO_LT_N_MINUS_1,1,tests/5.0/target/test_target_parallel_for_notequals.c,target,loop_bounds,for (int i = 0; i != N; i++) {,for (int i = 0; i < N - 1; i++) {,NEEDS_REVIEW,target_mapping,loop,TRUE
OMP_ALL_MEMORY_TO_X,1,tests/5.1/depend/test_depend_inout_omp_all_memory.c,depend,task_dependency,#pragma omp task depend(inout: omp_all_memory),#pragma omp task depend(inout: x),NEEDS_REVIEW,depend,dependency,TRUE
OTHERWISE_TARGET_TO_NOTHING,1,tests/5.2/metadirective/test_metadirective_otherwise.c,metadirective,metadirective,otherwise(target map(tofrom : on_host)),otherwise(nothing),NEEDS_REVIEW,metadirective,mapping,TRUE
PARALLEL_MASTER_TASKLOOP_TO_PARALLEL_TASKLOOP,1,tests/5.0/parallel_master_taskloop/test_parallel_master_taskloop_device.c,parallel_master_taskloop,taskloop,"#pragma omp parallel master taskloop num_threads(OMPVV_NUM_THREADS_DEVICE) shared(x, y, z, num_threads)","#pragma omp parallel taskloop num_threads(OMPVV_NUM_THREADS_DEVICE) shared(x, y, z, num_threads)",NEEDS_REVIEW,parallel_master_taskloop,data_sharing,TRUE
PARALLEL_VARIANT_MATCH_TO_TARGET,1,tests/5.0/declare_variant/test_declare_variant.c,declare_variant,variant_selection,#pragma omp declare variant(p_fn) match(construct = {parallel}),#pragma omp declare variant(p_fn) match(construct = {target}),NEEDS_REVIEW,declare_variant,variant_selector,TRUE
PIN_DEVICE_INITIAL_TO_DEFAULT,1,tests/6.0/allocate/test_pin_device.c,allocate,allocate,int target_device = omp_get_initial_device();,int target_device = omp_get_default_device();,NEEDS_REVIEW,allocator,data_sharing,TRUE
PLUS1_TO_MINUS1,2,tests/5.0/teams_loop/test_target_teams_loop_firstprivate.c,teams_loop,loop_body,b[i] = a[i] + 1;,b[i] = a[i] - 1;,NEEDS_REVIEW,loop,general_code,TRUE
PLUS1_TO_PLUS2,2,tests/5.0/teams_loop/test_target_teams_loop_device.c,teams_loop,loop_body,a[i] = a[i] + 1;,a[i] = a[i] + 2;,NEEDS_REVIEW,loop,general_code,TRUE
PLUS5_TO_MINUS5,1,tests/6.0/target/test_target_access.c,target,loop_body,array[i] += 5;,array[i] -= 5;,NEEDS_REVIEW,target_mapping,general_code,TRUE
PLUS9_TO_PLUS8,1,tests/6.0/target/test_target_requires_self_maps.c,target,loop_body,x[i] += 9;,x[i] += 8;,NEEDS_REVIEW,target_mapping,general_code,TRUE
PLUS_DEVID_TO_MINUS_DEVID,1,tests/6.0/declare_target/test_declare_target_directive_local.c,declare_target,loop_body,x[j] = j + dev_id;,x[j] = j - dev_id;,NEEDS_REVIEW,target_mapping,general_code,TRUE
PLUS_I_TO_MINUS_I,1,tests/5.1/target/test_target_map_present_ordering.c,target,loop_body,x[i] += i;,x[i] -= i;,NEEDS_REVIEW,target_mapping,general_code,TRUE
PLUS_TO_MINUS_CGROUP,1,tests/5.0/target/test_target_uses_allocators_cgroup.c,target,loop_body,x += j + i;,x -= j + i;,NEEDS_REVIEW,target_mapping,general_code,TRUE
PLUS_TO_MINUS_DEFAULT,1,tests/5.0/target/test_target_uses_allocators_default.c,target,loop_body,x += j + i;,x -= j + i;,NEEDS_REVIEW,target_mapping,data_sharing,TRUE
PLUS_TO_MINUS_HIGH_BW,1,tests/5.0/target/test_target_uses_allocators_high_bw.c,target,loop_body,x += j + i;,x -= j + i;,NEEDS_REVIEW,target_mapping,general_code,TRUE
PLUS_TO_MINUS_LARGE_CAP,1,tests/5.0/target/test_target_uses_allocators_large_cap.c,target,loop_body,x += j + i;,x -= j + i;,NEEDS_REVIEW,target_mapping,general_code,TRUE
PLUS_TO_MINUS_LOW_LAT,1,tests/5.0/target/test_target_uses_allocators_low_lat.c,target,loop_body,x += j + i;,x -= j + i;,NEEDS_REVIEW,target_mapping,general_code,TRUE
PLUS_Y_TO_MINUS_Y,1,tests/5.1/depend/test_target_depend_out_omp_all_memory.c,depend,loop_body,x[i] += y;,x[i] -= y;,NEEDS_REVIEW,target_mapping,general_code,TRUE
PTR_HEAP_INCREMENT_TO_ASSIGN,1,tests/4.5/target_enter_exit_data/test_target_enter_exit_data_map_pointer_translation.c,target_enter_exit_data,loop_body,ptr_h_array_h[i] += 1;,ptr_h_array_h[i] = 1;,NEEDS_REVIEW,target_mapping,general_code,TRUE
PTR_STACK_INCREMENT_TO_ASSIGN,1,tests/4.5/target_enter_exit_data/test_target_enter_exit_data_map_pointer_translation.c,target_enter_exit_data,loop_body,ptr_h_array_s[i] += 2;,ptr_h_array_s[i] = 2;,NEEDS_REVIEW,target_mapping,general_code,TRUE
REDUCTION_AND_TO_OR,3,tests/4.5/target_teams_distribute/test_target_teams_distribute_reduction_and.c,target_teams_distribute,reduction,#pragma omp target teams distribute reduction(&&:result) defaultmap(tofrom:scalar),#pragma omp target teams distribute reduction(||:result) defaultmap(tofrom:scalar),NEEDS_REVIEW,target_mapping,mapping,TRUE
REDUCTION_BITAND_TO_BITOR,3,tests/4.5/target_teams_distribute/test_target_teams_distribute_reduction_bitand.c,target_teams_distribute,reduction,#pragma omp target teams distribute reduction(&:b) defaultmap(tofrom:scalar),#pragma omp target teams distribute reduction(|:b) defaultmap(tofrom:scalar),NEEDS_REVIEW,target_mapping,mapping,TRUE
REDUCTION_BITOR_TO_BITAND,3,tests/4.5/target_teams_distribute/test_target_teams_distribute_reduction_bitor.c,target_teams_distribute,reduction,#pragma omp target teams distribute reduction(|:b) defaultmap(tofrom:scalar),#pragma omp target teams distribute reduction(&:b) defaultmap(tofrom:scalar),NEEDS_REVIEW,target_mapping,mapping,TRUE
REDUCTION_BITXOR_TO_BITOR,3,tests/4.5/target_teams_distribute/test_target_teams_distribute_reduction_bitxor.c,target_teams_distribute,reduction,#pragma omp target teams distribute reduction(^:b) defaultmap(tofrom:scalar),#pragma omp target teams distribute reduction(|:b) defaultmap(tofrom:scalar),NEEDS_REVIEW,target_mapping,mapping,TRUE
REDUCTION_MAX_TO_MIN,4,tests/4.5/target_teams_distribute/test_target_teams_distribute_reduction_max.c,target_teams_distribute,reduction,#pragma omp target teams distribute reduction(max:result) defaultmap(tofrom:scalar),#pragma omp target teams distribute reduction(min:result) defaultmap(tofrom:scalar),NEEDS_REVIEW,target_mapping,mapping,TRUE
REDUCTION_MIN_TO_MAX,4,tests/4.5/target_teams_distribute/test_target_teams_distribute_reduction_min.c,target_teams_distribute,reduction,#pragma omp target teams distribute reduction(min:result) defaultmap(tofrom:scalar),#pragma omp target teams distribute reduction(max:result) defaultmap(tofrom:scalar),NEEDS_REVIEW,target_mapping,mapping,TRUE
REDUCTION_OR_TO_AND,3,tests/4.5/target_teams_distribute/test_target_teams_distribute_reduction_or.c,target_teams_distribute,reduction,#pragma omp target teams distribute reduction(||:result) defaultmap(tofrom:scalar),#pragma omp target teams distribute reduction(&&:result) defaultmap(tofrom:scalar),NEEDS_REVIEW,target_mapping,mapping,TRUE
REPLACE_EXPLICIT_TASK_QUERY_WITH_ZERO,1,tests/5.2/runtime_calls/test_omp_in_explicit_task.c,runtime_calls,runtime_query,A[i] = omp_in_explicit_task();,A[i] = 0;,NEEDS_REVIEW,runtime_api,runtime_api,TRUE
REPLACE_IMPLICIT_TASK_QUERY_WITH_ONE,1,tests/5.2/runtime_calls/test_omp_in_explicit_task.c,runtime_calls,runtime_query,A[i] = omp_in_explicit_task();,A[i] = 1;,NEEDS_REVIEW,runtime_api,runtime_api,TRUE
REPLACE_OMP_IS_INITIAL_DEVICE_WITH_ONE,1,tests/4.5/offloading_success.c,offloading_success.c,runtime_query,{ isHost = omp_is_initial_device(); },{ isHost = 1; },NEEDS_REVIEW,offloading_success.c,runtime_api,TRUE
RESULT_AND_TO_OR,1,tests/5.0/loop/test_loop_reduction_and_device.c,loop,loop_body,result = result && a[x];,result = result || a[x];,NEEDS_REVIEW,loop,general_code,TRUE
SCALAR_ENUM_VAL4_TO_VAL3,1,tests/4.5/target/test_target_defaultmap.c,target,loop_body,scalar_enum = VAL4;,scalar_enum = VAL3;,NEEDS_REVIEW,target_mapping,general_code,TRUE
SCALAR_PLUS25_TO_PLUS24,1,tests/5.0/target/test_target_map_with_close_modifier.c,target,loop_body,scalar += 25;,scalar += 24;,NEEDS_REVIEW,target_mapping,general_code,TRUE
SCALAR_PLUS53_TO_PLUS52,1,tests/5.0/program_control/test_omp_target_offload_env_DEFAULT.c,program_control,loop_body,scalar = scalar + 53;,scalar = scalar + 52;,NEEDS_REVIEW,target_mapping,general_code,TRUE
SCHEDULE_STATIC8_TO_STATIC4,1,tests/4.5/target_teams_distribute_parallel_for/test_target_teams_distribute_parallel_for_schedule_private.c,target_teams_distribute_parallel_for,schedule,"schedule(static,8)","schedule(static,4)",NEEDS_REVIEW,target_mapping,general_code,TRUE
SECOND_DEVICE_TO_FIRST,1,tests/6.0/target/test_target_access.c,target,target_configuration,int second_dev = 1;,int second_dev = 0;,NEEDS_REVIEW,target_mapping,general_code,TRUE
SHARE_INIT_5_TO_6,1,tests/4.5/target_teams_distribute/test_target_teams_distribute_default_shared.c,target_teams_distribute,loop_body,share = 5;,share = 6;,NEEDS_REVIEW,target_mapping,general_code,TRUE
SQUARE_TO_DOUBLE,1,tests/5.0/target/test_target_parallel_is_dev_ptr.c,target,loop_body,Dev_B[i] = Hst_A[i] * Hst_A[i];,Dev_B[i] = Hst_A[i] + Hst_A[i];,NEEDS_REVIEW,target_mapping,general_code,TRUE
STEP2_TO3,2,tests/6.0/target/test_target_declare_induction.c,target,induction,int step_var = 2;,int step_var = 3;,NEEDS_REVIEW,target_mapping,general_code,TRUE
STRUCT_COPY_B_PLUS_ONE,1,tests/4.5/target_enter_data/test_target_enter_data_struct.c,target_enter_data,loop_body,singleCopy.b[i] = single.b[i];,singleCopy.b[i] = single.b[i] + 1;,NEEDS_REVIEW,target_mapping,general_code,TRUE
STRUCT_S_10_TO_9,1,tests/5.0/target/test_target_defaultmap_default.c,target,loop_body,new_struct.s = 10; new_struct.S[0] = 10; new_struct.S[1] = 10;,new_struct.s = 9; new_struct.S[0] = 10; new_struct.S[1] = 10;,NEEDS_REVIEW,target_mapping,general_code,TRUE
STRUCT_S_7_TO_8,1,tests/5.1/target/test_target_defaultmap_present_aggregate.c,target,loop_body,new_struct.s = 7; new_struct.S[0] = 70; new_struct.S[1] = 700;,new_struct.s = 8; new_struct.S[0] = 70; new_struct.S[1] = 700;,NEEDS_REVIEW,target_mapping,general_code,TRUE
SUM_INC_TO_DEC,1,tests/4.5/task/test_target_and_task_nowait.c,task,loop_body,sum++;,sum--;,NEEDS_REVIEW,task,general_code,TRUE
TARGET_ACCESS_SINGLE_TO_ALL,1,tests/6.0/target/test_target_access.c,target,allocate,"omp_alloctrait_t trait = { omp_atk_target_access, omp_atv_single };","omp_alloctrait_t trait = { omp_atk_target_access, omp_atv_all };",NEEDS_REVIEW,target_mapping,allocator,TRUE
TARGET_DATA_IF_GT_TO_LT,1,tests/4.5/target_data/test_target_data_if.c,target_data,condition,#pragma omp target data if(map_size > SIZE_THRESHOLD) map(to: map_size)  \,#pragma omp target data if(map_size < SIZE_THRESHOLD) map(to: map_size)  \,NEEDS_REVIEW,target_mapping,mapping,TRUE
TARGET_DATA_IF_PROC_TO_NOTPROC,1,tests/5.0/target/test_target_parallel_if_device.c,target,condition,"#pragma omp target data map(tofrom: A[0:N], InitDev[0:1]) if(Proc) device(gpu)","#pragma omp target data map(tofrom: A[0:N], InitDev[0:1]) if(!Proc) device(gpu)",NEEDS_REVIEW,target_mapping,mapping,TRUE
TARGET_FUNCTION_PLUS1_TO_PLUS2,1,tests/5.0/declare_target/test_declare_target_device_type_nohost.c,declare_target,loop_body,a[i] += 1;,a[i] += 2;,NEEDS_REVIEW,target_mapping,general_code,TRUE
TARGET_IF_GT_TO_GE,1,tests/4.5/target/test_target_if.c,target,condition,#pragma omp target if(size > SIZE_THRESHOLD) map(to: size)  \,#pragma omp target if(size >= SIZE_THRESHOLD) map(to: size)  \,NEEDS_REVIEW,target_mapping,mapping,TRUE
TARGET_MEMCPY_WRONG_DIRECTION,1,tests/4.5/target_data/test_target_data_map_alloc.c,target_data,runtime_api,"omp_get_initial_device(),
                                  omp_get_default_device());","omp_get_default_device(),
                                  omp_get_initial_device());",NEEDS_REVIEW,target_mapping,data_sharing,TRUE
TARGET_VARIANT_MATCH_TO_PARALLEL,1,tests/5.0/declare_variant/test_declare_variant.c,declare_variant,variant_selection,#pragma omp declare variant(t_fn) match(construct = {target}),#pragma omp declare variant(t_fn) match(construct = {parallel}),NEEDS_REVIEW,declare_variant,variant_selector,TRUE
TARGET_WRITE_100_TO_99,1,tests/4.5/target/test_target_firstprivate.c,target,loop_body,compute_array[p_val][i] = 100;,compute_array[p_val][i] = 99;,NEEDS_REVIEW,target_mapping,general_code,TRUE
TEAM_NUM_PLUS_ONE,2,tests/6.0/target/test_target_teams_groupprivate.c,target,loop_body,group_sum = omp_get_team_num();,group_sum = omp_get_team_num() + 1;,NEEDS_REVIEW,target_mapping,runtime_api,TRUE
THREAD_NUM_PLUS_ONE,1,tests/5.1/metadirective/test_metadirective_device.c,metadirective,loop_body,A[i] = omp_get_thread_num();,A[i] = omp_get_thread_num() + 1;,NEEDS_REVIEW,metadirective,runtime_api,TRUE
THREE_K_TO_TWO_K,3,tests/5.0/target_parallel_loop/test_target_parallel_loop_bind.c,target_parallel_loop,loop_body,arr[i][j][k] += i+2*j+3*k;,arr[i][j][k] += i+2*j+2*k;,NEEDS_REVIEW,loop,general_code,TRUE
TICKET_INCREMENT_TO_NOOP,1,tests/4.5/target_teams_distribute/test_target_teams_distribute_nowait.c,target_teams_distribute,loop_body,my_ticket = ticket[0]++;,my_ticket = ticket[0];,NEEDS_REVIEW,target_mapping,general_code,TRUE
TWO_I_TO_I,1,tests/5.0/target/test_target_uses_allocators_pteam.c,target,loop_body,pteam_result[i] = 2 * i ;,pteam_result[i] = i ;,NEEDS_REVIEW,target_mapping,general_code,TRUE
UPDATE_A_PLUS1_TO_PLUS2,2,tests/5.0/declare_target/test_declare_target_device_type_any.c,declare_target,loop_body,a[i] += 1;,a[i] += 2;,NEEDS_REVIEW,target_mapping,general_code,TRUE
UPDATE_B_X2_TO_X3,1,tests/4.5/target_update/test_target_update_to.c,target_update,loop_body,b[i] = b[i] * 2;,b[i] = b[i] * 3;,NEEDS_REVIEW,target_mapping,general_code,TRUE
UPDATE_MUL3_TO_MUL2,1,tests/6.0/target/test_target_nowait_argument.c,target,loop_body,*num = (*num) * 3;,*num = (*num) * 2;,NEEDS_REVIEW,target_mapping,general_code,TRUE
UPDATE_TO_TO_FROM,5,tests/4.5/target_update/test_target_update_if.c,target_update,target_update,#pragma omp target update if (change_flag) to(b[:N]) //update b=4 for all odd iterations,#pragma omp target update if (change_flag) from(b[:N]) //update b=4 for all odd iterations,NEEDS_REVIEW,target_mapping,general_code,TRUE
VAL_PLUS2_TO_PLUS1,1,tests/5.0/target/test_target_parallel_linear.c,target,loop_body,val += 2;,val += 1;,NEEDS_REVIEW,target_mapping,general_code,TRUE
VARIANT_NOHOST_TO_HOST,1,tests/6.0/target/test_target_teams_groupprivate_devicetype_nohost.c,target,declare_variant,#pragma omp declare variant(target_func) match(device={kind(nohost)}),#pragma omp declare variant(target_func) match(device={kind(host)}),NEEDS_REVIEW,target_mapping,variant_selector,TRUE
WRONG_DECLARE_TARGET_COMPUTE,3,tests/4.5/declare_target/test_declare_target_end_declare_target.c,declare_target,loop_body,a[i] = b[i]*c[i] + aint * i;,a[i] = b[i]*c[i] + (aint + 1) * i;,NEEDS_REVIEW,target_mapping,general_code,TRUE
WRONG_HOST_ACCUMULATION,1,tests/4.5/target_data/test_target_data_use_device_ptr.c,target_data,loop_body,array_host[i] += array_device[i];,array_host[i] += 1;,NEEDS_REVIEW,target_mapping,general_code,TRUE
WRONG_PREFIX_INDEX,1,tests/5.0/loop/test_loop_collapse_device.c,loop,loop_body,b[x][y][z + 1] = b[x][y][z] + a[x][y][z];,b[x][y][z] = b[x][y][z] + a[x][y][z];,NEEDS_REVIEW,loop,general_code,TRUE
WRONG_PREFIX_OUTPUT_INDEX,2,tests/4.5/target_simd/test_target_simd_collapse.c,target_simd,loop_body,b[x][y][z + 1] = b[x][y][z] + a[x][y][z];,b[x][y][z] = b[x][y][z] + a[x][y][z];,NEEDS_REVIEW,target_mapping,general_code,TRUE
WRONG_PRODUCT_OPERATOR,1,tests/4.5/application_kernels/mmm_target.c,application_kernels,loop_body,c[i*rowA+j] = a[i*rowA+j] * b[k*colA+j];,c[i*rowA+j] = a[i*rowA+j] + b[k*colA+j];,NEEDS_REVIEW,target_mapping,general_code,TRUE
WRONG_WHEN_CONTEXT,1,tests/5.2/metadirective/test_metadirective_otherwise.c,metadirective,metadirective,when(device = {kind(nohost)}: nothing),when(device = {kind(host)}: nothing),NEEDS_REVIEW,metadirective,general_code,TRUE
X_10_TO_9,2,tests/5.0/target_requires/test_target_requires_atomic_default_mem_order_acq_rel.c,target_requires,loop_body,x = 10;,x = 9;,NEEDS_REVIEW,atomic,general_code,TRUE
X_2I_TO_I,2,tests/5.0/allocate/test_allocate_on_device.c,allocate,loop_body,x[i] = 2*i;,x[i] = i;,NEEDS_REVIEW,allocator,general_code,TRUE
X_INC_TO_PLUS2,1,tests/5.0/atomic/test_atomic_num_hint_device.c,atomic,loop_body,x++;,x += 2;,NEEDS_REVIEW,atomic,general_code,TRUE
X_PLUS1_TO_PLUS2,1,tests/5.0/target_teams_distribute_parallel_for_simd/test_target_teams_distribute_parallel_for_simd_atomic.c,target_teams_distribute_parallel_for_simd,loop_body,x += 1;,x += 2;,NEEDS_REVIEW,atomic,general_code,TRUE
Y_INCREMENT_TO_PLUS2,1,tests/6.0/taskgraph/test_taskgraph_target.c,taskgraph,loop_body,++y;,y += 2;,NEEDS_REVIEW,taskgraph,general_code,TRUE
Y_PLUS2_TO_MINUS2,2,tests/5.1/order/test_taskloop_simd_order_reproducible_device.c,order,loop_body,y[i] = x[i] + 2;,y[i] = x[i] - 2;,NEEDS_REVIEW,taskloop_simd,general_code,TRUE
ZERO_LENGTH_POINTER_TO_FULL_MAP,1,tests/4.5/target/test_target_map_zero_length_pointer.c,target,target_mapping,#pragma omp target,#pragma omp target map(p[0:N]),NEEDS_REVIEW,target_mapping,mapping,TRUE
